trade_date,stock_code,smb,pe_recip,quality
2015-02-27,sh.600000,25.05598815327368,0.11826017458137067,0.0003289870171718779
2015-02-27,sh.600009,24.840369088974043,0.1453334732215115,0.0005395330794515367
2015-02-27,sh.600010,24.811517189397836,0.14895614033631052,0.0005677061626841818
2015-02-27,sh.600015,25.106758362339388,0.11188542735517842,0.0002794113099651859
2015-02-27,sh.600016,25.190551000147643,0.10136435810466199,0.00019759011295805568
2015-02-27,sh.600018,24.804072709396088,0.1498908750777052,0.0005749754918373294
2015-02-27,sh.600019,25.13436188186485,0.10841950781759371,0.00025245723537988083
2015-02-27,sh.600028,25.328437587158383,0.08405121021239621,6.294766828094961e-05
2015-02-27,sh.600029,23.404621139976747,0.32560711053382624,0.0019415013055421341
2015-02-27,sh.600030,24.963156367626322,0.1299162063162821,0.0004196346924408851
2015-02-27,sh.600031,24.671616609606456,0.16652216673997483,0.0007043152156980778
2015-02-27,sh.600036,25.159490157647635,0.10526438182356858,0.0002279201679590218
2015-02-27,sh.600048,24.902393967381595,0.1375455808952907,0.0004789674984139676
2015-02-27,sh.600050,25.501729622838475,0.062292526446821234,-0.00010626721935146191
2015-02-27,sh.600089,24.69736911689009,0.1632886617496493,0.0006791686034538919
2015-02-27,sh.600100,25.05042783066681,0.11895833304412201,0.0003344165186572112
2015-02-27,sh.600104,25.304811630001232,0.08701770390279608,8.601776304823774e-05
2015-02-27,sh.600109,24.569280401120288,0.1793715812527639,0.0008042436974182781
2015-02-27,sh.600111,25.163942672468977,0.10470532057427984,0.00022357241018574594
2015-02-27,sh.600150,24.529762415896883,0.18433349043776598,0.0008428319187568668
2015-02-27,sh.600196,25.026801856593092,0.12192482885857908,0.00035748662994305834
2015-02-27,sh.600256,24.83238844166046,0.14633552955064016,0.0005473259611792046
2015-02-27,sh.600276,24.847345327525062,0.14445753124351415,0.0005327209751452164
2015-02-27,sh.600309,24.99712212012493,0.12565143982209986,0.00038646807304117305
2015-02-27,sh.600332,25.024128842919474,0.12226045454961017,0.0003600967539839358
2015-02-27,sh.600340,24.83272510559788,0.14629325776289842,0.0005469972181408019
2015-02-27,sh.600346,23.735305031470645,0.2840861820436766,0.001618597616856239
2015-02-27,sh.600372,25.13170997910354,0.1087524828059363,0.00025504674519783853
2015-02-27,sh.600406,24.360941506656246,0.20553077606470085,0.001007680874884849
2015-02-27,sh.600436,24.768708142483824,0.1543312778055663,0.0006095080148857342
2015-02-27,sh.600438,25.381969571936544,0.07732969226403649,1.0675163353495761e-05
2015-02-27,sh.600485,24.954364590574436,0.1310201087308315,0.000428219619959831
2015-02-27,sh.600518,23.989943468422585,0.2521135804035989,0.001369950214645206
2015-02-27,sh.600519,25.28535950906481,0.08946012744732997,0.00010501222200043524
2015-02-27,sh.600547,25.20883220977088,0.0990689551019614,0.0001797390165701572
2015-02-27,sh.600570,23.85374355099155,0.26921494874201635,0.0015029456730526747
2015-02-27,sh.600585,24.91785601182676,0.1356041544810226,0.00046386923897528157
2015-02-27,sh.600588,24.832680962874665,0.14629880035780884,0.0005470403222910833
2015-02-27,sh.600606,25.39427443259477,0.07578468431955088,-1.3401932983135643e-06
2015-02-27,sh.600637,24.712376437506904,0.161404330815522,0.000664514369277048
2015-02-27,sh.600690,24.388851732999292,0.2020263461788112,0.000980427309561441
2015-02-27,sh.600703,24.505419547402006,0.1873900000773941,0.000866602057648969
2015-02-27,sh.600745,25.381969571936544,0.07732969226403649,1.0675163353495761e-05
2015-02-27,sh.600795,24.904773686902004,0.13724678144791758,0.00047664376801480313
2015-02-27,sh.600809,25.049466236508575,0.11907907155999058,0.0003353554887996941
2015-02-27,sh.600837,25.096924873577358,0.11312012790818209,0.0002890134402037229
2015-02-27,sh.600887,25.034542441265838,0.1209529149827108,0.00034992816275518395
2015-02-27,sh.600893,24.72176719399646,0.16022522007350878,0.0006553445548771712
2015-02-27,sh.600900,25.05965092380733,0.11780027424356967,0.0003254104228878879
2015-02-27,sh.600999,24.838577899049977,0.14555837643168434,0.0005412821269512655
2015-02-27,sh.601006,25.255138402752678,0.09325471323259625,0.00013452229780204524
2015-02-27,sh.601012,21.822472315154528,0.5242629565124316,0.0034864259442270997
2015-02-27,sh.601088,25.080834569392366,0.11514043910759295,0.0003047251779298665
2015-02-27,sh.601111,24.6539345789536,0.16874233636172828,0.0007215812303668643
2015-02-27,sh.601118,24.856638000810786,0.1432907359054169,0.0005236469362854524
2015-02-27,sh.601166,24.294354690189056,0.21389146890773889,0.001072701062466329
2015-02-27,sh.601169,25.212736485958423,0.0985787311250493,0.00017592659868396416
2015-02-27,sh.601186,24.02901098664357,0.24720823220833918,0.0013318018618954876
2015-02-27,sh.601225,24.087638104724885,0.2398469653306547,0.0012745540999922456
2015-02-27,sh.601288,25.010558036829007,0.12396441559437243,0.0003733482713930741
2015-02-27,sh.601318,24.95620528548999,0.1307889896351427,0.00042642223220292267
2015-02-27,sh.601328,25.190303152752758,0.10139547801773946,0.0001978321290952113
2015-02-27,sh.601336,25.355547080969547,0.08064732093054355,3.647599616385412e-05
2015-02-27,sh.601360,23.864062955212695,0.2679192362632758,0.001492869059786164
2015-02-27,sh.601377,25.00553325060363,0.12459533168949766,0.00037825483638994235
2015-02-27,sh.601390,23.607552733835373,0.30012686062225274,0.0017433442078019562
2015-02-27,sh.601398,25.15215346261236,0.1061855830001289,0.00023508424806873522
2015-02-27,sh.601601,25.437684736564705,0.07033405254329868,-4.372915641213058e-05
2015-02-27,sh.601628,25.423113333862496,0.07216364928254822,-2.9500584041656758e-05
2015-02-27,sh.601633,25.14942202515831,0.1065285444268033,0.0002377514213179176
2015-02-27,sh.601668,24.643044452877042,0.17010970912376594,0.0007322151377655229
2015-02-27,sh.601669,24.55124716123923,0.18163584898036503,0.0008218526582002677
2015-02-27,sh.601688,24.21562352934906,0.22377701514470813,0.001149579866979326
2015-02-27,sh.601766,23.871492087250033,0.2669864286243169,0.0014856147174964517
2015-02-27,sh.601788,24.894956139568816,0.1384794803826268,0.0004862303318882776
2015-02-27,sh.601800,24.118965422401782,0.2359134827797676,0.0012439638393393708
2015-02-27,sh.601818,24.814898122477953,0.14853162772998021,0.0005644047748910298
2015-02-27,sh.601857,25.27992650463029,0.09014229974061397,0.00011031740080617842
2015-02-27,sh.601888,25.314163570206308,0.08584346696387264,7.688585167829907e-05
2015-02-27,sh.601899,24.566607910827226,0.1797071412277223,0.0008068533103924949
2015-02-27,sh.601901,25.131550288109306,0.10877253373228217,0.00025520267904407195
2015-02-27,sh.601919,24.63014258571886,0.17172967767211034,0.0007448134547790656
2015-02-27,sh.601939,25.111100446849328,0.11134023182230564,0.00027517138434161853
2015-02-27,sh.601988,25.13501910201103,0.10833698674114105,0.0002518154780553253
2015-02-27,sh.601989,24.928859557921424,0.13422254061265237,0.00045312458006087
2015-02-27,sh.601998,25.054364016642282,0.1184641024492385,0.0003305729417442533
2015-02-27,sh.603288,25.103369801469658,0.11231089771274852,0.00028272014608426467
2015-02-27,sh.603799,25.82122078707904,0.022176965559538186,-0.00041824151894546963
2015-02-27,sh.603993,25.08016303136426,0.11522475794851765,0.0003053809162707555
2015-03-31,sh.600000,24.977011002422838,0.2667890455906831,0.0005115260997107281
2015-03-31,sh.600009,24.385196726218577,0.13129316672403044,0.0005188437130930701
2015-03-31,sh.600010,24.26819985381444,0.10970702461568155,0.0005104840426412196
2015-03-31,sh.600015,24.04590921433752,0.3295389246335573,0.0008959879104624843
2015-03-31,sh.600016,25.252775232274253,0.21945496006589466,0.00034295527589673936
2015-03-31,sh.600018,24.355353956295765,0.20294970644022708,0.0010900687951474757
2015-03-31,sh.600019,24.195928431286852,0.200104741772841,0.0009387601833400436
2015-03-31,sh.600028,25.037969291359417,0.25329082238611295,0.0009652494426037088
2015-03-31,sh.600029,23.849075316700663,0.2137790501351476,0.0013138475035354747
2015-03-31,sh.600030,25.675175196895427,0.07498212473887442,0.00015916185382378671
2015-03-31,sh.600031,25.047617330479476,0.06358707196996788,7.526297080800766e-05
2015-03-31,sh.600036,25.176540923437503,0.2311256872674059,0.0006444146344789835
2015-03-31,sh.600048,24.11546878915199,0.2508333546014693,0.001094777687585462
2015-03-31,sh.600050,22.548203975397982,0.4093887942936566,0.002707527551305084
2015-03-31,sh.600089,23.856336826435967,0.1736133278007425,0.000794064054783481
2015-03-31,sh.600100,23.908912271055385,0.15898870673460053,0.0008848342123282391
2015-03-31,sh.600104,25.3078394009515,0.1576255338877557,0.00030204596535030574
2015-03-31,sh.600109,24.85293108314651,0.03667555329450847,-0.00012540308400514936
2015-03-31,sh.600111,24.213707106137065,0.13806489768012986,0.0006776359996994822
2015-03-31,sh.600150,24.10251434497598,0.16628229854410104,0.0009630817085713326
2015-03-31,sh.600196,24.60220875961138,0.11079438343119082,0.00038849168748327764
2015-03-31,sh.600256,24.468512981139085,0.10007369872241026,0.0002880432147846617
2015-03-31,sh.600276,23.546802082174292,0.1938037195431051,0.0008568008576876543
2015-03-31,sh.600309,24.709947141871446,0.09302541361913753,8.109872052644958e-05
2015-03-31,sh.600332,24.645678593493546,0.07949059433910208,0.0001833984403072908
2015-03-31,sh.600340,24.18025435064526,0.16521125034341677,0.0004243387199906087
2015-03-31,sh.600346,22.426764456978955,0.07902894782835303,0.0006486560622305598
2015-03-31,sh.600372,24.188947878906276,0.14951451322585654,0.0007963799434691616
2015-03-31,sh.600406,24.155948697855933,0.13424026484298293,0.0004601097382773852
2015-03-31,sh.600436,23.05945120912395,0.18059372384617745,0.000731245235554789
2015-03-31,sh.600438,23.686751573471405,0.08832781002032161,-9.83311594536057e-06
2015-03-31,sh.600485,24.230162129030575,0.010317758178408187,-0.00025709881584055075
2015-03-31,sh.600518,23.869291247452903,0.1838368397502259,0.000860236157873928
2015-03-31,sh.600519,24.5184422093339,0.2215779839967814,0.0010400619160216742
2015-03-31,sh.600547,23.725947132180305,0.15127001375001758,0.0007556944667130608
2015-03-31,sh.600570,24.02095695896886,0.11770719573568664,0.0005198831415678889
2015-03-31,sh.600585,25.075323261200655,0.13700930857200155,0.00014868235472833858
2015-03-31,sh.600588,24.167155022178203,0.09763318320339767,0.0003496894407241413
2015-03-31,sh.600606,20.457031093207753,0.46887511878518817,0.003440015666921107
2015-03-31,sh.600637,23.218098782249747,0.24964326931492936,0.0015336278606343716
2015-03-31,sh.600690,24.5228876413862,0.14697383274426407,0.00016721443053490005
2015-03-31,sh.600703,24.391556036115684,0.08977509396488255,0.00013136257319743415
2015-03-31,sh.600745,19.85990471651653,0.5391706235354644,0.00384244952395093
2015-03-31,sh.600795,23.393454604881914,0.3038505007413018,0.0016147490596193329
2015-03-31,sh.600809,24.10903053302796,0.07651649962935866,0.00016008430846798242
2015-03-31,sh.600837,24.82442872521402,0.1558561733404875,0.0008005145909588062
2015-03-31,sh.600887,23.925829982798433,0.20854621077775737,0.0006537881709264771
2015-03-31,sh.600893,23.70077338149843,0.22966497148746107,0.0014226765831738249
2015-03-31,sh.600900,24.65412445196617,0.17945002797390863,0.0007737509165339526
2015-03-31,sh.600999,24.830088507609638,0.12674918038912525,0.0005818072311516591
2015-03-31,sh.601006,24.27980376115774,0.24293113032953012,0.0009658746440092431
2015-03-31,sh.601012,23.42506201652804,0.08345450321692621,0.00010052582342169765
2015-03-31,sh.601088,25.17917120842272,0.21537277864167675,0.0004634511674673846
2015-03-31,sh.601111,23.987467032165643,0.23216620913007624,0.001389981324826466
2015-03-31,sh.601118,24.185140410569097,0.12700296116293108,0.0006701697354020418
2015-03-31,sh.601166,25.501789790061633,0.1760073079504766,0.0002206017668728003
2015-03-31,sh.601169,24.079056038684126,0.3166327891422587,0.0006947341188792363
2015-03-31,sh.601186,24.285071593606155,0.23925734571889262,0.0013048160161565005
2015-03-31,sh.601198,24.174676652023177,0.20203588578618265,0.0009085450267270592
2015-03-31,sh.601225,24.093711427085324,0.16890590052399246,0.0008626616261058175
2015-03-31,sh.601288,25.98793672315642,0.21553507882720327,0.0002873633797029442
2015-03-31,sh.601318,25.238108089365063,0.17579444018888019,0.00047977226716450113
2015-03-31,sh.601328,25.51456850527111,0.20394535412149814,0.00029006978174989453
2015-03-31,sh.601336,25.417881130255395,0.07028289630643386,5.554130580147698e-05
2015-03-31,sh.601360,23.682275410879292,0.08447175991681458,0.00019660946507074503
2015-03-31,sh.601377,24.38862642114637,0.10057888068332853,0.0003507310242316376
2015-03-31,sh.601390,23.13317655942751,0.38801238318292164,0.0025083343501152
2015-03-31,sh.601398,26.053304035919588,0.23703497380980063,0.0004058953479664815
2015-03-31,sh.601601,25.63514937223058,0.0770935633891216,8.822575397041552e-05
2015-03-31,sh.601628,26.340811829195275,0.06764975445747068,8.713209145676706e-05
2015-03-31,sh.601633,24.885109936147927,0.14004280020033238,2.7271743110660443e-05
2015-03-31,sh.601668,23.820992803067682,0.3445829900216073,0.0015305645562180528
2015-03-31,sh.601669,22.04769973559675,0.46824212016477496,0.0030998721715974754
2015-03-31,sh.601688,25.544472461618554,0.04099775668722296,-6.197077608280921e-05
2015-03-31,sh.601766,22.388447209022694,0.461461431414919,0.0031613762584162793
2015-03-31,sh.601788,24.44362093397376,0.13975871835055137,0.0008103779213393665
2015-03-31,sh.601800,25.14271826141957,0.14595156291590478,0.0006009142507193559
2015-03-31,sh.601818,24.814865297292766,0.2320440703022915,0.0006268425757869566
2015-03-31,sh.601857,26.17126608902651,0.15090032281277208,0.0005055217871310176
2015-03-31,sh.601888,24.606102307261075,0.06948951257334016,-1.3954844536469406e-05
2015-03-31,sh.601899,24.41190891238679,0.15420884352830339,0.0007672501939850302
2015-03-31,sh.601901,24.98791822943641,0.08195709925085022,0.0002610176482928324
2015-03-31,sh.601919,20.831963921909445,0.5222334807243698,0.0038662279432587847
2015-03-31,sh.601939,25.969495210817442,0.22866503895231383,0.0004386803941670379
2015-03-31,sh.601988,25.918095006652383,0.21136665903709706,0.00038178800318053156
2015-03-31,sh.601989,23.93977301405828,0.2594567561400634,0.0016385633033774761
2015-03-31,sh.601998,25.44712817945663,0.17133039083009977,0.0002714870512154391
2015-03-31,sh.603288,23.826395238886978,0.17468126315029875,0.0006331514146800342
2015-03-31,sh.603799,24.58058695996182,0.1510694695111216,0.0005121848196516722
2015-03-31,sh.603993,23.73586560666045,0.1808277527238688,0.0007879126034064039
2015-04-30,sh.600000,25.801522901927946,0.1516461903036263,-0.0002277355234554426
2015-04-30,sh.600009,24.675099040953093,0.10038980690964458,0.0003016895794475453
2015-04-30,sh.600010,25.108233563708858,0.012343597010534155,-0.0002442816473325551
2015-04-30,sh.600015,25.395253878965065,0.13992027222830858,-0.00031039753627143683
2015-04-30,sh.600016,25.86699881044112,0.13630657754676812,-0.00021257647797366634
2015-04-30,sh.600018,25.849970324310316,0.026722883937531965,-0.00024123850509199095
2015-04-30,sh.600019,25.49169448652069,0.04406997459186625,-0.00021374779477727036
2015-04-30,sh.600028,26.580314041951016,0.055964273794231814,-0.0004253539741459073
2015-04-30,sh.600029,25.6536109916469,0.0055272889695756194,-0.0002977078728442481
2015-04-30,sh.600030,26.31101464441689,-0.002575052873078687,-0.00043932973290510934
2015-04-30,sh.600031,24.19649888252582,0.17168417242710612,0.0009182596160101185
2015-04-30,sh.600036,25.92587713340992,0.13071320050593688,-1.0553494027545888e-05
2015-04-30,sh.600048,26.112002710963438,0.0008519941930717895,-0.0007256093671650772
2015-04-30,sh.600050,25.97970892600059,0.004610037778858336,-0.0003727026799655868
2015-04-30,sh.600089,24.920243550887136,0.04712502338818224,-0.0001474532090214563
2015-04-30,sh.600100,23.397819025504145,0.23606446991785002,0.0014906427567530993
2015-04-30,sh.600104,26.093188070796856,0.05805534159527212,-0.0004245083522473907
2015-04-30,sh.600109,24.463851905438613,0.08421494919254496,0.0002426764111590281
2015-04-30,sh.600111,24.771638603135326,0.0773535779647769,0.00021724507624953834
2015-04-30,sh.600150,25.053517972910267,0.0615281767939358,0.00014990643550827769
2015-04-30,sh.600196,24.171689779210855,0.16945408944502513,0.0008597114767221305
2015-04-30,sh.600256,24.550180808257654,0.0929282200948809,0.00024568744861719333
2015-04-30,sh.600276,24.16415862256455,0.12146314135742836,0.0003576773185872578
2015-04-30,sh.600309,24.44380772211285,0.12701113830813812,0.0003535652539334287
2015-04-30,sh.600332,24.23403438414913,0.1337023322717662,0.0006108293515969028
2015-04-30,sh.600340,25.18201011005843,0.0391627687284623,-0.0004983249242533078
2015-04-30,sh.600346,22.913757378556216,0.03489727079794693,0.00025168802982994566
2015-04-30,sh.600372,24.510938786959336,0.12052623762361277,0.0005792862495660304
2015-04-30,sh.600406,24.126233578971977,0.14173416592831906,0.0005484591981536831
2015-04-30,sh.600436,22.292980408985176,0.2807971966487678,0.001569954433319172
2015-04-30,sh.600438,20.584391610507307,0.477862557512891,0.0030195357207009528
2015-04-30,sh.600485,22.6434877651749,0.20540624366710228,0.0012590557643518167
2015-04-30,sh.600518,24.668948477181072,0.0906733789132458,0.00018362516817256694
2015-04-30,sh.600519,25.551213104076957,0.0973578255589069,0.00015483551357702504
2015-04-30,sh.600547,25.06073858915071,-0.006553395798686343,-0.000454594663885907
2015-04-30,sh.600570,24.72559501735271,0.036791159508699066,-0.00010088416485526592
2015-04-30,sh.600585,24.963680168628983,0.15046822751884495,0.0002771846957655603
2015-04-30,sh.600588,22.977366389301107,0.2516612678229939,0.0015562858620980617
2015-04-30,sh.600606,24.319083424975954,0.03255802050122638,-7.53814316496779e-06
2015-04-30,sh.600637,25.204196536792004,0.01901144199595918,-0.00023403222946420782
2015-04-30,sh.600690,24.42102982791098,0.15882542163428054,0.0002901008492752808
2015-04-30,sh.600703,23.20208675778771,0.24035492562601574,0.0013117657453232212
2015-04-30,sh.600745,22.218571092760143,0.28500642988297265,0.0018889003474476503
2015-04-30,sh.600795,24.975532979270753,0.11136089020105615,0.00024917067871133524
2015-04-30,sh.600809,24.356579313155986,0.047769982553016344,-5.839675487416114e-05
2015-04-30,sh.600837,26.134199891879955,0.0018938267576647655,-0.0003805040117352163
2015-04-30,sh.600887,24.219342625284362,0.1693716395586154,0.0004487552037306445
2015-04-30,sh.600893,24.199368541619855,0.1871075587920014,0.0010987654654822758
2015-04-30,sh.600900,25.557224561713326,0.07125486283061624,-1.3808747439419725e-05
2015-04-30,sh.600958,24.783148697516864,0.13163680810952333,0.00040660024206436705
2015-04-30,sh.600999,26.16849008496013,-0.03337239422329355,-0.0006517531447219772
2015-04-30,sh.601006,25.881596387965413,0.040299305020783396,-0.00048286466533164384
2015-04-30,sh.601012,23.118388909904297,0.12279837591576213,0.000412847425979858
2015-04-30,sh.601088,26.08658802650658,0.09593936801818972,-0.0003627667552069787
2015-04-30,sh.601111,26.12875913927342,-0.019493432251021472,-0.0005423072393947395
2015-04-30,sh.601118,24.926875686375297,0.04448217549444004,2.8729228418112972e-05
2015-04-30,sh.601166,25.91780282010375,0.12133741587694002,-0.00015847069615784276
2015-04-30,sh.601169,24.958228632498894,0.19348753164397187,-7.855641205669234e-05
2015-04-30,sh.601186,26.460251986748407,-0.022568122884797773,-0.0006693019345915314
2015-04-30,sh.601198,24.192910559205373,0.20574757117777118,0.0009829514855521158
2015-04-30,sh.601225,24.94300870084739,0.07250821481410663,0.00013796596259950354
2015-04-30,sh.601288,26.62677474329841,0.12993358690153806,-0.00029931279048783056
2015-04-30,sh.601318,25.937789644742036,0.0871559298418469,-0.00014240435276033372
2015-04-30,sh.601328,25.920522548766456,0.14837634832897112,-6.742973947788125e-05
2015-04-30,sh.601336,25.1359349278449,0.1062896660162811,0.0003383485869825997
2015-04-30,sh.601360,22.44792857005393,0.2419360760530095,0.0014288120984448872
2015-04-30,sh.601377,25.08999423004174,0.017165891517908344,-0.0002879381870901195
2015-04-30,sh.601390,26.577970592016925,-0.021523007826835264,-0.0006000148126979305
2015-04-30,sh.601398,26.768574643060543,0.1392999439730369,-0.00024020252726997165
2015-04-30,sh.601601,26.030169652956356,0.028519663555094388,-0.0002844271809223059
2015-04-30,sh.601628,26.733287555418258,0.019652066602058302,-0.0002829782562145442
2015-04-30,sh.601633,25.333710677326177,0.08335615080044749,-0.00040526713432685683
2015-04-30,sh.601668,26.12811837057116,0.04544639302445891,-0.0005506911123370412
2015-04-30,sh.601669,26.312935484479254,-0.04176041272655537,-0.0007650973634060101
2015-04-30,sh.601688,25.462540902821832,0.05039739167956698,9.913194845815533e-06
2015-04-30,sh.601766,26.221780505205583,0.013109099163158472,-0.0002772589732495407
2015-04-30,sh.601788,25.718475971751865,-0.00782194346678386,-0.0003392361090178256
2015-04-30,sh.601800,26.49817456780638,-0.01843775010294399,-0.000646974697155135
2015-04-30,sh.601818,25.803873224349225,0.10153607784609273,-0.00026084070503244175
2015-04-30,sh.601857,27.18211931702039,0.026751574794263273,-0.0004169262687247213
2015-04-30,sh.601888,24.606102307261075,0.06948951257334016,-1.3954844536469406e-05
2015-04-30,sh.601899,24.06791003148448,0.2070238120140897,0.0011974174569139232
2015-04-30,sh.601901,25.617827121341367,0.006573563827384721,-0.0003205941258735663
2015-04-30,sh.601919,25.635533648407524,-0.027489637880549964,-0.0004723157577924231
2015-04-30,sh.601939,26.7530777063546,0.1231958193697475,-0.0002698504649322718
2015-04-30,sh.601988,26.758930190191958,0.10043333726399942,-0.0003905061417438823
2015-04-30,sh.601989,25.015035936568264,0.14545208338791646,0.0007700765957479016
2015-04-30,sh.601998,26.021373223563852,0.09704659205611156,-0.00025344439618344333
2015-04-30,sh.603288,24.27011236402488,0.12136180856837406,0.00027912648944301263
2015-04-30,sh.603799,23.023840603287475,0.35253691075025895,0.002124516015328167
2015-04-30,sh.603993,24.934601894280245,0.035466435952459734,-0.00028759387982748175
2015-05-29,sh.600000,25.22527699917439,0.19822488954806217,0.0001345018914373249
2015-05-29,sh.600009,25.16762743348502,0.0869871809850837,0.0001974588334962688
2015-05-29,sh.600010,26.06867768533222,-0.04459788920393129,-0.0006871093153667597
2015-05-29,sh.600015,25.33441726588416,0.18027121863031959,3.6683460025107506e-06
2015-05-29,sh.600016,25.411982625278565,0.15920477760008156,-3.449969765222954e-05
2015-05-29,sh.600018,25.933471568299026,-0.012997553813897611,-0.0005501399755684492
2015-05-29,sh.600019,25.18745356467204,0.09404964137600684,0.00017493857016564286
2015-05-29,sh.600028,25.404019459330993,0.10609221620563576,-3.551448597751243e-05
2015-05-29,sh.600029,23.642329664189397,0.26073705380062207,0.0016872791492451948
2015-05-29,sh.600030,25.81024111825086,-0.0015389277594995143,-0.00043127190199234025
2015-05-29,sh.600031,26.33242091634888,-0.06770146722643061,-0.0009434161430205997
2015-05-29,sh.600036,25.246748890962138,0.15157745428357444,0.0001519420627626766
2015-05-29,sh.600048,25.528657100226006,0.07355468761733047,-0.00016020852624548407
2015-05-29,sh.600050,25.929629089869003,-0.017549485543583973,-0.0005450348526922944
2015-05-29,sh.600089,25.85851085152617,0.004195184056714221,-0.0004813138421745057
2015-05-29,sh.600100,26.399469958078956,-0.08493164781550827,-0.0010057087035602993
2015-05-29,sh.600104,25.59830010591911,0.08368677617774606,-0.0002251755079697019
2015-05-29,sh.600109,25.718608520989235,0.005930240319998045,-0.00036613514922416126
2015-05-29,sh.600111,26.15159518036192,-0.04916741846980552,-0.0007666947808428631
2015-05-29,sh.600150,25.892858715255603,-0.023971994662195004,-0.0005150189828385416
2015-05-29,sh.600196,25.94705385987467,-0.013879271473180133,-0.0005660518829222784
2015-05-29,sh.600256,25.68136969919137,0.023214327530191856,-0.00029646981713688864
2015-05-29,sh.600276,25.66706066331051,0.03814399719494744,-0.00029028649066618016
2015-05-29,sh.600309,25.76834447951038,0.031133834895227426,-0.0003920619769371507
2015-05-29,sh.600332,26.065610919803046,-0.03237619856178302,-0.0006807450945383682
2015-05-29,sh.600340,24.84111732602863,0.1688663764200613,0.0005103657501236279
2015-05-29,sh.600346,25.381969571936544,0.001031805180700604,-1.14311830272501e-05
2015-05-29,sh.600372,26.114212314391523,-0.04761713265387718,-0.0007283462255497528
2015-05-29,sh.600406,26.245609217794414,-0.039056929477519764,-0.0008575332425490451
2015-05-29,sh.600436,26.006071260289474,-0.0012703774810828572,-0.0006236540301047317
2015-05-29,sh.600438,26.121125316813476,-0.004481164397728596,-0.0007315982900997134
2015-05-29,sh.600485,26.31692730128804,-0.07592502535457879,-0.0009288265353259505
2015-05-29,sh.600518,25.82383121298366,0.009865459984052374,-0.0004448091189715087
2015-05-29,sh.600519,25.470024205125057,0.06459444815925067,-9.996166463797882e-05
2015-05-29,sh.600547,25.878440956107745,-0.012419571813624575,-0.000500215268785281
2015-05-29,sh.600570,25.691947370463076,0.007941248333651257,-0.0003252467471827161
2015-05-29,sh.600585,25.90307182581956,0.049295693184716424,-0.0005096229628815917
2015-05-29,sh.600588,26.219384858126826,-0.05399692708244749,-0.0008207842613567717
2015-05-29,sh.600606,26.5534554084493,-0.11506723994928969,-0.0011553547534931287
2015-05-29,sh.600637,26.761676135091733,-0.12586422514832252,-0.0013607143394949778
2015-05-29,sh.600690,25.25645160830906,0.13558593038031447,0.00010936988486851145
2015-05-29,sh.600703,25.203931465327614,0.09227697693490226,0.00016017984433006825
2015-05-29,sh.600745,25.61082534895405,0.01355743689971399,-0.00022212857969111272
2015-05-29,sh.600795,25.24791424007009,0.094371331872853,0.00011704475444106148
2015-05-29,sh.600809,24.521523543323617,0.1608878976352215,0.0008213088144549859
2015-05-29,sh.600837,25.959849010100754,-0.02364665051432116,-0.000579129491025234
2015-05-29,sh.600887,25.615166527959396,0.08062356077003212,-0.00024142883228913154
2015-05-29,sh.600893,26.298623046383195,-0.07334728372594598,-0.0009267631641364309
2015-05-29,sh.600900,24.94307433423699,0.1270775027618573,0.00042031777625473586
2015-05-29,sh.600958,26.15268214928258,-0.01819316292936013,-0.0007640107326913472
2015-05-29,sh.600999,25.860540179918114,-0.011359849396798988,-0.0004805640075733466
2015-05-29,sh.601006,24.657079189202744,0.1917952675452961,0.0006953027528606218
2015-05-29,sh.601012,26.12536628613751,-0.023304592051703696,-0.0007233792674054823
2015-05-29,sh.601088,25.214273188340762,0.1616806111390655,0.0001484956532809031
2015-05-29,sh.601111,23.98111231879636,0.22367285477391785,0.0013487701979278345
2015-05-29,sh.601118,26.054258186816334,-0.04473498019836747,-0.0006651027670322258
2015-05-29,sh.601166,25.536597690280367,0.12367218087201642,-0.00014031348588968302
2015-05-29,sh.601169,25.20774415093559,0.22609042702846438,0.00016504024535985478
2015-05-29,sh.601186,26.28604756594619,-0.05184585853438678,-0.0008969916607465148
2015-05-29,sh.601198,26.318564247263073,-0.03902144911206093,-0.0009259900207748278
2015-05-29,sh.601225,26.211412259379607,-0.051245564422196854,-0.0008244535510609993
2015-05-29,sh.601288,25.30967851556946,0.17715191682107778,6.789896173067076e-05
2015-05-29,sh.601318,25.535960352119236,0.08496306571773884,-0.00015945801558074586
2015-05-29,sh.601328,24.42871910108079,0.2748880324675826,0.000916437696914201
2015-05-29,sh.601336,25.23814958222478,0.0806814662999859,0.00013919643770061695
2015-05-29,sh.601360,25.854496345984572,-0.0025710447752989585,-0.0004726928557171848
2015-05-29,sh.601377,25.932715649745628,-0.016704194448293366,-0.0005513421159591361
2015-05-29,sh.601390,26.25634361129913,-0.05600274144477124,-0.0008681599042215922
2015-05-29,sh.601398,25.226265758222823,0.18851381817570606,0.00014252835309402405
2015-05-29,sh.601601,25.621070614714426,0.03360650217318241,-0.0002448673971395284
2015-05-29,sh.601628,25.76624893784078,0.006125762798918508,-0.00038817083140842666
2015-05-29,sh.601633,25.667884761163663,0.09772055221554134,-0.0002935567662940446
2015-05-29,sh.601668,25.72563225124121,0.07114720327261645,-0.00035081874114680785
2015-05-29,sh.601669,26.188984796785533,-0.046520963751637195,-0.0008021196445079615
2015-05-29,sh.601688,26.165444306034022,-0.04943459994354035,-0.0007664692107549741
2015-05-29,sh.601766,26.797548736139273,-0.13113055762057976,-0.0013989949007422525
2015-05-29,sh.601788,25.82168489644459,-0.01688308684061278,-0.00040946707056380437
2015-05-29,sh.601800,25.410544635536517,0.05930087001807523,-4.24100088586333e-05
2015-05-29,sh.601818,25.11039839539678,0.1679518796564491,0.0002556676721027954
2015-05-29,sh.601857,25.56803413647867,0.05520692874693101,-0.00019563211446805512
2015-05-29,sh.601888,24.288482892215733,0.20678855677083074,0.0010538047031560943
2015-05-29,sh.601899,26.37973135421969,-0.07408797604637721,-0.0009887579634971823
2015-05-29,sh.601901,25.895199322876717,-0.01657970179474824,-0.0005006545230365227
2015-05-29,sh.601919,25.634826181651007,-7.148503417098162e-06,-0.0002583386801434733
2015-05-29,sh.601939,24.933469956924426,0.21258422984977574,0.00042531336014012895
2015-05-29,sh.601988,24.89579969632234,0.21121273723792083,0.0004710130530996449
2015-05-29,sh.601989,25.99253647924971,-0.03202984157733357,-0.000610180790836036
2015-05-29,sh.601998,25.219192416598478,0.14907087291152166,0.00015114270724388607
2015-05-29,sh.603288,25.792895643600417,0.032102260480884506,-0.0004150351869926228
2015-05-29,sh.603799,26.400068615772984,-0.049255201476733596,-0.0010055767859993765
2015-05-29,sh.603993,26.088351037305323,-0.016347912964507716,-0.0006905483656867286
2015-06-30,sh.600000,25.997237278468017,0.12845671596928512,-0.00042756108692517937
2015-06-30,sh.600009,25.47282194485675,0.00620727023621763,-0.00041017405612729484
2015-06-30,sh.600010,25.328824934502613,-0.03137950691456656,-0.0005894402868365634
2015-06-30,sh.600015,25.55206106631179,0.12504926631811958,-0.0004936992149766497
2015-06-30,sh.600016,25.904203037308744,0.13593052224033064,-0.00028121294082391013
2015-06-30,sh.600018,25.85010947792739,0.016889269800007115,-0.0003503751692363081
2015-06-30,sh.600019,26.12426020464328,-0.03552513015038518,-0.0008339767224184375
2015-06-30,sh.600028,26.661062297283785,0.04721454910019502,-0.0005651070263502226
2015-06-30,sh.600029,26.247128650795904,-0.050946933135359224,-0.0007309271013776192
2015-06-30,sh.600030,26.607213871707177,-0.05157231681998706,-0.0008478826470116957
2015-06-30,sh.600031,25.927060255197897,-0.04886268266585808,-0.0008032562925267301
2015-06-30,sh.600036,26.06415594721604,0.11250930804368361,-0.00013246702998751675
2015-06-30,sh.600048,25.989901137284356,0.015423850465843228,-0.0007305391962251618
2015-06-30,sh.600050,26.03094688624927,-0.0147231749544572,-0.0005503695118249654
2015-06-30,sh.600089,25.07071849808804,0.022043481204950532,-0.0003783781007984606
2015-06-30,sh.600100,25.297587079326654,-0.0008349049159095123,-0.00035098650119497275
2015-06-30,sh.600104,25.95974418353194,0.07754179105664105,-0.000381054932285794
2015-06-30,sh.600109,25.931457462412656,-0.10115314560354882,-0.001200303599944474
2015-06-30,sh.600111,25.748517130340026,-0.05436942177701376,-0.000818519795267172
2015-06-30,sh.600150,26.059524788301836,-0.07110289685268784,-0.0008821479234861212
2015-06-30,sh.600196,25.494731153927596,0.005643041421167491,-0.0004074604515784962
2015-06-30,sh.600256,25.582374806703534,-0.03738267247294605,-0.0007705994359118079
2015-06-30,sh.600276,24.518259221056656,0.07748983865188767,2.0238301608264024e-05
2015-06-30,sh.600309,25.375836958548494,0.009698236905105559,-0.0005628005497128492
2015-06-30,sh.600332,25.37048116231967,-0.01110977046720936,-0.000520225089206201
2015-06-30,sh.600340,24.78815109986532,0.08860951989866521,-0.00011661102395159337
2015-06-30,sh.600346,23.22500971188797,0.003604151055804014,-1.1432827565143957e-05
2015-06-30,sh.600372,25.358770531865076,0.01020337533810721,-0.0002813034433162185
2015-06-30,sh.600406,25.36092467303976,-0.016967129664045413,-0.0007149974741449097
2015-06-30,sh.600436,24.267833353602864,0.03784755792576089,-0.00027190562190205906
2015-06-30,sh.600438,24.697847284609313,-0.0301365374256998,-0.0008102445398454576
2015-06-30,sh.600485,24.45102938003931,-0.02081163688594713,-0.0005000270569062232
2015-06-30,sh.600518,24.834274894563926,0.0673001230468395,-1.3343427859820887e-05
2015-06-30,sh.600519,26.115672252474276,0.027057317871046926,-0.0003859630124962135
2015-06-30,sh.600547,25.575275102318294,-0.08482242672747053,-0.0010883960204886836
2015-06-30,sh.600570,26.13951046439531,-0.1466568295973206,-0.0015340809854564312
2015-06-30,sh.600585,25.699180026015497,0.05929439482517048,-0.0004782275825875936
2015-06-30,sh.600588,25.175085139682928,-0.01901477021506337,-0.0005399139843277794
2015-06-30,sh.600606,25.288144773004785,-0.11584527208647316,-0.0011353268890983235
2015-06-30,sh.600637,25.279681888798645,-0.017680413717922963,-0.000561281297398847
2015-06-30,sh.600690,25.72784945314015,-0.006745880374623106,-0.000931175407161068
2015-06-30,sh.600703,25.309613897902636,-0.011102292983839718,-0.0005730687556362542
2015-06-30,sh.600745,25.82883299221441,-0.14703735910115046,-0.001464517052628641
2015-06-30,sh.600795,26.202745425497564,-0.039954050938258406,-0.0008982720866513011
2015-06-30,sh.600809,25.70896883281218,-0.11215195175671469,-0.0012836177557217414
2015-06-30,sh.600837,26.380601005693016,-0.04315814228590453,-0.0007538331147626635
2015-06-30,sh.600887,25.046459362130832,0.06520278518784897,-0.000332233470039342
2015-06-30,sh.600893,25.30736050155816,0.04731956634021826,1.1452029584918697e-05
2015-06-30,sh.600900,25.605988912070256,0.06861475234271297,-8.251303900997635e-06
2015-06-30,sh.600958,25.776096968538198,0.0037867616605912063,-0.0006065397910312066
2015-06-30,sh.600999,26.072680128379957,-0.03829915049647244,-0.000717981391345691
2015-06-30,sh.601006,26.442324263217664,-0.030002242761533418,-0.0010112535841088378
2015-06-30,sh.601012,24.23371068394446,-0.020717778283590296,-0.0007320776109270751
2015-06-30,sh.601088,26.395126298829254,0.05950201326449736,-0.0006912962511715819
2015-06-30,sh.601111,26.548567832376644,-0.06322444210446487,-0.0008726667883808889
2015-06-30,sh.601118,25.609670167196278,-0.05293950478283996,-0.0007292580426115185
2015-06-30,sh.601166,26.072634734598335,0.10596399491340526,-0.00035320063825691213
2015-06-30,sh.601169,25.621122478577973,0.11609685127427936,-0.0007136056474888301
2015-06-30,sh.601186,25.351479877723115,0.1004242552446791,0.00018308878089300174
2015-06-30,sh.601198,26.221117656546244,-0.052090384576997384,-0.001041090204267727
2015-06-30,sh.601225,25.955344022690543,-0.06457928563127996,-0.0009523918253283295
2015-06-30,sh.601288,26.40514280609347,0.16233464277963028,-0.00011473425471265059
2015-06-30,sh.601318,26.440071921054297,0.024458042364065707,-0.0006713526623900781
2015-06-30,sh.601328,26.610612300922202,0.05294458897418328,-0.0006380462351422928
2015-06-30,sh.601336,26.658575375508754,-0.07972509460760879,-0.0010869372841066933
2015-06-30,sh.601360,24.836761066818458,-0.0487507987289274,-0.0008078098219879007
2015-06-30,sh.601377,25.586105883718893,-0.05649039318946389,-0.0008876556161604663
2015-06-30,sh.601390,25.909944844872737,0.04270720165617821,-0.00016182896819989307
2015-06-30,sh.601398,26.67886757700673,0.1522251753436114,-0.00016448142082483512
2015-06-30,sh.601601,26.279876811895296,-0.008096324046524439,-0.0005980831948684105
2015-06-30,sh.601628,26.734282092893196,0.01097777193657555,-0.0003739074084599042
2015-06-30,sh.601633,25.69644451616911,0.045673209596961306,-0.0008530648200312041
2015-06-30,sh.601668,26.06368389373283,0.05921650291303525,-0.0006115633414160962
2015-06-30,sh.601669,25.809104832429213,0.0011817943188628527,-0.0005028697013553935
2015-06-30,sh.601688,25.971544188384193,-0.025533937804432222,-0.0005997203222682751
2015-06-30,sh.601766,26.29203660513499,-0.024803357211101162,-0.0006125085473048657
2015-06-30,sh.601788,25.955631299818563,-0.05215747661231057,-0.0006818890443995141
2015-06-30,sh.601800,26.415728010405516,-0.015342828208673581,-0.0006625222549807121
2015-06-30,sh.601818,26.12099628820836,0.06175498994112645,-0.0005710750892435099
2015-06-30,sh.601857,26.735439566625487,0.0794602154084334,-6.231767634785695e-05
2015-06-30,sh.601888,24.952443094665245,0.035265453189906176,-0.00022748559777410242
2015-06-30,sh.601899,26.047139628136875,-0.04266926581105557,-0.0007465565873596928
2015-06-30,sh.601901,26.18153894286359,-0.07690788915919106,-0.000987406711534033
2015-06-30,sh.601919,25.772798391479746,-0.05925856412847938,-0.0007055683495995037
2015-06-30,sh.601939,26.944500232698328,0.09708855778125602,-0.0004372092736633678
2015-06-30,sh.601988,26.571360618807,0.12349795142526468,-0.00020233174692255474
2015-06-30,sh.601989,26.209690957055162,-0.0036072349656611075,-0.0003884888022719923
2015-06-30,sh.601998,25.81001071796276,0.12432717361193665,-6.017512592227553e-05
2015-06-30,sh.603288,24.548223628122038,0.08575305076002263,-1.1478733309727232e-05
2015-06-30,sh.603799,26.50651397944421,-0.08792497047371226,-0.0013197718327704689
2015-06-30,sh.603993,23.51499265550995,0.2065807042724147,0.0009572705715079911
2015-07-31,sh.600000,25.54668737952779,0.21008473635470482,-3.26541090868845e-05
2015-07-31,sh.600009,25.09726591312671,0.051856277316552395,-9.856817320782593e-05
2015-07-31,sh.600010,25.71943254977618,-0.007245772855737312,-0.000368541917415614
2015-07-31,sh.600015,25.180662180983603,0.20005407056843957,-0.00016879784821501438
2015-07-31,sh.600016,25.832182528869062,0.1481096327850099,-0.00022178045049986778
2015-07-31,sh.600018,25.118336162256135,0.11077118081251522,0.000324660818143344
2015-07-31,sh.600019,25.757166390973538,0.007446890036821294,-0.0005979710228678345
2015-07-31,sh.600028,26.69114241205496,0.009002706714779776,-0.0006566488002817144
2015-07-31,sh.600029,26.556640645483018,-0.07697392834491523,-0.0010755798260700697
2015-07-31,sh.600030,26.670251492762304,-0.033483569537624144,-0.0005662537119608505
2015-07-31,sh.600031,25.350051084470717,-0.007897463947135419,-0.0003572896781817223
2015-07-31,sh.600036,25.941638981382862,0.1335505142433319,-5.371483065316019e-05
2015-07-31,sh.600048,25.480070404188215,0.09835415386459963,-0.0003285086294590408
2015-07-31,sh.600050,25.17961870523704,0.08557571565212403,0.00019999236818020656
2015-07-31,sh.600089,25.147191368558815,0.015344999914933252,-0.0004887827862629358
2015-07-31,sh.600100,25.804679946711843,-0.04043354298970156,-0.0007847906465165192
2015-07-31,sh.600104,25.91363995843455,0.092022509187505,-0.00038755243429577197
2015-07-31,sh.600109,25.88554990428027,-0.05678808945281247,-8.971273635359148e-05
2015-07-31,sh.600111,25.24116073681538,0.016343290603055352,-0.00017327411668441274
2015-07-31,sh.600150,25.178548200734436,0.022735037237243946,-0.00014672993333847387
2015-07-31,sh.600196,25.47924107081232,0.006492736255078194,-0.00044569696751349655
2015-07-31,sh.600256,25.190413776854218,-0.008832868683746442,-0.0005229256623076054
2015-07-31,sh.600276,24.733976723629915,0.06832075265453157,-5.279360655390533e-05
2015-07-31,sh.600309,25.095605412866394,0.029306340280116402,-0.0003695421163164992
2015-07-31,sh.600332,25.026220424628843,0.02873796597888261,-0.00025679022201687186
2015-07-31,sh.600340,25.517171485197817,0.01879296009775351,-0.0005005419904663888
2015-07-31,sh.600346,23.318902173126645,-0.05463018091931279,-0.00010475815254973217
2015-07-31,sh.600372,25.729036418116916,-0.041763092371401994,-0.0006754466547419519
2015-07-31,sh.600406,24.72146963742866,0.035637531322220015,-0.00018521960248779626
2015-07-31,sh.600436,25.029087484079028,-0.02108119015967605,-0.0006020418475321553
2015-07-31,sh.600438,24.103572749707233,0.03721400782815202,-0.0003535146126294666
2015-07-31,sh.600485,25.767291372042273,0.004155437248657204,-0.0060537025834815
2015-07-31,sh.600518,25.8889991110568,-0.0303563279352249,-0.0007050332657773891
2015-07-31,sh.600519,25.889585984617426,0.05505209310182523,-0.00021603093978663822
2015-07-31,sh.600547,24.264868483285703,0.06761229453226256,2.19700385031861e-05
2015-07-31,sh.600570,25.24677929671485,-0.058186046185279755,-0.000900399380584615
2015-07-31,sh.600585,25.21711097120966,0.10580571196559381,-9.078790473372324e-05
2015-07-31,sh.600588,25.91541881352615,-0.11293556925830911,-0.001248501265610438
2015-07-31,sh.600606,26.193287648884308,-0.046180497321414465,-0.0006588671565180282
2015-07-31,sh.600637,25.7231048553909,-0.034306005922412175,-0.0006545446012486215
2015-07-31,sh.600690,25.083630104846954,0.08487924748570141,-0.0003883546014313674
2015-07-31,sh.600703,25.53834462548035,-0.023049910384189548,-0.0006704914552701578
2015-07-31,sh.600745,24.26757641331124,0.039589713393669144,-6.576105330978985e-06
2015-07-31,sh.600795,25.789143462801036,0.01106922752596226,-0.0005634448439876345
2015-07-31,sh.600809,24.771199775323293,-0.0181296554304346,-0.0005706772138329351
2015-07-31,sh.600837,26.706272303987802,-0.05337263885251328,-0.0007467779121603581
2015-07-31,sh.600887,25.474654695675376,0.03737571694084064,-0.0002570065952342032
2015-07-31,sh.600893,25.791492475721203,-0.009680330496480455,-0.0004479009054507205
2015-07-31,sh.600900,25.605988912070256,0.08080137445233909,1.66745519369732e-06
2015-07-31,sh.600958,26.52066260353583,-0.06935995010121512,-0.00032103638101287356
2015-07-31,sh.600999,26.197353153431443,-0.018959312368696246,-0.0007523419083646628
2015-07-31,sh.601006,25.31593099604664,0.11924823800428971,-6.762303121526461e-05
2015-07-31,sh.601012,24.875800013984986,-0.05072567652204066,-0.0009048073772439079
2015-07-31,sh.601088,25.930303566731602,0.08074966396126489,-0.00034245566476474875
2015-07-31,sh.601111,26.82504181587967,-0.0966648111010178,-0.001143605049362384
2015-07-31,sh.601118,24.953708626509258,0.010626057411352974,-0.0001954351353759534
2015-07-31,sh.601166,25.880017207501407,0.14792700376083218,-0.00019876358788786664
2015-07-31,sh.601169,24.614012155177296,0.27057120959486813,0.00023631734434424116
2015-07-31,sh.601186,26.186802497046664,3.3720127763148255e-05,-0.0006068194843042582
2015-07-31,sh.601198,25.798625727031435,-0.04166368819286784,-0.0006646370742677079
2015-07-31,sh.601211,26.468694788738798,-0.027347134399908712,4.4624491983677795e-05
2015-07-31,sh.601225,25.514003037763107,-0.05570664092719507,-0.0006654857319968681
2015-07-31,sh.601288,26.76664787962256,0.12071137409538624,-0.00049378886028589
2015-07-31,sh.601318,26.081218450635983,0.11919729214605246,-0.00033294207783160187
2015-07-31,sh.601328,26.137121153296302,0.12367467695136514,-0.00026324305113357624
2015-07-31,sh.601336,25.741328222901252,0.03861743709804418,-0.00037397625217808943
2015-07-31,sh.601360,24.383700845349754,0.001081580798549392,-0.00048773963915661815
2015-07-31,sh.601377,25.737691144661845,-0.014351377186289718,-0.00040080900075851886
2015-07-31,sh.601390,26.181847277649126,0.00961119563497452,-0.000447135200209106
2015-07-31,sh.601398,27.003767687544446,0.1156857495487021,-0.0004993786809111443
2015-07-31,sh.601601,25.94043226819171,0.044020572511211074,-0.0003510705306696998
2015-07-31,sh.601628,26.6855698521655,0.026059850368695466,-0.0003753563674192405
2015-07-31,sh.601633,25.24453461855398,0.1329488218891539,-0.0005362391481886759
2015-07-31,sh.601668,25.81264167983512,0.10353796163997754,-0.00045236843299334737
2015-07-31,sh.601669,26.197033132088066,-0.03712959844621061,-0.0007758543990929276
2015-07-31,sh.601688,26.319132201713103,-0.03206636696444515,0.0006894078626928483
2015-07-31,sh.601766,26.442522572597227,-0.01554125834252236,-0.0005112408051356346
2015-07-31,sh.601788,25.99860420953135,-0.01800845733042865,0.0016673890234641254
2015-07-31,sh.601800,26.242508034600963,0.0058191247299053395,-0.0005880525927340954
2015-07-31,sh.601818,25.736127354934283,0.1233279941331202,-0.00027540224631208336
2015-07-31,sh.601857,27.40804605712279,-0.029206408245127602,-0.0007295754955736574
2015-07-31,sh.601888,25.241600042139293,0.0020674634007431525,-0.0005386776726051768
2015-07-31,sh.601899,25.606350579798807,0.004641104337513774,-0.0004258176970881076
2015-07-31,sh.601901,25.894005904438004,-0.023374538646324855,-0.00019746001037302866
2015-07-31,sh.601919,24.396230897310186,0.16022902850478588,0.0005582443281469266
2015-07-31,sh.601939,26.98969958738387,0.10031803182887611,-0.0005422901086938879
2015-07-31,sh.601985,26.009975652330404,-0.009887140250879611,-0.000470758791191026
2015-07-31,sh.601988,26.864740646639067,0.08992947241199678,-0.00049838870039458
2015-07-31,sh.601989,26.038642123919992,0.01134283313467245,-0.0002472754133906653
2015-07-31,sh.601998,26.342741093316477,0.058830640268623585,-0.0005929861007506785
2015-07-31,sh.603288,25.070454716135885,0.04363301853461516,-0.00023202425956667363
2015-07-31,sh.603799,24.128359469870468,-0.0034314604246655778,-0.00043749393966350126
2015-07-31,sh.603993,25.374521892847476,-0.027429743290398073,-0.0007674144487249924
2015-08-31,sh.600000,25.095949366619596,0.26749975368638856,0.00040390227615205563
2015-08-31,sh.600009,24.931931678180778,0.07167710134136301,5.1070028481059725e-05
2015-08-31,sh.600010,25.69776857145072,-0.01100743071322706,-0.0003966041428212198
2015-08-31,sh.600015,25.09733170305227,0.2156710037114948,-0.00010816784522495271
2015-08-31,sh.600016,25.640321580752456,0.1767325151692875,-6.319414747142584e-05
2015-08-31,sh.600018,25.925002011296684,0.012655660836148691,-0.0004200908860636588
2015-08-31,sh.600019,25.151633148324247,0.08074749254444927,-9.126262356453559e-05
2015-08-31,sh.600028,26.03113530766033,0.09085723604364052,-0.00010609300750683134
2015-08-31,sh.600029,25.487758790434047,0.04689023378002181,-0.0002111523848595681
2015-08-31,sh.600030,25.888014382971022,0.06435902832565454,4.6690326183962465e-05
2015-08-31,sh.600031,25.244552505969228,-0.0011414308922276656,-0.0003020919411357269
2015-08-31,sh.600036,25.7212945455737,0.16178293140924904,0.000154338515086137
2015-08-31,sh.600048,25.291184803148568,0.12587746223149165,-0.00018848277004376033
2015-08-31,sh.600050,25.736422072329457,0.018186125574092285,-0.00031611077085228883
2015-08-31,sh.600089,24.90507367489907,0.04254190031274764,-0.0003200443027576433
2015-08-31,sh.600100,25.135656958954108,0.03320697588583422,-0.00024064799768356998
2015-08-31,sh.600104,25.586073967976674,0.1378111580785686,-0.00012009270405684432
2015-08-31,sh.600109,24.993496679547295,0.04359828944876352,0.0006458496031755086
2015-08-31,sh.600111,25.15095266823839,0.024035057250019767,-0.00011685928961062997
2015-08-31,sh.600150,25.269161374354994,0.009002600386480278,-0.00025379966833361537
2015-08-31,sh.600196,25.079173634746894,0.0518852145464155,-0.00011639146408558144
2015-08-31,sh.600256,24.963635790234463,0.012959998553241509,-0.0003726835194994435
2015-08-31,sh.600276,24.532149652593713,0.09332832828527511,0.00013849142070631774
2015-08-31,sh.600309,25.217000244446997,0.011467557527456249,-0.0005374951539080849
2015-08-31,sh.600332,25.06531001088857,0.020983382606627382,-0.000328479548685592
2015-08-31,sh.600340,25.505961818539767,0.01766140133523053,-0.0005588803593793289
2015-08-31,sh.600346,23.963172023983596,-0.1435765220534677,-0.0007964840529988595
2015-08-31,sh.600372,25.552880183231196,-0.031229876632462794,-0.0006012696686190688
2015-08-31,sh.600406,24.92071692858521,0.008460781957462901,-0.00040430068659254987
2015-08-31,sh.600436,24.635839648053935,0.02022128672607859,-0.00030346820705718324
2015-08-31,sh.600438,23.827795886898002,0.06997388402071028,-0.0001317135867384999
2015-08-31,sh.600485,27.102176096662223,-0.1687218817516086,-0.0074060787550820776
2015-08-31,sh.600518,25.303758412630433,0.034456413816110754,-0.00023546878696674485
2015-08-31,sh.600519,25.750159498698288,0.07142867098027277,-0.00010771526709592099
2015-08-31,sh.600547,24.381073449333925,0.05342727264116378,-8.649900773221453e-05
2015-08-31,sh.600570,24.645784308099596,0.005458761549348837,-0.0004506790674522906
2015-08-31,sh.600585,25.42433906476053,0.0800733094812208,-0.0003031856944039804
2015-08-31,sh.600588,24.684047399568097,0.019637470735411555,-0.0002484460191792034
2015-08-31,sh.600606,25.67519852466412,0.006165459140447124,-0.00024737066361771483
2015-08-31,sh.600637,24.782624446981316,0.07356288650497846,0.0001701335265839139
2015-08-31,sh.600690,25.013472224414915,0.09755839457270606,-0.00037235685484323966
2015-08-31,sh.600703,25.101190695191253,0.024388860581200017,-0.00034129078583935676
2015-08-31,sh.600745,24.26757641331124,0.039589713393669144,-6.576105330978985e-06
2015-08-31,sh.600795,25.428111716258467,0.05368839040453006,-0.0002903109226355463
2015-08-31,sh.600809,24.228227483188498,0.04221092560682165,-0.0001205571750698682
2015-08-31,sh.600837,25.243146405859267,0.12753253730622008,0.0005122228865681403
2015-08-31,sh.600887,25.360054600347013,0.04953237468931034,-0.0001787673785404571
2015-08-31,sh.600893,25.8153595044295,-0.019680220487171496,-0.0005311207388259747
2015-08-31,sh.600900,25.605988912070256,0.08080137445233909,1.66745519369732e-06
2015-08-31,sh.600958,25.236040750230398,0.08496642037901098,0.0007540736236977146
2015-08-31,sh.600999,25.081709969078876,0.12356263527570062,0.00019430708692805715
2015-08-31,sh.601006,25.716257327897008,0.06934639174410875,-0.0004657496405652578
2015-08-31,sh.601012,23.980098577393218,0.052047424335370164,-0.00016562094759269502
2015-08-31,sh.601088,25.809507114480777,0.09809518524592153,-0.0002692587996787241
2015-08-31,sh.601111,25.430546538974404,0.06515194780423146,1.4266126702375014e-05
2015-08-31,sh.601118,24.771561838107786,0.02995938806954302,-4.307498440354472e-05
2015-08-31,sh.601166,25.621065910633984,0.18549962720402208,2.2962032274852307e-05
2015-08-31,sh.601169,25.229507534622357,0.20336298269624992,-0.00033138294035831424
2015-08-31,sh.601186,25.562379731855803,0.07446728772042042,-8.308951801575779e-05
2015-08-31,sh.601198,25.102494115676105,0.03641011177619912,-0.00010519204987571783
2015-08-31,sh.601211,25.680827013988324,0.0693565176934695,0.0006785315944139173
2015-08-31,sh.601225,25.192444873989874,-0.030057806362635428,-0.00044680270849964946
2015-08-31,sh.601288,26.154512105848312,0.2102910936247237,3.5495041486132304e-05
2015-08-31,sh.601318,25.716649547291283,0.17143110327982283,-2.423124096544894e-05
2015-08-31,sh.601328,26.01436190242139,0.14322588201031863,-0.00017812871815974372
2015-08-31,sh.601336,25.58663988622043,0.05651462167652674,-0.0002735066236982014
2015-08-31,sh.601360,24.218547449137887,0.016481731040111136,-0.0003939095597770523
2015-08-31,sh.601377,24.905517880382114,0.08898264173592037,0.00028895065078202923
2015-08-31,sh.601390,25.88648186732862,0.0422717001976754,-0.00022000163662003888
2015-08-31,sh.601398,26.317958114495475,0.21406876149329154,0.00010089473836894335
2015-08-31,sh.601601,25.613163059884293,0.08394167891459912,-7.899602472907316e-05
2015-08-31,sh.601628,26.247343928378942,0.07820454788971194,1.5791472416617746e-06
2015-08-31,sh.601633,24.03929732946608,0.3014019548769372,0.000565429172682918
2015-08-31,sh.601668,25.515494175828692,0.14917339188005851,-0.0002242106383908327
2015-08-31,sh.601669,25.503283231331604,0.04097032002214957,-0.00021198957500127844
2015-08-31,sh.601688,25.424130508474196,0.07718804603934244,0.0014252436038254596
2015-08-31,sh.601766,25.954754818981467,0.03796239155550929,-0.00010589169903906279
2015-08-31,sh.601788,25.284766040900333,0.07058167395545883,0.0022363589508415673
2015-08-31,sh.601800,25.671687108779672,0.07425624614573528,-0.00011363759057547563
2015-08-31,sh.601818,25.719813120470462,0.12990201848401645,-0.00029631628042852624
2015-08-31,sh.601857,26.84566186969472,0.033370156279850106,-0.0002856417739497034
2015-08-31,sh.601888,24.686745399326192,0.0670735449118744,-7.225751163696508e-05
2015-08-31,sh.601899,25.315055792734015,0.03603766502650103,-0.00019949147468317012
2015-08-31,sh.601901,25.40387397497362,0.03158126147633753,0.00017555296418287798
2015-08-31,sh.601919,25.02666663938309,0.08326582485885978,1.054234195492546e-05
2015-08-31,sh.601939,26.363198072817667,0.19089964933371323,-6.464700101721243e-06
2015-08-31,sh.601985,25.429517912592143,0.05615629276707804,2.4636159745010574e-05
2015-08-31,sh.601988,26.43156171310045,0.15266971112418365,-0.00014484664143944636
2015-08-31,sh.601989,26.486599881543533,-0.04893425970552595,-0.000717341813646553
2015-08-31,sh.601998,25.974571706573755,0.11187524384770176,-0.00031738237539231213
2015-08-31,sh.603288,24.65251061467854,0.09430000716305713,0.00014616274724245015
2015-08-31,sh.603799,23.95691382190297,0.011922188434687495,-0.0003311529054051821
2015-08-31,sh.603993,25.080207900225854,0.0024796420514311412,-0.0005896053804238246
2015-09-30,sh.600000,25.62275047314713,0.19038927359250982,-5.883524167126847e-05
2015-09-30,sh.600009,24.6647049097121,0.10587838920390835,0.00032017961016830013
2015-09-30,sh.600010,24.84094161028481,0.08953018873963561,0.00038670125639899826
2015-09-30,sh.600015,24.823064913696733,0.25335003143138624,0.00014724881308516224
2015-09-30,sh.600016,25.513904067519608,0.19376361060927366,5.336430268379285e-05
2015-09-30,sh.600018,25.357355087520652,0.07973753860699434,7.677255750165e-05
2015-09-30,sh.600019,25.008214200387624,0.09852111666968669,3.841201080749243e-05
2015-09-30,sh.600028,25.694452986447512,0.13316251336818938,0.0002103003740336089
2015-09-30,sh.600029,24.693462623543315,0.14514254110274893,0.0005280409466093373
2015-09-30,sh.600030,24.830383312027383,0.19847244508232953,0.0010286086224153717
2015-09-30,sh.600031,24.702742187768344,0.06146163466502743,0.00018718302489571141
2015-09-30,sh.600036,25.866871769996074,0.14195215392825355,3.238052637066118e-05
2015-09-30,sh.600048,24.739232369032887,0.1976561018258249,0.0003260517397529063
2015-09-30,sh.600050,25.00820049499598,0.10580548650521512,0.00035296950201291574
2015-09-30,sh.600089,24.080465922699798,0.14447729437870968,0.00044260309631366724
2015-09-30,sh.600100,24.217792235594985,0.14610407941072973,0.0006295099842585836
2015-09-30,sh.600104,25.245719351685914,0.18203828793371266,0.0001979353773563687
2015-09-30,sh.600109,23.9413259965976,0.17406716367084113,0.0016523347875748815
2015-09-30,sh.600111,24.362904559878054,0.12027873208737094,0.0006289187069152544
2015-09-30,sh.600150,24.646593634419197,0.08291799909643835,0.0003205093678432861
2015-09-30,sh.600196,24.445376815065092,0.13041223411675412,0.0004884426970068179
2015-09-30,sh.600256,24.299173509758763,0.0920483318575736,0.00022753553886772308
2015-09-30,sh.600276,24.185858952383562,0.13794002453856252,0.0004959317034422922
2015-09-30,sh.600309,24.003229063512595,0.16071528217379832,0.0005729382054435634
2015-09-30,sh.600332,24.121434731880285,0.13593227560119422,0.000549347855860526
2015-09-30,sh.600340,24.33657879942967,0.16279698103582263,0.0005046800133694684
2015-09-30,sh.600346,21.66481183514074,0.12450452180686356,0.001394625985022831
2015-09-30,sh.600372,24.16537763704578,0.13299167642473547,0.0006676623847633944
2015-09-30,sh.600406,23.71293838526895,0.1553622685050633,0.0007188956587995162
2015-09-30,sh.600436,23.508606729683336,0.1581381903162809,0.0007569740365962934
2015-09-30,sh.600438,23.206323970180552,0.14747250379923932,0.00045912740079023323
2015-09-30,sh.600485,24.266293243309395,0.1574849355669897,-0.00494114238913189
2015-09-30,sh.600518,24.175031356154594,0.17377942618259418,0.0008362539222843126
2015-09-30,sh.600519,25.174503152576033,0.14323615625554162,0.0004415855141607725
2015-09-30,sh.600547,24.09713306279707,0.08831116355849428,0.000181269485039615
2015-09-30,sh.600570,22.310686509604754,0.2937731904015439,0.0017657538587156287
2015-09-30,sh.600585,24.886527019750183,0.1490678345730368,0.0001822027058072235
2015-09-30,sh.600588,23.49223934500298,0.16577856992208723,0.0008815424834367905
2015-09-30,sh.600606,24.76477953372723,0.11612632941070847,0.0006094888136982767
2015-09-30,sh.600637,24.549520330404462,0.10540067736927693,0.0004216137207524196
2015-09-30,sh.600690,24.238363337112613,0.19970154022392098,0.0003343698105368678
2015-09-30,sh.600703,24.020920531681565,0.15683737841689566,0.0006666470332683269
2015-09-30,sh.600745,24.26757641331124,0.039589713393669144,-6.576105330978985e-06
2015-09-30,sh.600795,25.029614169495552,0.10287338876020993,6.0383965991068244e-05
2015-09-30,sh.600809,23.568999672884747,0.12363936619917118,0.0005089712497862853
2015-09-30,sh.600837,24.8366804548121,0.17854712531979383,0.0009326596742356812
2015-09-30,sh.600887,25.032099633908096,0.0892926602816671,0.00011883098786620599
2015-09-30,sh.600893,24.49486687298649,0.13776066447688762,0.0006857121207791556
2015-09-30,sh.600900,25.605988912070256,0.08080137445233909,1.66745519369732e-06
2015-09-30,sh.600958,24.168643295473274,0.21884310654338535,0.0017892517142910256
2015-09-30,sh.600999,24.248401957868612,0.2281099694713197,0.001010146053729498
2015-09-30,sh.601006,25.059945069914416,0.15586278830739203,0.00011096414205456304
2015-09-30,sh.601012,22.499099995702892,0.23674131249401403,0.001260154485589875
2015-09-30,sh.601088,25.35908954026929,0.15682410530113935,0.00013635961511360817
2015-09-30,sh.601111,24.62233890358981,0.16599258397618832,0.0007906767831631149
2015-09-30,sh.601118,24.736661400563904,0.033701606764560785,-1.3598605047511802e-05
2015-09-30,sh.601166,25.431913540684622,0.20936506344541356,0.00020699390444945678
2015-09-30,sh.601169,24.79983138631658,0.2663799197430406,4.532395876638262e-05
2015-09-30,sh.601186,24.99938066338199,0.14480691207263455,0.0004573839038501527
2015-09-30,sh.601198,24.12396908352538,0.15697376667629875,0.0008169781519217699
2015-09-30,sh.601211,24.816406393601245,0.17805618571497112,0.0014874270012167985
2015-09-30,sh.601225,24.38093034258536,0.06211069826908223,0.0002844446742901461
2015-09-30,sh.601288,26.074975907328334,0.2189401782338371,0.00011964822709332248
2015-09-30,sh.601318,25.22473292016543,0.233802491656647,0.00045209323512693705
2015-09-30,sh.601328,25.652991236559895,0.19164894855583178,0.00015199050368406642
2015-09-30,sh.601336,24.58295884392513,0.18177978144280826,0.0006705824448339762
2015-09-30,sh.601360,22.85171782916334,0.18422903886030756,0.0008874467750733708
2015-09-30,sh.601377,24.167649576154247,0.18177784007469167,0.0009923043213823873
2015-09-30,sh.601390,25.17604961120345,0.12959051742447306,0.00044553638404763355
2015-09-30,sh.601398,26.232324789125684,0.22192542161099743,0.0001994312107358227
2015-09-30,sh.601601,25.11552407573893,0.14625634112749436,0.0003977800049740353
2015-09-30,sh.601628,26.121054426193005,0.09415256478963535,0.00012662156139728033
2015-09-30,sh.601633,24.407929253094142,0.23877487653225238,0.0002768197711191256
2015-09-30,sh.601668,24.991807315320678,0.21951246577174782,0.00025845119347618216
2015-09-30,sh.601669,24.671027221296733,0.1435258801153979,0.0005736258479761005
2015-09-30,sh.601688,24.212600654892338,0.22921662956933087,0.0025853172107551965
2015-09-30,sh.601766,25.59096909849709,0.08232213748117724,0.00023706805936045606
2015-09-30,sh.601788,24.092470299528934,0.2208219938848021,0.003362153461271343
2015-09-30,sh.601800,24.74872992731262,0.18974426262068905,0.0007742163236728913
2015-09-30,sh.601818,25.16150502320335,0.2057180055189845,0.00020900266315470676
2015-09-30,sh.601857,26.296137289982667,0.09984370343847133,0.00021398244233099007
2015-09-30,sh.601888,24.66599753681475,0.0692378912380989,-5.98719976530272e-05
2015-09-30,sh.601899,24.798758828773614,0.09869567046819977,0.00027932619959944617
2015-09-30,sh.601901,24.402254230129007,0.15490710412644265,0.0011060257649295158
2015-09-30,sh.601919,25.02666663938309,0.08326582485885978,1.054234195492546e-05
2015-09-30,sh.601939,26.15372479346346,0.21703199994236458,0.00019902362475007705
2015-09-30,sh.601985,24.89017598801875,0.1238262899308826,0.0005507506545795025
2015-09-30,sh.601988,26.115065051425308,0.19499482521216174,0.0001461664480637533
2015-09-30,sh.601989,25.26068614779593,0.09216653440641366,0.00037519192779737
2015-09-30,sh.601998,25.280635847288934,0.20364702072445373,0.00031802205430445394
2015-09-30,sh.603288,24.528493204164054,0.11111858179932889,0.00028808883831397546
2015-09-30,sh.603799,22.4562895446344,0.19590575129400498,0.0010888658639300868
2015-09-30,sh.603993,23.311166464099752,0.2205177387192309,0.0010569728892685462
2015-10-30,sh.600000,24.863626378266027,0.2622846359616774,0.000500287074534181
2015-10-30,sh.600009,25.583485077838702,0.038007408417093484,-0.0002076455336261433
2015-10-30,sh.600010,25.56324765236974,0.014915257826719291,-0.0001935708448990205
2015-10-30,sh.600015,25.200420441741933,0.2551365836235322,0.0001611426327527713
2015-10-30,sh.600016,25.368856310549024,0.18703142505295967,1.0088369439693846e-06
2015-10-30,sh.600018,25.603095156118215,0.04046064367393635,-0.0002286795293181711
2015-10-30,sh.600019,25.507937056399822,0.07594962217633638,-0.00013712401635011977
2015-10-30,sh.600028,25.47165072337404,0.0930244450660046,-0.00010184896324762883
2015-10-30,sh.600029,25.70189594905045,0.04384550821379071,-0.0002597349235892525
2015-10-30,sh.600030,24.965077481280236,0.17122423502012143,0.0008167022932671093
2015-10-30,sh.600031,25.544435910239915,0.015087395191239972,-0.00017346432887532776
2015-10-30,sh.600036,25.535018568015435,0.11848534341788138,-0.00015011827486134384
2015-10-30,sh.600048,25.002607331184503,0.20216522377065954,0.00036111868458452406
2015-10-30,sh.600050,25.603764219913014,0.03083531979788602,-0.00023006522894056375
2015-10-30,sh.600089,25.43589808993528,0.07904185985415704,-6.628107239549618e-05
2015-10-30,sh.600100,25.388587767237755,0.057962954129432115,-5.595384117125169e-05
2015-10-30,sh.600104,25.094269881093535,0.19090970977434912,0.0002669274481119569
2015-10-30,sh.600109,25.260951143571525,0.07964912615121879,0.0009180561068656529
2015-10-30,sh.600111,25.572240423441702,0.022883047926924874,-0.00012851680382857365
2015-10-30,sh.600150,25.657028225430818,0.005933461829603928,-0.00027819090113396014
2015-10-30,sh.600196,25.49967833332751,0.05124942809085209,-0.0001271977282441265
2015-10-30,sh.600256,25.392961194542064,0.05821822012781609,-3.5557514766331115e-05
2015-10-30,sh.600276,25.601580309109547,0.04537484774545825,-0.000223937483429248
2015-10-30,sh.600309,25.66426009350396,0.04951393502360878,-0.0002918624261260208
2015-10-30,sh.600332,25.62332238421906,0.03328707425412652,-0.0002489125719798035
2015-10-30,sh.600340,25.273706485921196,0.10957780387407628,9.080033294678952e-05
2015-10-30,sh.600346,23.40062047468417,0.18048429654726303,0.0018299745288245146
2015-10-30,sh.600372,25.582227901598788,0.020849350374984407,-0.0002044561360898099
2015-10-30,sh.600406,25.73155363262634,0.018332223084343804,-0.000346771915027579
2015-10-30,sh.600436,25.578453595417617,0.034477534388575565,-0.0002047212673477504
2015-10-30,sh.600438,25.144518062753765,0.11653896256555496,0.00021856065694095752
2015-10-30,sh.600485,25.117550134579517,0.09260774036337137,-0.005445685192114081
2015-10-30,sh.600518,24.939452787255867,0.12007000789840523,0.0004185616906365379
2015-10-30,sh.600519,25.37405967425119,0.08582147737574569,-4.922121124900933e-06
2015-10-30,sh.600547,25.35725197238966,0.06607061778567024,8.307209638280555e-06
2015-10-30,sh.600570,25.430766872850068,0.060398945448215974,-4.917194569148877e-05
2015-10-30,sh.600585,25.665597995791185,0.08796443021857057,-0.0002929917413016308
2015-10-30,sh.600588,25.591437551079608,0.025728555613107627,-0.00020761105588279534
2015-10-30,sh.600606,24.856182071771237,0.10203454049942942,0.0004998985230882172
2015-10-30,sh.600637,25.414459934348717,0.04534437401447759,-4.543753718619868e-05
2015-10-30,sh.600690,25.381969571936544,0.1548980151406188,-1.406227038255308e-05
2015-10-30,sh.600703,25.079177212448702,0.10849435219256076,0.0002906886417362102
2015-10-30,sh.600745,25.381969571936544,0.039589713393669144,-6.576105330978985e-06
2015-10-30,sh.600795,25.445993767843156,0.08546473496362589,-7.500121758704685e-05
2015-10-30,sh.600809,25.56518429048156,0.03320622159338614,-0.0001943173575385869
2015-10-30,sh.600837,25.285711399846676,0.11326240838832788,0.0004249476196513043
2015-10-30,sh.600887,25.660424011276422,0.03745064161309504,-0.00028433868260434536
2015-10-30,sh.600893,25.61402445591062,0.017365731558798184,-0.0002505860149324496
2015-10-30,sh.600900,25.617734132074492,0.05119859157175842,-0.00022855012748331077
2015-10-30,sh.600958,25.024044556111292,0.13749491740558917,0.0011566158052278663
2015-10-30,sh.600999,25.15563422268253,0.14955308087627056,0.0003992177816161672
2015-10-30,sh.601006,25.567250044991283,0.11656258934092835,-0.00019466917766687133
2015-10-30,sh.601012,24.949044056758478,0.1270604604492776,0.00040717857702223773
2015-10-30,sh.601088,25.479124152660496,0.12440139161471972,-0.00011578825891660064
2015-10-30,sh.601111,25.747791427646487,0.03242046142269763,-0.0002480989053034596
2015-10-30,sh.601118,25.427812680852256,0.028584210941835234,-5.3396028845871406e-05
2015-10-30,sh.601166,25.288422009800748,0.19809448867828866,0.00011934388557335705
2015-10-30,sh.601169,25.167651730939486,0.28451864083828715,0.0001863867953329903
2015-10-30,sh.601186,25.76550459433667,0.03603889343798422,-0.0003884929998062037
2015-10-30,sh.601198,23.97279869014293,0.24648071748794395,0.0015130638520997873
2015-10-30,sh.601211,25.25313537007295,0.12304040227060903,0.0010595753115720593
2015-10-30,sh.601225,25.35051237586049,0.027617055481906606,1.619141268895104e-05
2015-10-30,sh.601288,25.369997804640082,0.20330805183220368,-1.9210985610666135e-06
2015-10-30,sh.601318,25.347173160212524,0.1807917929728612,3.983486887022278e-05
2015-10-30,sh.601328,25.35828998181945,0.17366165336689426,1.2105289716178043e-05
2015-10-30,sh.601336,25.248409719090812,0.11068364073579269,0.0001176755874867692
2015-10-30,sh.601360,24.764680046410447,0.14579935028458607,0.0005885833188022861
2015-10-30,sh.601377,24.730552150103343,0.18942473950417263,0.0010517734161878001
2015-10-30,sh.601390,25.727040447008022,0.027155296081142685,-0.0003510910524261094
2015-10-30,sh.601398,25.340841181005597,0.19977472400569612,2.7167674639454255e-05
2015-10-30,sh.601601,25.107580160908192,0.12816991714452958,0.0002571238772908147
2015-10-30,sh.601628,25.407512957651754,0.07319678887092962,-3.634920032425612e-05
2015-10-30,sh.601633,25.214753989030985,0.22261019718604846,0.00015110883985822564
2015-10-30,sh.601668,25.388022929313497,0.18363822005357824,-2.0538865090771322e-05
2015-10-30,sh.601669,25.62378526925802,0.037592088655338946,-0.00025020958304154873
2015-10-30,sh.601688,25.171475025455912,0.12815225657123847,0.0017993507109079381
2015-10-30,sh.601766,25.560975997226468,0.027457366434079068,-0.00018960922349987364
2015-10-30,sh.601788,24.737715314878937,0.19269830579949354,0.0031434386359429035
2015-10-30,sh.601800,25.564451850144717,0.06543317690488511,-0.0001925373011094748
2015-10-30,sh.601818,25.180750670515753,0.2030038313078824,0.00018789482919312015
2015-10-30,sh.601857,25.532334969180077,0.0511411107236861,-0.00016477225820278596
2015-10-30,sh.601888,25.500671430473428,0.06029227597139384,-0.0001294410625131543
2015-10-30,sh.601899,25.577650568349362,0.03642167506870173,-0.00020497180516402847
2015-10-30,sh.601901,24.305745052995356,0.21422138677726416,0.0015673064095627837
2015-10-30,sh.601919,25.381969571936544,0.08326582485885978,1.054234195492546e-05
2015-10-30,sh.601939,25.183037248940987,0.21467419516069713,0.0001806872365986829
2015-10-30,sh.601985,25.679507278837363,0.01933603095938713,-0.00026185858323281736
2015-10-30,sh.601988,25.15913425385656,0.2026731301997654,0.00020587978043638382
2015-10-30,sh.601989,25.72185518957564,-2.02518849974076e-05,-0.0003417345578099287
2015-10-30,sh.601998,24.87683581557154,0.2244553224483747,0.000479845925452643
2015-10-30,sh.603288,25.36314621587513,0.0746628090696641,4.576308214940544e-06
2015-10-30,sh.603799,23.070609580524078,0.3453500145852363,0.002251077443113171
2015-10-30,sh.603993,24.895564200228268,0.1418900504341216,0.0004454940157619039
2015-11-30,sh.600000,25.702412137971912,0.17049874415847188,-8.065230935014439e-05
2015-11-30,sh.600009,24.898435280358928,0.07775920695103641,0.00010720698006054966
2015-11-30,sh.600010,25.42166215245607,0.020150422608851623,-0.00015359695282105918
2015-11-30,sh.600015,24.67239323045972,0.26123665562447884,0.00033866526894593875
2015-11-30,sh.600016,25.151228197335108,0.23758112808610377,0.00041779834863065065
2015-11-30,sh.600018,25.56503258940021,0.05243836739480605,-0.0001438526258971485
2015-11-30,sh.600019,24.983477750071447,0.10142928994077942,5.286317456869428e-05
2015-11-30,sh.600028,25.903780260793763,0.10684692984747024,2.3101954788244433e-05
2015-11-30,sh.600029,24.793598258319875,0.13319153594121957,0.00044629146943739973
2015-11-30,sh.600030,25.228044573190758,0.14668328625098673,0.0007677349183337785
2015-11-30,sh.600031,24.82062208513295,0.04728716092812604,7.6660971235937e-05
2015-11-30,sh.600036,25.71175972185025,0.16263708619111536,0.0001679255558578495
2015-11-30,sh.600048,24.767229295275218,0.1863668576548293,0.0003883401732191875
2015-11-30,sh.600050,25.42483558816208,0.054999596540809145,-3.709461257356384e-05
2015-11-30,sh.600089,24.570067162439443,0.0849258960161798,1.4663073869891644e-05
2015-11-30,sh.600100,24.76067002190124,0.08549529385660859,0.0001814104579640709
2015-11-30,sh.600104,25.117009264967788,0.1923065087301133,0.0003870288004734584
2015-11-30,sh.600109,24.756262884895172,0.0814992978450507,0.000973998323277496
2015-11-30,sh.600111,24.956798771630005,0.050886248729682636,9.430169402926586e-05
2015-11-30,sh.600150,25.08338804883416,0.028699499494841678,-0.0001010627190161156
2015-11-30,sh.600196,25.1058737725137,0.05107673715146551,-0.0001096161241418481
2015-11-30,sh.600256,24.672073697440762,0.04797687781837339,-0.00010555818188447616
2015-11-30,sh.600276,24.765215114831705,0.06728843139424098,-3.620039128040629e-05
2015-11-30,sh.600309,24.481680166264635,0.10197525463248655,0.00014030544298214174
2015-11-30,sh.600332,24.297522328115633,0.11683743934077931,0.00041462548820220854
2015-11-30,sh.600340,24.218304412472104,0.17934636778222693,0.000698671405203874
2015-11-30,sh.600346,23.336018642647886,-0.0029134433327163145,-1.5087990870486335e-05
2015-11-30,sh.600372,24.95323501052422,0.04054466840454772,-4.579336458667458e-05
2015-11-30,sh.600406,24.186132794365342,0.09932324113285312,0.0002971036946574796
2015-11-30,sh.600436,23.41769161388296,0.17562043417235831,0.0009124962843395162
2015-11-30,sh.600438,23.418728451378264,0.12437155192948038,0.00034073627200323955
2015-11-30,sh.600485,24.72577143682113,0.11139543444883564,-0.005264445314272471
2015-11-30,sh.600518,25.540381367988005,0.015554349163211537,-0.000340967041202778
2015-11-30,sh.600519,25.631005994714005,0.08829293762668083,5.381053712458441e-05
2015-11-30,sh.600547,23.790220259340924,0.12919877943758207,0.0005096974780640233
2015-11-30,sh.600570,24.481206958611885,0.03653890079593069,-0.00016818947730035743
2015-11-30,sh.600585,24.920940618535045,0.14532676587973725,0.00013597760153428022
2015-11-30,sh.600588,24.01121722938748,0.10872752865722489,0.0004521981474081821
2015-11-30,sh.600606,25.785895750121938,0.006835752889064142,-0.0002471461765832799
2015-11-30,sh.600637,24.666856897881743,0.09618005635753277,0.00035751788058267493
2015-11-30,sh.600690,24.640532614803256,0.14489023027784287,-1.406227038255308e-05
2015-11-30,sh.600703,24.97158881693893,0.046131395986181614,-0.0001417937714076934
2015-11-30,sh.600745,21.53221937660863,0.38304328593653514,0.002664424508076557
2015-11-30,sh.600795,25.207829037183828,0.08051840702238121,-0.00011242792759714958
2015-11-30,sh.600809,23.54053918395623,0.13111619455760126,0.0005775616266223081
2015-11-30,sh.600837,25.393231373034716,0.10976745244644691,0.00047565948632030994
2015-11-30,sh.600887,24.71745749886192,0.12758112698357132,0.00040564992374993153
2015-11-30,sh.600893,25.3373500166513,0.03832169944941703,-8.175908758953387e-05
2015-11-30,sh.600900,25.54285963988991,0.08742797568516986,3.1687980121880354e-05
2015-11-30,sh.600958,25.22541372428573,0.09190018835548061,0.0009175086464094128
2015-11-30,sh.600999,24.962586996715714,0.13605961054974003,0.0004410471981950331
2015-11-30,sh.601006,25.2050800592833,0.1382983340959767,-3.912135523352551e-05
2015-11-30,sh.601012,24.03653508048778,0.058148101721608544,-4.2257171806546155e-05
2015-11-30,sh.601088,25.45899785144901,0.14374969297588924,4.650136987522861e-05
2015-11-30,sh.601111,25.116721018488104,0.10562795783767907,0.00034109281869125203
2015-11-30,sh.601118,24.585535300394245,0.05175156591453577,0.00012732003656828152
2015-11-30,sh.601166,25.31023499433733,0.21894479211810197,0.0003610568186813398
2015-11-30,sh.601169,24.395666703466404,0.2998296366401527,0.0004760402775971896
2015-11-30,sh.601186,25.557149329327707,0.07501503949409014,-8.081870341809826e-05
2015-11-30,sh.601198,24.422733795404902,0.13849340002182967,0.0007636459008888016
2015-11-30,sh.601211,25.151401080012374,0.13615419278036445,0.0012453561577601964
2015-11-30,sh.601225,24.699225203381975,0.02889482611497736,1.5936499134402356e-05
2015-11-30,sh.601288,26.135395975309518,0.20760757710814112,7.961271127929175e-05
2015-11-30,sh.601318,25.499013940162275,0.19117906698670806,0.00024477787940456897
2015-11-30,sh.601328,25.815377089476776,0.16801534134715868,1.7704979221094556e-05
2015-11-30,sh.601336,24.68515636986003,0.17173613245859765,0.0006711860489896251
2015-11-30,sh.601360,24.167111108195083,0.03345125287887115,-0.0002155288022212975
2015-11-30,sh.601377,24.78017909278074,0.10610412189788095,0.0005434485983166783
2015-11-30,sh.601390,25.74507258991171,0.058839949092539645,-9.950378916009542e-05
2015-11-30,sh.601398,26.515983593692297,0.1804492763314126,-4.477394182021109e-05
2015-11-30,sh.601601,25.28099024377778,0.12777323390868914,0.00032213273008268976
2015-11-30,sh.601628,25.99169881156328,0.11118864385967381,0.00026762714869107713
2015-11-30,sh.601633,24.815876012012296,0.17680628639047435,-6.327964769699967e-05
2015-11-30,sh.601668,25.221655254682148,0.18523790533962065,6.825865252308954e-05
2015-11-30,sh.601669,25.299812018781846,0.06748065375425469,-3.181390340073966e-07
2015-11-30,sh.601688,25.163381233034805,0.11242676692215561,0.0018002481290339946
2015-11-30,sh.601766,25.923580547290435,0.04148022197734388,-7.913570247390132e-05
2015-11-30,sh.601788,25.044467918340256,0.10209207514129555,0.0026112418290746573
2015-11-30,sh.601800,25.713651646994112,0.07108924634069139,-9.728675925088962e-05
2015-11-30,sh.601818,25.51734097916912,0.1535571838246484,-8.488599895944954e-05
2015-11-30,sh.601857,26.566251146895073,0.06659307328109018,-3.9793953829147417e-05
2015-11-30,sh.601888,23.895302603786003,0.16483205130172018,0.0006708217829280945
2015-11-30,sh.601899,25.045553883937437,0.06867865084959271,4.975889346823344e-05
2015-11-30,sh.601901,25.158864541139224,0.07197975080776278,0.0005628673340262952
2015-11-30,sh.601919,25.870290213771803,-0.022660212077972933,-0.000813232782989502
2015-11-30,sh.601939,26.418853857024967,0.17515196106099573,-7.2029999432534465e-06
2015-11-30,sh.601985,25.45008754230196,0.055845959392023345,2.8678771481935585e-05
2015-11-30,sh.601988,26.41806109084462,0.15037711122434708,-0.00010102398206070307
2015-11-30,sh.601989,25.90411545280545,0.011673966520018939,-0.0002506663495346644
2015-11-30,sh.601998,25.747020750863964,0.1351538005588523,-3.3627434454988466e-05
2015-11-30,sh.603288,24.744162082885005,0.08666774049714508,0.00011852145070307473
2015-11-30,sh.603799,24.277868156924043,0.0054631055056397065,-0.00032843113852843906
2015-11-30,sh.603993,25.079532563350966,0.00929485410803721,-0.00048379659636314576
2015-12-31,sh.600000,25.897409297453354,0.14764789743933537,-0.00028111237167147385
2015-12-31,sh.600009,25.501260750008573,0.003335239937791598,-0.0004659772613161348
2015-12-31,sh.600010,25.939149631336647,-0.047279831376624004,-0.0006774856297788963
2015-12-31,sh.600015,25.890058880207956,0.0986121567817087,-0.0008053035066096257
2015-12-31,sh.600016,26.055960950458253,0.11596050414198884,-0.0004116118789113068
2015-12-31,sh.600018,26.462599230223308,-0.06143893639921966,-0.0010380576656075276
2015-12-31,sh.600019,25.31037857566201,0.060562451829917346,-0.00025751734996986143
2015-12-31,sh.600028,26.386702818753673,0.046216016237473116,-0.00044351187696461367
2015-12-31,sh.600029,26.234580057825994,-0.04551995348079743,-0.0009110527776594309
2015-12-31,sh.600030,26.58354677005187,-0.023108167942425803,-0.0005104254333792971
2015-12-31,sh.600031,25.937811875096212,-0.09134692783559845,-0.0010022252806457872
2015-12-31,sh.600036,26.533741745321503,0.057790498585618126,-0.0006127921337036765
2015-12-31,sh.600048,25.907770764460754,0.04025562084949751,-0.0006751483792719892
2015-12-31,sh.600050,26.693059444670038,-0.1045243903314427,-0.0012786301100996056
2015-12-31,sh.600089,25.63447734381029,-0.0485602334804629,-0.001020956402514837
2015-12-31,sh.600100,26.431075870205515,-0.12137958760394116,-0.0014199099035352477
2015-12-31,sh.600104,26.04013872633094,0.07293185482170408,-0.00046375819953086084
2015-12-31,sh.600109,26.105071847378078,-0.08583871254456185,-0.0003204501564274709
2015-12-31,sh.600111,25.686137177239843,-0.040126559014178664,-0.0006129772169125086
2015-12-31,sh.600150,26.313259153221374,-0.1272825692889357,-0.0013143169065075622
2015-12-31,sh.600196,25.840895515820044,-0.042243167136129495,-0.0008404688764143251
2015-12-31,sh.600256,25.936523124338194,-0.11175958552572568,-0.0013511163146536127
2015-12-31,sh.600276,25.126045423357088,0.021752983626117578,-0.0003921064531325408
2015-12-31,sh.600309,25.543138871733902,-0.030414450125244963,-0.0008757928148600295
2015-12-31,sh.600332,25.923406187885682,-0.08272231520723045,-0.0011191749874138344
2015-12-31,sh.600340,26.03887499309743,-0.04592687359411224,-0.0009923327724021453
2015-12-31,sh.600346,24.897304596100966,-0.1961491382784906,-0.001527856994390068
2015-12-31,sh.600372,25.87652423811142,-0.07595911699599683,-0.0009522905245025997
2015-12-31,sh.600406,25.36939594337663,-0.04587260661684442,-0.0008196548428172994
2015-12-31,sh.600436,25.70402046757113,-0.10079631166900016,-0.001210277056658284
2015-12-31,sh.600438,24.449011021761187,-0.0026755945660625335,-0.0006203502738647336
2015-12-31,sh.600485,26.418394660486186,-0.09568255770102696,-0.006862038084147775
2015-12-31,sh.600518,26.01885148169378,-0.048606252014158136,-0.0008537964058743968
2015-12-31,sh.600519,26.010226813650384,0.04108769156099541,-0.00030772785627916275
2015-12-31,sh.600547,25.166828336468708,-0.038024749753475,-0.0007691945666461192
2015-12-31,sh.600570,25.588221281826424,-0.10449551060500947,-0.0012718456703515362
2015-12-31,sh.600585,25.963046380024913,0.013594047457367267,-0.0008617980747700324
2015-12-31,sh.600588,26.093457279068502,-0.14656357422019517,-0.0015239677244833234
2015-12-31,sh.600606,26.572668875178554,-0.09625622334837175,-0.0010475160455181787
2015-12-31,sh.600637,26.305584869457107,-0.10435694042712412,-0.0011956180556646477
2015-12-31,sh.600690,24.640532614803256,0.14489023027784287,-1.406227038255308e-05
2015-12-31,sh.600703,25.609831475616947,-0.0354521294763676,-0.0007835654447054354
2015-12-31,sh.600745,26.073783613859387,-0.15292781534104857,-0.0015033368239402126
2015-12-31,sh.600795,26.096022747911338,-0.03122801498636453,-0.0009932024498189502
2015-12-31,sh.600809,24.907396653613432,-0.03324913031023624,-0.0006840238831404325
2015-12-31,sh.600837,26.442322634949726,-0.021490735211278283,-0.0005298717000533741
2015-12-31,sh.600887,25.906532291720882,-0.018461732795390748,-0.0007027847658462818
2015-12-31,sh.600893,26.04829835085622,-0.05184082559752007,-0.0007837253251595467
2015-12-31,sh.600900,25.979648475606265,0.032737973350401496,-0.0003908474867558145
2015-12-31,sh.600958,26.17806860102801,-0.026972260203697807,1.7347813623494094e-06
2015-12-31,sh.600999,26.430457558996466,-0.0481021285089025,-0.0009585226946979195
2015-12-31,sh.601006,25.964958150272366,0.04316265717004236,-0.0007845079511231856
2015-12-31,sh.601012,24.89782444759679,-0.05029225716330288,-0.0008868462391448946
2015-12-31,sh.601088,25.931388151153335,0.08385401828398692,-0.000405888470756687
2015-12-31,sh.601111,26.30937664809396,-0.04243565327145074,-0.0007935831460264996
2015-12-31,sh.601118,25.986046517575584,-0.12162921291863305,-0.0012224844939628587
2015-12-31,sh.601166,26.269516321501808,0.09258105512048474,-0.0005332508043535886
2015-12-31,sh.601169,25.398731000175992,0.16739612223745337,-0.00044120107508980786
2015-12-31,sh.601186,26.424874888790935,-0.03427211600623191,-0.0009371006352383118
2015-12-31,sh.601198,26.070159304689586,-0.06115617647293359,-0.0007680713828072735
2015-12-31,sh.601211,26.53673366529034,-0.03710516650569956,-6.760464531519969e-05
2015-12-31,sh.601225,25.438424542655692,-0.06328158304452344,-0.0007018362109607024
2015-12-31,sh.601288,26.52272243824647,0.15668131321154172,-0.00028635607481442146
2015-12-31,sh.601318,26.38294724321107,0.07675621350735234,-0.000587571318561314
2015-12-31,sh.601328,26.4849395252212,0.08346445394480481,-0.0006322988047687476
2015-12-31,sh.601336,26.579076225439977,-0.06230232081469533,-0.0010947557404290605
2015-12-31,sh.601360,25.11942349253485,-0.08850965919560186,-0.001172978948692009
2015-12-31,sh.601377,25.894248659801065,-0.03332036550441464,-0.0005277045300125014
2015-12-31,sh.601390,26.66484525040194,-0.05740188746061853,-0.0010091248342904249
2015-12-31,sh.601398,26.873059590603166,0.13633565797720248,-0.0003976943514867877
2015-12-31,sh.601601,26.393486790128684,-0.010245915965420738,-0.0007217995924521987
2015-12-31,sh.601628,27.359104544124683,-0.058436852668724976,-0.0010318356756914076
2015-12-31,sh.601633,25.911742984122284,0.04036020927737852,-0.0011402089706759287
2015-12-31,sh.601668,26.03514110850825,0.08151410486803903,-0.0007151857620673197
2015-12-31,sh.601669,26.120974798586317,-0.03548827657201448,-0.0008003334569372031
2015-12-31,sh.601688,26.381967604523098,-0.03961660550084206,0.0006370462210017394
2015-12-31,sh.601766,26.70601157693453,-0.057688724006294434,-0.0008517891758177672
2015-12-31,sh.601788,26.243175958190506,-0.04807325890851377,0.0014534579086469374
2015-12-31,sh.601800,26.34893167383278,-0.009134062664901674,-0.0007287782763411578
2015-12-31,sh.601818,26.022718644789503,0.09141304340502743,-0.0005886283802306169
2015-12-31,sh.601857,26.94156452238918,0.019272923092817584,-0.0004091919528330957
2015-12-31,sh.601888,25.525225857966756,-0.03496278331830453,-0.0008372868783890747
2015-12-31,sh.601899,25.898930718834368,-0.037751206703305645,-0.0007751460689397175
2015-12-31,sh.601901,26.320899570203903,-0.07346839806855918,-0.0005656863672639213
2015-12-31,sh.601919,26.383244531268964,-0.09034669402606374,-0.0014382006278205902
2015-12-31,sh.601939,27.05709290759918,0.0948895295202124,-0.0006295803779400766
2015-12-31,sh.601985,26.419424222645514,-0.06586471361838636,-0.0009178517300415978
2015-12-31,sh.601988,27.054859765003176,0.07192619437151382,-0.0007348664329796436
2015-12-31,sh.601989,26.907268137194453,-0.11831945764413457,-0.0012633477203356637
2015-12-31,sh.601998,26.59304202444656,0.029124423235967978,-0.00086244129081685
2015-12-31,sh.603288,25.73428271404598,-0.036479801764021116,-0.0008310132815357745
2015-12-31,sh.603799,25.44346094620377,-0.14594324058943453,-0.0015115026556443692
2015-12-31,sh.603993,25.61018975987967,-0.06163868975459719,-0.0010664788862177763
2016-01-29,sh.600000,25.037196841570445,0.2263313674297759,0.00033080031001498543
2016-01-29,sh.600009,25.187180677595535,0.0863134022759819,0.00017933476983787052
2016-01-29,sh.600010,25.648664955561056,0.004219823760791427,-0.0002769784827899245
2016-01-29,sh.600015,25.46874918209808,0.18919213728301137,-0.00010087297269451871
2016-01-29,sh.600016,25.41143521525024,0.1636715553175685,-4.056828774182963e-05
2016-01-29,sh.600018,25.406118190337537,0.06736842994880833,-3.633696146766265e-05
2016-01-29,sh.600019,25.48298279465293,0.07917663864847636,-0.000112756868830163
2016-01-29,sh.600028,25.407717071464546,0.09817667988039502,-3.941951759343479e-05
2016-01-29,sh.600029,25.655577494136015,0.04404625573695335,-0.00021450623138251934
2016-01-29,sh.600030,25.439004722615124,0.08803534512788748,0.0003539254289196354
2016-01-29,sh.600031,25.319447577240684,0.0434699285248728,4.623056557066499e-05
2016-01-29,sh.600036,25.489803329132542,0.12296119004677461,-0.00010596684264569341
2016-01-29,sh.600048,25.222281865334626,0.14592266251687538,0.00014661256798180675
2016-01-29,sh.600050,25.40981501587053,0.05465890041690774,-4.067918682013373e-05
2016-01-29,sh.600089,25.566845060350726,0.057755947141246246,-0.0001941471730947834
2016-01-29,sh.600100,25.624173323012847,0.02442590657696836,-0.00028599663103087795
2016-01-29,sh.600104,25.440516786223096,0.12341284552939766,-7.117309363902709e-05
2016-01-29,sh.600109,25.32491127387538,0.06538510314410102,0.0008556008057905274
2016-01-29,sh.600111,25.490216912884115,0.03246725608600588,-4.84231107298281e-05
2016-01-29,sh.600150,25.62811337366037,0.00957941227061812,-0.000249956346821976
2016-01-29,sh.600196,25.431567833809066,0.05802560122259599,-6.068970623740739e-05
2016-01-29,sh.600256,25.558454779968862,0.03662349576042012,-0.0001971574310693401
2016-01-29,sh.600276,25.299097733683002,0.08135712602663527,7.142839885547551e-05
2016-01-29,sh.600309,25.596463006190305,0.05318354112861968,-0.00022566044248285293
2016-01-29,sh.600332,25.54371012925524,0.039177518576637385,-0.00017117340338503379
2016-01-29,sh.600340,25.4086537595574,0.0764049111417607,-4.0971953384971885e-05
2016-01-29,sh.600346,25.75977207757357,-0.06059557593063092,-0.00047367186683393807
2016-01-29,sh.600372,25.612036846407527,0.016459161750355264,-0.00023356374756460118
2016-01-29,sh.600406,25.497813483526325,0.044282164710134554,-0.00011853111382792455
2016-01-29,sh.600436,25.493081003556632,0.039223642873014504,-0.00012135728883627738
2016-01-29,sh.600438,24.763899326099917,0.15298748350324515,0.0005902243430469404
2016-01-29,sh.600485,25.381969571936544,0.05324003610161673,-0.005703883471132483
2016-01-29,sh.600518,25.387721882466135,0.05871630442612927,-1.9160702532877412e-05
2016-01-29,sh.600519,25.11481151503487,0.11257570441285125,0.0002482265475864753
2016-01-29,sh.600547,23.45172473314519,0.3012106704330768,0.0018690019403788704
2016-01-29,sh.600570,25.8590506542367,-0.0010523024933734165,-0.00046737923177769114
2016-01-29,sh.600585,25.1163164195116,0.1557028649653971,0.0002433665503182484
2016-01-29,sh.600588,25.858167018923588,-0.010789154811274404,-0.00046806501588355476
2016-01-29,sh.600606,24.85319100106733,0.10309535420821239,0.0005028192210364859
2016-01-29,sh.600637,25.538539224574322,0.027960802705991022,-0.00016659753782117325
2016-01-29,sh.600690,26.306595502567156,0.02879347403001012,-0.000916933959434161
2016-01-29,sh.600703,25.59419464907065,0.038016029347698224,-0.00021221166366269966
2016-01-29,sh.600745,25.381969571936544,0.03953481962343591,-6.576105330978985e-06
2016-01-29,sh.600795,25.355864468248427,0.0981566130207258,1.3007554676815556e-05
2016-01-29,sh.600809,25.57040336607105,0.02906501451238422,-0.00019941364073449
2016-01-29,sh.600837,25.291948999680915,0.10050256674444698,0.0004188567756554779
2016-01-29,sh.600887,25.480597549888635,0.0579237717079021,-0.00010874310870709141
2016-01-29,sh.600893,25.452499406823947,0.036994694876605054,-9.286126478017396e-05
2016-01-29,sh.600900,25.602364766079628,0.055536948704709634,-0.00021354236599216325
2016-01-29,sh.600958,25.570133091589483,0.05296209116445848,0.0006233754297793394
2016-01-29,sh.600999,25.635422594660128,0.06624183073177872,-6.928231495725596e-05
2016-01-29,sh.601006,25.55861027354422,0.12009254569115657,-0.0001862326794236207
2016-01-29,sh.601012,25.31697012067853,0.06990427237772448,4.790893535098815e-05
2016-01-29,sh.601088,25.317447106701444,0.1414571719239434,4.20849119843803e-05
2016-01-29,sh.601111,25.573702883723122,0.04956473601953742,-7.810624936591327e-05
2016-01-29,sh.601118,25.56769758236581,0.011135264541119128,-0.00018998977245440797
2016-01-29,sh.601166,25.454760566452777,0.15561006671288485,-4.308112179843116e-05
2016-01-29,sh.601169,25.269155233168615,0.2353503444721933,8.727142827880628e-05
2016-01-29,sh.601186,25.516091333600748,0.0675877289093133,-0.00014494783788442415
2016-01-29,sh.601198,25.93135598790606,-0.013751864216649895,-0.00039941326643582945
2016-01-29,sh.601211,25.606912053428598,0.0634140392997382,0.000714122149307247
2016-01-29,sh.601225,24.99178088288686,0.0740894016076227,0.00036648280972581223
2016-01-29,sh.601288,25.381969571936544,0.1917525152207332,-1.361119874300252e-05
2016-01-29,sh.601318,25.527701443022476,0.13476466047174707,-0.00013644601426598935
2016-01-29,sh.601328,25.50844513971148,0.14747226897675236,-0.0001345170756476447
2016-01-29,sh.601336,25.68825433003717,0.038372270549233714,-0.0003118205294289008
2016-01-29,sh.601360,25.532615240190783,0.04158023168338088,-0.0001612841925033396
2016-01-29,sh.601377,25.587279932282073,0.062207144262320976,0.00021520239419018606
2016-01-29,sh.601390,25.698379170407552,0.03081084762916441,-0.00032310410726549445
2016-01-29,sh.601398,25.44614992441854,0.1777443638993616,-7.56634053544832e-05
2016-01-29,sh.601601,25.34319894952738,0.08604556305070697,2.7048636476605994e-05
2016-01-29,sh.601628,25.484959570048552,0.05984462113884434,-0.0001119736787534251
2016-01-29,sh.601633,25.440565200358783,0.17805270773185208,-6.938957255301877e-05
2016-01-29,sh.601668,25.381969571936544,0.1715961098710118,-1.4627928766893736e-05
2016-01-29,sh.601669,25.63218140570154,0.034195785655373456,-0.0002584081784314691
2016-01-29,sh.601688,25.62690634728181,0.05265529124267364,0.0013546346012229032
2016-01-29,sh.601766,25.605547153523453,0.02186202935544776,-0.00023313172685579555
2016-01-29,sh.601788,25.69081327565564,0.04956305824341548,0.00221276479566762
2016-01-29,sh.601800,25.465505903738507,0.07224280767941847,-9.591931669316499e-05
2016-01-29,sh.601818,25.560975997226468,0.14352175053448424,-0.00018338470296683893
2016-01-29,sh.601857,25.472672559549935,0.058193159166249675,-0.00010651356269019327
2016-01-29,sh.601888,25.744807813111162,0.025402399524482783,-0.0003678334986854195
2016-01-29,sh.601899,24.923867107216093,0.11765484617273635,0.00043342969134690815
2016-01-29,sh.601901,25.60407503315299,0.03778551137143525,0.00029952303544544616
2016-01-29,sh.601919,25.340660396869637,0.1011283379004271,5.087961071457185e-05
2016-01-29,sh.601939,25.600796553372042,0.1466245027115208,-0.0002272431883586216
2016-01-29,sh.601985,25.53063592514343,0.037179295610765814,-0.00011648981721803576
2016-01-29,sh.601988,25.44034123235717,0.15758451975632026,-6.871106894503347e-05
2016-01-29,sh.601989,25.600594543696126,0.015412773428543233,-0.00022332688554612542
2016-01-29,sh.601998,25.49711424550141,0.12384126617286292,-0.00012583883328120638
2016-01-29,sh.603288,25.592634338817042,0.04215070270783869,-0.00021951250685488534
2016-01-29,sh.603799,25.701118422210413,0.00758353818661138,-0.0003175418030923949
2016-01-29,sh.603993,25.35847497861724,0.07465658065731215,-6.525576722590436e-06
2016-02-29,sh.600000,25.726376134627454,0.1683376538038464,-0.00010931654337239868
2016-02-29,sh.600009,24.5948555435023,0.1139158103840805,0.00037913976064759934
2016-02-29,sh.600010,24.83918243965031,0.07320170138287622,0.00026374954254693167
2016-02-29,sh.600015,24.605959681282442,0.29200873085197976,0.0003189978675482705
2016-02-29,sh.600016,25.29130286856241,0.2210069542734589,0.0002749089941790836
2016-02-29,sh.600018,24.50834674311405,0.17523927449679766,0.0007071420376549661
2016-02-29,sh.600019,24.879732549819963,0.11388839389674382,0.0001162001605801212
2016-02-29,sh.600028,25.527202340181816,0.15458417154867599,0.00033169542251391677
2016-02-29,sh.600029,24.7689128152529,0.13265509909116086,0.00033454338616795777
2016-02-29,sh.600030,24.56279693029916,0.23133314291237947,0.0013144389817715545
2016-02-29,sh.600031,24.163203385501458,0.11151138535469393,0.0005857016839802311
2016-02-29,sh.600036,25.406083007259383,0.20896051264586585,0.00038505497609691273
2016-02-29,sh.600048,25.06382413130487,0.1511148697071979,7.153416676883649e-05
2016-02-29,sh.600050,24.83642705634913,0.11164348845588941,0.00032436083149788757
2016-02-29,sh.600089,23.95894101468382,0.15717475436246325,0.00043391367845892973
2016-02-29,sh.600100,23.97691743009516,0.1640962487432305,0.0007158131834349463
2016-02-29,sh.600104,25.15155458061651,0.1897073668258049,0.0003324394278755696
2016-02-29,sh.600109,23.771508305000907,0.19308771455170182,0.001787775530168616
2016-02-29,sh.600111,24.36080336752685,0.11350473794005214,0.0005684698597479534
2016-02-29,sh.600150,23.981861748469974,0.13430288308952096,0.0007147367282511778
2016-02-29,sh.600196,24.443580687948874,0.12397005599800315,0.0003926424115827376
2016-02-29,sh.600256,23.93192154999307,0.1211956587138277,0.0003639433156150543
2016-02-29,sh.600276,24.50116037301335,0.09757859880872818,0.00017497960143222558
2016-02-29,sh.600309,23.957637310540793,0.1638683551267588,0.0005134595616003098
2016-02-29,sh.600332,24.102966898286393,0.13050874882774743,0.0004619204613674612
2016-02-29,sh.600340,24.5603941809847,0.13484336348746165,0.00029671595466260355
2016-02-29,sh.600346,22.739825199319853,-0.002019833374188082,0.00031562829924423896
2016-02-29,sh.600372,24.159212249241044,0.1196061648322831,0.000548745115862401
2016-02-29,sh.600406,23.850634596334366,0.13342615731890148,0.0005256411979766667
2016-02-29,sh.600436,23.42458290977726,0.16600025568519367,0.0008081082987493543
2016-02-29,sh.600438,23.81306197383719,0.07642258346005465,-1.3304184895666113e-05
2016-02-29,sh.600485,25.042791336315947,0.0595922334662698,-0.005703883471132483
2016-02-29,sh.600518,24.295950445515984,0.1572775460709564,0.0007009050285628687
2016-02-29,sh.600519,25.12795919098142,0.15151892878951778,0.000546386846580576
2016-02-29,sh.600547,24.33437825802952,0.07482410238581948,0.000133847015320587
2016-02-29,sh.600570,21.466045179775946,0.39247365900024167,0.0024797001952346935
2016-02-29,sh.600585,24.253075266294253,0.23385131189747238,0.0007134125591794372
2016-02-29,sh.600588,23.13787051929047,0.19156561983572098,0.0010347393793199448
2016-02-29,sh.600606,25.450659934445344,0.03150750181468782,-4.9182868211158306e-05
2016-02-29,sh.600637,24.264311416236012,0.1292789750034159,0.00058713676246441
2016-02-29,sh.600690,24.001839987280306,0.24175269035318162,0.0004717645401196622
2016-02-29,sh.600703,24.328930154771943,0.1154631503012742,0.00032243374010121974
2016-02-29,sh.600745,24.279037635990612,0.03958675982456779,-6.576105330978985e-06
2016-02-29,sh.600795,24.706383761323504,0.1438588446570677,0.00021535266325699537
2016-02-29,sh.600809,23.26775851626966,0.16058339520078074,0.0007937572174019882
2016-02-29,sh.600837,24.866001429105417,0.17486008703739947,0.0008904385963432907
2016-02-29,sh.600887,24.624853778197718,0.13588707626801177,0.00043403802203242795
2016-02-29,sh.600893,24.66743754523946,0.10761550822060126,0.00044217860588902113
2016-02-29,sh.600900,25.200741783138067,0.12793460411189228,0.0002850190764456716
2016-02-29,sh.600958,24.542047489597696,0.17261551794785887,0.0014532556300036945
2016-02-29,sh.600999,23.99132020807954,0.2629378685920569,0.0012082083154586532
2016-02-29,sh.601006,24.813612326200538,0.20365076497343204,0.00020117701154833664
2016-02-29,sh.601012,23.14739287472073,0.15999665711756086,0.0006984731760430188
2016-02-29,sh.601088,25.371662664879455,0.15747754497406516,9.488368514181693e-05
2016-02-29,sh.601111,24.776812187168304,0.14257019546756194,0.000539555424264746
2016-02-29,sh.601118,23.594659869618468,0.14738660823733,0.0008918707712668909
2016-02-29,sh.601166,25.24411363244005,0.23522148889296077,0.00037746366834281363
2016-02-29,sh.601169,24.74077803281946,0.26166684862736117,0.00015663527350313062
2016-02-29,sh.601186,24.744726893504964,0.17355383805303634,0.0005443558055182614
2016-02-29,sh.601198,23.41940382515535,0.2527244560407149,0.0016049432039753058
2016-02-29,sh.601211,24.54580506814898,0.21315501118624663,0.0016908243034902237
2016-02-29,sh.601225,24.66302667086963,0.025615079891961767,2.3123635727147616e-06
2016-02-29,sh.601288,25.94078202615432,0.23712720987785504,0.0002441965624599566
2016-02-29,sh.601318,25.304455413865877,0.22599248493782212,0.00036014655387283734
2016-02-29,sh.601328,25.448018341024717,0.23030513762674826,0.00027298216288728017
2016-02-29,sh.601336,24.503610105720455,0.19135470752707798,0.0007198768650410574
2016-02-29,sh.601360,22.872218315162318,0.17825597532775828,0.0008161774431803613
2016-02-29,sh.601377,23.965562105353115,0.2072298648896783,0.0011831446046256858
2016-02-29,sh.601390,25.051940548256763,0.13522271145500706,0.0003685395245267002
2016-02-29,sh.601398,26.172597972826782,0.2362269479655169,0.00022382574028214765
2016-02-29,sh.601601,25.127935913209352,0.14527922473695526,0.0004138724896264145
2016-02-29,sh.601628,25.384755136115462,0.1813988560981073,0.0007234700716182089
2016-02-29,sh.601633,24.148422179761972,0.3058132955241947,0.00039468849123593114
2016-02-29,sh.601668,24.794135472264514,0.25520729915350593,0.00039322667758064523
2016-02-29,sh.601669,24.797028753040873,0.12079217281801802,0.0003411449735302656
2016-02-29,sh.601688,24.257693334935325,0.2235577610935364,0.0025310064176135385
2016-02-29,sh.601766,25.32216930722022,0.09992310795174704,0.0003432058892481288
2016-02-29,sh.601788,23.906223963950584,0.2445843282198462,0.003527031236791283
2016-02-29,sh.601800,24.914019208093308,0.1677133215263883,0.0005557211111757439
2016-02-29,sh.601818,24.931340708679706,0.2458486323662312,0.0003692754253822421
2016-02-29,sh.601857,26.301924575543605,0.09540484639268616,0.0001484466337158707
2016-02-29,sh.601888,24.133859374123563,0.13086506373930354,0.00034770787200891006
2016-02-29,sh.601899,24.892483182609638,0.08382317270164996,0.0001502895668125361
2016-02-29,sh.601901,24.092952944241663,0.19381621038354718,0.0014095852648797846
2016-02-29,sh.601919,24.265890048532757,0.18049360271851178,0.0003895811337235619
2016-02-29,sh.601939,26.03884779765464,0.2445953997689597,0.00024573360919945264
2016-02-29,sh.601985,24.772213263893093,0.12630760044990452,0.0005253017333286456
2016-02-29,sh.601988,25.924007429217525,0.23240318152606942,0.0002546150169439928
2016-02-29,sh.601989,24.507800653782713,0.15505433559743895,0.0008464391619688181
2016-02-29,sh.601998,25.09434400217309,0.23263808616379927,0.00045737317454759606
2016-02-29,sh.603288,24.052824553236682,0.16578586415496502,0.0006597691182536647
2016-02-29,sh.603799,21.734994459522973,0.287971146849476,0.0018086468461922971
2016-02-29,sh.603993,23.965032342590725,0.1368949359468393,0.0003809204664424182
2016-03-31,sh.600000,25.627098690866994,0.18313166783083243,-2.633308577902905e-05
2016-03-31,sh.600009,25.404549148751663,0.0162548379165309,-0.0003622035894082995
2016-03-31,sh.600010,25.06143958911609,0.0500780939800636,8.265007213138502e-05
2016-03-31,sh.600015,24.98915222816713,0.231856478237773,-1.2522194372886086e-05
2016-03-31,sh.600016,25.544117631586207,0.18350296256806442,6.476078172371374e-05
2016-03-31,sh.600018,25.768618487979815,0.02115646539765495,-0.00043604344523222956
2016-03-31,sh.600019,24.80150836651327,0.12392320672802618,0.0002096171378716932
2016-03-31,sh.600028,25.839676755414263,0.11492006598883178,7.05491081366817e-05
2016-03-31,sh.600029,25.243512237826128,0.07364748858097162,-9.276716637626742e-05
2016-03-31,sh.600030,25.886802478631814,0.06398734022450059,0.00012916135379972628
2016-03-31,sh.600031,25.045544113538213,0.010962787041473007,-0.00020190312868932433
2016-03-31,sh.600036,25.463233239817054,0.19665617816774428,0.0003780338720993991
2016-03-31,sh.600048,25.291194271559927,0.1217516090192719,-0.00013984912194080375
2016-03-31,sh.600050,25.526143989587013,0.02814734553258362,-0.00030614081822568463
2016-03-31,sh.600089,24.635709405475136,0.07288297395691125,-0.00017076402764439953
2016-03-31,sh.600100,25.028485018217317,0.039424330347179064,-0.00021855520942818098
2016-03-31,sh.600104,25.498968611841768,0.14263214695300613,3.7232616897400505e-05
2016-03-31,sh.600109,25.259263528592655,0.015605914194311635,0.0004513854871856241
2016-03-31,sh.600111,24.727157306640475,0.07467427691871649,0.00027439245959308704
2016-03-31,sh.600150,25.174351676899768,-0.004401401268168695,-0.00036176798932493397
2016-03-31,sh.600196,25.02749784506542,0.05399860853683574,-0.00012644947713831675
2016-03-31,sh.600256,24.254807821591974,0.08393361434252442,9.780439174011151e-05
2016-03-31,sh.600276,24.75837092511101,0.06671539261591025,-5.223938166588003e-05
2016-03-31,sh.600309,24.168724573150495,0.1387267488639619,0.00037314865232406674
2016-03-31,sh.600332,24.78528030230934,0.04904640874974191,-0.00014490781271993202
2016-03-31,sh.600340,24.780935049431474,0.10793934804997553,0.00012114794086845413
2016-03-31,sh.600346,23.731250847802478,-0.10422370722649527,-0.0005555448227233273
2016-03-31,sh.600372,24.949180562498846,0.02818307943970133,-0.00015358547253497458
2016-03-31,sh.600406,24.57429592885466,0.047799812197207005,-0.00011502365847865302
2016-03-31,sh.600436,24.506264581051777,0.03902132542754233,-0.0001495772948968739
2016-03-31,sh.600438,23.81306197383719,0.07642258346005465,-1.3304184895666113e-05
2016-03-31,sh.600485,25.042791336315947,0.0595922334662698,-0.005703883471132483
2016-03-31,sh.600518,25.30220032463587,0.03786908557095361,-0.00019484151218150355
2016-03-31,sh.600519,25.71729971961865,0.08111048552872452,4.0122865873067026e-05
2016-03-31,sh.600547,23.90709727220917,0.13035145518605992,0.000570588201483511
2016-03-31,sh.600570,24.508163315290787,0.029223333621072538,-0.00023872716476723292
2016-03-31,sh.600585,25.250975467434795,0.10325704598565091,-0.000172513495498079
2016-03-31,sh.600588,24.615444826866366,0.01755941745839011,-0.0002865053002413388
2016-03-31,sh.600606,25.639058171165992,0.007206090900777173,-0.00023791543915149466
2016-03-31,sh.600637,25.349060769433752,0.0008275804775319945,-0.0003980771930701383
2016-03-31,sh.600690,24.623655871020276,0.15513754343874267,-7.473485645078198e-05
2016-03-31,sh.600703,24.74137001801579,0.06626447589273868,-3.858728761960074e-05
2016-03-31,sh.600745,24.279037635990612,0.03958675982456779,-6.576105330978985e-06
2016-03-31,sh.600795,25.128483593456153,0.09025109110486236,-0.00016741514050127652
2016-03-31,sh.600809,24.210434435866603,0.051642563081346744,-2.947719603214052e-05
2016-03-31,sh.600837,25.315233318951236,0.11896734725033378,0.000521038964677511
2016-03-31,sh.600887,25.020794999171866,0.08914749646797751,0.0001034544411614682
2016-03-31,sh.600893,25.496857364597478,0.010053233722054494,-0.0003093547884144092
2016-03-31,sh.600900,25.512793979190718,0.08969208487159187,1.6613267315552965e-05
2016-03-31,sh.600958,25.699427820116668,0.0299786753686552,0.0004022695246446626
2016-03-31,sh.600999,25.41354808855219,0.07994204394678915,-5.980261533361734e-05
2016-03-31,sh.601006,25.242736345852947,0.14578865808555894,-0.00019006933568632123
2016-03-31,sh.601012,24.02990972484243,0.05566886072797016,-7.649761385722487e-05
2016-03-31,sh.601088,25.313284452422625,0.16360358822399101,0.00016705332637212904
2016-03-31,sh.601111,25.300463089810528,0.07876848546205878,8.236172424328045e-05
2016-03-31,sh.601118,24.595178032394273,0.03708376243578419,2.2008663532523007e-05
2016-03-31,sh.601166,25.504657562393977,0.19510566204452412,0.00016745045911316362
2016-03-31,sh.601169,24.86645741193356,0.23959963713866295,5.722563935230765e-05
2016-03-31,sh.601186,25.642169976793028,0.061534245382992625,-0.000262842078969379
2016-03-31,sh.601198,25.47109804896757,0.009228606794737026,-0.00023423780656880644
2016-03-31,sh.601211,25.68758567815479,0.06850996169899393,0.0006674562495262692
2016-03-31,sh.601225,24.227686250912978,0.08063719149050909,0.0004296447568263819
2016-03-31,sh.601288,26.332718620472797,0.18138026518325198,-0.00010537848517119881
2016-03-31,sh.601318,25.68617114913548,0.17143943542272322,3.239781381077059e-05
2016-03-31,sh.601328,25.90435070353334,0.16660347518029384,-0.00013622927253866893
2016-03-31,sh.601336,25.406950098332235,0.07975665683820626,-7.336216419261512e-05
2016-03-31,sh.601360,23.925747282461742,0.05286912882926419,-0.00011299798759452657
2016-03-31,sh.601377,25.111594696779353,0.0633059763546166,0.00015677117642633157
2016-03-31,sh.601390,25.7595984324909,0.048199104680877576,-0.0002740511859081085
2016-03-31,sh.601398,26.472670642100717,0.1923948858682689,-3.866223443238572e-05
2016-03-31,sh.601601,25.419815902717726,0.11019306847657358,0.00018231082756504612
2016-03-31,sh.601628,26.57046586039015,0.036062784664746994,-0.000345245870068908
2016-03-31,sh.601633,24.885565584612333,0.1984994853371796,-0.00027378982337235324
2016-03-31,sh.601668,25.3898018862311,0.17069918367721398,-0.00013698431067115535
2016-03-31,sh.601669,25.305927267447526,0.05954764686401984,-0.00011068037560686374
2016-03-31,sh.601688,25.265256195056757,0.09838989828539366,0.0016581690568167084
2016-03-31,sh.601766,26.02536059636919,0.016190503654842522,-0.0002980025026700829
2016-03-31,sh.601788,25.407588584705625,0.055170422144479356,0.0021799440741602934
2016-03-31,sh.601800,25.81650624137078,0.05607264239909816,-0.00025504947457958096
2016-03-31,sh.601818,25.467544282805274,0.16994564427535044,-0.00010647497719844647
2016-03-31,sh.601857,26.588345957299143,0.060726532881001306,-0.0001095912985844642
2016-03-31,sh.601888,24.684961244196852,0.06353343553893073,-0.0001445993812398413
2016-03-31,sh.601899,25.15147684597322,0.05305530838235719,-8.124685244294228e-05
2016-03-31,sh.601901,25.311153655408443,0.046799424600115075,0.00032637971633542534
2016-03-31,sh.601919,24.956274750057762,0.09133934406567133,-0.00023658138504382983
2016-03-31,sh.601939,26.462534834163822,0.1843472572610768,-0.0001346596594830387
2016-03-31,sh.601985,25.655886111747773,0.020579588974771232,-0.00027562725605197966
2016-03-31,sh.601988,26.28705555247274,0.18048051863780928,-6.569351111582761e-05
2016-03-31,sh.601989,25.954871411141756,-0.014515758261941694,-0.0004642149556945622
2016-03-31,sh.601998,25.76065812328142,0.1414728074138315,-0.0001343485918873086
2016-03-31,sh.603288,25.004211723331778,0.050748305453992434,-0.00018697786991434884
2016-03-31,sh.603799,24.08272015901796,0.013382924003290456,-0.00028772736366028975
2016-03-31,sh.603993,24.65880693242101,0.051946120753016904,-0.00024478728827289346
2016-04-29,sh.600000,25.284986842362752,0.1979413544952632,8.884021660416562e-05
2016-04-29,sh.600009,25.31289322259644,0.07010458206257539,5.657994101478879e-05
2016-04-29,sh.600010,25.36960399650533,0.03887397053413742,-4.483162137207439e-06
2016-04-29,sh.600015,25.37088067833451,0.23278424154871047,-5.307081266727507e-06
2016-04-29,sh.600016,25.46685326392886,0.16300077388847023,-9.468248198715772e-05
2016-04-29,sh.600018,25.129318955386815,0.10730829516613954,0.0002339498480507629
2016-04-29,sh.600019,25.570938652853016,0.0714265815179347,-0.00019864333558860064
2016-04-29,sh.600028,25.41284542352659,0.10013570853434221,-4.442721176999017e-05
2016-04-29,sh.600029,24.89812052140041,0.15310042698283377,0.0005251295864138587
2016-04-29,sh.600030,25.301939327053276,0.11009891624558123,0.0004877660028229144
2016-04-29,sh.600031,25.59777176242495,0.007922730230912209,-0.00022554531574151516
2016-04-29,sh.600036,25.329024009526847,0.1546079874667592,5.102972326064796e-05
2016-04-29,sh.600048,25.434522206959485,0.13193753915759934,-6.063426490447681e-05
2016-04-29,sh.600050,25.41918872967009,0.061105052610257546,-4.9832359503840895e-05
2016-04-29,sh.600089,25.481121066678554,0.08063979810356928,-0.00011044006041813884
2016-04-29,sh.600100,24.468333668063174,0.17588043306316425,0.0008426488751853471
2016-04-29,sh.600104,25.3912103166049,0.13488363753705107,-2.3026687583780635e-05
2016-04-29,sh.600109,25.358942711715482,0.06330937468938314,0.0008223700464686564
2016-04-29,sh.600111,24.931321229490354,0.1033400590994221,0.0004973230910073674
2016-04-29,sh.600150,25.393556513599957,0.0394271657495235,-2.0918049921790143e-05
2016-04-29,sh.600196,25.387809760850715,0.06794869944313636,-1.796115630954037e-05
2016-04-29,sh.600256,25.689829760258437,0.02951007617646688,-0.0003254414715918393
2016-04-29,sh.600276,25.44156168524,0.06472946579024311,-6.76837159037409e-05
2016-04-29,sh.600309,25.43327290226157,0.08221849540779282,-6.630981225538775e-05
2016-04-29,sh.600332,25.069845392086645,0.10516784632771708,0.00029154242737001654
2016-04-29,sh.600340,25.369998094157694,0.09194661749951721,-3.225763542508615e-06
2016-04-29,sh.600346,25.784734028838873,-0.09683022466007352,-0.0004980465229562878
2016-04-29,sh.600372,25.439315659785866,0.03958599186363447,-6.490627827457284e-05
2016-04-29,sh.600406,25.453912082051907,0.05286109652957709,-7.566260756192926e-05
2016-04-29,sh.600436,25.074533725575815,0.09520315030013558,0.00028734257053361975
2016-04-29,sh.600438,25.472861695264914,0.06501009724554306,-0.00010205783347115441
2016-04-29,sh.600485,25.496940383591895,0.045156408280982704,-0.005816149293961079
2016-04-29,sh.600518,25.29899430076627,0.07159990175311354,6.747933091306437e-05
2016-04-29,sh.600519,25.183387881906516,0.09925922560779502,0.0001812636189736075
2016-04-29,sh.600547,25.49169833837369,0.04116873996597342,-0.00012297595420297634
2016-04-29,sh.600570,24.908258690604555,0.11920403815787142,0.00046104286596271586
2016-04-29,sh.600585,25.60049689631645,0.09593936234870755,-0.00022942231533735599
2016-04-29,sh.600588,25.399673504108073,0.051782165235621354,-2.0358759302192204e-05
2016-04-29,sh.600606,25.705303525012475,-0.004537638400838137,-0.00032924512873971874
2016-04-29,sh.600637,25.474299201822923,0.03865867594326418,-0.00010386892949984695
2016-04-29,sh.600690,25.011922675959052,0.20940257329740153,0.000347278305229072
2016-04-29,sh.600703,25.21794161036441,0.09118141949074762,0.00015518903894988473
2016-04-29,sh.600745,25.26890123655564,0.05378370859834072,0.0001038320019497513
2016-04-29,sh.600795,25.381969571936544,0.11017316594747537,-1.24833582199062e-05
2016-04-29,sh.600809,24.824295708533317,0.1234729591188784,0.0005291398841661084
2016-04-29,sh.600837,25.176880374099383,0.12027624406619694,0.0005312181110819973
2016-04-29,sh.600887,25.170835425990994,0.10075581442647724,0.00019373105164544486
2016-04-29,sh.600893,25.656524731648105,0.012273713639988804,-0.00029208636060639316
2016-04-29,sh.600900,25.342335545899115,0.09274674042494725,4.0368987182879845e-05
2016-04-29,sh.600958,25.456861026014675,0.07263235239598033,0.0007339824739687029
2016-04-29,sh.600999,25.417920653166316,0.10603280044579903,0.0001431023249095775
2016-04-29,sh.601006,25.40496122289121,0.16557429395724838,-3.619862425750111e-05
2016-04-29,sh.601012,25.49084438041708,0.04983402638856635,-0.00012187447799723552
2016-04-29,sh.601088,25.593071195265594,0.1129268097346995,-0.0002270543995375252
2016-04-29,sh.601111,25.288129199207464,0.09399138888550401,0.0002007485678589227
2016-04-29,sh.601118,25.699379971746986,-0.006710435263521816,-0.0003185739894661959
2016-04-29,sh.601166,25.363313815454717,0.1795163512063776,4.621410538126822e-05
2016-04-29,sh.601169,25.214085875985024,0.2503776598215426,0.00014104513490785018
2016-04-29,sh.601186,25.50427635438344,0.07817730501134004,-0.00013341083693230293
2016-04-29,sh.601198,25.381969571936544,0.05697072612857208,0.0001370473982462742
2016-04-29,sh.601211,25.359348956924524,0.10559476446442714,0.0009558606769462427
2016-04-29,sh.601225,25.74946137782706,-0.022619513991120346,-0.0003733712713311106
2016-04-29,sh.601288,25.297630006174945,0.20377000531208994,6.874405830794235e-05
2016-04-29,sh.601318,25.30218768201332,0.17804414927211903,8.37619461227609e-05
2016-04-29,sh.601328,25.277160977203597,0.19586386055811084,9.132552246331275e-05
2016-04-29,sh.601336,25.1577404707839,0.11570595960265757,0.00020621160475817508
2016-04-29,sh.601360,25.731508425291892,0.021687009540336963,-0.00035549789560662497
2016-04-29,sh.601377,25.332699072663154,0.10278479140008688,0.0004637935737254393
2016-04-29,sh.601390,25.49755794548605,0.06710685078666818,-0.0001270077265176329
2016-04-29,sh.601398,25.29372696792038,0.20677539515266635,7.317340272624192e-05
2016-04-29,sh.601601,25.425537959402977,0.07988995706306187,-5.335313299412e-05
2016-04-29,sh.601628,25.394101404355915,0.07746657024786137,-2.3253188871538732e-05
2016-04-29,sh.601633,25.255058848389943,0.24807484089107049,0.00011175225765466104
2016-04-29,sh.601668,25.395614344826154,0.18471926620454748,-2.795167271291079e-05
2016-04-29,sh.601669,25.549307851857808,0.050957572047579315,-0.00017748444153651901
2016-04-29,sh.601688,25.150937155149375,0.11912264874973416,0.001819405374138658
2016-04-29,sh.601766,25.282521557886586,0.06509133108274459,8.229384739848617e-05
2016-04-29,sh.601788,25.3300900945839,0.10468339619883221,0.0025650010211346968
2016-04-29,sh.601800,25.513869043202803,0.07046205633820622,-0.00014314458690182743
2016-04-29,sh.601818,25.320175573069335,0.1902912119066797,5.175026186679125e-05
2016-04-29,sh.601857,25.407300669854926,0.0693304326458633,-4.2679717553304246e-05
2016-04-29,sh.601888,25.368306200992105,0.0821024666584407,-1.9007099921332062e-07
2016-04-29,sh.601899,25.557630082735066,0.039659786145337404,-0.00018542235379845234
2016-04-29,sh.601901,25.442035642739555,0.0636918213487404,0.0004577500257005154
2016-04-29,sh.601919,25.626842798081384,0.09236954812021557,-0.00022856960155516294
2016-04-29,sh.601939,25.22968052355556,0.2190399211002957,0.00013514136692419063
2016-04-29,sh.601985,25.461612261154517,0.04970911815081583,-4.909011532162058e-05
2016-04-29,sh.601988,25.37074827363479,0.1888306490415524,-7.554664616348368e-07
2016-04-29,sh.601989,25.471472784581504,0.0326717303046812,-9.72430532815215e-05
2016-04-29,sh.601998,25.426797416089215,0.1513960803411485,-5.71763910578474e-05
2016-04-29,sh.603288,25.231289712377404,0.09193551751544897,0.00013333054285362804
2016-04-29,sh.603799,23.085578109926686,0.33795849203791484,0.002236461087485837
2016-04-29,sh.603993,24.835389122015677,0.14826233682157167,0.0005042533179886535
2016-05-31,sh.600000,25.751807247693186,0.16584148633149076,-0.0001384018153573511
2016-05-31,sh.600009,25.22874720282507,0.03504275201876433,-0.00023076827700179903
2016-05-31,sh.600010,25.41218961013301,0.007981154793470724,-0.000245223830286415
2016-05-31,sh.600015,25.109065021665284,0.21629413896672856,-0.00012769531022510303
2016-05-31,sh.600016,25.621421805548806,0.17395387931516837,-1.1797656506416683e-05
2016-05-31,sh.600018,25.406829346428573,0.06511182033194689,-0.00011082841158820155
2016-05-31,sh.600019,25.271156836631818,0.06500916169380495,-0.00024527582922688707
2016-05-31,sh.600028,25.97205782296013,0.09827916124552563,-5.15896866327512e-05
2016-05-31,sh.600029,25.013994800929524,0.1034311535512344,0.0001707275248794552
2016-05-31,sh.600030,25.695759310259124,0.0879523897188534,0.0002871894221523094
2016-05-31,sh.600031,24.84993488555933,0.028004442818902728,-6.530145779900888e-05
2016-05-31,sh.600036,26.011569264995252,0.1233358600533688,-0.00010263380800409349
2016-05-31,sh.600048,25.07038672875446,0.1514289931668658,5.1211590922904055e-05
2016-05-31,sh.600050,25.301944861466207,0.053023294972528646,-0.00013263954885162925
2016-05-31,sh.600089,24.426255450310524,0.09867362146394348,-6.507225365753861e-07
2016-05-31,sh.600100,24.99747234922679,0.05061612711913104,-0.00010507127952550274
2016-05-31,sh.600104,25.557139275033936,0.13494906583579183,-1.400335558494162e-05
2016-05-31,sh.600109,24.73459919616779,0.07766148976740951,0.0009179832017943731
2016-05-31,sh.600111,25.459969987722143,-0.00776743301738389,-0.00035784313730750515
2016-05-31,sh.600150,24.821562564379796,0.033525138095147025,-6.802940459166355e-05
2016-05-31,sh.600196,24.88097566400715,0.07129958826550527,4.365268045630061e-07
2016-05-31,sh.600256,24.495287789876485,0.05198739284347536,-0.00016269084461743554
2016-05-31,sh.600276,24.513182713215315,0.09668252790672628,0.00017365936967649268
2016-05-31,sh.600309,24.28001247810808,0.1261170099848501,0.00030699201024525524
2016-05-31,sh.600332,24.55079266554451,0.08008105413750079,0.00010517118644769776
2016-05-31,sh.600340,24.988766616101962,0.08235011857686497,-6.24710978719707e-05
2016-05-31,sh.600346,23.5257899589203,-0.09982508003349042,-0.00036317483113153297
2016-05-31,sh.600372,24.622620088165164,0.06611546439144934,0.0001381535520004738
2016-05-31,sh.600406,24.45122990918605,0.06127744713749245,-1.9088930702065496e-05
2016-05-31,sh.600436,23.691946805185736,0.14313707821847327,0.0006654304015773435
2016-05-31,sh.600438,23.980902238531897,0.054727686817560815,-0.00018914569182394657
2016-05-31,sh.600485,25.00820001263551,0.06262064986772745,-0.005685271514448455
2016-05-31,sh.600518,25.04177735923542,0.06939383837992172,4.538375813248575e-05
2016-05-31,sh.600519,25.41404583554222,0.12109645807164235,0.0003683442909181136
2016-05-31,sh.600547,23.370793362758032,0.20340323013389797,0.001152172000939881
2016-05-31,sh.600570,23.947042725483783,0.10191065865702549,0.0003345222631717696
2016-05-31,sh.600585,25.100939948811277,0.12474742995826887,-7.651821648107252e-05
2016-05-31,sh.600588,24.17196255891391,0.06919375483520726,0.00010500367923894102
2016-05-31,sh.600606,25.44948592406152,0.0208403144624119,-0.00012751290730944874
2016-05-31,sh.600637,25.000379007569443,0.037668763609468414,-0.00012374431300493207
2016-05-31,sh.600690,24.711058387288123,0.13983468646044847,-0.0001223777560027189
2016-05-31,sh.600703,24.790274553969642,0.06120203610829969,-6.997968323126173e-05
2016-05-31,sh.600745,24.017182707465594,0.07432223497683837,0.00026358678591363013
2016-05-31,sh.600795,24.973742254871983,0.11008936715920108,-3.736940199704361e-05
2016-05-31,sh.600809,24.033051481930272,0.08059749758705786,0.0002093946537636841
2016-05-31,sh.600837,25.663685702971602,0.07630032246456289,0.00023137074509236913
2016-05-31,sh.600887,24.87497566451544,0.10998083646864981,0.00028769879685865276
2016-05-31,sh.600893,25.027131883702367,0.060427122654541046,7.27779924044452e-05
2016-05-31,sh.600900,25.526324811745997,0.08820878749296428,1.050539610170919e-05
2016-05-31,sh.600958,25.3334365129637,0.0735835555863528,0.0006927694210009004
2016-05-31,sh.600999,25.086476990621293,0.1218603242277897,0.00022215092060679965
2016-05-31,sh.601006,25.069185288361716,0.17144739855142407,-4.763121773959342e-05
2016-05-31,sh.601012,23.62909712139523,0.10423430478419954,0.00029236221886240547
2016-05-31,sh.601088,25.469522549876665,0.1442814309932764,1.0656346868383969e-05
2016-05-31,sh.601111,25.34123797022248,0.0740025184822708,5.101291512466626e-05
2016-05-31,sh.601118,24.54581838221256,0.03773967834653186,3.1195171540019353e-05
2016-05-31,sh.601166,25.752624524216717,0.16092682809248204,-5.406050456848294e-05
2016-05-31,sh.601169,25.11739434236648,0.20019300795216532,-0.00015593416652754947
2016-05-31,sh.601186,25.39144628513146,0.09241479008398804,-6.844293878149817e-05
2016-05-31,sh.601198,24.96897399844572,0.06755151829571307,0.0002040081653688134
2016-05-31,sh.601211,25.39672761260897,0.10522165531067829,0.0009176270342948782
2016-05-31,sh.601225,24.060297411848907,0.10254714501786186,0.0005986372364254371
2016-05-31,sh.601288,26.225391178667177,0.1951417706005001,-2.1043289714422762e-06
2016-05-31,sh.601318,25.80557804759864,0.15464170364897634,-7.042863010458622e-05
2016-05-31,sh.601328,25.704540941649064,0.19227539970672092,5.5360607879368334e-05
2016-05-31,sh.601336,25.532663577265932,0.06461880787055643,-0.00017596093540467534
2016-05-31,sh.601360,22.559323123340533,0.2200720216425249,0.0011603045642449566
2016-05-31,sh.601377,25.175272465610863,0.055076737714710444,6.523684048732493e-05
2016-05-31,sh.601390,25.58626873380771,0.06804348512651595,-0.00015590350713809927
2016-05-31,sh.601398,26.385500694498113,0.20184775435330793,5.435907342451325e-05
2016-05-31,sh.601601,25.671834878040425,0.07925361848060834,-4.443651381975524e-05
2016-05-31,sh.601628,26.243749684805362,0.07499200771180425,-7.4349117871321e-05
2016-05-31,sh.601633,24.649974909335878,0.23353411372914426,-6.363085088738322e-05
2016-05-31,sh.601668,25.221489798808175,0.19509785914802347,9.040424372458369e-06
2016-05-31,sh.601669,25.358544386311767,0.05084211098607881,-0.00019731242286984325
2016-05-31,sh.601688,25.280177162223023,0.09759688856372195,0.0016812060144182866
2016-05-31,sh.601766,25.913657375645947,0.02754666732124752,-0.00021537794605113882
2016-05-31,sh.601788,25.028659761900567,0.10261796366347015,0.0025100134984904167
2016-05-31,sh.601800,25.614951515615637,0.08006849574332041,-0.00010878915690010473
2016-05-31,sh.601818,25.311276507183194,0.19043605926437812,4.088036359622729e-05
2016-05-31,sh.601857,26.53978920726967,0.06588783823752196,-7.78227290042855e-05
2016-05-31,sh.601888,24.508454638177394,0.0850026323551233,1.1773787184812086e-05
2016-05-31,sh.601899,24.668486964019532,0.11106024886337194,0.00035797271958431896
2016-05-31,sh.601901,24.944577013498236,0.09075749953786515,0.0006505147517004744
2016-05-31,sh.601919,24.797493631536362,0.1149601272091456,-0.00014845182662123353
2016-05-31,sh.601939,26.233322099070644,0.2125280957432525,9.217096269193795e-05
2016-05-31,sh.601985,25.34451507921742,0.05520656232841956,-2.428935921254954e-05
2016-05-31,sh.601988,26.202889144193307,0.1920670030368772,1.0714651947926945e-05
2016-05-31,sh.601989,25.301411286214183,0.058477051116690125,9.758923428031561e-05
2016-05-31,sh.601998,25.69830478181705,0.1519182591680674,-9.567735796557112e-05
2016-05-31,sh.603288,24.75180603128336,0.08217817685357633,5.508279184604575e-05
2016-05-31,sh.603799,23.295352029739334,0.13383370250536467,0.0006748956959094284
2016-05-31,sh.603993,24.193529154181732,0.11218023376694847,0.0002463099391229712
2016-06-30,sh.600000,25.566298203173925,0.19219812037654793,2.4787293216312225e-05
2016-06-30,sh.600009,24.70858660251354,0.09799661544234639,0.00024699310682273565
2016-06-30,sh.600010,25.198429322653862,0.030645184927168827,-6.789614714601804e-05
2016-06-30,sh.600015,24.827469404518858,0.2557063708925055,0.0001322063200276744
2016-06-30,sh.600016,25.524599943615264,0.18611094245788218,8.274598453680119e-05
2016-06-30,sh.600018,25.00241553651649,0.11524054226461375,0.0002708486024952399
2016-06-30,sh.600019,25.001909920681957,0.09844721761880558,-1.4120246181814131e-05
2016-06-30,sh.600028,25.872988624240474,0.11073025243338168,4.016042547814895e-05
2016-06-30,sh.600029,24.342894181661112,0.18816214849394228,0.0008414949972936153
2016-06-30,sh.600030,25.55573530199415,0.10562066113388051,0.0004073570079688087
2016-06-30,sh.600031,24.649035584915655,0.0522909239736258,0.0001241101173629386
2016-06-30,sh.600036,25.816660558464417,0.14881124523731146,7.393512022113005e-05
2016-06-30,sh.600048,24.98374045415246,0.16164501149452964,0.0001438046347610471
2016-06-30,sh.600050,24.719431743006147,0.1250615028942057,0.0004200573553635427
2016-06-30,sh.600089,24.133371310662735,0.13546720315755495,0.0002870647275450179
2016-06-30,sh.600100,24.534206414107082,0.10810770373935506,0.00033984592619753346
2016-06-30,sh.600104,24.717569513729245,0.24036610282583662,0.000805813332823132
2016-06-30,sh.600109,25.030330769750847,0.041799813070262,0.0006446702552032926
2016-06-30,sh.600111,24.909882343267086,0.05455201401322243,0.00012070785950106191
2016-06-30,sh.600150,24.567945339581346,0.0643877451661209,0.00017178714131718637
2016-06-30,sh.600196,24.38381206876804,0.13383647484411423,0.00048758867600092885
2016-06-30,sh.600256,23.904033306566383,0.12500310894573952,0.00039596208286093727
2016-06-30,sh.600276,24.390511619179627,0.11354179328364761,0.00031721709515123336
2016-06-30,sh.600309,24.262075320924097,0.13001754694782888,0.0003657081276385085
2016-06-30,sh.600332,24.280588105929624,0.11520772510475014,0.00038451934103876623
2016-06-30,sh.600340,24.745434277299868,0.11272767902988198,0.0001687695534235084
2016-06-30,sh.600346,22.919343814017125,-0.020354305319654944,0.00026799709008459356
2016-06-30,sh.600372,24.67948202225285,0.06114362099281078,0.00010180850752638409
2016-06-30,sh.600406,23.996745217891256,0.11819672805519235,0.00042288036145140244
2016-06-30,sh.600436,23.85500001927108,0.13074211121915372,0.0005889996083386373
2016-06-30,sh.600438,24.00088151519246,0.05104307399004278,-0.0002326222279316066
2016-06-30,sh.600485,25.22600267712047,0.03548592403475589,-0.005865296309312781
2016-06-30,sh.600518,24.751249919171354,0.10651929208725075,0.0003368514385761148
2016-06-30,sh.600519,25.493134437857776,0.11429583296263669,0.0003393307394744152
2016-06-30,sh.600547,24.038452761750257,0.1335950545911745,0.0006351033344323475
2016-06-30,sh.600570,24.930634509047362,-0.01770422793131972,-0.0005831599254078672
2016-06-30,sh.600585,24.694595047356312,0.1762844875291794,0.00031215470325433165
2016-06-30,sh.600588,23.70006614929047,0.12981421266432372,0.0005799649251324714
2016-06-30,sh.600606,25.879798921894547,-0.03529765397295398,-0.0005631044187398834
2016-06-30,sh.600637,24.981405781443094,0.038522260998928914,-0.00012007669869424433
2016-06-30,sh.600690,23.616338037942743,0.27888364698257145,0.0009319626283620886
2016-06-30,sh.600703,24.736768709042217,0.06734123466885227,-2.6455765336258618e-05
2016-06-30,sh.600745,24.603875870481122,0.0051066099733710485,-0.00027462957984553116
2016-06-30,sh.600795,24.722869145372762,0.14166607114761365,0.00020427991451042813
2016-06-30,sh.600809,24.255226254104986,0.055726996508712864,2.1468772809608803e-05
2016-06-30,sh.600837,25.482132633013855,0.09875396917016124,0.0003952237919295796
2016-06-30,sh.600887,24.79994808361505,0.12192222344549969,0.0003993336159382296
2016-06-30,sh.600893,25.07231984101892,0.056167941001390775,4.1357621026517575e-05
2016-06-30,sh.600900,25.198509582406903,0.12940613685693383,0.00033178203105434115
2016-06-30,sh.600958,25.27654866920383,0.0803095840256429,0.0007328683001830808
2016-06-30,sh.600999,25.069081393984227,0.1238836940370309,0.00024494740766833737
2016-06-30,sh.601006,24.936457485024942,0.1888008974570035,7.744609206026982e-05
2016-06-30,sh.601012,23.515184886228074,0.12164559069851719,0.0004429235994058807
2016-06-30,sh.601088,25.25820661861012,0.1704927857071255,0.00022118243867618462
2016-06-30,sh.601111,24.439629538237728,0.1868832232743655,0.0009236185774173885
2016-06-30,sh.601118,24.444055904637814,0.05126797359739615,0.0001358322078396967
2016-06-30,sh.601166,25.60301962035722,0.18131071375298202,8.098625861777247e-05
2016-06-30,sh.601169,24.97928741955586,0.22190440846555648,-3.910153359269059e-05
2016-06-30,sh.601186,25.66528681940937,0.05799570678469694,-0.00034313879450137945
2016-06-30,sh.601198,25.384970627013157,0.016104553138095085,-0.0001933749096784915
2016-06-30,sh.601211,25.399119911266247,0.10494423247997017,0.0009131388170758515
2016-06-30,sh.601225,24.3946469684441,0.07251911232857039,0.0003475734866452427
2016-06-30,sh.601288,26.144757676322175,0.20498078858873786,7.816018652197218e-05
2016-06-30,sh.601318,25.636812223657543,0.17716635309906215,8.411289838277945e-05
2016-06-30,sh.601328,25.607553009966974,0.20301569382834744,0.0001588166316458118
2016-06-30,sh.601336,25.40232034673214,0.0802767195807348,-7.089148839238297e-05
2016-06-30,sh.601360,24.40195620476795,-0.0010350207404159206,-0.0005034393844051056
2016-06-30,sh.601377,24.603435464837798,0.12698221246643418,0.0005746296890502781
2016-06-30,sh.601390,25.49150821853652,0.07934958819208898,-8.260227032243201e-05
2016-06-30,sh.601398,26.39004342696702,0.1996489876906403,5.8800486765843026e-05
2016-06-30,sh.601601,25.667551725064353,0.07962153858079514,-4.47474116388055e-05
2016-06-30,sh.601628,26.148976316680432,0.08656709755917218,9.749933578792463e-06
2016-06-30,sh.601633,23.463368126341997,0.384492499351318,0.0010881650456071891
2016-06-30,sh.601668,24.980432405477277,0.22479109995962307,0.00024756431817080977
2016-06-30,sh.601669,24.934718875484272,0.10267916726972207,0.00019154099721077096
2016-06-30,sh.601688,25.395353627946555,0.08352181106038788,0.0015802278164257192
2016-06-30,sh.601766,25.737558417008678,0.04693229802904101,-7.085548315658742e-05
2016-06-30,sh.601788,25.03695137670227,0.10157800938854492,0.00250134087563346
2016-06-30,sh.601800,25.390964986507985,0.10794912853530271,9.720158238079728e-05
2016-06-30,sh.601818,25.09203861961538,0.2168811079803789,0.00026149616415692406
2016-06-30,sh.601857,26.47544419813407,0.07350044244668912,-2.302162821245433e-05
2016-06-30,sh.601888,24.451476831228604,0.09229858728980847,7.076539545681129e-05
2016-06-30,sh.601899,24.92186319478644,0.08311646734759198,0.00015767155873687856
2016-06-30,sh.601901,25.29325210263867,0.048030100865681734,0.00032756314414944846
2016-06-30,sh.601919,24.553329316141298,0.14718161326001222,6.834850663410387e-05
2016-06-30,sh.601939,26.110471525940223,0.2252711161816005,0.0002259962325716054
2016-06-30,sh.601985,25.27348646194029,0.0635427297581315,3.797154304780432e-05
2016-06-30,sh.601988,26.076663452901666,0.20738917620923766,0.0001369445320323796
2016-06-30,sh.601989,25.247700771017172,0.06688413018838606,0.0001641207821334716
2016-06-30,sh.601998,25.249681389462403,0.2096455890390354,0.0003313232681772744
2016-06-30,sh.603288,24.651111814568235,0.09536493370710264,0.00016248560788649605
2016-06-30,sh.603799,24.269620796605036,0.021116014571322006,-0.00019338331655218
2016-06-30,sh.603993,24.58666208777772,0.06476234719643911,-0.00010220512343907788
2016-07-29,sh.600000,25.195210002111768,0.21170688687935663,0.0001765048220515171
2016-07-29,sh.600009,25.341972095887805,0.06986096148393735,2.8185224216846294e-05
2016-07-29,sh.600010,25.24866691480575,0.05398416857341425,0.0001136085586396514
2016-07-29,sh.600015,25.15839199034963,0.2647043040010132,0.0002021822549823893
2016-07-29,sh.600016,25.32041168551042,0.18168342586817587,4.831367556583664e-05
2016-07-29,sh.600018,25.50164240682138,0.06374665079281558,-0.00012961372110090714
2016-07-29,sh.600019,25.381969571936544,0.09844721761880558,-1.4120246181814131e-05
2016-07-29,sh.600028,25.217164073913878,0.12442336096394396,0.00014665022266907216
2016-07-29,sh.600029,25.896190859679766,0.022163458085743062,-0.00044945853864553884
2016-07-29,sh.600030,25.108975263833454,0.14018885976176032,0.0006761900821332557
2016-07-29,sh.600031,25.31727019409992,0.04255008947224772,4.8356720082335606e-05
2016-07-29,sh.600036,25.059945775392258,0.17965160328402047,0.0003137771886864003
2016-07-29,sh.600048,25.04327109649921,0.18448280507896608,0.0003214116406258386
2016-07-29,sh.600050,25.36432105113331,0.07152944211420292,3.7444134956538955e-06
2016-07-29,sh.600089,25.39445839230561,0.09523504297129579,-2.581635195750065e-05
2016-07-29,sh.600100,25.727874126838646,0.01461229109950242,-0.00038725760241889717
2016-07-29,sh.600104,25.568065360604287,0.11158273281399135,-0.000195720754452657
2016-07-29,sh.600109,25.233467727253732,0.08040427492055802,0.0009448929039851425
2016-07-29,sh.600111,25.431943300710245,0.040121001258669145,8.479462416349672e-06
2016-07-29,sh.600150,25.439901445874547,0.033789428685764296,-6.617259653958038e-05
2016-07-29,sh.600196,25.082769568166434,0.10713087523590024,0.00027990216860245687
2016-07-29,sh.600256,25.505354744729377,0.05540346127429596,-0.0001453067129387397
2016-07-29,sh.600276,25.411230237608933,0.06785733646716478,-3.806589485110855e-05
2016-07-29,sh.600309,25.12217595366237,0.11352761819513091,0.00023746776755896473
2016-07-29,sh.600332,25.64762795410427,0.030705354519636588,-0.000272646289809517
2016-07-29,sh.600340,25.22778630327862,0.10846769455711615,0.00013564012327776728
2016-07-29,sh.600346,24.718247310666246,0.015052036023226426,0.0005433483078494037
2016-07-29,sh.600372,25.257980113939624,0.06247504879431899,0.00011216287492517548
2016-07-29,sh.600406,25.31902357509983,0.07102773475973176,5.6052294725537356e-05
2016-07-29,sh.600436,25.67543897197761,0.016503073350232156,-0.00029942480944753397
2016-07-29,sh.600438,25.180811849871613,0.10450184867187247,0.00018312077602087397
2016-07-29,sh.600485,25.06166458372546,0.10034038461006241,-0.0053609303110314895
2016-07-29,sh.600518,25.449742437280683,0.052953727115542165,-7.972206170127116e-05
2016-07-29,sh.600519,25.41750219015791,0.06457502122124668,-4.734253830550422e-05
2016-07-29,sh.600547,25.71595078061434,0.007959277199206846,-0.00034195227164377136
2016-07-29,sh.600570,25.179930285731043,0.08245444633559039,0.00019576305514029164
2016-07-29,sh.600585,25.09955981385604,0.16954325922131308,0.0002597289130314508
2016-07-29,sh.600588,24.800455089427935,0.12785926032732928,0.0005647614760821839
2016-07-29,sh.600606,25.038744208663253,0.0784671118541593,0.0003216316376028093
2016-07-29,sh.600637,25.077696980083992,0.0904040406335477,0.00028340218843087305
2016-07-29,sh.600690,25.54003191821631,0.13739155543276577,-0.00016840578686142112
2016-07-29,sh.600703,25.55367557205151,0.048543213775884504,-0.00017264590382928005
2016-07-29,sh.600745,25.363838696063127,0.04185108989600086,1.1128194301470349e-05
2016-07-29,sh.600795,25.33168014142031,0.12010770590972206,3.662288200922936e-05
2016-07-29,sh.600809,25.473780194405457,0.03945666782537663,-0.0001050637817123255
2016-07-29,sh.600837,25.239092883861098,0.10842949787325737,0.0004704693132082569
2016-07-29,sh.600887,25.724630738794115,0.02594961662361623,-0.0003470347790493554
2016-07-29,sh.600893,25.09189964986224,0.08418644489151568,0.000259254440451637
2016-07-29,sh.600900,25.22581215410432,0.10656523617640475,0.00015415086164538287
2016-07-29,sh.600958,25.33403888975509,0.09587449494974967,0.0008539148984703472
2016-07-29,sh.600999,25.122410255266153,0.1478923483345389,0.00043166006836639956
2016-07-29,sh.601006,25.271946110538835,0.19088924744261682,9.368695993444671e-05
2016-07-29,sh.601012,25.261615796894883,0.07780252482480421,0.00010196090399604152
2016-07-29,sh.601088,25.294786360710756,0.1503086328712416,6.421250470052715e-05
2016-07-29,sh.601111,25.746050436932997,0.03643523300500401,-0.00024639887594668
2016-07-29,sh.601118,25.200806442727462,0.05543893228193509,0.000168269294233697
2016-07-29,sh.601127,25.468065512790936,0.08432293561946656,-0.00018882846137902945
2016-07-29,sh.601166,25.233646654215722,0.1931206082648048,0.00017283050775983048
2016-07-29,sh.601169,25.122410255266153,0.25657963014388885,0.000230563847050012
2016-07-29,sh.601186,25.19654139147927,0.12360325156150652,0.00016708385668723073
2016-07-29,sh.601198,25.23660733988906,0.0768440673513212,0.0002789896038726211
2016-07-29,sh.601211,25.19071906668049,0.13161097128648386,0.0011205231082987558
2016-07-29,sh.601225,25.26946025181594,0.040084949472209135,9.533657368115223e-05
2016-07-29,sh.601288,25.261097066113766,0.20835710988789036,0.00010441746547332651
2016-07-29,sh.601318,25.16712868152834,0.1940793394267772,0.00021564333063717647
2016-07-29,sh.601328,25.261570232506664,0.1962948609129119,0.00010654945414397514
2016-07-29,sh.601336,24.98431506573039,0.1376837574892355,0.0003755567239009323
2016-07-29,sh.601360,25.30409107934029,0.07165505628919991,6.186334020263627e-05
2016-07-29,sh.601377,25.26007803720605,0.12184858191112294,0.000534706009524328
2016-07-29,sh.601390,24.98712268435222,0.13773031470758304,0.00037141821104728836
2016-07-29,sh.601398,25.180899563994604,0.21566384224179946,0.0001833462470940161
2016-07-29,sh.601601,25.13841556121067,0.11456627563072842,0.00022701396037047098
2016-07-29,sh.601628,25.265282002442394,0.09849801952910743,0.00010253539993534695
2016-07-29,sh.601633,25.54302640125391,0.22278194789414643,-0.00016944010590908332
2016-07-29,sh.601668,24.92032142250463,0.24904172277748673,0.00043615874140670255
2016-07-29,sh.601669,25.167161861588635,0.10321017238919311,0.0001956705655519263
2016-07-29,sh.601688,24.959579012990304,0.1383038005048904,0.0020062613158783682
2016-07-29,sh.601766,25.19993718003386,0.07699453352589519,0.0001629352119233936
2016-07-29,sh.601788,25.27507473977289,0.116671590766006,0.0026187219959381077
2016-07-29,sh.601800,24.98700055613555,0.1431979701376927,0.000371327942007288
2016-07-29,sh.601818,25.29386484698916,0.19321429417858466,7.74419593513978e-05
2016-07-29,sh.601857,25.21535971349495,0.09507294211015872,0.0001447453261600168
2016-07-29,sh.601888,25.2407617916845,0.0991892759954621,0.00012435352273507425
2016-07-29,sh.601899,25.522801716328903,0.043372433531276997,-0.00015141341573785317
2016-07-29,sh.601901,25.162075885159783,0.09992229173404492,0.0007311229982929368
2016-07-29,sh.601919,25.396539862367117,0.13791908646128934,-3.6851443130113594e-06
2016-07-29,sh.601939,25.225958043175957,0.21405584019521592,0.00013877626622395815
2016-07-29,sh.601985,25.376408721446765,0.06304603317687213,3.4108788430349795e-05
2016-07-29,sh.601988,25.23565593689418,0.20664516901176505,0.0001311584699858684
2016-07-29,sh.601989,25.325270704197653,0.05163361965374547,4.551924105408997e-05
2016-07-29,sh.601998,25.156044935009692,0.19368582366042383,0.00020720593027772027
2016-07-29,sh.603288,25.42916523962127,0.06677059114853037,-5.988944545320797e-05
2016-07-29,sh.603799,25.35108716032137,0.04910115752382517,2.425405853467929e-05
2016-07-29,sh.603993,25.391251386581207,0.07294997623260921,-3.853083402625136e-05
2016-08-31,sh.600000,25.69755791887089,0.1741090464204323,-2.1688781813397753e-05
2016-08-31,sh.600009,25.118880133232505,0.05235093733359037,-0.00011774992218353822
2016-08-31,sh.600010,25.33646750123925,-0.006460020023490942,-0.00017070425071347977
2016-08-31,sh.600015,25.283770721194212,0.1748614781747817,-0.000167537838305211
2016-08-31,sh.600016,25.618077124226343,0.17376174545525955,1.6913834819524543e-05
2016-08-31,sh.600018,25.350244088570648,0.0695950852799417,-4.9949053109330585e-05
2016-08-31,sh.600019,25.001838230600637,0.05272319964115637,-1.3536649452423244e-05
2016-08-31,sh.600028,26.001529880878852,0.07446003772458666,-5.760264141340782e-05
2016-08-31,sh.600029,25.338845794008762,0.043830977152847055,-0.00017544665186210523
2016-08-31,sh.600030,25.761662368115545,0.05717089317506105,-0.00011838700976301325
2016-08-31,sh.600031,24.690510890492163,0.055639350032947524,0.00010753043523396017
2016-08-31,sh.600036,26.07134035965969,0.11590231636460412,-0.00014686597090696126
2016-08-31,sh.600048,25.329661573758504,0.10573406342290964,-8.564141891073337e-05
2016-08-31,sh.600050,25.335765299313277,0.035676401021180325,-0.00013819917756789388
2016-08-31,sh.600089,24.636865563831066,0.07710686475009404,-0.00016893822166563668
2016-08-31,sh.600100,25.220153493961533,0.06556731601283261,-0.00036206595518344217
2016-08-31,sh.600104,25.671703674965745,0.12276517041333937,-5.2350271081410945e-05
2016-08-31,sh.600109,25.05122010885578,0.03994674957684384,-0.00016360767731351684
2016-08-31,sh.600111,25.25808824156202,0.005157845997304358,-0.0003019021060642475
2016-08-31,sh.600150,25.003778287502737,0.008616607922855499,-0.0002378249728090222
2016-08-31,sh.600196,24.974240520932455,0.06964517387032673,1.0570936448267324e-05
2016-08-31,sh.600256,24.65319428646104,0.0009861884883592825,-0.0003054712419299466
2016-08-31,sh.600276,24.79339006420677,0.08020238167828485,4.869588096151182e-05
2016-08-31,sh.600309,24.71033062384668,0.07652456648431234,1.3277373615694963e-05
2016-08-31,sh.600332,24.841951812979275,0.047027382104157446,-0.00014931492475719993
2016-08-31,sh.600340,24.810451424807887,0.12201679825050388,0.00020060664595062107
2016-08-31,sh.600346,24.374504126971512,0.024715793848574676,-8.273863150022264e-05
2016-08-31,sh.600372,25.12039040770376,0.008781518358571827,-0.00030126637641399
2016-08-31,sh.600406,24.216533934053633,0.11805925472266085,0.00019113155243539995
2016-08-31,sh.600436,24.748281607650483,0.04404304852139507,-4.9893176709307816e-05
2016-08-31,sh.600438,24.483947167452033,0.03816843075575144,-0.00015018551704775268
2016-08-31,sh.600485,25.289833664032802,0.036281114310564265,-0.00036179988167893526
2016-08-31,sh.600518,25.233087186235412,0.05686176333982665,-4.0915864407010316e-05
2016-08-31,sh.600519,26.09109994419466,0.046176645236824077,-0.00015485074164729186
2016-08-31,sh.600547,25.05988872871064,0.018034970485856783,-0.00030897385841568693
2016-08-31,sh.600570,24.482507677413793,0.031058635530781108,-0.00020857340108165463
2016-08-31,sh.600585,25.149462768260335,0.08490466594572536,-5.5492092890728404e-05
2016-08-31,sh.600588,24.976846292523682,-0.015722152567820044,-0.0005046391223944261
2016-08-31,sh.600606,25.44056018388233,0.06321797184499149,-0.00017244495848090855
2016-08-31,sh.600637,24.97711713442774,0.06345743824807726,-9.282650485247212e-05
2016-08-31,sh.600690,25.147914262153257,0.0713519650776107,-0.0001323523894465795
2016-08-31,sh.600703,24.620425719695266,0.08329496250958292,8.35429472072394e-05
2016-08-31,sh.600745,25.006504891250362,-0.036968293604495994,-0.0005719770877062146
2016-08-31,sh.600795,25.067031827814056,0.07721962823080175,-9.701518724798143e-05
2016-08-31,sh.600809,24.641155630087997,0.020332355737713456,-0.00036053033743147736
2016-08-31,sh.600837,25.558668810365745,0.07361581781560485,9.081719141992607e-05
2016-08-31,sh.600887,25.386854302131376,0.05260211118505756,-0.00017270227728228855
2016-08-31,sh.600893,25.53501114488694,0.0007692031302897195,-0.0003321851762730487
2016-08-31,sh.600900,25.877400929235105,0.0505370245467295,-0.00014165158846730352
2016-08-31,sh.600958,25.38819705205803,0.034181200206573885,-8.233342381852623e-05
2016-08-31,sh.600999,25.30874385346949,0.0647626779918591,-0.00023734353095333633
2016-08-31,sh.601006,25.05060435400331,0.12196173940511051,-8.685373464459549e-06
2016-08-31,sh.601012,24.469536248014126,0.07240873450832494,-0.0003910824515567964
2016-08-31,sh.601088,25.499419572850343,0.09290862419695248,3.0751948072758007e-05
2016-08-31,sh.601111,25.433882580329698,0.05908131876377394,-0.00012378921786808717
2016-08-31,sh.601118,24.752114860638194,0.005834236315159502,-0.00012315225041690595
2016-08-31,sh.601127,25.299924661942434,-0.02811019376341764,-0.0005998030094993588
2016-08-31,sh.601166,25.707192914380744,0.17119931068840408,-3.5907565445910784e-05
2016-08-31,sh.601169,25.03478202551645,0.19550712295185146,2.3460453876989465e-05
2016-08-31,sh.601186,25.493823209731715,0.0878326247450195,-0.0001516018088181468
2016-08-31,sh.601198,25.203908450677798,0.028831880791368336,-0.00022902165197035662
2016-08-31,sh.601211,25.571863787679025,0.06860785012807528,-0.00016318692435839777
2016-08-31,sh.601225,24.93006915625564,0.0008905373534919547,-0.00010952696353429343
2016-08-31,sh.601288,26.360596809119432,0.17434640225701048,-0.0001050676446767348
2016-08-31,sh.601318,26.086803955994956,0.1091927134081567,2.0452063908849716e-06
2016-08-31,sh.601328,25.994850763466623,0.14965150052281145,-0.00018372572843423611
2016-08-31,sh.601336,25.596008066985387,0.03741119689333372,-0.00022260667035433135
2016-08-31,sh.601360,23.967589274754772,0.045415579944383416,-0.00014308614342836451
2016-08-31,sh.601377,25.118740509809328,0.04294621599963107,-0.00011050055967933326
2016-08-31,sh.601390,25.698482581808655,0.06285242963807544,-0.00021103314806322594
2016-08-31,sh.601398,26.58228826536396,0.1703945395486423,-9.475270380760018e-05
2016-08-31,sh.601601,25.48437915146986,0.09570378435381321,0.00015298119700851392
2016-08-31,sh.601628,26.220141524883328,0.04838163573025483,-4.338228446197407e-05
2016-08-31,sh.601633,25.180697985213488,0.09921484598549259,5.2592760163141276e-05
2016-08-31,sh.601668,25.476448297495352,0.1688174417343535,-0.00014587829698396222
2016-08-31,sh.601669,25.38560236636543,0.053053432753896054,-0.00019490773336555898
2016-08-31,sh.601688,25.887540305350292,0.011784206126355695,-0.00047802585771967385
2016-08-31,sh.601766,25.837439493935925,0.05187716227913596,-0.00015236374530461168
2016-08-31,sh.601788,25.34522576560234,0.04453799959917987,-0.0003103494908273853
2016-08-31,sh.601800,25.86797141331686,0.054814258039358035,-0.0003053204238387162
2016-08-31,sh.601818,25.549627968528934,0.15449683892501567,-0.00014068997068713426
2016-08-31,sh.601857,26.640843021775968,0.026237045672181096,-0.00016324451146911204
2016-08-31,sh.601888,24.696443528458108,0.06189380472176334,-0.00013946287416650993
2016-08-31,sh.601899,25.246939236948997,0.028192371195981114,-0.00015969513432606926
2016-08-31,sh.601901,25.23048088026071,0.05065173211487038,-0.00012505474806442956
2016-08-31,sh.601919,24.67690713697892,-0.07749189248338745,-4.6589042591811714e-05
2016-08-31,sh.601939,26.471945164428075,0.17147547477837685,-7.586282593139907e-05
2016-08-31,sh.601985,25.35719071861232,0.052319486452682036,-8.478224140979549e-05
2016-08-31,sh.601988,26.376176809007045,0.16555378801024084,-0.00011899777072782038
2016-08-31,sh.601989,25.75253513591082,-0.005996669420824732,-0.0004222112549040918
2016-08-31,sh.601998,25.918250689283745,0.11806032625131896,-0.00022696916301498152
2016-08-31,sh.603288,24.980188063887983,0.05962900101108354,-0.00014145266895188664
2016-08-31,sh.603799,24.918442686439974,-0.08852834176678737,-0.0008485415277460356
2016-08-31,sh.603993,25.402278053580154,0.007725754249728475,-0.00031216490799959313
2016-09-30,sh.600000,25.750294447740753,0.1674440082227944,-7.288837603732954e-05
2016-09-30,sh.600009,24.97795287820577,0.06900441386640435,5.765784605605245e-06
2016-09-30,sh.600010,25.091102456230274,0.02009079707411915,4.4899583764513046e-05
2016-09-30,sh.600015,24.96220864985097,0.21957042395876894,0.0001246078538192376
2016-09-30,sh.600016,25.669819094668043,0.16682857945057158,-3.0480461122788905e-05
2016-09-30,sh.600018,25.26497733128896,0.08003000270498409,2.8566779784232988e-05
2016-09-30,sh.600019,24.45714725078987,0.12111502580414865,0.0005183390514783468
2016-09-30,sh.600028,25.835646569079447,0.0950293696977689,9.86324532950591e-05
2016-09-30,sh.600029,25.060868660416666,0.07707081646662987,7.416609820066344e-05
2016-09-30,sh.600030,25.450270882215992,0.0952140003258783,0.00016260760922555783
2016-09-30,sh.600031,24.553387835927413,0.07495335162222515,0.00025776387533088036
2016-09-30,sh.600036,25.956256857703455,0.13142670602457646,-5.1286130549864e-05
2016-09-30,sh.600048,25.41884434075449,0.09482312121828529,-0.00018279301040997225
2016-09-30,sh.600050,24.31846429666256,0.16180366166932236,0.0008401076735129258
2016-09-30,sh.600089,24.351914097815833,0.11271544929779548,8.824675493096126e-05
2016-09-30,sh.600100,24.83284154164216,0.11432707403514311,-2.2373179985769396e-05
2016-09-30,sh.600104,25.31247206640414,0.168141837754118,0.0002933170074876507
2016-09-30,sh.600109,24.658867452161847,0.0872824345061901,0.0001952741703555073
2016-09-30,sh.600111,24.876988582796344,0.04820787657993659,3.2246550406463275e-05
2016-09-30,sh.600150,24.57065775006136,0.05887041695951068,0.00015376502222763636
2016-09-30,sh.600196,24.955185456948218,0.07226664409058939,3.230674151366494e-05
2016-09-30,sh.600256,24.195871944289884,0.05327562898564037,0.00010320684366460744
2016-09-30,sh.600276,24.68474101635747,0.09433251490052467,0.0001627221997627826
2016-09-30,sh.600309,24.681011718515112,0.08040447216630078,4.5242411247745986e-05
2016-09-30,sh.600332,24.640787417220118,0.07087983024447686,2.86903589733124e-05
2016-09-30,sh.600340,25.124703175863733,0.08312056833316848,-7.813101512090513e-05
2016-09-30,sh.600346,24.015456283016736,0.06850684222941876,0.000258698795179877
2016-09-30,sh.600372,24.747342898493745,0.05102495075054376,2.2899838337334166e-05
2016-09-30,sh.600406,24.769992731488134,0.050098243749352005,-0.0003139512394668266
2016-09-30,sh.600436,24.68214416959307,0.051793085699846475,9.607657984747018e-06
2016-09-30,sh.600438,24.26976980054056,0.06315871603551573,3.756674203632649e-05
2016-09-30,sh.600485,24.928887673496412,0.0792931310020904,-4.238481383689218e-05
2016-09-30,sh.600518,25.02565777469322,0.08259839846578056,0.00015803441926649165
2016-09-30,sh.600519,25.669212227553565,0.09766040091335562,0.00023738935363843796
2016-09-30,sh.600547,24.44669595596542,0.09118770421333958,0.00024639449209231165
2016-09-30,sh.600570,24.03884978780747,0.08423076817484929,0.00019690920885420628
2016-09-30,sh.600585,25.062029488758057,0.09575452496027562,2.469617162170366e-05
2016-09-30,sh.600588,24.366464947885706,0.05316776080116217,1.9647333195059763e-05
2016-09-30,sh.600606,25.476729620683443,0.05789603675518924,-0.00022913492432270502
2016-09-30,sh.600637,25.004588029384276,0.05939585803448577,-0.00013021005868642897
2016-09-30,sh.600690,25.06878299291431,0.08080003861237914,-7.118525196406496e-05
2016-09-30,sh.600703,24.683022061998166,0.07626839968724662,3.5187111569634005e-05
2016-09-30,sh.600745,24.290629741343384,0.0417307612751404,4.6096643470408305e-05
2016-09-30,sh.600795,24.905001550107723,0.09724773924090024,4.979118881924683e-05
2016-09-30,sh.600809,23.61232129239725,0.14594118750276625,0.0005955908807073596
2016-09-30,sh.600837,25.490064134450552,0.08236559955640484,0.00015996061900236486
2016-09-30,sh.600887,24.760627054474767,0.1299680596390515,0.000416864426097479
2016-09-30,sh.600893,25.060799906613337,0.054716456662619754,8.318513190899476e-05
2016-09-30,sh.600900,25.683341520098075,0.07365792672086274,3.0177848278137938e-05
2016-09-30,sh.600919,24.97909950797684,0.10033103390506551,0.0001289493223887133
2016-09-30,sh.600958,25.13961168401525,0.06311824855132403,0.0001348668510481984
2016-09-30,sh.600999,24.996176036494166,0.10329154673390584,5.0832168505102237e-05
2016-09-30,sh.601006,24.79644588601659,0.15384422284955082,0.00024026404889490718
2016-09-30,sh.601012,23.896657403369847,0.14741068162665125,0.00011201899289355416
2016-09-30,sh.601088,25.138207535659273,0.13847375857456057,0.0003899323270575054
2016-09-30,sh.601111,25.224981464394105,0.08445104234189536,6.558198982785642e-05
2016-09-30,sh.601118,24.351387487892065,0.053551385147374224,0.0002526719607790507
2016-09-30,sh.601127,24.27258707026798,0.09145892776388238,0.00031807610403151255
2016-09-30,sh.601166,25.60064787675831,0.18502861318822628,6.508304521794006e-05
2016-09-30,sh.601169,25.00077253482438,0.19863616290824104,6.315088892824177e-05
2016-09-30,sh.601186,24.79599083003259,0.1756251348284177,0.0005112054523446305
2016-09-30,sh.601198,24.784246871160004,0.0790051266115323,0.00015605665817855326
2016-09-30,sh.601211,25.35539187910426,0.09528068721485447,2.5341572253749053e-05
2016-09-30,sh.601225,24.258438124793596,0.08275853597314431,0.0005327627131483092
2016-09-30,sh.601288,26.21826218994022,0.1943818507296777,2.1596108588941076e-05
2016-09-30,sh.601318,26.05434257809725,0.11324889211217627,3.569489807852254e-05
2016-09-30,sh.601328,25.73484208923343,0.1857585251440955,4.6891293304815435e-05
2016-09-30,sh.601336,25.25767034478706,0.07772038623457041,7.957444646586856e-05
2016-09-30,sh.601360,23.68687605666538,0.07923760466691661,0.00011356291233714501
2016-09-30,sh.601377,24.74494352995988,0.08808307865719105,0.000229329480833261
2016-09-30,sh.601390,24.750550452945973,0.18117496391542834,0.0006876895265918493
2016-09-30,sh.601398,26.488143976705302,0.18400481237357674,-1.37219873147119e-05
2016-09-30,sh.601601,25.607783578352695,0.08154333965111087,5.4716052923118195e-05
2016-09-30,sh.601628,26.110871864777444,0.06168410944233653,5.922893864961004e-05
2016-09-30,sh.601633,25.29988512059989,0.08446521868564989,-5.503441837089955e-05
2016-09-30,sh.601668,24.70770209020923,0.26849852173868816,0.0005869121159436253
2016-09-30,sh.601669,24.66588424994813,0.1421594652791726,0.0004832014309432475
2016-09-30,sh.601688,24.8280633831848,0.14076704462152353,0.0004935783978702898
2016-09-30,sh.601766,25.525922528584648,0.08976401181494112,0.0001331153130387424
2016-09-30,sh.601788,24.921211995937462,0.09604095064871114,7.112710427218741e-05
2016-09-30,sh.601800,24.711647816416114,0.199360171925267,0.0007834947525512399
2016-09-30,sh.601818,25.377740938034602,0.17867236201571302,9.442978327097135e-06
2016-09-30,sh.601857,26.40845184041217,0.05309719081010068,4.385093205642314e-05
2016-09-30,sh.601888,24.552658799566526,0.07912838689339463,-1.6089328068914782e-05
2016-09-30,sh.601899,24.998800762160677,0.057144170013980526,6.322232120547971e-05
2016-09-30,sh.601901,25.00765263509595,0.07741330997874912,7.55356692220419e-05
2016-09-30,sh.601919,24.461973493966642,-0.053847187322827256,0.00015562896081373366
2016-09-30,sh.601939,26.341078623202996,0.1892595357990176,4.351472001008126e-05
2016-09-30,sh.601985,25.207375708651483,0.07034234722695416,5.2041507179022296e-05
2016-09-30,sh.601988,26.23091405948684,0.18610258088900247,8.570363784767427e-06
2016-09-30,sh.601989,25.221463485272988,0.05482723889461678,5.631755807085491e-05
2016-09-30,sh.601998,25.61262174922654,0.15923128216889848,4.215816655575711e-05
2016-09-30,sh.603288,24.714564754024767,0.09207519448228534,0.00010054437096517589
2016-09-30,sh.603799,23.36027402545377,0.08489322690063159,0.0005456390388224866
2016-09-30,sh.603986,23.482530463621636,0.07872542410981825,-1.408370085947219e-05
2016-09-30,sh.603993,24.920891885891038,0.06342598869563788,0.00011629141183742576
2016-10-31,sh.600000,25.487794802605308,0.20137618628831716,0.00017687767351235058
2016-10-31,sh.600009,24.961229689995314,0.07128931556712631,2.4623371838634032e-05
2016-10-31,sh.600010,24.909614463806903,0.04381358970285954,0.00022735810712695774
2016-10-31,sh.600015,24.702798162040093,0.24870778874515911,0.00039509813745945677
2016-10-31,sh.600016,25.51963107974487,0.1861288105021914,0.00011300017734368348
2016-10-31,sh.600018,25.22051377816976,0.08593845010984731,7.767246454642539e-05
2016-10-31,sh.600019,24.540134740090682,0.11751154736525693,0.0005033699906778802
2016-10-31,sh.600028,25.88433209387343,0.08959713507309472,6.593353109620524e-05
2016-10-31,sh.600029,24.865316327239146,0.10251098755343198,0.0002768330258126779
2016-10-31,sh.600030,25.321507447567548,0.11204002012324861,0.0003029613830326649
2016-10-31,sh.600031,24.474918850919885,0.08933557211466991,0.0003696754785985368
2016-10-31,sh.600036,25.777885313412142,0.15408266151308314,0.00011907651974542763
2016-10-31,sh.600048,24.918721155878913,0.1584158640877802,0.000282123631282604
2016-10-31,sh.600050,24.191016785336718,0.18903613033828787,0.0010680614148158574
2016-10-31,sh.600089,24.130882351188518,0.14056403875804332,0.0003174859379679038
2016-10-31,sh.600100,24.56290555593744,0.14815995650629438,0.00024929949685391595
2016-10-31,sh.600104,25.418292127467975,0.1530147736533048,0.00022925542206817732
2016-10-31,sh.600109,24.663611357913197,0.08855642470358695,0.0002141533972715432
2016-10-31,sh.600111,24.81714536484643,0.05671188008249872,9.851882546700066e-05
2016-10-31,sh.600150,24.541161170904452,0.06537576003139876,0.0002038275173970052
2016-10-31,sh.600196,25.003007552980595,0.06670357772593265,-8.39697568067676e-06
2016-10-31,sh.600256,24.201026645343216,0.05501326135819306,0.00011575885751613705
2016-10-31,sh.600276,24.82761459502098,0.07783219519834485,4.5842235288889676e-05
2016-10-31,sh.600309,24.749042168293677,0.07231719222021231,-1.3646967291868753e-05
2016-10-31,sh.600332,24.57935773842478,0.07901350681049643,9.423648572271716e-05
2016-10-31,sh.600340,25.27445025751909,0.06413644884256636,-0.0002325519547256368
2016-10-31,sh.600346,24.146479640762994,0.05698340491100404,0.00016580640290273066
2016-10-31,sh.600372,24.74846871709454,0.05140779132732332,2.639450454108551e-05
2016-10-31,sh.600406,24.463466323112964,0.08721011005514764,-4.614670750480307e-05
2016-10-31,sh.600436,24.72584893283355,0.04661643429526011,-3.021721942868527e-05
2016-10-31,sh.600438,24.082488558413598,0.0870296059373184,0.00022447340423428164
2016-10-31,sh.600485,25.048623531218578,0.06497340220560144,-0.00014887619848345885
2016-10-31,sh.600518,25.158274554169058,0.06788075299258808,5.0894683951719104e-05
2016-10-31,sh.600519,25.941275436931456,0.06591997924161161,3.512641385390189e-06
2016-10-31,sh.600547,24.965979884217347,0.02874192115067581,-0.0002293536866890607
2016-10-31,sh.600570,24.397558464686213,0.041587650770639424,-0.0001271093524721884
2016-10-31,sh.600585,24.86735663158033,0.12033338975773591,0.00022026336731508961
2016-10-31,sh.600588,24.054229697884736,0.09269327430718853,0.00032754891782995206
2016-10-31,sh.600606,25.007506965830185,0.11588547852403312,0.0001997346015891064
2016-10-31,sh.600637,24.7362530483353,0.0922098351915117,0.00011614496425256467
2016-10-31,sh.600690,24.730314685254786,0.12308204673887205,0.00025155435257974375
2016-10-31,sh.600703,24.600720847379307,0.08703179621665123,0.00012201342499324746
2016-10-31,sh.600745,24.14546787129523,0.06100599977450749,0.00019539162706029383
2016-10-31,sh.600795,24.652166526496,0.12921802719394127,0.00030485595952812913
2016-10-31,sh.600809,24.302797153370236,0.06487132264297549,-3.699316084245718e-06
2016-10-31,sh.600837,25.47814619087821,0.08457964690916923,0.00018282247654347308
2016-10-31,sh.600887,24.880464511215145,0.1181483647908274,0.0003537359433457947
2016-10-31,sh.600893,25.142058395774548,0.04564996137213967,1.3559831718400196e-05
2016-10-31,sh.600900,25.76208916852323,0.0641523681355866,-4.124145248231445e-05
2016-10-31,sh.600919,25.003695771379487,0.09849062209710628,0.00012357576925465128
2016-10-31,sh.600958,24.927260509839773,0.09013355431719151,0.00034559400722262155
2016-10-31,sh.600999,24.947357630160706,0.1103181498884976,0.00011962421249366573
2016-10-31,sh.601006,24.78593681425758,0.15407883366314662,0.0002832857018382688
2016-10-31,sh.601012,24.048849450613627,0.12745236332914145,-2.30392586915793e-05
2016-10-31,sh.601088,25.599974507531297,0.08245634124735171,-9.497433683314501e-06
2016-10-31,sh.601111,25.039590502490856,0.10835392148272607,0.00025728339898575836
2016-10-31,sh.601118,24.076414515970285,0.09369083418170325,0.0005547499431149904
2016-10-31,sh.601127,24.66477003763703,0.046820688151211945,-2.290436298146341e-05
2016-10-31,sh.601166,25.569058181293542,0.18749252778079376,0.00010621491592708001
2016-10-31,sh.601169,24.780924301154847,0.22425215706504054,0.000289489709427649
2016-10-31,sh.601186,24.568987380017127,0.20393834886867,0.0007981983628607577
2016-10-31,sh.601198,25.03309502949014,0.050452679869670086,-6.053912284552804e-05
2016-10-31,sh.601211,24.943214965535265,0.14708885568976945,0.0004305653956635188
2016-10-31,sh.601225,25.48669293064739,-0.0594238763929249,-0.0005993656787605505
2016-10-31,sh.601288,26.199581765587517,0.19589840909431366,4.449432338499292e-05
2016-10-31,sh.601318,25.923590144277945,0.1296093262956717,0.00016976072712138074
2016-10-31,sh.601328,25.64356097193286,0.19601351910016024,0.0001439067947393977
2016-10-31,sh.601336,25.017119485686155,0.10888704274019564,0.0003270962446180712
2016-10-31,sh.601360,23.822997622897756,0.06350776823521834,-2.659257278339227e-06
2016-10-31,sh.601377,24.55746207238543,0.11306282278664251,0.0004326406149739939
2016-10-31,sh.601390,24.935545740455165,0.1606712729993457,0.0005924765581992611
2016-10-31,sh.601398,26.411773289617727,0.19359397567687991,6.085187976011986e-05
2016-10-31,sh.601601,25.57802113093615,0.08587663159876086,9.336336741526448e-05
2016-10-31,sh.601628,25.512414733747068,0.13779704373201962,0.0006530907991745889
2016-10-31,sh.601633,25.156019383918355,0.10239148851863865,7.993483907116967e-05
2016-10-31,sh.601668,23.393634080783688,0.4216615108120342,0.0019440801133010924
2016-10-31,sh.601669,24.546544770718928,0.16049420742668477,0.0006617539623802226
2016-10-31,sh.601688,25.563695276817587,0.05262610286461382,-0.0001591771208422817
2016-10-31,sh.601766,24.623769250703337,0.2043015831560849,0.0010332758732736324
2016-10-31,sh.601788,24.92388512187379,0.0966918859433372,8.738825114469315e-05
2016-10-31,sh.601800,24.902789581009046,0.17747907717702444,0.0006928911817118065
2016-10-31,sh.601818,25.123947761975504,0.21015155398397306,0.0002598346766955726
2016-10-31,sh.601857,26.33577223949581,0.06316305608020663,0.00012286858688843514
2016-10-31,sh.601888,24.59488385742515,0.07381140814540091,-5.764595241258776e-05
2016-10-31,sh.601899,24.770660147299317,0.08698625824831203,0.0002965277998079745
2016-10-31,sh.601901,24.57262651031564,0.13273865652558203,0.0005102036635150326
2016-10-31,sh.601919,24.115379780214525,-0.0041572139151596355,0.0005129944045275594
2016-10-31,sh.601939,26.185251771264202,0.2076199865197242,0.00020315803139697822
2016-10-31,sh.601985,24.972859717862946,0.10051601762397464,0.00028978465887223267
2016-10-31,sh.601988,26.123115330863435,0.1991607309465675,0.00011672182553465498
2016-10-31,sh.601989,25.042823332627457,0.08085826010640698,0.0002559463091501968
2016-10-31,sh.601998,25.274123097753844,0.2010007200580917,0.00037998604286027015
2016-10-31,sh.603288,24.76213026929008,0.08687587027508764,6.89853274061649e-05
2016-10-31,sh.603799,23.743612852461553,0.04887841077029665,0.00023966446891287346
2016-10-31,sh.603986,23.482530463621636,0.07872542410981825,-1.408370085947219e-05
2016-10-31,sh.603993,24.84467732055882,0.07490628391214249,0.00020752792386635751
2016-11-30,sh.600000,25.92816634873137,0.142367688447096,-0.00022713041377966147
2016-11-30,sh.600009,25.12459576511929,0.051146478840920266,-0.0001298823064506409
2016-11-30,sh.600010,25.40608123477453,-0.013454930199311141,-0.000228749569333135
2016-11-30,sh.600015,25.394246989403978,0.1528616371246283,-0.00022934575027830045
2016-11-30,sh.600016,25.824449057524276,0.14572451824046526,-0.00016897948447732684
2016-11-30,sh.600018,25.46175604456645,0.056356104401857746,-0.00014579214455276768
2016-11-30,sh.600019,25.164737863416562,0.04592699258691682,-4.221392646123458e-05
2016-11-30,sh.600028,25.76480750046659,0.10511370418600705,0.00019324976540129193
2016-11-30,sh.600029,25.552094676372974,0.01920099763945038,-0.0003564389361886534
2016-11-30,sh.600030,25.970611781452433,0.03212443010870681,-0.0002984616675948109
2016-11-30,sh.600031,25.152744308527737,0.010510469896710548,-0.00024325892431590433
2016-11-30,sh.600036,26.13458450116685,0.10808967260291664,-0.00021072320213634277
2016-11-30,sh.600048,25.542369030373752,0.0789221267315652,-0.000289374954920453
2016-11-30,sh.600050,25.075786664040592,0.09230754728526168,0.0003315444549891124
2016-11-30,sh.600089,24.71977760195137,0.06720548496771252,-0.00021534751600282286
2016-11-30,sh.600100,25.296901659482184,0.05597072694917696,-0.00042503251982976056
2016-11-30,sh.600104,25.967600921539102,0.08295846785275017,-0.0002757869561058397
2016-11-30,sh.600109,25.18756599708063,0.024890415588719766,-0.0002715751119297571
2016-11-30,sh.600111,25.171031716041227,0.014354798408842032,-0.00023060609091390898
2016-11-30,sh.600150,24.193532956588086,0.11265635412789028,0.0005708705569013528
2016-11-30,sh.600196,25.112627506576867,0.05298520480255884,-0.00011482202140617256
2016-11-30,sh.600256,24.149775385110573,0.06404633021948335,0.00018499755585016438
2016-11-30,sh.600276,25.003116734842965,0.05629168570481509,-0.00011797082083031874
2016-11-30,sh.600309,24.62812212982958,0.08748578490036588,0.00010419422563269872
2016-11-30,sh.600332,24.87887433707502,0.0424873915692405,-0.00018412716683643355
2016-11-30,sh.600340,25.34428096775725,0.05483769894837455,-0.00033028389059379723
2016-11-30,sh.600346,24.35509737870979,0.03406451642508402,-1.4492043983901105e-05
2016-11-30,sh.600372,24.959232100390835,0.02552161188142356,-0.0001743558693416871
2016-11-30,sh.600406,24.223490926167234,0.11755162425780318,0.0001932618669555125
2016-11-30,sh.600436,24.865665774036533,0.02879448247630395,-0.0001691877260754729
2016-11-30,sh.600438,24.374691000224956,0.05285487770675859,-3.2768989071303377e-05
2016-11-30,sh.600485,25.61827702001088,-0.0068035243667820405,-0.0007087654491222308
2016-11-30,sh.600518,25.109447914304607,0.07476232524585477,0.00010712331425482259
2016-11-30,sh.600519,25.778867134043203,0.08644705240916191,0.00016383198846980907
2016-11-30,sh.600547,24.855730197771155,0.03977361715776838,-0.000153655788891171
2016-11-30,sh.600570,24.9112046184907,-0.024409708898533833,-0.0006450714664509825
2016-11-30,sh.600585,25.38583203059019,0.056103993732559684,-0.0002554714773538202
2016-11-30,sh.600588,25.040489732257903,-0.02661382128904359,-0.000593400214267358
2016-11-30,sh.600606,25.59749443352102,0.04268028751790413,-0.00034858496371288156
2016-11-30,sh.600637,25.110383063043365,0.0461913564967724,-0.00023213427933055865
2016-11-30,sh.600690,25.324428363425273,0.049522401189883436,-0.0002945703978019948
2016-11-30,sh.600703,24.528512890313515,0.09730377637159669,0.00021024984453944348
2016-11-30,sh.600745,24.602694403734404,0.007298639527960463,-0.00022435743672823944
2016-11-30,sh.600795,25.13325906348699,0.0701179593378524,-0.00012446729582310428
2016-11-30,sh.600809,23.953418109003486,0.10884132387223837,0.0003387445059572295
2016-11-30,sh.600837,25.830044484032776,0.041325612351100376,-0.00014660945204792832
2016-11-30,sh.600887,25.71622807161113,0.01629330956684613,-0.0004160523155321344
2016-11-30,sh.600893,25.393672522741355,0.01412235142603302,-0.00023157674969476283
2016-11-30,sh.600900,25.91885935278265,0.04418807055185488,-0.00019833263601342184
2016-11-30,sh.600919,25.574382298270013,0.027979964236672254,-0.000405793467787791
2016-11-30,sh.600958,25.533503393740247,0.016802119985706965,-0.00021588848110259688
2016-11-30,sh.600999,25.756334435663867,0.010138373872331574,-0.0006405122110235955
2016-11-30,sh.601006,25.258091199604614,0.09396414868325605,-0.00013967836930514296
2016-11-30,sh.601012,24.113089553607402,0.11964416392405969,-9.000736003163856e-05
2016-11-30,sh.601088,25.776589768279358,0.06032994899726253,-0.00018080245305550775
2016-11-30,sh.601111,25.7094670009821,0.026405254473474207,-0.00036182991026719244
2016-11-30,sh.601118,24.894929121883,0.002304768985866318,-0.00017479448665211705
2016-11-30,sh.601127,24.92038184125361,0.014557586117326049,-0.0002740255899387885
2016-11-30,sh.601166,25.8634606543374,0.14835847324706833,-0.00016564786356055704
2016-11-30,sh.601169,25.27849651206901,0.15554127399554155,-0.00015616905931590869
2016-11-30,sh.601186,25.68635612691468,0.06532055583016641,-0.00019525152905538413
2016-11-30,sh.601198,25.513101367087668,-0.00999062403013394,-0.0005309399969289246
2016-11-30,sh.601211,25.683506527476407,0.05553321699440328,-0.000238710796450553
2016-11-30,sh.601225,25.226750252006813,-0.04219530893348153,-0.0004311275342384858
2016-11-30,sh.601288,26.395728911279136,0.1699351879856052,-0.00013937317231344344
2016-11-30,sh.601318,26.227781766448,0.09130220502647464,-0.00010359395669211084
2016-11-30,sh.601328,25.882736548351165,0.16302154483382897,-6.922451968859186e-05
2016-11-30,sh.601336,25.61463524688561,0.037321787095636175,-0.00021265897880125363
2016-11-30,sh.601360,24.132241050688997,0.024804583597336907,-0.00030310237693247875
2016-11-30,sh.601377,25.405986490039005,0.009928196027686353,-0.00035040109642484296
2016-11-30,sh.601390,25.99390395658031,0.03125858313654799,-0.0003662999623930143
2016-11-30,sh.601398,26.58968355370582,0.16963997147798715,-0.00010305297410322079
2016-11-30,sh.601601,26.010697779024294,0.03248136147059806,-0.0003145336471782862
2016-11-30,sh.601628,26.525470157953244,0.01911008236453568,-0.00025474007071590475
2016-11-30,sh.601633,25.18836188972322,0.09864686992712028,6.0668152368946964e-05
2016-11-30,sh.601668,26.3466800335995,0.03234327983933679,-0.0007307645150980966
2016-11-30,sh.601669,25.687761184730523,0.022502492797357762,-0.0003701111091578054
2016-11-30,sh.601688,25.79162560636547,0.0228619474613294,-0.00039868233612894735
2016-11-30,sh.601766,26.515656502866015,-0.0241725323614147,-0.0006915154152003219
2016-11-30,sh.601788,25.457885869737233,0.03080131380060843,-0.0004131008957182444
2016-11-30,sh.601800,25.91230475971911,0.054183333927746255,-0.00020683229521384022
2016-11-30,sh.601818,25.60110623786958,0.14538045984469503,-0.00017147374843717584
2016-11-30,sh.601857,26.335094063375344,0.06538916725789637,0.00014180916264503195
2016-11-30,sh.601888,24.637540873352474,0.06818368710620791,-0.00010518704006838513
2016-11-30,sh.601899,25.364826561743147,0.016956064623234526,-0.00024366439325249488
2016-11-30,sh.601901,25.569446519767727,0.012357612751379948,-0.0003996828054680442
2016-11-30,sh.601919,25.15926017600495,-0.11786778573756923,-0.0004436903801645745
2016-11-30,sh.601939,26.523165404283763,0.1609755061281428,-9.884692991145248e-05
2016-11-30,sh.601985,25.457582249892056,0.042970709291507696,-0.00014467604144841005
2016-11-30,sh.601988,26.348543614839837,0.16815100211524878,-8.641882818280537e-05
2016-11-30,sh.601989,25.55350853401165,0.023870026005231457,-0.00019299835712978765
2016-11-30,sh.601998,25.90094362570636,0.11794688066707301,-0.00018241884651595372
2016-11-30,sh.603160,25.937896645324994,-0.017663181974735195,-0.0007607551897634834
2016-11-30,sh.603288,25.170912102888785,0.03613114224360279,-0.0003193801322616615
2016-11-30,sh.603799,23.857670697068652,0.04001201817174009,0.00015990658747512985
2016-11-30,sh.603986,23.482530463621636,0.07872542410981825,-1.408370085947219e-05
2016-11-30,sh.603993,25.4221862876448,0.005640253081431887,-0.00032799262738500044
2016-12-30,sh.600000,25.259061397138463,0.18393066725850377,9.610029562418093e-05
2016-12-30,sh.600009,25.24305734597626,0.08358073741401585,0.00012235535089195228
2016-12-30,sh.600010,25.179865543383404,0.04201536504390473,0.00020263680852157455
2016-12-30,sh.600015,25.125586175714844,0.213659393401969,0.00024347170539195919
2016-12-30,sh.600016,25.311589292389733,0.17542888647523613,6.202811631289025e-05
2016-12-30,sh.600018,25.22044424286634,0.09352623754515425,0.00014327588781947833
2016-12-30,sh.600019,25.115574183119254,0.08306330574418991,0.0002465910916038805
2016-12-30,sh.600028,24.951162980943046,0.13247174639889822,0.0004060102470909717
2016-12-30,sh.600029,25.221322780009686,0.08327890464970134,0.00014188789052935977
2016-12-30,sh.600030,25.28366093737508,0.08940785064738906,0.0001470251860258654
2016-12-30,sh.600031,24.901293302059663,0.09991070828443244,0.0004519968850921699
2016-12-30,sh.600036,25.08294747514542,0.1698076243468316,0.00026925051234781506
2016-12-30,sh.600048,25.344913477325594,0.1194048729782364,2.545490477997239e-05
2016-12-30,sh.600050,25.777938641285115,-0.0034766982293514687,-0.0004133590748537128
2016-12-30,sh.600089,25.258449256566717,0.10861126886579642,0.00010666070587001485
2016-12-30,sh.600100,25.457966523611976,0.09032108324132926,-0.00015789358152200708
2016-12-30,sh.600104,25.075788432560046,0.1550503311417593,0.0002848635261150222
2016-12-30,sh.600109,25.283880095607298,0.07395111662083603,0.0001099645575538999
2016-12-30,sh.600111,25.31150493997645,0.04936405157684182,4.1657015841215375e-05
2016-12-30,sh.600150,25.320701527061868,0.04570828978312638,5.022283264746269e-05
2016-12-30,sh.600196,25.092805346468204,0.10238196510497358,0.0002693311440165794
2016-12-30,sh.600256,25.615406216479506,0.006908182147195643,-0.0002593595297964066
2016-12-30,sh.600276,25.189468816124762,0.09416090621165482,0.00017653393698643076
2016-12-30,sh.600309,24.875629985305963,0.13613549336925673,0.00048253765120963657
2016-12-30,sh.600332,25.286345205465988,0.07645191142871684,8.001116402175297e-05
2016-12-30,sh.600340,25.319055179784435,0.10301894167086846,4.4416328459701484e-05
2016-12-30,sh.600346,25.381969571936544,0.03406451642508402,-1.4492043983901105e-05
2016-12-30,sh.600372,25.00322052446158,0.09397979850106948,0.0003580359095530287
2016-12-30,sh.600406,25.381969571936544,0.08183106056846094,-8.453302339633587e-05
2016-12-30,sh.600436,25.427121880565032,0.04335087261230623,-5.598428290147906e-05
2016-12-30,sh.600438,25.464587922070354,0.04761168692620985,-7.354470640442425e-05
2016-12-30,sh.600485,25.381969571936544,0.06869473784105608,-0.00012162377761386358
2016-12-30,sh.600518,25.354592118656907,0.06263041769071184,1.2774805134143966e-05
2016-12-30,sh.600519,25.26643368762627,0.07866149152667934,0.0001032845388134593
2016-12-30,sh.600547,25.329459059341225,0.06653887304294681,5.4494658804051755e-05
2016-12-30,sh.600570,25.611632461235114,0.028948440382251382,-0.00023011101516180448
2016-12-30,sh.600585,24.7236776647825,0.16946305444846366,0.0006261094550142418
2016-12-30,sh.600588,25.694328046037548,0.010074293824114802,-0.00030808078303686215
2016-12-30,sh.600606,25.420812527596468,0.08066742957427882,-5.316314299062826e-05
2016-12-30,sh.600637,25.406170011407067,0.07116403002393687,-3.7924547238872725e-05
2016-12-30,sh.600690,25.294459345807965,0.09668221076796626,7.218624816511166e-05
2016-12-30,sh.600703,25.017005015520194,0.11433028428700519,0.0003426631216806161
2016-12-30,sh.600745,25.854496345984572,-0.0246096614500253,-0.0004725047797708136
2016-12-30,sh.600795,25.28710181342327,0.09646387795423475,8.042201210907478e-05
2016-12-30,sh.600809,25.42403822823969,0.05828189067262646,-5.445063855635978e-05
2016-12-30,sh.600837,25.267405459750993,0.08415428171674426,0.00018646439342149323
2016-12-30,sh.600887,25.208963930221678,0.09003624788763709,0.00015743839539859386
2016-12-30,sh.600893,25.15577849636403,0.07350481045503537,0.00023023409512420355
2016-12-30,sh.600900,25.272105438879457,0.08204266346742888,9.605836463680818e-05
2016-12-30,sh.600919,25.397583839563076,0.07637192141544805,-2.945454561114299e-05
2016-12-30,sh.600958,25.45942760013669,0.048144030222216125,2.7854103513062147e-05
2016-12-30,sh.600999,25.282984390040156,0.09059637045029893,-1.4799231472420758e-05
2016-12-30,sh.601006,25.350112496249352,0.11406237204313852,1.6623300597992824e-05
2016-12-30,sh.601012,25.042271792502863,0.17498874174912138,0.0003404013273057772
2016-12-30,sh.601088,25.140344088108858,0.11157825869545296,0.00021775000813014972
2016-12-30,sh.601111,25.183570783906877,0.0958446567377466,0.00017819267464674247
2016-12-30,sh.601118,25.009296712388984,0.07046411704240896,0.00035527325764470844
2016-12-30,sh.601127,25.50568081873377,0.03278541094040555,-0.00013226980349270636
2016-12-30,sh.601166,25.165365142821784,0.19517544452667754,0.00019844256671182597
2016-12-30,sh.601169,25.25486767365179,0.18829079916070152,9.852039159679159e-05
2016-12-30,sh.601186,25.278247621496813,0.10160628273719306,8.69385734060195e-05
2016-12-30,sh.601198,25.546876787258466,0.03141950453195043,-0.00020889798708257894
2016-12-30,sh.601211,25.266708307239373,0.10129832453363175,0.00011719940534152368
2016-12-30,sh.601225,25.033183856680918,0.055861264064990895,0.00033144763622322803
2016-12-30,sh.601229,25.381969571936544,0.07833246109162817,-1.4207644439272543e-05
2016-12-30,sh.601288,25.24858091309147,0.20285802482197535,0.0001166641043816057
2016-12-30,sh.601318,25.26738120824545,0.11738282379298359,9.923214352176637e-05
2016-12-30,sh.601328,25.219095441473442,0.19072129389559367,0.00014619337853686386
2016-12-30,sh.601336,25.176754120010976,0.08829614747029492,0.00018376300866192012
2016-12-30,sh.601360,25.486920039555763,0.048783578984741345,-0.00011662037031232633
2016-12-30,sh.601377,25.298433240134578,0.07498354884905012,0.0001555272187322782
2016-12-30,sh.601390,25.381969571936544,0.07653204552613446,-1.4213230790954938e-05
2016-12-30,sh.601398,25.220011377626612,0.20146229312978164,0.0001444257171873948
2016-12-30,sh.601601,25.21276112167149,0.09184977716070125,0.00014716798414047926
2016-12-30,sh.601628,25.127615485690214,0.08215981032991097,0.00023559072079064485
2016-12-30,sh.601633,25.212026763116995,0.11040568783150768,0.00015211518435940996
2016-12-30,sh.601668,25.348027044342064,0.12877586980914832,1.9181118178717617e-05
2016-12-30,sh.601669,25.38714744374245,0.0676433928547525,-1.9055300215764866e-05
2016-12-30,sh.601688,25.25357806533162,0.08587344821446172,9.135116655747482e-05
2016-12-30,sh.601766,25.29347407202351,0.07401080479078685,7.204558612598808e-05
2016-12-30,sh.601788,25.3796186432742,0.07476050965708014,-7.123507022043705e-05
2016-12-30,sh.601800,25.221111263496287,0.09911444979082491,0.00014259204514992097
2016-12-30,sh.601818,25.218528922758786,0.18667480872895398,0.00014966785560409338
2016-12-30,sh.601857,25.050976559136306,0.08650796753923021,0.0003060477468828874
2016-12-30,sh.601888,25.17842194317945,0.1055121230367112,0.00018511209564805653
2016-12-30,sh.601899,25.111852091858335,0.08004076186239842,0.0002469383504455787
2016-12-30,sh.601901,25.30777611934927,0.07313411967692879,7.29693963332563e-05
2016-12-30,sh.601919,25.25283898270068,-0.04324603005839725,0.00013663479658908813
2016-12-30,sh.601939,25.16775416226055,0.19888871708044606,0.00019599993675554778
2016-12-30,sh.601985,25.387294125663296,0.05906717888499881,-1.949556992326816e-05
2016-12-30,sh.601988,25.228981522415502,0.19677340542961297,0.0001361744505647111
2016-12-30,sh.601989,25.08505623464324,0.06900645193270927,0.00015802265699656892
2016-12-30,sh.601998,25.0476939228382,0.18169259921411052,0.0003133245871034207
2016-12-30,sh.603160,25.80639983474193,0.025040664774047032,-0.0004286520760402369
2016-12-30,sh.603288,25.14101581569903,0.10576797856434907,0.0002221778755685206
2016-12-30,sh.603799,25.024974670889193,0.06351592714141802,0.000342693899339965
2016-12-30,sh.603986,25.381969571936544,0.07872542410981825,-1.408370085947219e-05
2016-12-30,sh.603993,24.967656313402607,0.09825142473203724,0.00039223425642848564
2017-01-26,sh.600000,25.415653576695398,0.16426883051124835,-5.680764364636928e-05
2017-01-26,sh.600009,25.390171320877098,0.06510899146907617,-2.1297383258845385e-05
2017-01-26,sh.600010,25.164604626941635,0.043931537668492476,0.00021753867201880112
2017-01-26,sh.600015,25.356022134966132,0.18472567382340818,1.8457354339162585e-05
2017-01-26,sh.600016,25.471376024351617,0.1553659392252443,-9.399921516814371e-05
2017-01-26,sh.600018,24.98071359614621,0.12362700536422268,0.0003773662445262354
2017-01-26,sh.600019,25.221653523404832,0.06974390067011192,0.00014300754504273505
2017-01-26,sh.600028,25.556523101074976,0.05646225544596484,-0.00018510719407275572
2017-01-26,sh.600029,25.186823223054905,0.08761069604960936,0.00017557575524028443
2017-01-26,sh.600030,25.36600237259333,0.07906899553101762,6.662104827501086e-05
2017-01-26,sh.600031,25.152487497654985,0.06837056828748214,0.0002067126894581314
2017-01-26,sh.600036,25.29491592090081,0.14319270023118214,6.226917827005614e-05
2017-01-26,sh.600048,25.280040750594665,0.12755034337108612,8.880133106610202e-05
2017-01-26,sh.600050,25.100321847741846,0.0816053972465746,0.0002483150126325477
2017-01-26,sh.600089,25.02319741520488,0.13814967437515882,0.00033637763282013544
2017-01-26,sh.600100,25.326565962045777,0.10681984069730387,-2.958456158927587e-05
2017-01-26,sh.600104,25.319712605412207,0.12442302089613641,4.667830693850131e-05
2017-01-26,sh.600109,25.401650906654282,0.05916372131827711,-5.035387362687108e-06
2017-01-26,sh.600111,25.267691870031456,0.05486525496446931,8.443926880787723e-05
2017-01-26,sh.600150,25.21584956785423,0.058873583927466784,0.00015260787547835366
2017-01-26,sh.600196,25.253748677417075,0.08217379438003868,0.00011217442556256301
2017-01-26,sh.600256,25.167407075869853,0.0631593052269092,0.00017809926015991456
2017-01-26,sh.600276,25.180769793061646,0.09525316236270646,0.00018502829279661218
2017-01-26,sh.600309,25.106535616691016,0.10714280138961585,0.00025706467828753534
2017-01-26,sh.600332,25.174062963303754,0.09055015772208885,0.0001896516729812786
2017-01-26,sh.600340,25.177769649753962,0.12075886351159225,0.00018237774713867334
2017-01-26,sh.600346,25.381969571936544,0.03406451642508402,-1.4492043983901105e-05
2017-01-26,sh.600372,25.433489776572117,0.03995485411177973,-6.211013386916024e-05
2017-01-26,sh.600406,25.381969571936544,0.08183106056846094,-8.453302339633587e-05
2017-01-26,sh.600436,25.150139632552442,0.07812898067440965,0.0002144812338182168
2017-01-26,sh.600438,25.394037420832493,0.05647006313440044,-4.654090095814679e-06
2017-01-26,sh.600485,25.381969571936544,0.06869473784105608,-0.00012162377761386358
2017-01-26,sh.600518,25.459326631141366,0.04947987024894711,-8.94955542146865e-05
2017-01-26,sh.600519,25.270206196713428,0.07818781233012492,9.960078786223775e-05
2017-01-26,sh.600547,25.37689240428245,0.06058310509048922,8.177307272232391e-06
2017-01-26,sh.600570,25.186623653692003,0.0823128792303616,0.00018489834939986857
2017-01-26,sh.600585,25.278230273788093,0.09983299439767951,8.460414548936898e-05
2017-01-26,sh.600588,25.358339598561447,0.05226126651924255,2.0002658088006434e-05
2017-01-26,sh.600606,25.35580389956238,0.08882996384122545,1.0315987165321406e-05
2017-01-26,sh.600637,25.299154936305655,0.08460092669459261,6.657271853097383e-05
2017-01-26,sh.600690,25.08451082368029,0.12304351169041154,0.0002771951825976805
2017-01-26,sh.600703,25.297523382198,0.07910817839492615,6.874468272914319e-05
2017-01-26,sh.600745,25.062513423329886,0.07483233479723289,0.00030084467473732383
2017-01-26,sh.600795,25.301003588805408,0.09471836014591267,6.684731232585981e-05
2017-01-26,sh.600809,24.628319238137088,0.1581929904756655,0.0007225469826485617
2017-01-26,sh.600837,25.511674782128132,0.053483634226357754,-5.205785473536399e-05
2017-01-26,sh.600887,25.453436015493356,0.05934014132935793,-8.128184512577489e-05
2017-01-26,sh.600893,25.511931021585234,0.02878602036069293,-0.00011753901111688478
2017-01-26,sh.600900,25.399279479524058,0.06607459128963661,-2.8123574325249808e-05
2017-01-26,sh.600919,25.064461824889452,0.11819898256219116,0.0002958299030345082
2017-01-26,sh.600958,25.364669148190575,0.06004197568704552,0.00011978107867112109
2017-01-26,sh.600999,25.366269127713622,0.08013907353862085,-9.612447802285752e-05
2017-01-26,sh.601006,25.476737679442973,0.09816321483689337,-0.00010702269421908943
2017-01-26,sh.601012,25.35107257250294,0.1362154738824517,3.886589272309061e-05
2017-01-26,sh.601088,25.443093717157492,0.07356477808301841,-7.787664464224453e-05
2017-01-26,sh.601111,25.223272582761307,0.0908596677692243,0.00013942496437320607
2017-01-26,sh.601118,25.549042235540472,0.002693246292072335,-0.00017177334141991348
2017-01-26,sh.601127,25.427032674358717,0.04266053356499742,-5.547206226534591e-05
2017-01-26,sh.601166,25.452439588219395,0.15913015225418253,-8.187770207289253e-05
2017-01-26,sh.601169,25.39314638540856,0.1709284157781149,-3.6504952066849344e-05
2017-01-26,sh.601186,25.088334947539074,0.12545186686634263,0.00027238305536164166
2017-01-26,sh.601198,25.327091689730874,0.05901589356807063,5.716091605190146e-06
2017-01-26,sh.601211,25.385893512365655,0.08633333680236983,8.183436629527618e-07
2017-01-26,sh.601225,25.21883730134214,0.03255047210320326,0.00015016217406318828
2017-01-26,sh.601229,25.188199730127863,0.10266235423803896,0.00017500325541267847
2017-01-26,sh.601288,25.335126769056938,0.19199125934263173,3.2154465870100544e-05
2017-01-26,sh.601318,25.410798872969266,0.09937518944974315,-4.081124580943855e-05
2017-01-26,sh.601328,25.250836958061367,0.1867358042049341,0.00011519866408487637
2017-01-26,sh.601336,25.534223899879695,0.0434119618504084,-0.0001652963603683781
2017-01-26,sh.601360,25.28709149273588,0.07387420787904916,7.850668768068008e-05
2017-01-26,sh.601377,25.324284636932628,0.07173762721381936,0.00013028404360795456
2017-01-26,sh.601390,25.30559888484897,0.08612120882943773,6.0360636283877554e-05
2017-01-26,sh.601398,25.308421279806552,0.19036147654736224,5.809588902039805e-05
2017-01-26,sh.601601,25.599590064156683,0.04327923208126446,-0.00023055979647395108
2017-01-26,sh.601628,25.38927737701253,0.049305338256566016,-1.9914890670515944e-05
2017-01-26,sh.601633,24.884437007527783,0.15153811419336527,0.0004719975347744716
2017-01-26,sh.601668,25.419813212182397,0.1197623423342686,-5.0916092446059304e-05
2017-01-26,sh.601669,25.195309078806634,0.09173076825179136,0.00016826956580477562
2017-01-26,sh.601688,25.44709806018496,0.061574926047505835,-9.761576464175012e-05
2017-01-26,sh.601766,25.261677254141713,0.0780032381552307,0.0001030943007643758
2017-01-26,sh.601788,25.400765246591984,0.07210532557720015,-9.188414442735696e-05
2017-01-26,sh.601800,24.87410664564051,0.14268462146943953,0.0004814324724549144
2017-01-26,sh.601818,25.326688175891125,0.17309424816832952,4.4053331581872724e-05
2017-01-26,sh.601857,25.564494042578985,0.02203031000307977,-0.00019538789565550624
2017-01-26,sh.601888,25.105067173733964,0.11472260535805431,0.00025674100242559846
2017-01-26,sh.601899,25.392469948839025,0.04480616388994392,-2.707723803937698e-05
2017-01-26,sh.601901,25.027883313911442,0.10827767960962056,0.00034627699200786123
2017-01-26,sh.601919,24.903408113919753,0.0013336077955545395,0.0004778443909250758
2017-01-26,sh.601939,25.27082993049567,0.185946442866171,9.534929536237182e-05
2017-01-26,sh.601985,25.25933112737621,0.07513431320249025,0.00010545676439075241
2017-01-26,sh.601988,25.276965802911725,0.19074846157723974,8.931912567672691e-05
2017-01-26,sh.601989,25.36722786632443,0.03357676079155565,-0.00011690811302860399
2017-01-26,sh.601998,25.425054212980534,0.1343109455410551,-5.515731596136416e-05
2017-01-26,sh.603160,25.052003811033458,0.11976322054217628,0.0003079948095548332
2017-01-26,sh.603288,25.420512448512905,0.07067416237670268,-5.07428684785246e-05
2017-01-26,sh.603799,23.425774712964547,0.2643127267510687,0.0019042684986570488
2017-01-26,sh.603986,25.381969571936544,0.07872542410981825,-1.408370085947219e-05
2017-01-26,sh.603993,24.32613506344682,0.1788013354760781,0.0010186620423278533
2017-02-28,sh.600000,25.834587675993145,0.15643023869221145,-0.00015224652560187082
2017-02-28,sh.600009,24.65813813176702,0.10978115071729908,0.0003264911466846949
2017-02-28,sh.600010,25.28445256381284,0.005451453195584294,-8.91351259228796e-05
2017-02-28,sh.600015,25.293994056473604,0.16463813291308527,-0.00012640511581806603
2017-02-28,sh.600016,25.861847715183124,0.14446035702771837,-0.00023027106742527794
2017-02-28,sh.600018,25.387136023563887,0.06901633325004719,-2.066011958199236e-05
2017-02-28,sh.600019,25.494080681351548,0.010014071048168816,-0.00031381888430914425
2017-02-28,sh.600028,26.042287585635382,0.07329419078264801,-2.1044304142377438e-05
2017-02-28,sh.600029,25.02406526368453,0.08529834645651538,0.0001566374776919776
2017-02-28,sh.600030,25.677640820308415,0.06724213212668961,-4.655986110157555e-05
2017-02-28,sh.600031,25.030944012201886,0.033080210520035576,-6.765366388007259e-05
2017-02-28,sh.600036,26.017709869096976,0.12145793342423261,-7.371813389897897e-05
2017-02-28,sh.600048,25.2120006785206,0.12100234498715456,1.2527408499038629e-05
2017-02-28,sh.600050,25.23442267476564,0.07542649374193434,0.00020303834502328057
2017-02-28,sh.600089,24.234102395161973,0.12891797369525396,0.0002916413644802079
2017-02-28,sh.600100,24.92838963357251,0.10232998075524996,-0.00011567325333324533
2017-02-28,sh.600104,25.76833578260624,0.10769645782676483,-7.106799726973309e-05
2017-02-28,sh.600109,24.75159802643977,0.07721429902709034,0.00012457962807028056
2017-02-28,sh.600111,25.18315203558354,0.012308098069095816,-0.00024659326251275614
2017-02-28,sh.600150,25.019402928419012,0.022175291728765825,-0.00013488329325974315
2017-02-28,sh.600196,24.69075762725723,0.10891356720496466,0.00033594946603483956
2017-02-28,sh.600256,24.34702898535686,0.04248928608155916,1.615326340003559e-05
2017-02-28,sh.600276,24.63640374206275,0.10475728554098765,0.0002755740593885398
2017-02-28,sh.600309,24.733508771181654,0.08182669715741912,0.00011270734237010712
2017-02-28,sh.600332,24.354604006849172,0.10951079510986089,0.0003430968215575737
2017-02-28,sh.600340,24.772979947046977,0.12644123759331016,0.00021795226289399394
2017-02-28,sh.600346,24.328020776565097,0.037464275803526015,1.194751032914433e-05
2017-02-28,sh.600372,24.96978599810965,0.026260796512757936,-0.00016664514064685903
2017-02-28,sh.600406,24.544455270026834,0.07885001031319122,-8.453302339633587e-05
2017-02-28,sh.600436,24.529682243186684,0.07119185945231753,0.00016082613882376665
2017-02-28,sh.600438,24.279326871781862,0.06323184306675655,4.259544905813329e-05
2017-02-28,sh.600485,24.92983916910471,0.07426147027685515,-0.00012162377761386358
2017-02-28,sh.600518,24.976073330615325,0.0923267760467051,0.0002465959539414394
2017-02-28,sh.600519,25.67327152714633,0.10386524847913185,0.0003185584037445419
2017-02-28,sh.600547,24.811661435408283,0.0441117938094278,-0.00012451690471190833
2017-02-28,sh.600570,24.5027053608963,0.01823326295175562,-0.00034564278655475347
2017-02-28,sh.600585,25.154243038326292,0.08738971149837359,2.990616059756298e-05
2017-02-28,sh.600588,24.585903916840227,0.017271128361471266,-0.00027440825945265285
2017-02-28,sh.600606,25.514270428513168,0.05171471202166012,-0.00031548648119656834
2017-02-28,sh.600637,25.042317028610427,0.053489432062378904,-0.0001880540287053227
2017-02-28,sh.600690,24.608473662361657,0.13974848855540342,0.0004140289847816549
2017-02-28,sh.600703,24.602156595430422,0.09434594915340973,0.00022334061746037866
2017-02-28,sh.600745,24.237243865790628,0.0455494215439827,7.750746418393723e-05
2017-02-28,sh.600795,25.093824381093835,0.07534297986102799,-7.85515318610208e-05
2017-02-28,sh.600809,24.497448010552972,0.05147251034853069,-6.404460237255754e-05
2017-02-28,sh.600837,25.826572287652862,0.039648152054729414,-0.00017605138597774208
2017-02-28,sh.600887,25.079514186837446,0.09327637363234473,0.0001612654968183942
2017-02-28,sh.600893,25.106653750892765,0.047615462918757206,2.689118468832887e-05
2017-02-28,sh.600900,25.626225339101786,0.07998680176537178,7.36832696037984e-05
2017-02-28,sh.600919,25.321521776690737,0.06034184654573617,-0.00015538808509803616
2017-02-28,sh.600958,25.300411624943077,0.041420109200495075,-4.124940649248983e-05
2017-02-28,sh.600999,25.27687270715715,0.06763733854441868,-0.00023359380609815346
2017-02-28,sh.601006,24.774518162303636,0.15518350234749298,0.0003072286465731205
2017-02-28,sh.601012,23.764815188000664,0.1615505838023805,0.00028300021473211153
2017-02-28,sh.601088,25.07333583945871,0.148643471018068,0.0005061938891864619
2017-02-28,sh.601111,25.166099498331565,0.09443401529973675,0.00016567308704683366
2017-02-28,sh.601118,24.93697305720929,-0.0027591026877395036,-0.00021451159428752126
2017-02-28,sh.601127,24.834392377080402,0.018964206020399083,-0.00024851971173116933
2017-02-28,sh.601166,25.82571272285847,0.15345225872042342,-0.0001314043867630024
2017-02-28,sh.601169,25.30995125394384,0.15201094796964032,-0.00018978704227414788
2017-02-28,sh.601186,25.600797553008356,0.0768370076208138,-8.637170962153288e-05
2017-02-28,sh.601198,25.139351400872332,0.02854184462259874,-0.0002497020868825129
2017-02-28,sh.601211,25.51318048555295,0.07634887575935016,-9.164900072046201e-05
2017-02-28,sh.601225,24.35727698394392,0.06779431874835712,0.0004223236127163168
2017-02-28,sh.601229,25.253719380686313,0.06885516850781423,-8.918091766492317e-05
2017-02-28,sh.601288,26.169004111723886,0.1973754812491209,8.806367962879828e-05
2017-02-28,sh.601318,26.052348000678908,0.11333212939539605,6.636652564983236e-05
2017-02-28,sh.601328,25.855615758390456,0.1625018004693906,-1.2848712326560452e-05
2017-02-28,sh.601336,25.571385561759538,0.041063359707474045,-0.00019145850177951123
2017-02-28,sh.601360,24.00104644169419,0.037922787081641006,-0.00021668153462674886
2017-02-28,sh.601377,25.061145346935742,0.050088499117508796,-5.5488741327632624e-05
2017-02-28,sh.601390,25.688613973475377,0.06763992630520774,-0.00010760471697894268
2017-02-28,sh.601398,26.396432279504317,0.19108757927218503,0.00010367752623948367
2017-02-28,sh.601601,25.64616938338339,0.07525432788196898,-7.31852762863949e-06
2017-02-28,sh.601628,26.32953035530191,0.04346995720653433,-6.568731216541302e-05
2017-02-28,sh.601633,25.505416889509338,0.062150934245259304,-0.00015684322860285452
2017-02-28,sh.601668,25.35474776526042,0.16393978156746766,0.0001312057659565413
2017-02-28,sh.601669,25.26100792087544,0.07426444763258508,1.976532181628335e-05
2017-02-28,sh.601688,25.65144773660354,0.03770912468578416,-0.0003050238120676983
2017-02-28,sh.601766,25.77675654654612,0.0630106914116775,-4.2822798399590524e-05
2017-02-28,sh.601788,25.201080607017126,0.06041445523007543,-0.00021187332999829435
2017-02-28,sh.601800,25.787353673048944,0.07280003217738956,-2.8772441049788876e-05
2017-02-28,sh.601818,25.468983053767108,0.16120266638721714,-3.65266385980436e-05
2017-02-28,sh.601857,26.70082967323934,0.023894985044764006,-0.00017772266562562865
2017-02-28,sh.601881,25.288867428789263,0.0644419520512822,-0.00012350201607488678
2017-02-28,sh.601888,24.01374173095261,0.1488950126965892,0.0005520524456526943
2017-02-28,sh.601899,25.3339890006804,0.020985485062848683,-0.00021218283903767953
2017-02-28,sh.601901,25.320678855455387,0.0433676210954785,-0.00015963834806393372
2017-02-28,sh.601919,24.82788465280516,-0.07233416135269438,-0.00010961122456317108
2017-02-28,sh.601939,26.45320067654567,0.16575073333536391,-7.745108915583639e-07
2017-02-28,sh.601985,25.331648624729468,0.05855043946232808,-2.4380607428862777e-05
2017-02-28,sh.601988,26.276793387886787,0.17374948519937675,6.735254844453702e-06
2017-02-28,sh.601989,25.63999144566631,0.017449063159081887,-0.000246012089523174
2017-02-28,sh.601998,25.844260190742453,0.12410807504457527,-0.00011416336484032329
2017-02-28,sh.603160,25.34112217607693,0.05788080504287984,-0.00017452733386194363
2017-02-28,sh.603288,24.36256618161917,0.13670690057293705,0.00045271094313453374
2017-02-28,sh.603799,24.73778406280962,-0.02689148440783795,-0.00042908139361921046
2017-02-28,sh.603986,22.80387110903451,0.1639384243672048,0.0006486084186972954
2017-02-28,sh.603993,25.642161458290737,-0.007081986585193323,-0.00041478886435447
2017-03-31,sh.600000,25.87321129573264,0.15418183855697365,-0.00020733607853124094
2017-03-31,sh.600009,24.514961904514575,0.13106008925254614,0.0005095216890273078
2017-03-31,sh.600010,25.187130891873117,0.01545784286981515,-6.8266878076635314e-06
2017-03-31,sh.600015,25.374791167053043,0.15714547980119786,-0.0002214638672343027
2017-03-31,sh.600016,25.87187452022618,0.14793093975158583,-0.00027074366397520863
2017-03-31,sh.600018,25.290728836994667,0.08106642792532043,7.265201749099914e-05
2017-03-31,sh.600019,25.29979917662855,0.02986686642953479,-0.00016577730896463833
2017-03-31,sh.600028,26.00868357520133,0.07746463406756095,1.0919238495965895e-05
2017-03-31,sh.600029,25.390565448612946,0.04108718327619007,-0.00017893074523284827
2017-03-31,sh.600030,25.536226115652497,0.08440813894747216,7.837172727426483e-05
2017-03-31,sh.600031,25.06130970469459,0.028402722758193458,-0.00010403932311073451
2017-03-31,sh.600036,25.96635032783338,0.1282758568735721,-3.0395549539292736e-05
2017-03-31,sh.600048,25.282365505576596,0.11206923213621776,-5.3098294871696605e-05
2017-03-31,sh.600050,25.500056959029756,0.0455060790500104,-2.670621274859049e-05
2017-03-31,sh.600089,24.54001332594983,0.09167272457418257,3.197117610995759e-05
2017-03-31,sh.600100,24.761818477051158,0.12328415137730997,4.2705452023258984e-05
2017-03-31,sh.600104,25.425217340406864,0.1509878157989705,0.0002563428762317192
2017-03-31,sh.600109,25.002945849700765,0.04682729863166088,-0.00010638726483335094
2017-03-31,sh.600111,25.15109841355207,0.012530518293953255,-0.00024539069691672415
2017-03-31,sh.600150,25.091585814137595,0.010890343247441314,-0.0002223222368808546
2017-03-31,sh.600196,24.917720468384204,0.08398363541478147,0.00015866809131027704
2017-03-31,sh.600256,24.690729004630782,0.00018187377981417063,-0.0003131739249459459
2017-03-31,sh.600276,25.016406395108767,0.05971120772858546,-5.873175383936574e-05
2017-03-31,sh.600309,24.773800540744205,0.07799833486821871,8.966095635227708e-05
2017-03-31,sh.600332,24.87426412994393,0.04793688147193468,-0.0001190875549154964
2017-03-31,sh.600340,23.766308584252027,0.2533197848271263,0.001231232705011126
2017-03-31,sh.600346,24.739527947939408,-0.013715727453718601,-0.00038637377682760427
2017-03-31,sh.600372,24.9298996300594,0.02885878584816419,-0.00014873978908879973
2017-03-31,sh.600406,24.544455270026834,0.07885001031319122,-8.453302339633587e-05
2017-03-31,sh.600436,24.36403115114437,0.09444985121128163,0.0003450291680489142
2017-03-31,sh.600438,24.24850957919559,0.06752110109946498,7.738229919387107e-05
2017-03-31,sh.600485,24.92983916910471,0.07426147027685515,-0.00012162377761386358
2017-03-31,sh.600518,25.163582730295253,0.07180481449366617,9.697966095207142e-05
2017-03-31,sh.600519,25.7882059680545,0.09298569137553556,0.0002481259926945425
2017-03-31,sh.600547,24.627416483621772,0.06578204239290092,3.810039525284651e-05
2017-03-31,sh.600570,24.395322521170094,0.02790983943150562,-0.00028821242688815144
2017-03-31,sh.600585,25.12489891198708,0.09134043952798032,6.471918576098391e-05
2017-03-31,sh.600588,24.38048408185555,0.039256484141557316,-0.00011131530473742479
2017-03-31,sh.600606,25.414095182216744,0.06346644003760882,-0.00025933274846208623
2017-03-31,sh.600637,25.12530989343092,0.04183165481563096,-0.00029277096602282947
2017-03-31,sh.600690,25.09803456773809,0.08046383540500747,-1.0251367193192424e-05
2017-03-31,sh.600703,24.605857275336355,0.09632968994262435,0.0002502812562562616
2017-03-31,sh.600745,24.263965093467487,0.04381665987820038,6.305994991520016e-05
2017-03-31,sh.600795,24.88992743776272,0.10061690733399106,0.00011164395276065268
2017-03-31,sh.600809,24.21785567833046,0.08596500703192682,0.000202182674418824
2017-03-31,sh.600837,25.47015397186531,0.0823359526928339,0.0001374500071674772
2017-03-31,sh.600887,25.408648860197758,0.053416810714825125,-0.0001376707892184786
2017-03-31,sh.600893,25.035300619312572,0.056845613468894995,9.88911781387555e-05
2017-03-31,sh.600900,25.54897464932345,0.09045264579375396,0.00016028085868695903
2017-03-31,sh.600919,25.48931809449925,0.0391592994724993,-0.00031887503538088386
2017-03-31,sh.600958,25.166061576535476,0.05661196226334406,7.03815693514449e-05
2017-03-31,sh.600999,25.2111170402189,0.07527960281948247,-0.0001859071681417396
2017-03-31,sh.601006,25.031775231206677,0.12216478548669793,9.704269899934558e-05
2017-03-31,sh.601012,23.813253089966064,0.1539563786264922,0.000270888072889881
2017-03-31,sh.601088,25.655762089712518,0.07867728658358969,2.6655967720075827e-06
2017-03-31,sh.601111,25.103698158139853,0.10380432616643173,0.00025013301217770604
2017-03-31,sh.601118,25.329241963309613,-0.05657207708838588,-0.0006257332510936958
2017-03-31,sh.601127,24.91748426819987,0.005029401791872501,-0.00036225073914429226
2017-03-31,sh.601166,25.862064402566734,0.15113493420411045,-0.00018290026024941024
2017-03-31,sh.601169,25.361442458667394,0.14893167822869238,-0.00026240990602864904
2017-03-31,sh.601186,25.50265519356719,0.08884918317496143,-2.1413460649533783e-07
2017-03-31,sh.601198,25.151718317548276,0.024313364300956805,-0.00028938976751423205
2017-03-31,sh.601211,25.411567835049876,0.08876589397672195,-5.406725785603738e-06
2017-03-31,sh.601225,24.994596594195436,-0.002396238807158821,-0.00014574347786941078
2017-03-31,sh.601229,25.379531916115663,0.052944138042284594,-0.00021167186377600846
2017-03-31,sh.601288,26.241741558053835,0.18605438980467703,3.037413908655816e-05
2017-03-31,sh.601318,26.047436936184486,0.11394329511858159,8.156178851795141e-05
2017-03-31,sh.601328,25.98232817179793,0.14659169056915342,-0.00013657988503873548
2017-03-31,sh.601336,25.13182263096948,0.09439599893376507,0.00021393592788343822
2017-03-31,sh.601360,24.167164466887396,0.014932782922826918,-0.00040660300322305844
2017-03-31,sh.601377,24.949890643990265,0.06280078875674394,3.5620094255168924e-05
2017-03-31,sh.601390,25.592887085555514,0.07909072210044697,-2.671274767107225e-05
2017-03-31,sh.601398,26.50133431372246,0.17566108716503498,1.6614305719402363e-05
2017-03-31,sh.601601,25.61338873805765,0.07945332080556813,2.6117416750811297e-05
2017-03-31,sh.601628,26.144764566717615,0.0659159582282903,0.00010764287284451877
2017-03-31,sh.601633,25.32713418861147,0.0837067889599361,-2.1577607607237243e-06
2017-03-31,sh.601668,25.457430871102073,0.14945628955325696,4.9875289554446046e-05
2017-03-31,sh.601669,24.986902977900467,0.10897845853230359,0.0002918917033839081
2017-03-31,sh.601688,25.293076766487786,0.08052974013225658,7.469482256626515e-06
2017-03-31,sh.601766,25.795119318392395,0.06042906145610713,-6.455306062913527e-05
2017-03-31,sh.601788,25.177605791506828,0.062467525853640044,-0.00020770739836832347
2017-03-31,sh.601800,25.892504510203278,0.059489807879830534,-0.0001333538479971172
2017-03-31,sh.601818,25.666764408469597,0.13682610060361686,-0.00023320549430895577
2017-03-31,sh.601857,26.54746785339541,0.0405756453367378,-4.980688831660343e-05
2017-03-31,sh.601881,25.475564612805268,0.04088619740915587,-0.00030544514028923737
2017-03-31,sh.601888,24.89947543859226,0.04178005546308292,-0.00024286241471067012
2017-03-31,sh.601899,25.10657805309481,0.046479551931243084,-1.682390994684135e-05
2017-03-31,sh.601901,24.981392605067324,0.08428574661571922,0.00014988382973063176
2017-03-31,sh.601919,24.94898158596956,-0.09159201818977372,-0.0002441079960184112
2017-03-31,sh.601939,26.442272758999184,0.16691473526852704,1.1542965446743149e-05
2017-03-31,sh.601985,25.07140796760828,0.09110991393898688,0.00022839405403396473
2017-03-31,sh.601988,26.411691568257933,0.15643981152090464,-0.00012234282019027022
2017-03-31,sh.601989,25.708748158638944,0.006588516858686888,-0.00032865198455931863
2017-03-31,sh.601998,26.113344388850617,0.0913336023849399,-0.00039054940965108326
2017-03-31,sh.603160,25.14796953187111,0.08201929242549744,1.444241017811581e-05
2017-03-31,sh.603288,24.60402589149875,0.1096835279777097,0.00027526285299178617
2017-03-31,sh.603799,24.56755133235987,-0.01476230495032159,-0.00032265834304288313
2017-03-31,sh.603986,23.780935922807153,0.045672129942585925,-0.00022443650973057793
2017-03-31,sh.603993,25.419358133595303,0.014244125394366702,-0.00025392660362787
2017-04-28,sh.600000,24.963031538262115,0.23036928184927563,0.0003851652783800846
2017-04-28,sh.600009,24.993434165920398,0.11261875885419435,0.0003661054932330394
2017-04-28,sh.600010,25.332354455237574,0.023245311328269735,5.373559685696308e-05
2017-04-28,sh.600015,25.353678810460806,0.18829024549876716,2.0745546011090262e-05
2017-04-28,sh.600016,25.305544973591672,0.19147969713499588,6.793022671406815e-05
2017-04-28,sh.600018,25.22015250536651,0.09018430731062153,0.00014356076143214887
2017-04-28,sh.600019,25.321727024963973,0.05700700166479644,4.5288534155394426e-05
2017-04-28,sh.600028,25.06328858296884,0.11418927061500952,0.0002965226928992863
2017-04-28,sh.600029,24.927944184155734,0.11917684926931144,0.00042836398815468814
2017-04-28,sh.600030,25.333330118114695,0.08699951874152685,9.85246025762915e-05
2017-04-28,sh.600031,25.451484158144435,0.03081885957453924,-8.524929314902651e-05
2017-04-28,sh.600036,24.735469105481716,0.21043583398610072,0.0006085535452112763
2017-04-28,sh.600048,25.274223666268405,0.13104595038506875,9.448155328031755e-05
2017-04-28,sh.600050,25.381969571936544,0.0455060790500104,-2.670621274859049e-05
2017-04-28,sh.600089,25.868136501112854,0.024723952407519616,-0.0004886820527968978
2017-04-28,sh.600100,25.381969571936544,0.10703213923745838,-8.368465675696765e-05
2017-04-28,sh.600104,24.992950837783543,0.16505632845576573,0.00036575214997378177
2017-04-28,sh.600109,25.7335987760533,0.01818010751753979,-0.0003291733155700059
2017-04-28,sh.600111,25.523885991635225,0.02277413516560127,-0.00016572721650768334
2017-04-28,sh.600150,25.995331798126887,-0.03877125246280455,-0.0006085349981072889
2017-04-28,sh.600196,25.109642261424383,0.09609931039573184,0.0002528903614889512
2017-04-28,sh.600256,25.57296488021355,0.012430624822535652,-0.00021791673688888476
2017-04-28,sh.600276,24.943301423537932,0.12087207786022611,0.0004169095982905846
2017-04-28,sh.600309,25.328440104417975,0.0716616265564085,4.038107359398294e-05
2017-04-28,sh.600332,25.3303069580554,0.06801833869122167,3.7083726558474304e-05
2017-04-28,sh.600340,25.689656772701785,0.054178660057161265,-0.00031746589339654295
2017-04-28,sh.600346,25.272773242629857,0.04781387375502357,9.213515628521002e-05
2017-04-28,sh.600372,26.100211176100366,-0.043715905243141534,-0.0007131451699603183
2017-04-28,sh.600406,25.381969571936544,0.07885001031319122,-8.453302339633587e-05
2017-04-28,sh.600436,25.499144491861735,0.03384187691765128,-0.00012631237403235295
2017-04-28,sh.600438,25.905542355765757,-0.007252599257650275,-0.0005041245345883841
2017-04-28,sh.600485,25.381969571936544,0.07426147027685515,-0.00012162377761386358
2017-04-28,sh.600518,25.016310023827582,0.10345220468833935,0.0003430979295636741
2017-04-28,sh.600519,25.114135299251373,0.09348379754980181,0.0002519997095615906
2017-04-28,sh.600547,26.169805990218357,-0.0376245020788724,-0.0007660809142310956
2017-04-28,sh.600570,25.528798359805215,0.04578158848916709,-0.00014922580245954248
2017-04-28,sh.600585,25.358918272830813,0.08376612072644044,5.814542506669642e-06
2017-04-28,sh.600588,25.81402883764507,-0.001074548016513882,-0.0004249653006771883
2017-04-28,sh.600606,25.205128546952544,0.11705843671845323,0.00015744630830665467
2017-04-28,sh.600637,25.270079814026086,0.09168895567136205,9.496377256947659e-05
2017-04-28,sh.600690,24.771379976895112,0.15674242285905765,0.000582958807827479
2017-04-28,sh.600703,25.10862634500839,0.09670466852838845,0.0002531974234260341
2017-04-28,sh.600745,25.755933490116483,-0.012673894731791702,-0.0003762608726864888
2017-04-28,sh.600795,25.2146490260424,0.10569942825741091,0.0001511701583074496
2017-04-28,sh.600809,25.394091903220286,0.05672561224112016,-2.5208879099409634e-05
2017-04-28,sh.600837,25.268056392206592,0.08855679025345313,0.00018582877585315966
2017-04-28,sh.600887,25.010681297897424,0.11626027477039833,0.00035105591057481186
2017-04-28,sh.600893,26.45335038635737,-0.08918965515175326,-0.001036809024881269
2017-04-28,sh.600900,25.132984392915567,0.09966267278260646,0.00023190622439386166
2017-04-28,sh.600919,25.439360944930257,0.0711291876605084,-7.024873538778942e-05
2017-04-28,sh.600958,25.555070630618964,0.039057093585378365,-6.614071125835401e-05
2017-04-28,sh.600999,25.13198945732213,0.11624074844139962,0.0001326431508198171
2017-04-28,sh.601006,25.02051429010112,0.15320857705024626,0.00033846684752347945
2017-04-28,sh.601012,25.84065998264243,0.06264857079454052,-0.00043920269402913714
2017-04-28,sh.601088,25.005476859269756,0.12326818878183719,0.00034944413292786454
2017-04-28,sh.601111,24.84495029606677,0.1370712519219911,0.0005088462305070685
2017-04-28,sh.601118,25.67012625654959,-0.01340254379264702,-0.0002900085443750188
2017-04-28,sh.601127,25.90363105323151,-0.015365188064949478,-0.0005208572186589806
2017-04-28,sh.601166,25.11693353863212,0.20625143418821562,0.0002457346908342544
2017-04-28,sh.601169,25.402876885235145,0.1767581477872458,-4.600651645381506e-05
2017-04-28,sh.601186,25.664481246205455,0.0515600141608093,-0.00029020789583844976
2017-04-28,sh.601198,25.423543241139498,0.050149345724840366,-8.846618497509301e-05
2017-04-28,sh.601211,25.163030944081942,0.11754915010257674,0.00021843748756416144
2017-04-28,sh.601225,25.36933382426902,0.016756655896192532,3.2064751691372284e-06
2017-04-28,sh.601229,25.181504465430727,0.10350584924403572,0.00018154099650936957
2017-04-28,sh.601288,25.204022356263717,0.2027448878802287,0.0001601743047037371
2017-04-28,sh.601318,24.677874488690005,0.19023438284641128,0.0006748691767913068
2017-04-28,sh.601328,25.269570188614964,0.17661475509850472,9.690618174038556e-05
2017-04-28,sh.601336,24.692012380079774,0.15138073332962193,0.0006570999322619412
2017-04-28,sh.601360,25.879052414515563,0.0029840727735471057,-0.0004995268062915851
2017-04-28,sh.601377,25.456358785612434,0.05838992396186479,1.3172844589205988e-06
2017-04-28,sh.601390,25.326310398697192,0.0876865957222859,4.013641492961634e-05
2017-04-28,sh.601398,25.096953193964676,0.2075471410358526,0.00026458863545932655
2017-04-28,sh.601601,25.029762335149883,0.11799621310709044,0.00032586124593173444
2017-04-28,sh.601628,25.10143711439263,0.08565525079385679,0.00026115317748483084
2017-04-28,sh.601633,25.44058403081304,0.07484631690135306,-7.10646762670454e-05
2017-04-28,sh.601668,25.345824043753,0.14578605600687272,2.1332287421260415e-05
2017-04-28,sh.601669,25.55366083080837,0.0480874423035381,-0.00018165102465902684
2017-04-28,sh.601688,25.253716733111172,0.09129834818879785,9.121576129985062e-05
2017-04-28,sh.601766,25.370803824616477,0.06828416543992019,-3.4647819316527745e-06
2017-04-28,sh.601788,25.203690815042105,0.10210560728237354,0.00010055359605540205
2017-04-28,sh.601800,25.7485557250548,0.028746276395997278,-0.0003724429069452047
2017-04-28,sh.601818,25.25536658202942,0.18143292905259284,0.00011369689854505712
2017-04-28,sh.601857,25.37233076442093,0.045984122003733405,-7.745760845458537e-06
2017-04-28,sh.601881,25.705927541607576,0.037658876940200224,-0.0003305436561917538
2017-04-28,sh.601888,25.30487724691516,0.08093380493658349,6.163198343064644e-05
2017-04-28,sh.601899,25.493186581732058,0.032515057048391985,-0.0001254242489151204
2017-04-28,sh.601901,25.128094345547872,0.09695660328931105,0.000248423686797743
2017-04-28,sh.601919,25.4844914336935,-0.0717202476881664,-8.956742505765206e-05
2017-04-28,sh.601939,25.136808598169907,0.1945188885188019,0.00022621742557301698
2017-04-28,sh.601985,25.391683098890258,0.05868366913814835,-2.378128108424224e-05
2017-04-28,sh.601988,25.235373780752035,0.1888789241758134,0.00012993258681206438
2017-04-28,sh.601989,25.825163036823383,-0.02368286164880494,-0.0005640691618027173
2017-04-28,sh.601998,25.275814598799496,0.15319900914420814,9.057104625009533e-05
2017-04-28,sh.603160,25.590211834149358,0.052188231826083425,-0.00021755046318088116
2017-04-28,sh.603288,25.167686636125314,0.09950872824553138,0.00019613455589842816
2017-04-28,sh.603799,25.756056314497844,-0.02100243378987772,-0.00037118713788055
2017-04-28,sh.603986,25.800480476054226,0.020172021875887472,-0.0004227480421564322
2017-04-28,sh.603993,25.520261174532333,0.02794593603568562,-0.00014736913107984737
2017-05-31,sh.600000,25.768198200329213,0.16345961105191187,-7.823322855926047e-05
2017-05-31,sh.600009,25.2138737372864,0.05280125915904861,-5.9912891377102946e-05
2017-05-31,sh.600010,25.179627714067287,0.0172346158318306,5.287805450184165e-06
2017-05-31,sh.600015,24.94254266637312,0.2159754990304094,0.00017486552840539942
2017-05-31,sh.600016,25.48525618186209,0.20103332372674437,8.015693930749472e-05
2017-05-31,sh.600018,25.38885976643166,0.0709326482909712,8.85684177658946e-06
2017-05-31,sh.600019,24.780119218318557,0.09372477371639443,0.00032875675478735564
2017-05-31,sh.600028,26.282882846524984,0.04564601258500776,-0.00021370915246976261
2017-05-31,sh.600029,25.22633786909618,0.06449762603554643,1.4794593106148932e-05
2017-05-31,sh.600030,25.441744168170974,0.09671269345675201,0.0001805307991451519
2017-05-31,sh.600031,24.281165883549107,0.12369009964959216,0.0006369704317913429
2017-05-31,sh.600036,25.650589238217762,0.16473731595836705,0.0003543975717946146
2017-05-31,sh.600048,25.01557840682619,0.14532362257091036,0.00021554093019673538
2017-05-31,sh.600050,25.500056959029756,0.0455060790500104,-2.670621274859049e-05
2017-05-31,sh.600089,24.11664437884763,0.1431386848309982,0.0003838331420887939
2017-05-31,sh.600100,24.90818024729308,0.10478290434845475,-8.368465675696765e-05
2017-05-31,sh.600104,25.452174128546538,0.14627767559736196,0.0003128088354890757
2017-05-31,sh.600109,24.889101473965237,0.05607647761856907,-5.9476467826139337e-05
2017-05-31,sh.600111,24.74720908513749,0.05709797267718826,0.00010028022609289799
2017-05-31,sh.600150,24.66047106741735,0.049764001099478594,8.253376032292038e-05
2017-05-31,sh.600196,25.233257677824003,0.04917385714620154,-9.297850956793585e-05
2017-05-31,sh.600256,24.280966152540113,0.042914383657084935,2.2496343725495782e-05
2017-05-31,sh.600276,24.956275264816142,0.07093240280689811,4.7541038732018675e-05
2017-05-31,sh.600309,24.003015143447914,0.176345585115666,0.0008625386068468995
2017-05-31,sh.600332,24.62275258573822,0.07888550676397833,0.00011890198249715688
2017-05-31,sh.600340,25.072717683650044,0.09231184338024756,5.6780605230039766e-05
2017-05-31,sh.600346,24.028149818807798,0.07026146531234292,0.0002700950729287697
2017-05-31,sh.600372,24.079379487130907,0.12194296667434822,0.0005596828208183725
2017-05-31,sh.600406,24.24306717212645,0.11669253600795998,0.00020976413180650444
2017-05-31,sh.600436,24.206533457517605,0.1175236834492484,0.0005286659551073917
2017-05-31,sh.600438,24.143124376791214,0.0751912962182438,0.00011631529993816513
2017-05-31,sh.600485,24.929838911453224,0.07426150262777773,-0.00012162352602430114
2017-05-31,sh.600518,25.22914761069968,0.0691832671311234,9.281625608171402e-05
2017-05-31,sh.600519,25.875052710724095,0.08805581644195398,0.00023004721995245424
2017-05-31,sh.600547,24.487246974814774,0.07474040432793505,6.476144954000235e-05
2017-05-31,sh.600570,23.110957417988175,0.18480267025667613,0.0009074023482573319
2017-05-31,sh.600585,24.878287528772017,0.12292067797724637,0.0003192235776864565
2017-05-31,sh.600588,23.71040722440197,0.1160995433620401,0.00046877098446884626
2017-05-31,sh.600606,25.016483605905236,0.11323671044630824,0.00011777088808267395
2017-05-31,sh.600637,24.776783976822305,0.0844211950605046,2.3354631152927448e-05
2017-05-31,sh.600690,24.943333093683258,0.10368480020059948,0.00021469600731390199
2017-05-31,sh.600703,24.63398016050933,0.0985776994267205,0.0002909991146115131
2017-05-31,sh.600745,24.374272535740754,0.024185448430053963,-8.604672459005573e-05
2017-05-31,sh.600795,24.96970142586448,0.09207686335600773,7.121107140076709e-05
2017-05-31,sh.600809,24.005814014893453,0.11498411847260581,0.0004355190128928339
2017-05-31,sh.600837,25.66850116236258,0.05877951154890237,-3.336581205019629e-05
2017-05-31,sh.600887,24.886840685769364,0.12091760556265407,0.00040077041634893455
2017-05-31,sh.600893,24.55190878787996,0.10013773747074321,0.0004188800079062525
2017-05-31,sh.600900,25.63482733727011,0.08355665490989146,0.00013005484088360501
2017-05-31,sh.600919,24.992237684253887,0.1002414182157459,0.00016417871758808743
2017-05-31,sh.600958,25.096628769347443,0.06304150504299849,0.0001102285721781616
2017-05-31,sh.600999,25.10816910798207,0.0890120262040943,-6.395246234568557e-05
2017-05-31,sh.601006,25.16349407506997,0.10543289592181831,2.785988744862162e-05
2017-05-31,sh.601012,23.46406676444246,0.19905523400199954,0.0005820086904528763
2017-05-31,sh.601088,25.574996850962957,0.09165259274157186,0.0001308991043540624
2017-05-31,sh.601111,25.62917225971551,0.04504005699212594,-0.00016366656035873375
2017-05-31,sh.601118,24.295841277221424,0.051584442834197185,0.00025455015276223096
2017-05-31,sh.601127,24.110009353282575,0.09376159252126753,0.0003042462457913971
2017-05-31,sh.601166,25.481464114326812,0.19748370105474805,0.00019888010406766057
2017-05-31,sh.601169,24.98607178282696,0.20201292850830985,6.884503134151537e-05
2017-05-31,sh.601186,25.4893327977352,0.08952683843003455,-2.347412034300848e-05
2017-05-31,sh.601198,24.776246806152905,0.06779778351486657,3.8588227175018574e-05
2017-05-31,sh.601211,25.18422856645078,0.11803901580874941,0.00024288279394851268
2017-05-31,sh.601225,24.14476991539078,0.10128386553469386,0.0006672098260107598
2017-05-31,sh.601229,24.91697316859171,0.10969168976824625,0.00023767243881134194
2017-05-31,sh.601288,26.337077148286095,0.1697721871226221,-3.432460745979243e-05
2017-05-31,sh.601318,25.863777620066323,0.13821974033271808,0.00035709657588038006
2017-05-31,sh.601328,25.87745472146902,0.1600520061982833,-3.6530592695127214e-05
2017-05-31,sh.601336,25.600944266783987,0.044711618041009385,-0.00013213306461931835
2017-05-31,sh.601360,23.514104799870083,0.08845934506539739,0.00010663567031234344
2017-05-31,sh.601377,24.895387686803602,0.06860543452727759,7.39562974627701e-05
2017-05-31,sh.601390,25.686985959536198,0.06752134849280597,-0.00011308707475399458
2017-05-31,sh.601398,26.57305822205156,0.16142819252940266,-1.37219873147119e-05
2017-05-31,sh.601601,25.27340655288928,0.12520282729652665,0.0004076682467186966
2017-05-31,sh.601628,26.435250410547727,0.03490112493466165,-0.00012510835545804562
2017-05-31,sh.601633,24.95285426372488,0.1304538059510506,0.0003571933901957008
2017-05-31,sh.601668,25.358047097141863,0.16092540538752084,0.00016001102661757245
2017-05-31,sh.601669,25.32627993975654,0.06746776430692634,-2.3245325576060386e-05
2017-05-31,sh.601688,25.289533809479536,0.08222119710356539,3.279617739205782e-05
2017-05-31,sh.601766,25.74203563820794,0.06671402250512337,-1.7991410717740692e-05
2017-05-31,sh.601788,25.17361533072502,0.06317508455053013,-0.00019936939815580303
2017-05-31,sh.601800,25.597392639889588,0.09316156733615763,8.86453236199143e-05
2017-05-31,sh.601818,25.36676232247613,0.17642609654387215,4.52709426357625e-05
2017-05-31,sh.601857,26.554085670524728,0.03937855580202,-5.938078118890111e-05
2017-05-31,sh.601881,24.967567758508338,0.10333899342000112,0.00018826821885425648
2017-05-31,sh.601888,24.150547743206822,0.13447856937885017,0.00046687492255282877
2017-05-31,sh.601899,24.91965025127538,0.06827894406683403,0.0001510430774218101
2017-05-31,sh.601901,24.803131670318436,0.11071596053354865,0.0003753313211526045
2017-05-31,sh.601919,24.638420940810132,-0.061470394482683016,1.054234195492546e-05
2017-05-31,sh.601939,26.467393139147145,0.15975916452151157,2.113659921671849e-05
2017-05-31,sh.601985,25.306838969665545,0.06418773557716723,2.849674488300591e-05
2017-05-31,sh.601988,26.33420553890225,0.16562227297691923,-4.2737142839472713e-05
2017-05-31,sh.601989,25.416289154622376,0.03048043450855882,-0.00013071008989576173
2017-05-31,sh.601998,25.625725458913784,0.15593045824454652,4.6213992939786606e-05
2017-05-31,sh.603160,24.739583488767888,0.13196487694280612,0.00041088856279958524
2017-05-31,sh.603288,24.787248671078267,0.09083487108344561,0.00016034137009370757
2017-05-31,sh.603799,22.543895700152547,0.22417723697834793,0.0015581469661038326
2017-05-31,sh.603986,23.90357300811947,0.025600959887456573,-0.00043062792910367133
2017-05-31,sh.603993,24.360188742482514,0.14125822846465946,0.0007287822772244584
2017-06-30,sh.600000,25.494131310599265,0.19890308758564756,0.000182106855645036
2017-06-30,sh.600009,25.14562892191301,0.060816377265402295,4.850996298449688e-07
2017-06-30,sh.600010,24.115397733576508,0.15086016595284849,0.0010444789942261057
2017-06-30,sh.600015,24.83481181903773,0.2253112510316769,0.0003036561184389428
2017-06-30,sh.600016,25.333845154334515,0.21803623949234946,0.00023942336248753405
2017-06-30,sh.600018,25.050578266845864,0.11362522187856956,0.0003422694977375251
2017-06-30,sh.600019,24.76627065416327,0.10018642028159802,0.00038580832278354183
2017-06-30,sh.600028,25.829294393363085,0.10092100507279975,0.0002019872337542287
2017-06-30,sh.600029,25.499356445295373,0.030553719303521715,-0.0002478562814542673
2017-06-30,sh.600030,25.518815888500427,0.0878286215820605,0.0001222003874677018
2017-06-30,sh.600031,24.857588576544465,0.06159862085418204,0.0001541996151426168
2017-06-30,sh.600036,25.824724306664045,0.1418587810339096,0.00023210885370258746
2017-06-30,sh.600048,25.073605033189732,0.13733563874873211,0.00018808443166787452
2017-06-30,sh.600050,25.500056959029756,0.0455060790500104,-2.670621274859049e-05
2017-06-30,sh.600089,24.50995709524187,0.09507748470595997,5.000823855117197e-05
2017-06-30,sh.600100,24.90818136285297,0.10478276427788072,-8.368574607039761e-05
2017-06-30,sh.600104,25.93980384909018,0.08510906275243871,-0.00012169294283089724
2017-06-30,sh.600109,24.986356667848547,0.043126659137210234,-0.0001643404974622045
2017-06-30,sh.600111,22.47937089900174,0.34394995445662746,0.0023314234001343822
2017-06-30,sh.600150,24.722844237536243,0.04352654738681807,3.3731945180785106e-05
2017-06-30,sh.600196,25.363566928300056,0.03187482755045478,-0.00023097334108007723
2017-06-30,sh.600256,24.125545786138936,0.06339476780601491,0.00018137861524370927
2017-06-30,sh.600276,24.979318394402625,0.06866202518231507,3.28224303867584e-05
2017-06-30,sh.600309,24.217820282673397,0.15808570301060926,0.0007571106336411999
2017-06-30,sh.600332,25.007120146441117,0.03206665522380896,-0.0002391393395079531
2017-06-30,sh.600340,25.457141823002537,0.04443829100208554,-0.000308880440644543
2017-06-30,sh.600346,23.770137616573614,0.10776228477402314,0.000558493939567764
2017-06-30,sh.600372,25.05793903255546,0.006946116322704185,-0.0003252075465222506
2017-06-30,sh.600406,24.63626227226254,0.06924073041245649,-0.00013652582023950655
2017-06-30,sh.600436,25.107787226589934,0.011888090150417863,-0.0002843096394763405
2017-06-30,sh.600438,23.2388657678581,0.18994429657058381,0.001013609746778958
2017-06-30,sh.600485,24.929839203374762,0.07426146789151661,-0.00012162377761386358
2017-06-30,sh.600518,25.525745076015916,0.03329029175347648,-0.00018280357523035528
2017-06-30,sh.600519,26.01941619759809,0.07280886030478495,0.00011994988189246422
2017-06-30,sh.600547,24.170067449151155,0.1151582755914644,0.00038259627686579735
2017-06-30,sh.600570,24.51405308989935,0.017016646402384775,-0.000354205512046126
2017-06-30,sh.600585,25.011393529918827,0.1083291519194792,0.00023200179504807687
2017-06-30,sh.600588,24.07183438049549,0.07649158565324427,0.00017488856621022657
2017-06-30,sh.600606,25.107997879328085,0.10199890465835681,4.578765560980488e-05
2017-06-30,sh.600637,24.948810458921496,0.06305471932565025,-0.00013964243320769602
2017-06-30,sh.600690,25.459186420172276,0.04065501737722795,-0.0002596038334201267
2017-06-30,sh.600703,25.07750234800574,0.04636711483415087,-0.00010315285717433763
2017-06-30,sh.600745,23.40718895577707,0.14420056433047942,0.0008482112789803331
2017-06-30,sh.600795,25.066370432189018,0.08041898826826577,-1.2211482427939613e-05
2017-06-30,sh.600809,23.782906741425997,0.14827563740723904,0.0007095104515320822
2017-06-30,sh.600837,25.481879806778867,0.08134379027934885,0.0001342894914726985
2017-06-30,sh.600887,25.52941228270091,0.04404596583757179,-0.0001747142425881069
2017-06-30,sh.600893,24.7928435236145,0.07572093816982987,0.00023525346082141818
2017-06-30,sh.600900,25.6579106641763,0.0820681785661797,0.0001259530131568262
2017-06-30,sh.600919,25.30618410692947,0.06245599606649291,-0.0001208908191889512
2017-06-30,sh.600958,24.438323285136864,0.14578574359372054,0.0007535158502795981
2017-06-30,sh.600999,24.971143311893183,0.1064692935713449,7.61272603186064e-05
2017-06-30,sh.601006,25.051295528765017,0.11955042637085482,0.00014301859743390347
2017-06-30,sh.601012,22.971834859087643,0.258370635435348,0.0011335158981948643
2017-06-30,sh.601088,25.747591049960068,0.0711921170211244,-1.8196177458602568e-05
2017-06-30,sh.601111,25.76908106755141,0.02592263602954476,-0.00032039466136809256
2017-06-30,sh.601118,24.209512842011073,0.06822396061066893,0.00037265511374329734
2017-06-30,sh.601127,24.58199076833601,0.03859380614441429,-0.00011634608587764123
2017-06-30,sh.601166,25.525918342557397,0.1882876014694892,0.00018287870673207397
2017-06-30,sh.601169,24.911437789096627,0.20920619854895114,0.0001541250930590576
2017-06-30,sh.601186,25.104292317091385,0.13784424265498224,0.00035129124568458227
2017-06-30,sh.601198,24.699810936262242,0.07846041792563321,0.00012459223669118507
2017-06-30,sh.601211,25.389995029492624,0.09322846092183847,7.265887360651668e-05
2017-06-30,sh.601225,24.164604169904994,0.11332250470155893,0.0007304095803673993
2017-06-30,sh.601229,25.10704009020736,0.08746067482542937,7.356781406588853e-05
2017-06-30,sh.601288,25.913159280513163,0.2233995146875934,0.00037685326644501136
2017-06-30,sh.601318,26.064952403398546,0.11429860322295117,0.0002075137111095659
2017-06-30,sh.601328,25.52538153705536,0.20465508684315878,0.0003040990340841951
2017-06-30,sh.601336,25.023467855312205,0.11586591128630847,0.00041614602452635046
2017-06-30,sh.601360,23.653975999843258,0.07186321654831226,-1.4139136737690955e-05
2017-06-30,sh.601377,24.541229617925826,0.11307379912058294,0.00041978187215853
2017-06-30,sh.601390,25.489696954983057,0.09170760465877752,6.622868118762553e-05
2017-06-30,sh.601398,26.20541276394315,0.20759004428119662,0.0003452736505299948
2017-06-30,sh.601601,25.730962316853933,0.07141904524782795,1.4453372460030949e-05
2017-06-30,sh.601628,26.218289846362733,0.06050373821892509,7.157341445557998e-05
2017-06-30,sh.601633,25.4629887284379,0.06847238466067772,-9.392713295626714e-05
2017-06-30,sh.601668,25.32247837422183,0.1638144445118066,0.00021735141164169308
2017-06-30,sh.601669,25.182908879812793,0.08538494096921236,0.00011552118990890367
2017-06-30,sh.601688,24.946963807851297,0.125756174539146,0.0003761135294051603
2017-06-30,sh.601766,25.752689158529083,0.06534174469972773,-2.8876487749596008e-05
2017-06-30,sh.601788,24.88399624791911,0.09876618483102144,6.640428512265375e-05
2017-06-30,sh.601800,25.57254890441123,0.096915297422711,0.00012643224365774827
2017-06-30,sh.601818,25.163774433613234,0.20092646827465627,0.000250770253456712
2017-06-30,sh.601857,26.289973592031238,0.07187658152797993,0.00019286876909279798
2017-06-30,sh.601881,25.12017314007695,0.08581167879472051,6.0743753518432056e-05
2017-06-30,sh.601888,24.860060461897664,0.04926825805099521,-0.00016588159031980323
2017-06-30,sh.601899,24.785133017099113,0.08766000952242954,0.00030422782099728574
2017-06-30,sh.601901,25.621719715611277,0.011900662231401474,-0.0003765283391446548
2017-06-30,sh.601919,23.28934821787747,0.10993532673495243,0.001327874603204546
2017-06-30,sh.601939,26.146551592390708,0.19955516161949777,0.0003389721401804427
2017-06-30,sh.601985,25.29910525915531,0.06566489700365032,4.170744991002439e-05
2017-06-30,sh.601988,25.890411028607282,0.22189220447649183,0.0003866732323696284
2017-06-30,sh.601989,25.416289154622376,0.03048043450855882,-0.00013012611406066892
2017-06-30,sh.601998,25.356587981144177,0.18899922925782664,0.00031684377348232574
2017-06-30,sh.603160,25.483644135649826,0.040173975829369726,-0.00029417563693207456
2017-06-30,sh.603288,25.1760098119329,0.04360851944802499,-0.000196731398715375
2017-06-30,sh.603501,25.196930454465114,0.07617397026465211,-1.4207644439272543e-05
2017-06-30,sh.603799,24.121472776295647,0.05327767811757531,0.00019097968010102644
2017-06-30,sh.603986,23.755665982091415,0.04354171164345074,-0.00033062835678194857
2017-06-30,sh.603993,23.598991764248094,0.24728804721487255,0.0015618586147502073
2017-07-31,sh.600000,26.046496481228065,0.11518371459362248,-0.00020107066014085482
2017-07-31,sh.600009,24.95423834851397,0.08831617016270671,0.00019339615029161832
2017-07-31,sh.600010,25.49926070769706,0.03865437151280636,0.00010799913971955259
2017-07-31,sh.600015,25.465034022980124,0.13030909103771196,-0.00019043832160361442
2017-07-31,sh.600016,25.705765560130633,0.1725442978048698,-0.00010801772238979823
2017-07-31,sh.600018,25.61174317888529,0.05057473691265409,-0.00015852112109693972
2017-07-31,sh.600019,24.990047868908853,0.14260491075459064,0.0003623043067682015
2017-07-31,sh.600028,26.14135887001853,0.0954968696129239,-7.317818453898636e-05
2017-07-31,sh.600029,24.891875550977165,0.11195707601120991,0.00031325314126923366
2017-07-31,sh.600030,25.328399210125877,0.10447900685964379,0.00025987574021546576
2017-07-31,sh.600031,25.354945705116776,0.013379749923609505,-0.00019348411985942139
2017-07-31,sh.600036,25.945795420858403,0.1330385194438077,0.00015242865458728775
2017-07-31,sh.600048,25.375235988842455,0.10323997656147718,-8.414007088664003e-05
2017-07-31,sh.600050,25.21321533778205,0.07729649370634832,0.0002792733819987649
2017-07-31,sh.600089,24.82055982134959,0.06610945428773254,-0.00017757788383449604
2017-07-31,sh.600100,24.90818009891319,0.02997057657260882,-8.368465675696765e-05
2017-07-31,sh.600104,25.894874879657703,0.09504767682429098,-6.394313251686134e-05
2017-07-31,sh.600109,24.498775221848152,0.09380467611706649,0.0002821625013112716
2017-07-31,sh.600111,25.247932808662966,0.02758387574741218,-0.0001067512243338937
2017-07-31,sh.600150,24.423821016132752,0.040917956297457383,0.00033145015215738994
2017-07-31,sh.600196,25.087132100093122,0.06974613426329491,4.5489898540113446e-05
2017-07-31,sh.600256,24.448885618261254,0.038620148720639375,-8.425504915666717e-05
2017-07-31,sh.600276,24.905866444830245,0.08930597053230911,0.0001989245710902892
2017-07-31,sh.600309,25.06689897994282,0.10566830005434576,0.00014080891629917737
2017-07-31,sh.600332,24.752137439849356,0.077682960663839,9.217374578432167e-05
2017-07-31,sh.600340,24.928317473597904,0.1268535564875822,0.00016614083773728035
2017-07-31,sh.600346,24.151881236496095,0.11636448896147406,0.00025713178729935745
2017-07-31,sh.600372,24.54284759356891,0.06724736278457849,0.00013090375142394868
2017-07-31,sh.600406,24.679584220454515,0.06251528275949855,-0.00011539273815132343
2017-07-31,sh.600436,24.911321579861706,0.03454553330947893,-0.00012760587116838665
2017-07-31,sh.600438,24.42832963268868,0.09207341612694672,0.00017396541294555605
2017-07-31,sh.600485,24.929839203374762,0.04934803619877587,-7.90120551696873e-06
2017-07-31,sh.600518,25.31836340338774,0.060471797808100525,-2.566781372385186e-06
2017-07-31,sh.600519,26.091782475157775,0.06803096411191886,6.575787552264326e-05
2017-07-31,sh.600547,24.656073360418645,0.07392123867676978,6.948154502701336e-05
2017-07-31,sh.600570,23.298679887410717,0.1460403076844274,0.0007688210565326034
2017-07-31,sh.600585,25.42122126403857,0.09072913130214025,-0.0001253251106800367
2017-07-31,sh.600588,23.66621383441131,0.12978521277501287,0.0005940550513337029
2017-07-31,sh.600606,25.334773142390763,0.07163931945808108,-0.00016497704449008467
2017-07-31,sh.600637,24.713860305910362,0.09425625696925692,7.58475187056903e-05
2017-07-31,sh.600690,25.106141619460733,0.09211541300332449,5.160922243188264e-05
2017-07-31,sh.600703,25.13034359121569,0.06750720954230216,7.151916328577394e-05
2017-07-31,sh.600745,24.4526083023717,0.038966622764765785,-6.680569788717618e-05
2017-07-31,sh.600795,25.06637304522146,0.06401932052114609,-2.2020213056661258e-05
2017-07-31,sh.600809,24.08645913112117,0.12430892104896756,0.0005019416239658416
2017-07-31,sh.600837,25.444901648712417,0.0791912332223799,9.076696576755866e-05
2017-07-31,sh.600887,24.850526099768757,0.1309702620981279,0.00046475868672151533
2017-07-31,sh.600893,25.003445748649472,0.05462604975666675,2.7399008103414993e-05
2017-07-31,sh.600900,25.873578350022687,0.07475807384445948,-6.760604842259328e-05
2017-07-31,sh.600919,25.22416527224877,0.11551708356087459,-0.00012157488500967931
2017-07-31,sh.600958,25.134524980078815,0.07290998217023048,6.895651775903552e-05
2017-07-31,sh.600999,24.917424502554635,0.11705237794644696,0.0003212173843570454
2017-07-31,sh.601006,25.06604990836565,0.1314348820783662,0.00016450859176586364
2017-07-31,sh.601012,24.47609398106382,0.09626968664767846,-0.0001697828108027877
2017-07-31,sh.601088,25.74758458382684,0.12442087811907573,7.452948185633229e-06
2017-07-31,sh.601111,25.282879014787238,0.08923893003520607,0.0001647832095095108
2017-07-31,sh.601118,24.439558857275443,0.06896598791843436,0.0001962715330161913
2017-07-31,sh.601127,24.351470050899675,0.0743427080057659,9.461941077525718e-05
2017-07-31,sh.601166,25.819130044738213,0.15269049445027524,-3.912307959951938e-05
2017-07-31,sh.601169,25.287654880693903,0.15186131052123622,-8.875170147305296e-05
2017-07-31,sh.601186,25.701659234832622,0.06970629288221836,-0.00018589403091672112
2017-07-31,sh.601198,24.716515785686106,0.0815725603858505,0.0002312526150351281
2017-07-31,sh.601211,25.411402265038223,0.08847681240661051,0.00012506993105015362
2017-07-31,sh.601225,24.93308945225917,0.1286433785352933,0.00021287648334254643
2017-07-31,sh.601229,25.077258188969793,0.17750799434469458,-0.0001833279772695726
2017-07-31,sh.601288,26.30275231575632,0.17194899026797483,4.743229423303995e-05
2017-07-31,sh.601318,26.02978141465305,0.12316940009957489,0.0002688028899712869
2017-07-31,sh.601328,25.785649973047885,0.17012631595152403,8.993603455042685e-05
2017-07-31,sh.601336,25.228963206949857,0.09366740486495369,0.0002725390105881437
2017-07-31,sh.601360,23.653975999843258,0.05402324252795954,-1.5466544501880274e-05
2017-07-31,sh.601377,24.653609581313283,0.10122264795200529,0.00024731225602756516
2017-07-31,sh.601390,25.564968934368164,0.08855400047456394,1.5954849370740384e-06
2017-07-31,sh.601398,26.353639488574824,0.1850484551979777,0.0002467111386393611
2017-07-31,sh.601601,25.239242814150327,0.13313882447895126,0.000503617262977752
2017-07-31,sh.601628,26.088579768755665,0.08338698030000113,0.00021112312932776808
2017-07-31,sh.601633,25.488487028348548,0.06368078974633672,-0.00013499055551965678
2017-07-31,sh.601668,25.699517103872914,0.12527690789498738,-0.00012212565412677212
2017-07-31,sh.601669,25.349013963449174,0.07715777028041071,2.2029829195739793e-05
2017-07-31,sh.601688,24.73348117133529,0.15389979211891955,0.0006508688034075097
2017-07-31,sh.601766,25.73540846618373,0.065296616725661,1.3354740118292209e-05
2017-07-31,sh.601788,24.97397349190379,0.0804446116040914,0.00013962908619770528
2017-07-31,sh.601800,25.842771637947706,0.0663807769821496,-0.00011867204126099555
2017-07-31,sh.601818,25.49172041379253,0.1600053494566236,-4.8027267940817536e-05
2017-07-31,sh.601857,26.54212827032625,0.047817819807248974,-2.1311951529880225e-05
2017-07-31,sh.601878,23.459380918802005,0.2457011140053671,0.001490628553232051
2017-07-31,sh.601881,24.12437591854899,0.22046061482741736,0.001217075651341661
2017-07-31,sh.601888,24.889023726178547,0.07632376875722187,0.00012440246838357449
2017-07-31,sh.601899,25.10779592462498,0.06926847482743242,7.452162833550507e-05
2017-07-31,sh.601901,25.09279275221334,0.05938123900196279,-4.095754030208721e-05
2017-07-31,sh.601919,24.52287182726576,0.05971940719448894,0.000251571522996653
2017-07-31,sh.601939,26.413554182002056,0.1648002294469528,0.00012136846731736355
2017-07-31,sh.601985,25.412100051773763,0.055737243810016115,-6.073909813300194e-05
2017-07-31,sh.601988,26.054357554151814,0.19635793314329908,0.0002800018926328032
2017-07-31,sh.601989,25.43547425560973,0.04179968393061601,-0.00015847332225490553
2017-07-31,sh.601998,25.805336469414886,0.12891604226101386,-8.147771200434895e-05
2017-07-31,sh.603160,24.957242727143328,0.04446248219212054,-7.173735125558497e-05
2017-07-31,sh.603288,24.783517603208523,0.09682926864351173,0.00016181411863109237
2017-07-31,sh.603501,23.95669749640374,0.05024753993760586,-1.4349730034328827e-05
2017-07-31,sh.603799,23.342464765612924,0.19848760374005425,0.0008744101889481534
2017-07-31,sh.603986,22.57343894179952,0.22813060138966496,0.0012577390119746712
2017-07-31,sh.603993,25.233566466727073,0.06521991295112721,0.00016408962077963047
2017-08-31,sh.600000,25.79134447736305,0.1491365673158634,2.372691739379629e-05
2017-08-31,sh.600009,25.291458428335655,0.048152621539420425,-0.00010967352919700256
2017-08-31,sh.600010,25.590196272349548,0.02680630876317995,1.571565572104614e-05
2017-08-31,sh.600015,25.358717203113525,0.1462931082965428,-0.00011063934009445617
2017-08-31,sh.600016,25.723068817961888,0.1723244728868142,-0.00013640231621231633
2017-08-31,sh.600018,25.343961049700148,0.08288779122924717,8.314978591378793e-05
2017-08-31,sh.600019,25.794006357558793,0.042674363377869305,-0.00037525149178372686
2017-08-31,sh.600028,26.077302001542325,0.10356483722505933,-1.8685306910825565e-05
2017-08-31,sh.600029,25.485246513006253,0.04034496064093128,-0.00022433260420450389
2017-08-31,sh.600030,25.64459318500981,0.06709578166360888,-1.4661720842433704e-05
2017-08-31,sh.600031,25.104241908144225,0.04065658639449342,1.126473664651088e-05
2017-08-31,sh.600036,26.310462770819246,0.0869157826073456,-0.00018163232153433666
2017-08-31,sh.600048,25.261280152539594,0.1177536621158049,1.7754229898394023e-05
2017-08-31,sh.600050,25.826707540113496,0.0047533260773255925,-0.00028388281200223846
2017-08-31,sh.600089,24.696973696770456,0.08099048153355587,-7.923628591314282e-05
2017-08-31,sh.600100,25.360794037984398,-0.026859984217399616,-0.0005256496699800037
2017-08-31,sh.600104,25.778726852408717,0.10962659165916713,4.2785054451153985e-05
2017-08-31,sh.600109,24.892948804752663,0.04748860628301801,-6.768220153090102e-05
2017-08-31,sh.600111,25.53601686817655,-0.010329621067434264,-0.00040189385530318105
2017-08-31,sh.600150,24.90967310010661,-0.010903939154731937,-9.959299391901891e-05
2017-08-31,sh.600196,24.522015273848393,0.14134309408917928,0.0006050805706700501
2017-08-31,sh.600256,24.431362542361715,0.0397027753908641,-7.728100497302547e-05
2017-08-31,sh.600276,24.747619371208945,0.11144580830856761,0.00038070852701808656
2017-08-31,sh.600309,24.598892448188145,0.16507793804055565,0.0006170129699762211
2017-08-31,sh.600332,24.865364004185043,0.06454594787221304,-4.649906543235847e-06
2017-08-31,sh.600340,25.301101240852923,0.08007534456228355,-0.00017398340341065056
2017-08-31,sh.600346,24.79372219439098,0.037355308219221575,-0.000334825899295233
2017-08-31,sh.600372,24.762072816271886,0.0418249968550935,-6.412136011226696e-05
2017-08-31,sh.600406,24.650765458712144,0.06540102905231582,-0.00010090985998021583
2017-08-31,sh.600436,24.528498811261205,0.08090019421571426,0.00023022673194545855
2017-08-31,sh.600438,23.657029363601215,0.19063550855249967,0.0009512341579385191
2017-08-31,sh.600485,24.929839203374762,0.04934803619877587,-7.90120551696873e-06
2017-08-31,sh.600518,25.460806725515916,0.04271118780169135,-0.00014024834322215178
2017-08-31,sh.600519,25.97681733785673,0.0833676290126014,0.00018799039829936755
2017-08-31,sh.600547,24.891373942161128,0.04525174121613221,-0.00014939249754208057
2017-08-31,sh.600570,24.226849010033895,0.04084163328784016,-4.236991575166591e-05
2017-08-31,sh.600585,25.043765457939884,0.13828717801549828,0.00022709333705103675
2017-08-31,sh.600588,23.850550126924393,0.11420728172946437,0.00048764398253330944
2017-08-31,sh.600606,25.206868279371683,0.08727965582209637,-6.0780523753903696e-05
2017-08-31,sh.600637,24.96236281217711,0.06353974259366311,-0.0001549914597885336
2017-08-31,sh.600690,24.896181611205673,0.11880116374828581,0.00026505359382152636
2017-08-31,sh.600703,24.544454672568275,0.14199348073123175,0.0006536802275695254
2017-08-31,sh.600745,23.666219768612912,0.13680717452615082,0.0006931940085563321
2017-08-31,sh.600795,25.24948276965843,0.04102792006359229,-0.0002008218026588775
2017-08-31,sh.600809,23.99222721243987,0.14207090654658694,0.0006579690874655182
2017-08-31,sh.600837,25.69039069773447,0.04939088591601699,-0.00013534734255358358
2017-08-31,sh.600887,24.7281649097133,0.1505721325801887,0.0006440816951471312
2017-08-31,sh.600893,24.817532985227114,0.07869158904162354,0.000215464335646643
2017-08-31,sh.600900,25.786530613746802,0.08538281857976833,9.954344975267868e-06
2017-08-31,sh.600919,25.32495028485474,0.10354589933860948,-0.00023259962315116638
2017-08-31,sh.600958,25.45423724097564,0.03440031551314782,-0.00022607936666349887
2017-08-31,sh.600999,24.94719206036498,0.11589390292191093,0.00033467772125972135
2017-08-31,sh.601006,25.41580398937795,0.08723024436187507,-0.00015572624869086265
2017-08-31,sh.601012,22.87451008449398,0.2980522547667827,0.0013729032031367307
2017-08-31,sh.601088,25.432377617555453,0.1639985117528955,0.0003152438467646765
2017-08-31,sh.601111,25.71251501003778,0.03703125637570195,-0.00023155496454747423
2017-08-31,sh.601118,24.78444901214776,0.028904466284339694,-0.00011398367061115294
2017-08-31,sh.601127,24.008686109431284,0.11857466373358672,0.000443246437360166
2017-08-31,sh.601166,25.869414211028598,0.1467106327381252,-9.12575685241773e-05
2017-08-31,sh.601169,25.28874736165342,0.1529796757400168,-9.993772591617366e-05
2017-08-31,sh.601186,25.68333349024179,0.0715658928707789,-0.00019133519116970338
2017-08-31,sh.601198,25.128598214350752,0.032819664113883366,-0.000141997007188294
2017-08-31,sh.601211,25.543105511769845,0.07291138231579718,1.2331258183731272e-05
2017-08-31,sh.601225,24.923465025046593,0.12952399425240635,0.0002326383638811958
2017-08-31,sh.601229,25.108419315578466,0.17175853065612967,-0.00023471785413637668
2017-08-31,sh.601288,26.321712612150346,0.16858841311682954,3.675092247950902e-05
2017-08-31,sh.601318,26.449514806831868,0.07174232219998306,-0.00010479924532339093
2017-08-31,sh.601328,26.05378126683632,0.13498953536048414,-0.00015834468226385326
2017-08-31,sh.601336,25.85294640977783,0.01878087332734324,-0.00030006724535770334
2017-08-31,sh.601360,23.653975999843258,0.05402324252795954,-1.5466544501880274e-05
2017-08-31,sh.601377,25.029680686121623,0.056793151217371,-8.401434127662931e-05
2017-08-31,sh.601390,25.65356784417562,0.07750589950457962,-8.259347902752956e-05
2017-08-31,sh.601398,26.59019227204804,0.1522247741817747,4.911324113486238e-05
2017-08-31,sh.601601,25.961426893471252,0.04737449957495127,-0.00013724452226328195
2017-08-31,sh.601628,26.541905652043596,0.02927837564376569,-0.00020285450630142516
2017-08-31,sh.601633,25.452438175076917,0.06746877798914998,-0.00011543611132420328
2017-08-31,sh.601668,25.842293100709128,0.10848264244439887,-0.0002759883839082366
2017-08-31,sh.601669,25.464441990691675,0.06295803234676385,-8.58899110890084e-05
2017-08-31,sh.601688,25.55785342165472,0.05655885298544491,-7.221890219320218e-05
2017-08-31,sh.601766,25.843858350951653,0.051953019360163166,-8.922558672639638e-05
2017-08-31,sh.601788,25.24114057633164,0.04858150725661812,-0.00010153860340469118
2017-08-31,sh.601800,25.890088530499828,0.05980891638406116,-0.00017898493187719637
2017-08-31,sh.601818,25.595755967488234,0.14738067989127174,-0.0001530901186640813
2017-08-31,sh.601857,26.5547007463388,0.046108054416210235,-3.479117998025511e-05
2017-08-31,sh.601878,25.456465148809222,0.012823553281447395,-0.0002917034086542231
2017-08-31,sh.601881,25.58276449070845,0.04931899482602933,-6.69524565909262e-05
2017-08-31,sh.601888,24.480959545152036,0.12917215746729985,0.0005407848084946597
2017-08-31,sh.601899,25.07966313722049,0.07373120206411304,0.00011245731949184736
2017-08-31,sh.601901,25.40737631398558,0.021141816081287956,-0.0003367659649217733
2017-08-31,sh.601919,25.260596225342773,-0.027671492716597496,-0.0004350663942449874
2017-08-31,sh.601939,26.581954036584918,0.14208560962556016,-2.528747036707239e-05
2017-08-31,sh.601985,25.48419716732094,0.04616571505484792,-0.00013742363336433422
2017-08-31,sh.601988,26.48744653297382,0.13799421666726847,-0.00010573771416299923
2017-08-31,sh.601989,25.43547425560973,0.04179968393061601,-0.00015847332225490553
2017-08-31,sh.601998,25.8608019463016,0.12260896836262972,-0.0001445289562989674
2017-08-31,sh.603160,24.704153999602863,0.07538709476104087,0.0001669988905136465
2017-08-31,sh.603288,24.354417832338,0.15203575073085263,0.0006034736617586713
2017-08-31,sh.603501,23.165693421574222,0.14956663128505832,0.0007580439066020035
2017-08-31,sh.603799,24.093138247173155,0.11404197912873279,0.00026245290991147336
2017-08-31,sh.603986,22.65394051570366,0.22994100249396907,0.001323691095623311
2017-08-31,sh.603993,25.255116628880774,0.0648204228473277,0.00016289621572229137
2017-09-29,sh.600000,25.45791169175651,0.1336594380454365,-9.663701263910049e-05
2017-09-29,sh.600009,24.81087403343259,0.13279298539145667,0.0005485652600926614
2017-09-29,sh.600010,25.521196791606485,0.024550634081983352,-1.8264778853003413e-06
2017-09-29,sh.600015,25.454962483219813,0.14952301723678185,-8.55206939358046e-05
2017-09-29,sh.600016,25.255415154057008,0.20284135167238077,0.0001009240896597856
2017-09-29,sh.600018,24.286257596507188,0.20815949873537398,0.0010573740605781985
2017-09-29,sh.600019,25.23953956101574,0.10718237017274085,0.00012642017359775558
2017-09-29,sh.600028,25.337369665974478,0.10988284905027745,3.044917533005273e-05
2017-09-29,sh.600029,25.17742172199824,0.09293806495495029,0.00018467817662299387
2017-09-29,sh.600030,25.561763271224443,0.04555639927451498,-0.00018217112581887728
2017-09-29,sh.600031,25.101373638195103,0.08673900470326251,0.0003696426293518275
2017-09-29,sh.600036,25.153920290402805,0.13672365756459492,0.0002057180372881345
2017-09-29,sh.600048,25.204856483837187,0.13587184927264911,0.0001586573762871928
2017-09-29,sh.600050,25.270512741095647,0.055145937402531056,0.00010801497716410435
2017-09-29,sh.600089,25.313344390638782,0.09806926314805742,5.358351802962592e-05
2017-09-29,sh.600100,25.816426969709873,-0.024580234667302706,-0.0005079203087692846
2017-09-29,sh.600104,25.220098905808193,0.12264813956336754,0.00014405219860145677
2017-09-29,sh.600109,25.692827277235413,0.01830681732444228,-0.0002946257608352866
2017-09-29,sh.600111,25.75718390789763,-0.006301978683028522,-0.00037057132399367996
2017-09-29,sh.600150,25.381969571936544,0.0006674311404451655,-9.603721344117233e-06
2017-09-29,sh.600196,24.760761254865777,0.13981551004246884,0.0005932007177525617
2017-09-29,sh.600256,25.381969571936544,0.04850463883217633,-8.829882229382715e-06
2017-09-29,sh.600276,24.924073943754575,0.11846152997564321,0.0004352690218690076
2017-09-29,sh.600309,25.83413598001764,0.028130392975934317,-0.00044801300766623373
2017-09-29,sh.600332,24.796674561091063,0.13701550760034714,0.0005589378792937028
2017-09-29,sh.600340,25.418254658143958,0.09558590104682445,-5.3359513614511336e-05
2017-09-29,sh.600346,25.301040940481464,0.0887819901428384,6.511374304565705e-05
2017-09-29,sh.600372,25.58554118666625,0.022569181046834225,-0.00021387171925026617
2017-09-29,sh.600406,25.290949355687427,0.08798798942448448,7.474644361390239e-05
2017-09-29,sh.600436,24.769642237641506,0.12697374729151362,0.000588535680710187
2017-09-29,sh.600438,25.218528922758786,0.08731255147207176,0.00014770289839263304
2017-09-29,sh.600485,25.381969571936544,0.04934803619877587,-7.90120551696873e-06
2017-09-29,sh.600518,25.142343440871144,0.08913729156620463,0.00022080235342669463
2017-09-29,sh.600519,24.65293094329122,0.14944914274239166,0.0007018990538430191
2017-09-29,sh.600547,25.611608104157025,0.03391569351521872,-0.00023755169221453655
2017-09-29,sh.600570,25.379023541426285,0.04396962212623913,-1.804389100183506e-05
2017-09-29,sh.600585,25.208841611554018,0.1300729651584156,0.00016321230819031754
2017-09-29,sh.600588,25.453466221090803,0.042130930767582064,-7.28858620276662e-05
2017-09-29,sh.600606,25.37697072229414,0.09410154006385292,-7.727481214790918e-06
2017-09-29,sh.600637,25.367147945791295,0.08352018606325891,3.942488774730295e-07
2017-09-29,sh.600690,24.83142694783413,0.15226700545173727,0.0005253137595735133
2017-09-29,sh.600703,24.94497419749282,0.11218203758129958,0.0004218399169549236
2017-09-29,sh.600745,24.834630635185313,0.11536952234297343,0.0005264757481890224
2017-09-29,sh.600795,25.314033398483136,0.07254943968452626,4.431758436131193e-05
2017-09-29,sh.600809,25.15184632547391,0.08477847917383516,0.00021241218868809348
2017-09-29,sh.600837,25.45827136350126,0.05555399403815329,-8.741752935395971e-05
2017-09-29,sh.600887,25.10174314980086,0.1011538211795983,0.00025976092920702046
2017-09-29,sh.600893,25.48535479869497,0.03517590461872616,-0.00012295235027063935
2017-09-29,sh.600900,25.17243583987853,0.10885625753305324,0.00019250469487789733
2017-09-29,sh.600919,25.46349298008063,0.11962147013661256,-0.00010758167925721136
2017-09-29,sh.600958,25.5762461592842,0.03106568526042925,-0.0002520124189376516
2017-09-29,sh.600999,25.8599895351231,0.011185528890576002,-0.0004796277733546788
2017-09-29,sh.601006,25.231604174693008,0.1262502820940089,0.00014772828796185127
2017-09-29,sh.601012,24.954650195650622,0.17341043780970453,0.00040357751791028135
2017-09-29,sh.601088,25.412487859342704,0.12058897804281685,-2.2347316748068815e-05
2017-09-29,sh.601111,25.05002761127851,0.10671445968156011,0.00031036363422010533
2017-09-29,sh.601118,25.516433185334726,0.025567935341148366,-0.00013993150434581293
2017-09-29,sh.601127,25.274613643516346,0.07358696504499734,9.338205859316882e-05
2017-09-29,sh.601166,25.349357065304776,0.1604326786003601,1.545727110865622e-05
2017-09-29,sh.601169,25.44243823034547,0.15650760074526643,-7.250144163672707e-05
2017-09-29,sh.601186,25.347104070889348,0.09867236092653904,1.9468826002692708e-05
2017-09-29,sh.601198,25.690631548333688,0.013032506364166307,-0.00029587955409494937
2017-09-29,sh.601211,25.675679143528747,0.03493937337907552,-0.00028297287393340225
2017-09-29,sh.601225,25.783513530484623,0.06643837761162039,-0.00025797152990205037
2017-09-29,sh.601229,25.43248426305979,0.19185983700540887,-7.839220816419383e-05
2017-09-29,sh.601288,25.460694910807504,0.1524436519088856,-8.880510761347953e-05
2017-09-29,sh.601318,24.67400841430911,0.1722900623212677,0.0006771494575312685
2017-09-29,sh.601328,25.441449555023382,0.14617163512867734,-7.138272371179727e-05
2017-09-29,sh.601336,24.901049715744715,0.11595174396910266,0.00045561991540720733
2017-09-29,sh.601360,25.381969571936544,0.05402324252795954,-1.5466544501880274e-05
2017-09-29,sh.601377,25.666012825289148,0.027722170394095483,-0.00031009615791470317
2017-09-29,sh.601390,25.251594950049085,0.10244791503070347,0.00011137782916604685
2017-09-29,sh.601398,25.31931732308507,0.15209144086905144,4.807632264414834e-05
2017-09-29,sh.601601,24.78649328309638,0.138073892681516,0.0005681146703335273
2017-09-29,sh.601628,24.885991423133962,0.11622613754653222,0.00047332866354379876
2017-09-29,sh.601633,25.5720726434924,0.05597100906619916,-0.00020485299413210248
2017-09-29,sh.601668,25.292852149001256,0.15321783624739266,7.191229216869752e-05
2017-09-29,sh.601669,25.480278206498006,0.05983532296702239,-0.00011017487807022069
2017-09-29,sh.601688,25.888837898188516,-0.0002970041090782499,-0.0005143806419908827
2017-09-29,sh.601766,24.717456511148047,0.14536162932979976,0.0006372028870822593
2017-09-29,sh.601788,25.534465064955583,0.04099686596363241,-0.00016052352353829237
2017-09-29,sh.601800,25.438442533017557,0.07391837340209635,-6.925723834646269e-05
2017-09-29,sh.601818,25.391251386581203,0.16307238822409542,-3.1057430891840604e-05
2017-09-29,sh.601857,25.250235181360228,0.06554310065730204,0.00011635303449747045
2017-09-29,sh.601878,26.096734664467437,-0.04127708389582502,-0.0007124381065534504
2017-09-29,sh.601881,26.011696779062603,-0.021448540405794178,-0.0006173037853427871
2017-09-29,sh.601888,24.632104442163037,0.15213996912762953,0.0007194029506184039
2017-09-29,sh.601899,25.556813057103444,0.036673719420199404,-0.00017573464235149264
2017-09-29,sh.601901,25.709801106624486,0.006891308288147449,-0.00044759059479833856
2017-09-29,sh.601919,25.360145856806856,0.02960015220130558,1.0328881669591701e-05
2017-09-29,sh.601939,25.279496740242596,0.15630267916190832,8.527711386855679e-05
2017-09-29,sh.601985,25.21568076131199,0.08294143899558083,0.0001485771220709411
2017-09-29,sh.601988,25.5462036223239,0.12964709041271585,-0.00017065239587974723
2017-09-29,sh.601989,25.381969571936544,0.04179968393061601,-0.00015847332225490553
2017-09-29,sh.601998,25.42970461868052,0.13324012450146644,-6.185162568386618e-05
2017-09-29,sh.603160,24.958554855788172,0.10590243038961014,0.0004043132954237093
2017-09-29,sh.603288,25.07419486139375,0.11147073396688202,0.00028800399330463424
2017-09-29,sh.603501,24.95966413072366,0.1032725419913415,0.0003980198719554338
2017-09-29,sh.603799,25.238130364996458,0.07797727681972791,-1.8018308589797286e-05
2017-09-29,sh.603986,24.433672521149155,0.1778852633930301,0.000918859344884608
2017-09-29,sh.603993,25.703222174465783,0.0050520904864603255,-0.00030191552350717206
2017-10-31,sh.600000,25.745284693993707,0.15524661556905905,6.484647795715573e-05
2017-10-31,sh.600009,25.41626654835963,0.0372932348874508,-0.00017605778612819176
2017-10-31,sh.600010,25.433668780199724,0.042220120230179466,0.0001341250575638792
2017-10-31,sh.600015,25.162452138939237,0.17367467832996125,5.8441827885608624e-05
2017-10-31,sh.600016,25.35346057644957,0.21859466439809164,0.0002253070523941348
2017-10-31,sh.600018,26.100490629087954,-0.0020645388215340676,-0.0005181281993770716
2017-10-31,sh.600019,24.55118226125926,0.19797341906189306,0.0008057091789884439
2017-10-31,sh.600028,26.038939406234274,0.1083640961743831,2.3789970148482293e-05
2017-10-31,sh.600029,24.255000267618694,0.19461606970915132,0.0009741773591133367
2017-10-31,sh.600030,25.204876573407528,0.1205986099405473,0.00038970845129765805
2017-10-31,sh.600031,24.67086200597397,0.09755850208247169,0.00045824114102091014
2017-10-31,sh.600036,25.88615985673998,0.1401213189098443,0.00023903446403594815
2017-10-31,sh.600048,24.731183036727305,0.18379858391892637,0.0005621009041283831
2017-10-31,sh.600050,25.84589095112537,-0.0007705505416871344,-0.0003275302983969367
2017-10-31,sh.600089,24.6445554805999,0.08757215382296345,-2.8051345275901572e-05
2017-10-31,sh.600100,24.685076495489053,0.03951037857873921,1.1569616458584233e-05
2017-10-31,sh.600104,25.938466155404473,0.0896667881129252,-8.511584171162184e-05
2017-10-31,sh.600109,24.739839512927,0.06199749409952467,2.9386744226412613e-05
2017-10-31,sh.600111,25.10424404117898,0.030415085935217676,-8.760969177327651e-05
2017-10-31,sh.600150,24.805105016102004,-0.00030747800298655537,-9.603721344117233e-06
2017-10-31,sh.600196,25.60976613257841,0.018204311492316244,-0.00030638398869292633
2017-10-31,sh.600256,24.235772280823845,0.06325133982653951,0.00010451688485532532
2017-10-31,sh.600276,25.37197871562879,0.04245783018172147,-0.0001232353957744039
2017-10-31,sh.600309,25.107817951889658,0.1016933872701757,0.00013408625172169248
2017-10-31,sh.600332,24.94692462275232,0.06023823080219243,-1.2586536720809342e-05
2017-10-31,sh.600340,24.95594629395361,0.12338901006540937,0.00013710432381200443
2017-10-31,sh.600346,23.736779728703752,0.16850683588531146,0.0006629816928634056
2017-10-31,sh.600372,24.95611500204026,0.013741863815054961,-0.00028734653981286044
2017-10-31,sh.600406,24.108667986380244,0.13346721238437848,0.0004284333525133979
2017-10-31,sh.600436,25.22551996176137,0.004776558580171772,-0.00034584252795277206
2017-10-31,sh.600438,24.24630603973406,0.1273624005485594,0.0005103604672393054
2017-10-31,sh.600485,24.929839203374762,0.04934803619877587,-7.90120551696873e-06
2017-10-31,sh.600518,25.365085073170423,0.055884359342147666,-3.380780874796014e-05
2017-10-31,sh.600519,26.215569305684266,0.06402792448059239,6.704622839861629e-05
2017-10-31,sh.600547,24.622635311038312,0.0751361856654496,6.380458649765878e-05
2017-10-31,sh.600570,24.505547842529616,0.005550318966091386,-0.00031699047538612647
2017-10-31,sh.600585,24.587216825567506,0.19533979454429262,0.0007249231630079868
2017-10-31,sh.600588,24.846760535490574,-0.005380382510064202,-0.0004332428691069574
2017-10-31,sh.600606,25.301361467998426,0.07531469425183307,-0.00015885140738956257
2017-10-31,sh.600637,25.241506952324567,0.02779201454482509,-0.00044475870801000963
2017-10-31,sh.600690,25.28712044400423,0.07461113176349628,-1.4397697392781163e-05
2017-10-31,sh.600703,25.57467052753577,0.02561034497731006,-0.0002180384275981103
2017-10-31,sh.600745,24.072804456456613,0.10334524874400355,0.00044789058752030703
2017-10-31,sh.600795,25.016994929097912,0.06900795697666426,1.0559888633822206e-05
2017-10-31,sh.600809,25.45562307714399,-0.030752055494874128,-0.0006601028480946649
2017-10-31,sh.600837,25.587114597441296,0.06037738426442284,-6.107608718998884e-05
2017-10-31,sh.600887,25.63103334281514,0.04648306058831905,-0.00012194355300303424
2017-10-31,sh.600893,25.448962577508745,0.0012959580176541419,-0.00038411970123006445
2017-10-31,sh.600900,25.709280229389897,0.09634517992311788,0.00011479458793829303
2017-10-31,sh.600919,25.21463870516821,0.11987815965841035,-0.00016359300180617887
2017-10-31,sh.600958,25.14584014864482,0.06858590945233461,2.6869655820386153e-05
2017-10-31,sh.600999,25.185692282283785,0.0845676112904013,7.955178679297334e-05
2017-10-31,sh.601006,25.35648321646684,0.09470176352037502,-9.994254222238009e-05
2017-10-31,sh.601012,24.599052808667267,0.08043019790045848,-0.0001020441242534879
2017-10-31,sh.601088,25.235373280655878,0.18734652122471165,0.0005429462132360611
2017-10-31,sh.601111,24.847618358210106,0.14650797152680084,0.0006244444266583689
2017-10-31,sh.601118,24.983320161932703,2.1718388828737e-05,-0.00034017782404083263
2017-10-31,sh.601127,25.001815483897197,0.00018992849446861082,-0.00045575299397548804
2017-10-31,sh.601166,25.775978618594436,0.15909840412965218,-5.8641696906314026e-06
2017-10-31,sh.601169,25.13918047747972,0.17433881329031337,2.6552069862423212e-05
2017-10-31,sh.601186,25.5544864229631,0.08747000014679032,-8.510762072368936e-05
2017-10-31,sh.601198,25.016619747657572,0.040591075497112425,-9.451034876489358e-05
2017-10-31,sh.601211,25.45950943260191,0.08110703258101042,5.537072570072257e-05
2017-10-31,sh.601225,24.636763159612112,0.16708453369941106,0.0004703716032549804
2017-10-31,sh.601229,25.397715303716055,0.1350251637655468,-0.0005519624633241383
2017-10-31,sh.601288,26.367573818120032,0.16331404804414354,-1.1931988092477953e-05
2017-10-31,sh.601318,26.105711282709407,0.11814618280304091,0.0003029525265760223
2017-10-31,sh.601328,25.82271897371295,0.1670780932759045,3.981073621605442e-05
2017-10-31,sh.601336,25.66428046729382,0.04431386586634877,-9.667896944897704e-05
2017-10-31,sh.601360,6.500517286992757,2.207824957384526,0.01673441222061736
2017-10-31,sh.601377,24.892440956289178,0.07053180398819117,4.768107388107601e-06
2017-10-31,sh.601390,25.719185085168796,0.06952751934211318,-0.00013896932611066673
2017-10-31,sh.601398,26.781499926422764,0.12686197773607377,-0.00012141735392814845
2017-10-31,sh.601601,25.98229076414718,0.049289110106153756,-0.00010258755345552903
2017-10-31,sh.601628,26.430812154231308,0.04665434568326224,-6.007872380605361e-05
2017-10-31,sh.601633,25.395416173017516,0.07299875409144632,-9.806046911778289e-05
2017-10-31,sh.601668,25.490626196033716,0.15477120409015788,4.284987568644665e-05
2017-10-31,sh.601669,25.632278071272463,0.04053022284013032,-0.0002723480475706203
2017-10-31,sh.601688,25.47600380873017,0.06095927264876174,-7.008088051094482e-05
2017-10-31,sh.601766,25.78590505209016,0.06514555900835106,3.6411893800798145e-05
2017-10-31,sh.601788,25.090714638714395,0.06472812024978791,1.3019627587170351e-05
2017-10-31,sh.601800,25.977369170750592,0.047631999309479436,-0.000294039687059009
2017-10-31,sh.601818,25.311814180007243,0.18553597364206492,0.00010520818401217109
2017-10-31,sh.601857,26.591250617522412,0.04302883713899874,-5.6667588505745436e-05
2017-10-31,sh.601878,25.23488712389741,0.025499408532944155,-0.00021664375317898674
2017-10-31,sh.601881,25.730809125963,0.022151017929254196,-0.0003096931470880685
2017-10-31,sh.601888,25.180005180021173,0.056531950756387186,1.5573426879062597e-05
2017-10-31,sh.601899,24.92701946818097,0.092196323766778,0.0002536346993280489
2017-10-31,sh.601901,25.228201796977896,0.035615277495369246,-0.00023502107544355624
2017-10-31,sh.601919,25.114966541864508,-0.018293797173736415,-0.00034997740996889007
2017-10-31,sh.601939,26.59371337484387,0.13964895334611957,-2.503810473392028e-05
2017-10-31,sh.601985,25.574433403423466,0.03519916431158764,-0.00022112976425329726
2017-10-31,sh.601988,26.36372156819314,0.15722647433444242,-1.959885654202282e-05
2017-10-31,sh.601989,25.4657410424945,0.03799936245686104,-0.00018802800387429232
2017-10-31,sh.601998,25.619468227951405,0.1548302457355531,6.738039427871186e-05
2017-10-31,sh.603160,24.767698628525913,0.07516082938084491,0.0001799431262861503
2017-10-31,sh.603288,25.275947776183294,0.044050560003475445,-0.00018221039348456888
2017-10-31,sh.603501,23.269898140256824,0.1523801682749056,0.000801509816094714
2017-10-31,sh.603799,25.002189017218782,0.0062927960594750115,-0.0005538736971777009
2017-10-31,sh.603986,24.283980185886627,0.05080394638800291,-7.126539356304132e-06
2017-10-31,sh.603993,25.43780913865453,0.03910354769788537,-3.9416366935923795e-05
2017-11-30,sh.600000,25.93965058402343,0.1298882789848281,-0.00011346701047866537
2017-11-30,sh.600009,24.92944608005745,0.09641605548211497,0.0002765802605643023
2017-11-30,sh.600010,25.636083738027562,0.0168047395433904,-6.352755935838916e-05
2017-11-30,sh.600015,25.356184056918398,0.14815593822342787,-0.00012115847507296795
2017-11-30,sh.600016,25.83546871110748,0.1528595587941101,-0.00021344580707356446
2017-11-30,sh.600018,25.912310627492783,0.01601150246964264,-0.00040672663708681516
2017-11-30,sh.600019,25.78646286267091,0.04579230741106207,-0.0003022442658344549
2017-11-30,sh.600028,26.019379152289815,0.11080948823703933,4.777242056297831e-05
2017-11-30,sh.600029,25.098737844029454,0.09772193146771598,0.0002667935936754965
2017-11-30,sh.600030,25.87552573758745,0.03988729450556753,-0.0002151043482241262
2017-11-30,sh.600031,25.06425856135038,0.05304571253673308,0.0001200925645563063
2017-11-30,sh.600036,26.178146813121582,0.1032751330528332,-1.3167211999423134e-05
2017-11-30,sh.600048,24.931953094978557,0.15821604215163443,0.0004372646506506964
2017-11-30,sh.600050,25.804965720951277,-0.001310256966763193,-0.00033308040508649134
2017-11-30,sh.600089,24.661415051175133,0.0854046052812757,-4.646329963655526e-05
2017-11-30,sh.600100,25.226700158733152,-0.02657942868324681,-0.0005048028275385733
2017-11-30,sh.600104,25.714655409881402,0.11771297948401463,0.00012387863167800394
2017-11-30,sh.600109,25.20828516898532,0.003417809344127068,-0.00042532255937199307
2017-11-30,sh.600111,24.901348648808654,0.054486638405368035,9.928774147371886e-05
2017-11-30,sh.600150,24.805105016102004,-0.00030747800298655537,-9.603721344117233e-06
2017-11-30,sh.600196,24.464204542123333,0.15824381167554596,0.000771611251154686
2017-11-30,sh.600256,23.743420643482473,0.12670456614777026,0.000600132755819477
2017-11-30,sh.600276,25.0239586437694,0.08476303668746552,0.00020155233170099826
2017-11-30,sh.600309,25.325244769950505,0.07512372116024038,-5.987687183716014e-05
2017-11-30,sh.600332,24.94692462275232,0.06023823080219243,-1.2586536720809342e-05
2017-11-30,sh.600340,25.216252214524395,0.0907085744881765,-9.688003367556351e-05
2017-11-30,sh.600346,24.15005930968623,0.12069962958031,0.00034205479978595144
2017-11-30,sh.600372,24.781417297205426,0.03158318407273272,-0.00015438504789963716
2017-11-30,sh.600406,24.753635886324833,0.05563937595466688,-0.00014578155583073245
2017-11-30,sh.600436,24.731487037818216,0.06163809744970003,8.962937400109295e-05
2017-11-30,sh.600438,24.5566888061031,0.0941574014847514,0.0002722269742049924
2017-11-30,sh.600485,24.929839203374762,0.04934803619877587,-7.90120551696873e-06
2017-11-30,sh.600518,25.142927624498288,0.08353270712923737,0.00018037217163736362
2017-11-30,sh.600519,25.908733916340953,0.10355689766450903,0.00037680262356561177
2017-11-30,sh.600547,24.581008121205677,0.08113818863227057,0.00011460387487539377
2017-11-30,sh.600570,24.2051237370778,0.0383572697108323,-6.469376040366026e-05
2017-11-30,sh.600585,25.665214260931307,0.0611042380711244,-0.0002390695674997831
2017-11-30,sh.600588,24.22281625581605,0.06652765058706955,0.00011516467681707204
2017-11-30,sh.600606,25.094871636225786,0.10095737297204908,2.293047820888953e-05
2017-11-30,sh.600637,25.014024819451844,0.05433010783921764,-0.0002835621260385704
2017-11-30,sh.600690,24.947662530876734,0.11721792202932428,0.0003167912820895638
2017-11-30,sh.600703,25.16268025192043,0.074420302232661,0.00015504926198842158
2017-11-30,sh.600745,24.719007803396302,0.028975084315192717,-0.00012595331207053412
2017-11-30,sh.600795,25.37447014987264,0.024454750540040954,-0.00033419045427867793
2017-11-30,sh.600809,24.001274464439767,0.14247177937044772,0.0006652284505584737
2017-11-30,sh.600837,25.904730682838938,0.02002850466093417,-0.00037766824050216213
2017-11-30,sh.600887,25.04535494772536,0.11877979288127635,0.00043536490964177547
2017-11-30,sh.600893,25.09475783438972,0.040168980648834215,-8.895851434011421e-05
2017-11-30,sh.600900,26.054914751558137,0.05372506533559593,-0.0002061150996173334
2017-11-30,sh.600919,25.28286427218061,0.11270241108645837,-0.0002485933280909487
2017-11-30,sh.600958,25.668455160574926,0.004054072158224981,-0.00047172997397035
2017-11-30,sh.600999,25.681632272404567,0.02304197441754237,-0.0003925811815951537
2017-11-30,sh.601006,25.145834379684388,0.12132894560828057,9.21494568595757e-05
2017-11-30,sh.601012,23.97881472114091,0.158068866848326,0.0004917053069345512
2017-11-30,sh.601088,25.95136347151681,0.09593400989983533,-8.971241391480983e-05
2017-11-30,sh.601111,25.183175691833682,0.11073865904969915,0.00037504798555663385
2017-11-30,sh.601118,24.656438976918462,0.03543924940972351,-6.72063625584696e-05
2017-11-30,sh.601127,24.510128290704888,0.05628657392616811,-3.862492743548554e-05
2017-11-30,sh.601166,25.895652654134828,0.14391361790572632,-0.00012132480376663348
2017-11-30,sh.601169,25.322360011342784,0.1506204400973482,-0.00014702510168746174
2017-11-30,sh.601186,25.664674239730633,0.07353494644377587,-0.00020217559569060412
2017-11-30,sh.601198,25.36281560929732,-0.00422008811182388,-0.00044605071363385625
2017-11-30,sh.601211,25.835317824855956,0.03431073198070508,-0.0003047876072789145
2017-11-30,sh.601225,25.208948648650686,0.09366145360971179,-4.5559139638183254e-05
2017-11-30,sh.601229,25.016750652746328,0.17508876257708975,-0.0002549920862677828
2017-11-30,sh.601288,26.277113351863893,0.174672335058484,7.640015927156142e-05
2017-11-30,sh.601318,26.468663323439507,0.07476091078021477,-1.1005156710600274e-05
2017-11-30,sh.601328,25.943868732290323,0.1510454989347787,-7.147476897492017e-05
2017-11-30,sh.601336,25.10372419619156,0.11362420182501341,0.00043956390018954413
2017-11-30,sh.601360,24.737297933033116,0.013795915444128698,-0.00023540777086966373
2017-11-30,sh.601377,25.23533122825141,0.027850926354542012,-0.0003250917212223377
2017-11-30,sh.601390,25.68912479582276,0.072753003590775,-0.0001262623114110153
2017-11-30,sh.601398,26.477801549979727,0.16619515914672733,0.00016051191682644314
2017-11-30,sh.601601,25.907418627912993,0.05767585822108606,-4.149286406070753e-05
2017-11-30,sh.601628,26.438108274468302,0.0450759690992039,-7.377780053313611e-05
2017-11-30,sh.601633,25.2708190880924,0.08823886101645836,1.300472326677942e-05
2017-11-30,sh.601668,25.80322904297941,0.11482750288411127,-0.00025474940716168785
2017-11-30,sh.601669,25.357278402536693,0.07307340397325666,-3.942468189117017e-05
2017-11-30,sh.601688,25.814532696202317,0.017973008401804214,-0.00040742790294808596
2017-11-30,sh.601766,25.67638673359061,0.07946168374541498,0.00014970808133652752
2017-11-30,sh.601788,25.512744349037774,0.012010336773924268,-0.00039581492472729764
2017-11-30,sh.601800,25.95597604720393,0.048984369032066113,-0.0003118790206566194
2017-11-30,sh.601818,25.57602540415652,0.15015542260173692,-0.00013615425582360756
2017-11-30,sh.601857,26.576521894514887,0.04422797351724431,-4.822508344864285e-05
2017-11-30,sh.601878,24.92573981611017,0.06146124497621855,5.757292347068109e-05
2017-11-30,sh.601881,25.819830121219933,0.007513457907054308,-0.0004393063762996179
2017-11-30,sh.601888,25.059648156978444,0.07202479500718774,0.0001368607482689132
2017-11-30,sh.601899,24.616860297387802,0.13413261921273384,0.0005897401378161164
2017-11-30,sh.601901,25.463320056662344,0.004528124319717719,-0.0004791263222347505
2017-11-30,sh.601919,24.432487572106666,0.05987438797882273,0.000269134985684301
2017-11-30,sh.601939,26.297510073126833,0.17694919852828211,0.0002628305436455952
2017-11-30,sh.601985,25.33303715227593,0.0631999089101345,-1.3799309678681727e-05
2017-11-30,sh.601988,26.314649052561787,0.1635312242812409,2.707834653649922e-05
2017-11-30,sh.601989,25.51076458948009,0.03185764247916503,-0.00023593921339559067
2017-11-30,sh.601998,25.809777649434963,0.13002648799139105,-0.00010758410984574687
2017-11-30,sh.603160,25.482013505841916,-0.011933613146714983,-0.0004930422076894152
2017-11-30,sh.603288,24.701832092810132,0.11444566358503916,0.0003552902855760637
2017-11-30,sh.603501,23.229707449583582,0.16856977808028206,0.0009387459709871063
2017-11-30,sh.603799,24.740342262537542,0.03414912629800447,-0.00035383346471002265
2017-11-30,sh.603986,24.283980185886627,0.05080394638800291,-7.126539356304132e-06
2017-11-30,sh.603993,25.47938131938683,0.03309002906870765,-8.686781602060818e-05
2017-12-29,sh.600000,25.20879258543684,0.16333197306139224,0.00014662091561786078
2017-12-29,sh.600009,25.224956160018163,0.07939707169772406,0.0001442254977615147
2017-12-29,sh.600010,25.35140749932607,0.046057518010995425,0.000163968077540528
2017-12-29,sh.600015,25.026940161778192,0.20648127980107006,0.00033243128373393083
2017-12-29,sh.600016,25.08177643679599,0.21508537356964286,0.00027047750228286334
2017-12-29,sh.600018,25.048452337449,0.10857274364965387,0.00031311194295508037
2017-12-29,sh.600019,24.798955589568664,0.15623266781737757,0.000556638255626
2017-12-29,sh.600028,24.799395642975046,0.1761303993631653,0.000555765953413611
2017-12-29,sh.600029,25.429274122243864,0.055540244918244684,-6.12487376766992e-05
2017-12-29,sh.600030,24.719448001208807,0.14988381460344136,0.0006403264760321755
2017-12-29,sh.600031,25.332234600411667,0.056147300761267116,0.00014421327463927982
2017-12-29,sh.600036,24.744652416148984,0.18280873022378205,0.000605356815155946
2017-12-29,sh.600048,24.56372677421553,0.20289176579721058,0.0007847028338621002
2017-12-29,sh.600050,24.995960455790023,0.08988148140222674,0.0003761077024003554
2017-12-29,sh.600089,25.41990231594349,0.08488973956873225,-5.0467353587266315e-05
2017-12-29,sh.600100,25.351282756172555,0.03142357840828018,-5.3719828535515625e-05
2017-12-29,sh.600104,25.106252746466577,0.13460163289279645,0.0002552198295013383
2017-12-29,sh.600109,25.366207999898435,0.06123417430902265,2.43089443648217e-05
2017-12-29,sh.600111,25.678268761158726,0.00397793765985148,-0.0002935128623309032
2017-12-29,sh.600150,25.381969571936544,-0.00030747800298655537,-9.603721344117233e-06
2017-12-29,sh.600196,25.712266596218694,0.0158309394958646,-0.00033591797363328015
2017-12-29,sh.600256,25.404256933188055,0.045602012246469335,-3.059287505820393e-05
2017-12-29,sh.600276,25.016301329147282,0.10323561341531827,0.0003452115267590272
2017-12-29,sh.600309,25.381969579357445,0.08198917371268961,-6.485003343424953e-06
2017-12-29,sh.600332,25.9164825350689,-0.0068756356126951634,-0.0005345236854163374
2017-12-29,sh.600340,23.7449076252026,0.30641147320716294,0.0015806176569920412
2017-12-29,sh.600346,24.607581678589863,0.17216014524521955,0.0007422575634071873
2017-12-29,sh.600372,25.511026797474273,0.0332901096289319,-0.00014111047581149864
2017-12-29,sh.600406,25.659586210720423,0.03770988071580547,-0.0002852172659516667
2017-12-29,sh.600436,24.78181654259031,0.12426190226916756,0.0005766478081035217
2017-12-29,sh.600438,25.434740252224323,0.050997671342696976,-6.342149446697965e-05
2017-12-29,sh.600485,25.381969571936544,0.04934803619877587,-7.90120551696873e-06
2017-12-29,sh.600518,25.639191237614774,0.02634686822478057,-0.00026435580035938974
2017-12-29,sh.600519,25.020602387992003,0.09919466761241211,0.0003428780408084432
2017-12-29,sh.600547,25.309632145424256,0.0737722129166695,5.7319492858200145e-05
2017-12-29,sh.600570,24.96959895126327,0.09576346714635099,0.0003817479156238248
2017-12-29,sh.600585,24.728318424696486,0.1731669664719912,0.0006324299312031444
2017-12-29,sh.600588,25.05137898225217,0.0928333524697843,0.00031974122364008547
2017-12-29,sh.600606,24.382966590250035,0.22182312287136507,0.0009628901057382917
2017-12-29,sh.600637,25.325559984135097,0.09606476989395042,4.1003745043276104e-05
2017-12-29,sh.600690,24.911080058275786,0.13402970882572854,0.00044753469673279936
2017-12-29,sh.600703,25.703250501454534,0.01351610732885418,-0.00031859595515910667
2017-12-29,sh.600745,26.409518462082854,-0.08487575166610206,-0.0010113587265244638
2017-12-29,sh.600795,25.381969571936544,0.06459550679860611,-2.2020213056661258e-05
2017-12-29,sh.600809,24.82591574724668,0.12516999750559574,0.0005306743982249659
2017-12-29,sh.600837,25.098647047992817,0.10250542466747123,0.0002637456842341423
2017-12-29,sh.600887,25.158920559250028,0.08902032021445452,0.00020392876775146175
2017-12-29,sh.600893,25.661355297026724,0.013699085142667197,-0.00029481197689212
2017-12-29,sh.600900,25.307220897873847,0.08805831568278562,6.089080764011015e-05
2017-12-29,sh.600919,25.0086133134747,0.1879495974647246,0.0003365957543386874
2017-12-29,sh.600958,25.20567536521162,0.07883585658058832,0.00010983972869714232
2017-12-29,sh.600999,24.937270043375385,0.12770637428271545,0.0004213823307713323
2017-12-29,sh.601006,25.141583876232986,0.13977863037125873,0.0002356306236275814
2017-12-29,sh.601012,25.169460846413983,0.11976506387429783,0.00019382084912562413
2017-12-29,sh.601088,24.85955202864329,0.17402328163934694,0.0005175792534058177
2017-12-29,sh.601111,25.113459934001657,0.094456537945075,0.0002484237226728957
2017-12-29,sh.601118,25.178773089175007,0.06848467270884072,0.0001897842555584451
2017-12-29,sh.601127,25.391316003888527,0.05860759865007154,-2.057457374319319e-05
2017-12-29,sh.601166,25.008047380439226,0.20435700394776238,0.0003487367536060363
2017-12-29,sh.601169,25.192698442539083,0.19156067089036038,0.00017136256495279024
2017-12-29,sh.601186,25.17612825165253,0.12350319773709331,0.0001864219922372232
2017-12-29,sh.601198,25.34020140603556,0.05909011999342843,4.630580323708801e-05
2017-12-29,sh.601211,25.06735514735841,0.1134974411824854,0.0003110387103386767
2017-12-29,sh.601225,24.511287584221215,0.22608985765618322,0.0009843219759427568
2017-12-29,sh.601229,24.910089446595403,0.2633893559480559,0.00043171190493517295
2017-12-29,sh.601288,24.763626228180488,0.24095372272702403,0.000591863212427246
2017-12-29,sh.601318,25.108011467498834,0.1087542707434575,0.00025335746045877664
2017-12-29,sh.601328,25.036928201450166,0.2018493527536579,0.0003236212077797166
2017-12-29,sh.601336,25.921207303504353,-0.012403003634167728,-0.0005405357988622028
2017-12-29,sh.601360,24.94938693575082,0.09639271637175609,0.0004069384545889695
2017-12-29,sh.601377,25.16509640283529,0.09267460591914012,0.00017903489652820308
2017-12-29,sh.601390,25.337164626393175,0.09256602869960641,2.7821403099022728e-05
2017-12-29,sh.601398,24.605890102292484,0.24131598450088546,0.0007447183034861541
2017-12-29,sh.601601,25.553499388927296,0.03975703073475627,-0.00018084561224490994
2017-12-29,sh.601628,25.405425586284878,0.050205699336727715,-3.388445334912561e-05
2017-12-29,sh.601633,25.146410202886617,0.1136718946312386,0.00021079462506613835
2017-12-29,sh.601668,24.92353848277942,0.2032029726052045,0.0004325368891710077
2017-12-29,sh.601669,25.324697433097246,0.08351075542546903,4.1745451017346274e-05
2017-12-29,sh.601688,24.874508135700392,0.1315804116347145,0.00047608436182786996
2017-12-29,sh.601766,25.608573081407602,0.030257448633567607,-0.0002329478368795802
2017-12-29,sh.601788,25.08247036298162,0.09901835112307701,0.00028083682175862156
2017-12-29,sh.601800,24.97081418884875,0.13889794091970292,0.00038736892685327736
2017-12-29,sh.601818,24.806497063967452,0.23709162512430632,0.0005399390179947135
2017-12-29,sh.601857,24.95447833131833,0.10252589491841439,0.00040515143166527446
2017-12-29,sh.601878,25.49279845979655,0.03827922675128855,-0.00012271107951806242
2017-12-29,sh.601881,24.963493085792543,0.11623874083927184,0.0004062381765048686
2017-12-29,sh.601888,24.698411733580066,0.13860603391965312,0.0006546557115297275
2017-12-29,sh.601899,24.939718403573202,0.11318608484817243,0.0004268412466435032
2017-12-29,sh.601901,25.30013064020022,0.06002172548466983,-4.7558696793088656e-05
2017-12-29,sh.601919,25.120995655007214,0.05662340511462624,0.00024385244993964096
2017-12-29,sh.601939,24.486238201638134,0.25372045766972884,0.0008598721721273612
2017-12-29,sh.601985,25.254107839586595,0.0792543281972219,0.0001110541412440344
2017-12-29,sh.601988,24.84224490928657,0.22649540526643663,0.0005167438485984145
2017-12-29,sh.601989,25.26352253430689,0.05669098274253953,-4.2813060753364855e-05
2017-12-29,sh.601998,24.763531244563936,0.2195523008925965,0.0005886482787257342
2017-12-29,sh.603160,25.848856146831366,-0.008333089387671924,-0.00046504133089611267
2017-12-29,sh.603288,25.203096236925646,0.08960862346075826,0.00016213535952298828
2017-12-29,sh.603501,26.22073274066395,-0.059300848973954406,-0.0008333788030635739
2017-12-29,sh.603799,24.45565650216691,0.17557832137597704,0.000746045811578045
2017-12-29,sh.603986,25.381969571936544,0.05080394638800291,-7.126539356304132e-06
2017-12-29,sh.603993,25.010427165956877,0.09242576543154216,0.0003745796717685553
2018-01-31,sh.600000,26.0590990882494,0.11412582756749694,-0.00022037008331608215
2018-01-31,sh.600009,25.12120095642469,0.07740075050696715,0.00014590664374057122
2018-01-31,sh.600010,25.576778161588717,0.021418223778506648,-2.8687869970017004e-05
2018-01-31,sh.600015,25.48693966270379,0.12833827496625705,-0.00021920759881074854
2018-01-31,sh.600016,25.888306343807663,0.14450039439809725,-0.0002535903467869053
2018-01-31,sh.600018,25.312622582524728,0.0903037485638032,0.0001648921269412422
2018-01-31,sh.600019,25.498301632690076,0.08324723581309673,9.409486245954668e-06
2018-01-31,sh.600028,26.51772049119136,0.0488945790557763,-0.00036046909566915585
2018-01-31,sh.600029,25.405261917971046,0.06177429114324599,-2.5824132259731774e-06
2018-01-31,sh.600030,26.275415960516455,-0.0064902755762923925,-0.0005548836744271449
2018-01-31,sh.600031,25.47141415558083,0.0029602425687487582,-0.0002678258961987884
2018-01-31,sh.600036,26.6640185944584,0.04292959069426412,-0.00041064041775100933
2018-01-31,sh.600048,26.118115910778336,0.012618651500330466,-0.0005681945131154058
2018-01-31,sh.600050,25.767726405522815,0.003540085102155019,-0.00029531627624809244
2018-01-31,sh.600089,24.92454677325391,0.05213341715898641,-0.000312769906869222
2018-01-31,sh.600100,24.586380541866355,0.045247868411439573,6.492633341015157e-05
2018-01-31,sh.600104,25.991676701707714,0.08351146761207211,-9.406291849191478e-05
2018-01-31,sh.600109,25.12650781747618,0.008606581499003813,-0.0004048966988061253
2018-01-31,sh.600111,25.07805745848301,0.028985931425490108,-9.977580929216602e-05
2018-01-31,sh.600150,24.805105016102004,-0.00030747800298655537,-9.603721344117233e-06
2018-01-31,sh.600196,25.382942364249544,0.047551961653552834,-7.57910918662354e-05
2018-01-31,sh.600256,24.881761076684636,-0.008189883664993194,-0.0004393881247155518
2018-01-31,sh.600276,25.476600550205916,0.034826613384061775,-0.00016752681401788628
2018-01-31,sh.600309,25.26324030437962,0.08261692076951427,-6.484996097118818e-06
2018-01-31,sh.600332,25.114302311543817,0.033037631481655214,-0.00025090854282377854
2018-01-31,sh.600340,25.957663346249067,0.0012595283611041008,-0.0006549633529220462
2018-01-31,sh.600346,24.442183270929142,0.09293217254443938,0.00019344497440161872
2018-01-31,sh.600372,24.562145571179364,0.05525980979527837,2.3783019260654424e-05
2018-01-31,sh.600406,24.717620347793147,0.057021856305819074,-0.0001659033426370481
2018-01-31,sh.600436,24.94128497677785,0.044751212829892646,-2.991968903513402e-05
2018-01-31,sh.600438,25.463455391549047,-0.016968931475754775,-0.0005837086394925749
2018-01-31,sh.600485,24.929839203374762,0.04934803619877587,-7.90120551696873e-06
2018-01-31,sh.600518,25.284481946948297,0.06491293404647519,3.263161356532305e-05
2018-01-31,sh.600519,26.59219144889526,0.027284767025304996,-0.0001968488238296868
2018-01-31,sh.600547,25.421289482602592,-0.02233094237383644,-0.0006798769645370255
2018-01-31,sh.600570,24.480118189504367,0.009212053054478517,-0.0002882558767342851
2018-01-31,sh.600585,25.682240813994174,0.06024581480490765,-0.00020947351992291812
2018-01-31,sh.600588,22.80740961886192,0.2502298363892368,0.0015539016368824054
2018-01-31,sh.600606,25.896714356791136,0.003293861652010413,-0.000640281068584243
2018-01-31,sh.600637,25.045270620265317,0.049688575781522124,-0.0003440284536747009
2018-01-31,sh.600690,25.677395876719967,0.031853975573862985,-0.0002962350608804033
2018-01-31,sh.600703,24.911329773585383,0.10373669000009676,0.00037768729823328754
2018-01-31,sh.600745,23.980501902960256,0.10158186057734424,0.0004233318688639192
2018-01-31,sh.600795,25.154920791370866,0.048778034169718786,-0.00016320065371542455
2018-01-31,sh.600809,25.45903505013448,-0.025475991994530267,-0.0006081809903107894
2018-01-31,sh.600837,25.987794218113823,0.008483427294208479,-0.00047439960270752687
2018-01-31,sh.600887,25.77385874936967,0.03474940405617063,-0.00019148653672494256
2018-01-31,sh.600893,24.827457549580885,0.06866251300819223,0.0001253586164418311
2018-01-31,sh.600900,25.704155660881163,0.09697466775554513,0.0001194916173160909
2018-01-31,sh.600919,25.34312416245954,0.10391983931153606,-0.00029146655071383016
2018-01-31,sh.600958,25.49533910621859,0.02253843925293865,-0.00033805126451406074
2018-01-31,sh.600999,25.70347144210279,0.02037917495568213,-0.00041263275664262596
2018-01-31,sh.601006,25.411102757606688,0.0876402811519805,-0.0001246256066810023
2018-01-31,sh.601012,24.983819386040167,0.03441892503547301,-0.0003998257259885302
2018-01-31,sh.601088,26.221160054711493,0.06177451109141798,-0.0003027267391730293
2018-01-31,sh.601111,25.492480238439953,0.07923295659970672,0.0001558619142842819
2018-01-31,sh.601118,24.621157450554037,0.04203826166280283,-1.4906185132398597e-05
2018-01-31,sh.601127,24.861495086605938,0.011748467112591227,-0.0003865685538474478
2018-01-31,sh.601166,25.98611502083792,0.12917376141579687,-0.0001775210778390071
2018-01-31,sh.601169,25.29171040482109,0.15368775028697035,-0.00011121023229067467
2018-01-31,sh.601186,25.86649006458832,0.04819871583139911,-0.0003988274787343264
2018-01-31,sh.601198,25.039053549450948,0.030721951536930206,-0.00018860276330346534
2018-01-31,sh.601211,25.93322653849211,0.02180787903596393,-0.00040402819398662506
2018-01-31,sh.601225,25.59774153554209,0.04346473899385891,-0.00034799561143201746
2018-01-31,sh.601229,24.97997509217542,0.16990502007785047,-0.00019236117851094872
2018-01-31,sh.601288,26.733747665147696,0.10839581113940638,-0.0002835302349203233
2018-01-31,sh.601318,26.873991000786056,0.025939448898346623,-0.00037203281351646877
2018-01-31,sh.601328,26.07545970889168,0.1307792065221329,-0.00016489414026179468
2018-01-31,sh.601336,26.011656654357278,-0.002164116262563104,-0.00046572488764221146
2018-01-31,sh.601360,24.12054979058592,0.09407381537931096,0.00038984195427579444
2018-01-31,sh.601377,25.308154854626327,0.017726541460343123,-0.0004093391736977344
2018-01-31,sh.601390,25.952010003364578,0.03946761186036185,-0.0003920779835469064
2018-01-31,sh.601398,27.179618740817236,0.07098289507592348,-0.0004105965314461586
2018-01-31,sh.601601,25.80385130781291,0.0684853283971435,3.307770364986703e-05
2018-01-31,sh.601628,26.78441485086928,0.00044292723620292795,-0.0004234175454158394
2018-01-31,sh.601633,25.144622382579627,0.10545104670542794,0.0001701742623308118
2018-01-31,sh.601668,25.956762471451977,0.09360388728905215,-0.00038145212309722074
2018-01-31,sh.601669,25.33040584267198,0.0766618288314684,-9.171446464589817e-06
2018-01-31,sh.601688,25.865999303903003,0.012026661636202418,-0.00045040200326317405
2018-01-31,sh.601766,26.139290437846554,0.020509189174948303,-0.0003116531885741885
2018-01-31,sh.601788,25.514546039592936,0.010412783644541415,-0.00041412619015710763
2018-01-31,sh.601800,25.771819722731653,0.07240325644615044,-0.00012268269859358084
2018-01-31,sh.601818,25.804321841949495,0.11529438536910872,-0.00030495950366761217
2018-01-31,sh.601857,27.010036084778147,-0.004935794554755929,-0.00042375791714877693
2018-01-31,sh.601878,25.614216013976723,-0.02550834371627321,-0.0006198238459650014
2018-01-31,sh.601881,25.84778400599539,0.003192698140960612,-0.00047694256517535617
2018-01-31,sh.601888,25.2372842322818,0.06022794866510432,6.448821223802755e-05
2018-01-31,sh.601899,25.745001028300223,0.004706822646681097,-0.00038423803759974506
2018-01-31,sh.601901,25.357291274124005,0.013718445103090351,-0.00041424492385785944
2018-01-31,sh.601919,25.417936475524826,-0.05298115537144149,-0.0006244532883204124
2018-01-31,sh.601939,27.19946873675085,0.05632556636119361,-0.00047796350940199664
2018-01-31,sh.601985,25.552556556199004,0.03695581651500533,-0.0002118234540763683
2018-01-31,sh.601988,26.681734779713057,0.11047311872956826,-0.0002609243084518578
2018-01-31,sh.601989,25.7324164002696,0.004612647389676691,-0.00044764354958491237
2018-01-31,sh.601998,25.9764707111898,0.1048564469333187,-0.0002084339578899745
2018-01-31,sh.603160,24.810937994579337,0.05853991281395367,2.8475376545136635e-05
2018-01-31,sh.603288,25.220206020182246,0.05460681977046013,-8.156664806954143e-05
2018-01-31,sh.603501,24.031605655839964,0.06666743316905888,0.0001451471869009644
2018-01-31,sh.603799,23.833271985671416,0.15541385246144868,0.0006127389528876556
2018-01-31,sh.603986,24.283980185886627,0.05080394638800291,-7.126539356304132e-06
2018-01-31,sh.603993,24.90467837437384,0.10904781926618684,0.0005070307939295915
2018-02-28,sh.600000,26.073107550574175,0.11459237530051067,-0.0002611060341831585
2018-02-28,sh.600009,25.302923293033018,0.056450397200746766,-1.1347103644822866e-05
2018-02-28,sh.600010,25.68872328340509,0.004648383526827532,-0.00016014978499067457
2018-02-28,sh.600015,25.405951342538028,0.1417149825268456,-0.00016817735405716145
2018-02-28,sh.600016,25.840700456115535,0.15544425456846533,-0.000238830157969915
2018-02-28,sh.600018,25.785402245961542,0.03261264659967745,-0.00027371434087128995
2018-02-28,sh.600019,26.093010715513522,0.008706682422070289,-0.0005683810117003415
2018-02-28,sh.600028,26.07122443267055,0.10437063663447933,2.698415285406284e-05
2018-02-28,sh.600029,25.865354996651583,0.0041474925517062805,-0.00045019415647381346
2018-02-28,sh.600030,25.535483791630384,0.08057100700523744,8.86561224385721e-05
2018-02-28,sh.600031,25.237726352575773,0.026881226721276033,-9.054604589751541e-05
2018-02-28,sh.600036,26.354252568884448,0.08119993353312724,-0.00016355115729809188
2018-02-28,sh.600048,25.767133605491626,0.054306553050810176,-0.00030533460270422885
2018-02-28,sh.600050,25.804916292531946,-0.006209883562221574,-0.0003724627564970237
2018-02-28,sh.600089,24.654729262516184,0.08521434777677607,-9.083344465273579e-05
2018-02-28,sh.600100,24.699908176727625,0.034003181867033,-2.6553272210231225e-05
2018-02-28,sh.600104,25.857323977189736,0.10020822693611958,2.6363204305364542e-05
2018-02-28,sh.600109,24.67387411932725,0.06077115837544272,-2.131101926193125e-05
2018-02-28,sh.600111,24.989944028878238,0.03844156726538899,-2.6618447164773263e-05
2018-02-28,sh.600150,25.659938699255875,-0.10764106497892795,-0.0008443252079467623
2018-02-28,sh.600196,24.878025307470136,0.11015204926777464,0.00040887546339226456
2018-02-28,sh.600256,24.59010994655007,0.021622357995035854,-0.00021551393433140282
2018-02-28,sh.600276,24.541918206571058,0.15014680548439885,0.0007240067792265708
2018-02-28,sh.600309,25.26324030437962,0.08261692076951427,-6.484996097118818e-06
2018-02-28,sh.600332,24.171752756530243,0.14885239509930503,0.0006366901523599906
2018-02-28,sh.600340,25.657152921974298,0.03620466556237636,-0.0004545866454097514
2018-02-28,sh.600346,24.940436627473368,0.032387487294182754,-0.00026625626519678666
2018-02-28,sh.600372,23.97694791357251,0.12928584173207885,0.000600355615446254
2018-02-28,sh.600406,24.40674199539941,0.09500421241886028,0.00011704461325887531
2018-02-28,sh.600436,24.396494751930064,0.112847931881379,0.0004993139554971646
2018-02-28,sh.600438,24.5918088576242,0.08499963645334967,0.00018475180285122106
2018-02-28,sh.600485,24.929839203374762,0.04934803619877587,-7.90120551696873e-06
2018-02-28,sh.600518,25.091631138212595,0.08966504378325445,0.0002270015455867824
2018-02-28,sh.600519,26.592287880818127,0.024628286044135868,-0.00022245229463081022
2018-02-28,sh.600547,24.189230874227423,0.12509406129431666,0.0004253556786784479
2018-02-28,sh.600570,23.220480990681352,0.16295003734972738,0.000904825624144704
2018-02-28,sh.600585,25.48562486596828,0.08410872919025575,-4.534857631418227e-05
2018-02-28,sh.600588,23.95694658381562,0.12494453479092493,0.0006040433104270531
2018-02-28,sh.600606,25.28284077833964,0.07778712317573043,-0.00013240935487834345
2018-02-28,sh.600637,24.423346712443955,0.12706532660952233,0.0002172774619537366
2018-02-28,sh.600690,25.719176150630727,0.02397704090618341,-0.0003763424455372502
2018-02-28,sh.600703,25.69135253430445,0.010596645381309708,-0.0003355798207989853
2018-02-28,sh.600745,24.36659186865224,0.05937840706305414,0.0001005671498366251
2018-02-28,sh.600795,25.028319671585024,0.06331077812994217,-5.8727127627939035e-05
2018-02-28,sh.600809,24.7485628724694,0.0548755692730611,-9.096254341082384e-07
2018-02-28,sh.600837,25.637517573807934,0.048108366060676415,-0.0001979623243628456
2018-02-28,sh.600887,26.02590854326841,0.0009099189250811462,-0.0004618212219491753
2018-02-28,sh.600893,24.657097880336373,0.09212823160876024,0.0003109269421657233
2018-02-28,sh.600900,25.95923642377095,0.0657528317295269,-0.00011239132482044115
2018-02-28,sh.600919,25.126260081648653,0.1340781109060799,-0.00011607291732671158
2018-02-28,sh.600958,25.456820163260453,0.023977796053573655,-0.0003385658891820768
2018-02-28,sh.600999,25.179248846858954,0.08291263688980033,4.2957203840222075e-05
2018-02-28,sh.601006,25.68462867041232,0.05338918126301422,-0.00040870442562508305
2018-02-28,sh.601012,24.55244464156971,0.08684928420064052,-3.28672829001284e-05
2018-02-28,sh.601088,26.374377287773477,0.04273489271969699,-0.0004954439360483562
2018-02-28,sh.601111,26.222305418501065,-0.010361662802789814,-0.0005347355956602159
2018-02-28,sh.601118,24.369274901168456,0.07356322062820156,0.00023021486305550384
2018-02-28,sh.601127,24.235583537527656,0.0859068464817669,0.0001719846247895311
2018-02-28,sh.601166,26.044913652559142,0.12404306813093718,-0.00025685317090425475
2018-02-28,sh.601169,25.3992297751379,0.1419621265864541,-0.00022937849334491976
2018-02-28,sh.601186,25.68211894586168,0.0712053077302368,-0.0002727809051648353
2018-02-28,sh.601198,24.69859455003541,0.07096503296689963,0.00011731805195648237
2018-02-28,sh.601211,25.6210101586114,0.05796466412944459,-0.00015666346076463066
2018-02-28,sh.601225,25.472812420139608,0.06029028898210392,-0.0002947529821005433
2018-02-28,sh.601229,24.900917654204186,0.1872542446182634,-0.00013738149279272018
2018-02-28,sh.601288,26.617414191099908,0.12647547557131641,-0.0002074651891985616
2018-02-28,sh.601318,26.592118420300505,0.05840216651595864,-0.0001468763455916539
2018-02-28,sh.601328,26.08419284046784,0.13180836870984783,-0.00019401312672451038
2018-02-28,sh.601336,25.961727784127508,-0.0018290873601124052,-0.0004810880155699862
2018-02-28,sh.601360,25.551551026814273,-0.07927678589087525,-0.0009563553069666612
2018-02-28,sh.601377,25.047876563346367,0.046663013767311884,-0.00020803651422147477
2018-02-28,sh.601390,25.636073180449564,0.07787274520641228,-0.00013635889874852528
2018-02-28,sh.601398,27.042121475616298,0.09108694756030254,-0.00033229242979736055
2018-02-28,sh.601601,26.430522277907098,-0.009698845783291249,-0.000572712409018619
2018-02-28,sh.601628,26.505377588531214,0.029770697780536592,-0.00020913751126364354
2018-02-28,sh.601633,25.791178242650673,0.025384489286517486,-0.00043660651375942804
2018-02-28,sh.601668,25.714708650558528,0.12862100156519837,-0.00019642686884399155
2018-02-28,sh.601669,25.658866476074586,0.035455837306985136,-0.0003292385595719332
2018-02-28,sh.601688,25.373076519760975,0.06980020603076267,-3.0052788568566683e-05
2018-02-28,sh.601766,25.933347818225634,0.042761465103253814,-0.00015218070336761464
2018-02-28,sh.601788,25.216060480639584,0.04339619480864461,-0.00017937018141975453
2018-02-28,sh.601800,25.899322880706922,0.055938558705231727,-0.00026184466789772314
2018-02-28,sh.601818,25.675031325994773,0.13586528845220358,-0.0002178777620489195
2018-02-28,sh.601857,26.698360128160623,0.027809308673629053,-0.0001774630758161858
2018-02-28,sh.601878,25.107913188172358,0.029290892580719104,-0.0002134210422389308
2018-02-28,sh.601881,25.218656112143293,0.07717078909089363,6.979409939952435e-05
2018-02-28,sh.601888,25.28738913339233,0.05502187504001375,2.5738041209930603e-05
2018-02-28,sh.601899,25.506406497128733,0.02943315393766057,-0.0002044989080671053
2018-02-28,sh.601901,25.190909710154944,0.03044609789088202,-0.00029149380593724693
2018-02-28,sh.601919,24.78552292964184,0.012223964627896947,-9.620472410426626e-05
2018-02-28,sh.601939,26.91101098332721,0.09511249492990277,-0.000262147859191516
2018-02-28,sh.601985,25.567761846964707,0.03287425089143376,-0.00025374715179969556
2018-02-28,sh.601988,26.656296565339492,0.1167932743179375,-0.0002706151082183869
2018-02-28,sh.601989,25.59206492061686,0.017283692231011533,-0.000350656121057411
2018-02-28,sh.601998,25.965924534758063,0.10779955892094761,-0.00022453348182474464
2018-02-28,sh.603160,24.58326091406848,0.0876228036696521,0.0002557734250958482
2018-02-28,sh.603288,25.040765480170446,0.07640602595178635,8.438205190445651e-05
2018-02-28,sh.603501,23.422420016838412,0.14554859757750463,0.0007607667471796152
2018-02-28,sh.603799,24.79514745292756,0.043697781525279984,-0.0002333977739457222
2018-02-28,sh.603986,23.50781745612291,0.1482595468215465,0.0007507749336455713
2018-02-28,sh.603993,25.518957368426612,0.03916202370867833,-3.1003179778625276e-05
2018-03-30,sh.600000,25.394876472987487,0.14365555807167574,-3.50848621376456e-05
2018-03-30,sh.600009,25.308849625488264,0.06592114322964819,6.230584532680415e-05
2018-03-30,sh.600010,25.55440695409656,0.02083666732498375,-3.4255284506205294e-05
2018-03-30,sh.600015,25.466349705069838,0.15091369223054318,-9.664000163067706e-05
2018-03-30,sh.600016,25.508999162849417,0.16729172403149606,-0.00014669369256997347
2018-03-30,sh.600018,25.424626422218395,0.06083764153597427,-5.421166331837499e-05
2018-03-30,sh.600019,25.064296197478367,0.1200521564851259,0.00029754047899970297
2018-03-30,sh.600028,25.13252080336123,0.13053717406624726,0.0002304784330665082
2018-03-30,sh.600029,25.403636055689212,0.05737960578537911,-3.6213873644250415e-05
2018-03-30,sh.600030,25.299017724695087,0.07873692196279174,7.439264502838256e-05
2018-03-30,sh.600031,24.970664732148244,0.10246700992638011,0.0004972762667689931
2018-03-30,sh.600036,25.3509557395728,0.10394289659341341,1.3318362022885913e-05
2018-03-30,sh.600048,25.47685493768042,0.07981713667177275,-0.00010694160304640477
2018-03-30,sh.600050,25.421059363247686,0.03667012622275906,-3.8989642239900295e-05
2018-03-30,sh.600089,25.757030653496383,0.048074768123739606,-0.00037966386589570423
2018-03-30,sh.600100,25.216337189915407,0.047453811151850045,7.805079058774631e-05
2018-03-30,sh.600104,25.611872560959295,0.0661499895561008,-0.00023850395739013903
2018-03-30,sh.600109,25.283866406475163,0.07697612691234884,0.00010471323659851385
2018-03-30,sh.600111,25.514882874649892,0.0246375131669241,-0.00013397105582022337
2018-03-30,sh.600150,26.391768671998065,-0.12709864413345304,-0.0009956446584109897
2018-03-30,sh.600196,25.891467967856144,-0.008118704458027245,-0.0005109031646502815
2018-03-30,sh.600256,25.174773158411984,0.07421479978863478,0.00019349169414774304
2018-03-30,sh.600276,25.53447786186577,0.03637634694093919,-0.00016077354874427996
2018-03-30,sh.600309,25.381969571936544,0.08261692076951427,-6.484996097118818e-06
2018-03-30,sh.600332,24.776097132482942,0.14143825099828455,0.0005790311701135735
2018-03-30,sh.600340,25.812763456145394,0.03826206698879714,-0.0004385864610724358
2018-03-30,sh.600346,25.343427518644454,0.0696749749007604,2.372441991361334e-05
2018-03-30,sh.600372,25.62775916358463,0.019286595722832034,-0.0002550964079226247
2018-03-30,sh.600406,25.272393360381912,0.09189516072961962,9.286586063273668e-05
2018-03-30,sh.600436,24.90720777297527,0.10704776985663975,0.00045420673413027065
2018-03-30,sh.600438,24.97136726307943,0.11126947366251763,0.00038904943405739027
2018-03-30,sh.600485,25.381969571936544,0.04934803619877587,-7.90120551696873e-06
2018-03-30,sh.600518,25.378623657445143,0.05920038468582166,-9.918753521006309e-06
2018-03-30,sh.600519,25.49794066069441,0.03738694595209364,-0.00012322960147871016
2018-03-30,sh.600547,25.526949982501936,0.05048312278581659,-0.00015488537413005935
2018-03-30,sh.600570,25.312798470829197,0.05259711023006061,4.662306172657891e-05
2018-03-30,sh.600585,25.175141196803608,0.11515821202583502,0.0001961198326058274
2018-03-30,sh.600588,25.52174363850228,0.029327881294165824,-0.00013955687474774005
2018-03-30,sh.600606,25.488503760266983,0.07981530438250317,-0.00011663641297157234
2018-03-30,sh.600637,25.276272623996405,0.1105875350153417,8.913149121946837e-05
2018-03-30,sh.600690,25.484375063816362,0.057932825810395355,-0.0001122720454642832
2018-03-30,sh.600703,26.00231545640677,-0.024770295488489247,-0.0006106246254233162
2018-03-30,sh.600745,25.075373460535715,0.08391647820035128,0.0002913970269996536
2018-03-30,sh.600795,25.546510831546474,0.04737084793393232,-0.00018269020949660062
2018-03-30,sh.600809,25.503695243709096,0.038127365209057594,-0.00013115856416903636
2018-03-30,sh.600837,25.408142835164313,0.06861706826854783,-3.846840565981576e-05
2018-03-30,sh.600887,25.67356971927615,0.02189636706754161,-0.0002986119257210476
2018-03-30,sh.600893,25.573517848679902,0.025267560555242846,-0.00020904113408567584
2018-03-30,sh.600900,25.36085083636863,0.08130068958285508,8.522653613222194e-06
2018-03-30,sh.600919,25.448730164974997,0.13702359678957776,-9.316619796037256e-05
2018-03-30,sh.600958,25.457697511724785,0.04999243096470283,-0.000136252938145509
2018-03-30,sh.600999,25.583351800387707,0.050450319434830825,-0.00020949866433692991
2018-03-30,sh.601006,25.377429553903827,0.10662874923965521,5.333831919645458e-06
2018-03-30,sh.601012,25.36551581530791,0.09138141326613997,2.3785857754123714e-06
2018-03-30,sh.601088,25.365743090219613,0.10943785539490203,2.3297659511364487e-05
2018-03-30,sh.601111,25.426381292641384,0.05105109470186059,-5.7135343167583455e-05
2018-03-30,sh.601118,25.865459595227655,-0.017856489506065554,-0.0004807461557462163
2018-03-30,sh.601127,25.692083294437754,0.023381832003191355,-0.0003142655277103289
2018-03-30,sh.601166,25.51260457852919,0.1385609222988299,-0.0001439494177107634
2018-03-30,sh.601169,25.425680443228266,0.16423845693240868,-5.613792525885772e-05
2018-03-30,sh.601186,25.332001520705305,0.11068085117068888,3.421604922230696e-05
2018-03-30,sh.601198,25.548630726516816,0.03566329553153308,-0.00015721967273830864
2018-03-30,sh.601211,25.251964319337354,0.09492499360887642,0.00013077295161680052
2018-03-30,sh.601225,25.24057539164917,0.13319161083273717,0.0002721925702184936
2018-03-30,sh.601229,25.285451242624813,0.21330102836344628,6.518147618613304e-05
2018-03-30,sh.601288,25.4781111302764,0.13954671944048236,-0.0001058115650011187
2018-03-30,sh.601318,25.636377417525438,0.04352463117255802,-0.0002625772996798683
2018-03-30,sh.601328,25.381969571936544,0.1550452881949121,-1.330216268129359e-05
2018-03-30,sh.601336,25.604152253652327,0.03033643403102263,-0.00023094029769882597
2018-03-30,sh.601360,25.876615959041725,-0.020399750042151485,-0.0004984750825647703
2018-03-30,sh.601377,25.484803050294584,0.05629240274858317,-0.00013314981647863708
2018-03-30,sh.601390,25.366667801525058,0.09527960939821827,-9.876327297022396e-07
2018-03-30,sh.601398,25.437523290129967,0.12515505109694952,-6.734854008819642e-05
2018-03-30,sh.601601,25.64011234792935,0.02981458936158784,-0.0002654207750186887
2018-03-30,sh.601628,25.515114846945576,0.03853313685574934,-0.0001409929874738427
2018-03-30,sh.601633,25.533920544546444,0.059975179755114946,-0.00016759852302646595
2018-03-30,sh.601668,25.49917123837925,0.1372201033204343,-0.00012955260140534854
2018-03-30,sh.601669,25.57804963540613,0.05134812623706724,-0.0002056459785822532
2018-03-30,sh.601688,25.146478520569055,0.10073359756349087,0.0002105127910728575
2018-03-30,sh.601766,25.524106017092123,0.042981684545992084,-0.0001504680810114597
2018-03-30,sh.601788,25.30568842479595,0.07454498736219865,6.287054824120433e-05
2018-03-30,sh.601800,25.23862512709348,0.10579185669791229,0.0001258589408694244
2018-03-30,sh.601818,25.41882383596682,0.1564257693284673,-5.798116634354158e-05
2018-03-30,sh.601857,25.377049238257108,0.049667106342069195,-7.477390275369906e-06
2018-03-30,sh.601878,25.641627243785663,0.022267874899093543,-0.00026803827739158774
2018-03-30,sh.601881,25.483469840085505,0.0551441347800234,-0.00010150476565539432
2018-03-30,sh.601888,25.441649657782587,0.04257041427794793,-7.10955980125782e-05
2018-03-30,sh.601899,25.580728430361905,0.03012900590406191,-0.00019908734394990038
2018-03-30,sh.601901,25.55173695592118,0.030220877984346528,-0.0002932453163497141
2018-03-30,sh.601919,25.541525383952177,0.0031485508035308807,-0.00016678321805422693
2018-03-30,sh.601939,25.512932982438976,0.1104760824778197,-0.00014266693063164543
2018-03-30,sh.601985,25.409939325888093,0.06021630574178171,-4.111100206802552e-05
2018-03-30,sh.601988,25.487187089091687,0.13705725256183401,-0.00011302438083479204
2018-03-30,sh.601989,25.61042528598059,0.013310651857034783,-0.0003815540185444441
2018-03-30,sh.601998,25.416938268969922,0.1303211384669986,-4.9385637715768466e-05
2018-03-30,sh.603160,25.24012313641157,0.07136903352375963,0.00012936964449622898
2018-03-30,sh.603288,24.980957673781177,0.11429591316206461,0.0003790475323980811
2018-03-30,sh.603501,25.70462636192511,0.005366347421978265,-0.00032941517575708033
2018-03-30,sh.603799,25.684818724896676,0.015306048227037905,-0.0004541971573786693
2018-03-30,sh.603986,25.806209342360695,-0.0024639315569493503,-0.0004213849604071656
2018-03-30,sh.603993,25.780934364151115,-0.005431143519785991,-0.0003777993308250589
2018-04-27,sh.600000,25.725180857634538,0.10218228075854115,-0.00035761797286712444
2018-04-27,sh.600009,25.0739303970251,0.09541778560286791,0.0002916979849659964
2018-04-27,sh.600010,26.050661843332076,-0.04147348535814199,-0.0005188344804829021
2018-04-27,sh.600015,25.545973162500676,0.14091610853455844,-0.0001743901091251495
2018-04-27,sh.600016,25.411185646530495,0.1795732657724643,-5.1181494863477836e-05
2018-04-27,sh.600018,25.630061690774514,0.03504302826788086,-0.000254813530265293
2018-04-27,sh.600019,25.715572455431403,0.03827739929439297,-0.0003384128028385262
2018-04-27,sh.600028,25.305807648585983,0.10877914201831115,6.12686137704086e-05
2018-04-27,sh.600029,25.509090076852576,0.04413871627019253,-0.00013918681334983672
2018-04-27,sh.600030,25.45125325945002,0.05962210895008735,-7.426115089546547e-05
2018-04-27,sh.600031,25.65355844883857,0.01672233984590582,-0.00016955059045576133
2018-04-27,sh.600036,25.452461362325177,0.09119777107608168,-8.579907566368911e-05
2018-04-27,sh.600048,25.608147530471182,0.06333193585983019,-0.00023514519445132283
2018-04-27,sh.600050,25.566305435457515,0.01843291560311014,-0.00018081842099236195
2018-04-27,sh.600089,25.43878269432075,0.08803423120908113,-6.89035217182916e-05
2018-04-27,sh.600100,25.33713585257494,0.03228623642865033,-3.990576781874615e-05
2018-04-27,sh.600104,24.873373802995047,0.15887647218267806,0.00048261968718572103
2018-04-27,sh.600109,25.733981051032682,0.020459379499550193,-0.0003348112845463151
2018-04-27,sh.600111,25.519754597299144,0.024025815854334373,-0.00013872815846163784
2018-04-27,sh.600150,25.772984324452914,-0.0494035966693091,-0.0003914188298688939
2018-04-27,sh.600196,24.61665427005349,0.15194790219040685,0.0007339172091155779
2018-04-27,sh.600256,25.185596851655806,0.0728557683851221,0.00018292265657580338
2018-04-27,sh.600276,24.67841308838583,0.14386451058271915,0.0006751500635669915
2018-04-27,sh.600309,25.381969571936544,0.08261692076951427,-6.484996097118818e-06
2018-04-27,sh.600332,24.422712602578475,0.1858094894320722,0.000924101405362057
2018-04-27,sh.600340,25.63430393047776,0.060669584845676305,-0.00026432566215995777
2018-04-27,sh.600346,25.158150983346705,0.09293844182758065,0.0002046418404880277
2018-04-27,sh.600372,25.62690634728181,0.019393676005952903,-0.0002542636563522097
2018-04-27,sh.600406,25.431946510326735,0.07186154222068995,-6.293338445866566e-05
2018-04-27,sh.600436,24.662400516542025,0.13778596076855482,0.0006932542600386409
2018-04-27,sh.600438,25.49447367905763,0.04558782224476108,-0.00012174953631742443
2018-04-27,sh.600485,25.381969571936544,0.04934803619877587,-7.90120551696873e-06
2018-04-27,sh.600518,24.66825209057827,0.1483951951619743,0.0006837394656400078
2018-04-27,sh.600519,24.879261234360232,0.11506881942678723,0.00048089377439811755
2018-04-27,sh.600547,25.31848528374847,0.07665811368289505,4.867464775123125e-05
2018-04-27,sh.600570,25.562061926297126,0.02129939547614286,-0.00019677581948766398
2018-04-27,sh.600585,25.348742097589856,0.09336074691555057,2.6603346726116198e-05
2018-04-27,sh.600588,25.858367074321766,-0.012938821034838413,-0.00046826036445563583
2018-04-27,sh.600606,25.648241629555304,0.05975849236808531,-0.0002726160314011448
2018-04-27,sh.600637,25.12495380673133,0.12958724426181722,0.00023689013782829678
2018-04-27,sh.600690,24.732784076252663,0.15230317904258212,0.0006216357997924349
2018-04-27,sh.600703,25.13882224066491,0.08365058918350757,0.0002325526556310175
2018-04-27,sh.600745,25.381969571936544,0.04542003025025026,-7.985609574603568e-06
2018-04-27,sh.600795,25.381969571936544,0.06803077740034577,-2.2020213056661258e-05
2018-04-27,sh.600809,24.586183534635257,0.1533308542245876,0.0007647662839813322
2018-04-27,sh.600837,25.688367072892916,0.03343189343776621,-0.0003120996358143358
2018-04-27,sh.600887,24.70252166772536,0.1438219211875054,0.0006495896825293115
2018-04-27,sh.600893,25.768815672227518,0.0007458128245943357,-0.0003997440659126912
2018-04-27,sh.600900,25.14862786299251,0.1079475723859733,0.00021575252688421396
2018-04-27,sh.600919,25.376741289695808,0.14606257636929124,-2.2871049119026377e-05
2018-04-27,sh.600958,25.811673318171152,0.005546951385078602,-0.000481900538609912
2018-04-27,sh.600999,25.523823720279502,0.05792471181047015,-0.00015137113789319334
2018-04-27,sh.601006,25.332089615070473,0.11232166748113005,4.960703019351248e-05
2018-04-27,sh.601012,25.429643266686224,0.08332952023045019,-6.024009970859159e-05
2018-04-27,sh.601088,25.478910014285525,0.09522852774860022,-8.720671689789214e-05
2018-04-27,sh.601111,25.609893209944463,0.028009194592940177,-0.00023632966299758093
2018-04-27,sh.601118,24.549688775385604,0.14735272547347786,0.0008040677167193643
2018-04-27,sh.601127,25.009306051390602,0.10911187756177719,0.0003524475962181153
2018-04-27,sh.601166,25.42397107954647,0.14968981387098312,-5.740125344015524e-05
2018-04-27,sh.601169,25.481476084818294,0.1572327124612896,-0.00011062082855548921
2018-04-27,sh.601186,25.662671877587947,0.06916162209693233,-0.00028867442328943464
2018-04-27,sh.601198,25.2186492766978,0.07709602489465713,0.00016499810104897823
2018-04-27,sh.601211,25.565134220136883,0.055603135511641366,-0.00017502880877959305
2018-04-27,sh.601225,25.35847497861724,0.11838804632463738,0.00015706687917092828
2018-04-27,sh.601229,25.285391006513322,0.21330859165679708,6.524029508567111e-05
2018-04-27,sh.601288,25.422415753629362,0.14653987456680706,-5.142656765264577e-05
2018-04-27,sh.601318,25.305416323216726,0.08508036546531014,6.059706990013737e-05
2018-04-27,sh.601328,25.479293453647568,0.14282522535891556,-0.00010833624571372931
2018-04-27,sh.601336,25.389783016366057,0.05725280341218872,-2.1614656985551797e-05
2018-04-27,sh.601360,25.64273654892989,0.008966331924230533,-0.0002700982968325656
2018-04-27,sh.601377,25.669778340098,0.033066760442042174,-0.00031377307914629335
2018-04-27,sh.601390,25.346410187453273,0.0978231712918917,1.8793368026648545e-05
2018-04-27,sh.601398,25.59498721803155,0.10538375694456882,-0.000221107717545227
2018-04-27,sh.601601,25.18330642842649,0.08717149849880008,0.00018063759134037273
2018-04-27,sh.601628,25.374300998025713,0.05621383404668663,-3.4921523745884105e-06
2018-04-27,sh.601633,25.319026284685943,0.08695747138202968,4.223978773280072e-05
2018-04-27,sh.601668,25.453657484805927,0.14293484587683475,-8.510967783754476e-05
2018-04-27,sh.601669,25.68932022667962,0.03737690362186337,-0.0003142986383841986
2018-04-27,sh.601688,25.683603215424533,0.033291800067288393,-0.00031397464153109643
2018-04-27,sh.601766,25.580227980918455,0.035934966799225726,-0.00020526962896092404
2018-04-27,sh.601788,25.57635602422035,0.04055975152403759,-0.00020142888850202103
2018-04-27,sh.601800,25.686307332474435,0.0495805282538173,-0.00031129037058777795
2018-04-27,sh.601818,25.447103097970253,0.1528750030359388,-8.559508479892981e-05
2018-04-27,sh.601857,25.219810810203317,0.06941008655689296,0.00014606159280714117
2018-04-27,sh.601878,25.819373130528618,-5.003789530279301e-05,-0.00044160222760022483
2018-04-27,sh.601881,25.73962760304109,0.02298076537661324,-0.0003516357477549897
2018-04-27,sh.601888,24.25718904137466,0.19129221723937137,0.001085497486741135
2018-04-27,sh.601899,25.719561786621664,0.012696980923143475,-0.0003346542826550071
2018-04-27,sh.601901,25.41371902236803,0.047550517851380154,-0.00015847461540089395
2018-04-27,sh.601919,25.062043194822635,0.06335271012078479,0.0003014178994228676
2018-04-27,sh.601939,25.56289050444882,0.10420337687506144,-0.00019144907136946264
2018-04-27,sh.601985,25.69194321692884,0.024807676246858548,-0.000316480014539299
2018-04-27,sh.601988,25.431172908730893,0.1440904369322249,-5.832808046313776e-05
2018-04-27,sh.601989,25.787366476269604,-0.008906222620165896,-0.0005543322048863403
2018-04-27,sh.601998,25.370203891401054,0.13618914352857692,-3.750808522084749e-06
2018-04-27,sh.603160,26.33288141555463,-0.06583855212652398,-0.000937678640145895
2018-04-27,sh.603288,24.595202102899645,0.16273168486201328,0.0007557271952811438
2018-04-27,sh.603501,25.36091280118358,0.048523291390950345,6.211625153636979e-06
2018-04-27,sh.603799,25.53614273591457,0.033973921883781316,-0.00030901915961027265
2018-04-27,sh.603986,25.86447483867552,-0.009779792922320715,-0.0004782796086410912
2018-04-27,sh.603993,25.61505577478767,0.015396702118209149,-0.00021582346880924245
2018-05-31,sh.600000,26.09828773076088,0.12014157277045193,-0.00036693514080962414
2018-05-31,sh.600009,25.236972291574414,0.06924276394595805,0.00010061132760675375
2018-05-31,sh.600010,25.575891668607134,-0.0005067393704797085,-0.0002100575080965566
2018-05-31,sh.600015,25.521837560641636,0.13446110449505408,-0.00033511672298662477
2018-05-31,sh.600016,25.89177004249091,0.15815279989437966,-0.0003389264812448865
2018-05-31,sh.600018,25.668233316542313,0.042123354429262,-0.00023424253169931862
2018-05-31,sh.600019,25.53811468364045,0.07516425938604428,-0.00011245395614348705
2018-05-31,sh.600028,26.250306820098427,0.08243488597527475,-0.0001014202229617228
2018-05-31,sh.600029,25.919218728916476,-0.009323958062479279,-0.0005840143264032293
2018-05-31,sh.600030,26.06492313702342,0.015084473917266708,-0.0004142433434357382
2018-05-31,sh.600031,24.626533811725892,0.10243253153525438,0.0004949325623061684
2018-05-31,sh.600036,26.484043758627188,0.06487212683191908,-0.00031541672736594444
2018-05-31,sh.600048,25.31566942226447,0.11000608496500922,5.239613992821832e-05
2018-05-31,sh.600050,25.679456654350965,-0.0005851521212398431,-0.000331724184781088
2018-05-31,sh.600089,24.9324625035315,0.049926427341642134,-0.00043119119376585523
2018-05-31,sh.600100,25.560448028368256,-0.06875544689400542,-0.0008324657790178616
2018-05-31,sh.600104,26.066694109473346,0.07461058913145321,-0.0001415982090753656
2018-05-31,sh.600109,24.92734655544628,0.025991919978316833,-0.00030828268091094026
2018-05-31,sh.600111,25.138607925796574,0.01494047071755085,-0.00021058472586262344
2018-05-31,sh.600150,25.307495617499914,-0.14489996251878826,-0.0008324969223015213
2018-05-31,sh.600196,25.78266291852695,0.0036278440097408937,-0.00040195087791987415
2018-05-31,sh.600256,24.480960624671994,0.03785590118633442,-8.617161122893258e-05
2018-05-31,sh.600276,25.47020818349679,0.04891534025757884,-2.9693370778109328e-05
2018-05-31,sh.600309,24.336867316422055,0.19893303890405095,0.000898092646191797
2018-05-31,sh.600332,25.630973214342152,-0.011296098961739123,-0.0005247567377718914
2018-05-31,sh.600340,25.12435554853061,0.10293953998015948,-8.951046049555914e-05
2018-05-31,sh.600346,24.920464105774947,0.03477614626645083,-0.00024831002989330415
2018-05-31,sh.600372,24.757387342024096,0.03233763455663181,-0.0001519532681950219
2018-05-31,sh.600406,24.764910911011576,0.05129693694085694,-0.00020806048042879384
2018-05-31,sh.600436,25.095356576812485,0.04895272428766888,2.3840493823980204e-05
2018-05-31,sh.600438,26.315587548748535,-0.12595091820683785,-0.0014372140651729764
2018-05-31,sh.600485,24.929839203374762,0.04934803619877587,-7.90120551696873e-06
2018-05-31,sh.600518,26.00170691678524,-0.01374996845006296,-0.0005454087737464567
2018-05-31,sh.600519,26.438473160248975,0.04568643536162951,-5.538679511831851e-05
2018-05-31,sh.600547,25.27103044684144,-0.00759192080276222,-0.0005869020085802545
2018-05-31,sh.600570,24.574416275528588,0.004345542541675296,-0.0003225166824053076
2018-05-31,sh.600585,25.42663665457639,0.09225290660452513,3.741511828435733e-05
2018-05-31,sh.600588,24.582271124317042,0.045303651787615,-1.6500717394692928e-05
2018-05-31,sh.600606,25.17674008946383,0.09039966475322142,-9.491121889332934e-05
2018-05-31,sh.600637,25.346511502620025,0.012575451371758556,-0.000608497810595939
2018-05-31,sh.600690,25.456870940025993,0.05778025310733968,-0.00010691244099705265
2018-05-31,sh.600703,25.479060766005396,0.027164739139574026,-0.000231832505615262
2018-05-31,sh.600745,24.53153552843914,0.04481211052913565,-7.98661179842632e-06
2018-05-31,sh.600795,25.254524797579133,0.033077058936989465,-0.00030636955128487487
2018-05-31,sh.600809,24.932313335777263,0.03989766243091545,-0.00010114519599380351
2018-05-31,sh.600837,25.738422121664243,0.03143006318684034,-0.00036667032346726034
2018-05-31,sh.600887,25.844609898231614,0.021736543163749872,-0.0003066347005946145
2018-05-31,sh.600893,25.213669371290678,0.01835209506463195,-0.00026871744883275365
2018-05-31,sh.600900,25.946607872213345,0.06826594183652865,-8.144708752769273e-05
2018-05-31,sh.600919,25.42809048453742,0.0980316753010625,-0.00043073274612383787
2018-05-31,sh.600958,25.63633548494029,-0.007441531028242299,-0.0006212606412493212
2018-05-31,sh.600999,25.703636297301813,0.015105861126869666,-0.0005073878633007815
2018-05-31,sh.601006,25.092395172732818,0.1285198705402508,0.00011885239361100129
2018-05-31,sh.601012,25.68719299460955,-0.05580216802256843,-0.0011475745240403792
2018-05-31,sh.601088,25.85954642683248,0.1092797808677421,-7.53175454554852e-05
2018-05-31,sh.601111,26.29610748781692,-0.029525037401034918,-0.0007178738855866042
2018-05-31,sh.601118,24.67655843255459,0.04245129198489408,-8.631498880897658e-06
2018-05-31,sh.601127,24.75464968367799,0.023052160795537416,-0.0003069472671665556
2018-05-31,sh.601166,25.957780003620485,0.14179802083196505,-0.00022760399144820248
2018-05-31,sh.601169,25.46355888148561,0.1412380943374434,-0.0003406016839332085
2018-05-31,sh.601186,25.574488753120132,0.08565863248198513,-0.00023473780173577014
2018-05-31,sh.601198,25.126453406734875,0.01848994229145029,-0.00028720240591950495
2018-05-31,sh.601211,25.794010782845483,0.034882168567450904,-0.0003552100324017014
2018-05-31,sh.601225,24.913668681766662,0.1318238207813175,0.00021091671030217473
2018-05-31,sh.601229,24.754503050292982,0.22170711436544224,1.5727273293359975e-05
2018-05-31,sh.601288,26.52850365606677,0.14263940841435477,-0.0001653034974432241
2018-05-31,sh.601318,26.55968699873832,0.060291514925605666,-0.00015755907174864014
2018-05-31,sh.601328,26.035613762963315,0.14230795532928686,-0.0001840319978965427
2018-05-31,sh.601336,25.41252286819447,0.05876552779884332,-4.201855920393347e-05
2018-05-31,sh.601360,24.9169121869075,-0.03006132300107031,-0.0005852230963097988
2018-05-31,sh.601377,25.197270729081367,0.023123869256378646,-0.00043023873105246704
2018-05-31,sh.601390,25.502801296754644,0.09444061488169901,-1.592938900023631e-05
2018-05-31,sh.601398,26.858955953412124,0.12031377181414302,-0.00023360276855947842
2018-05-31,sh.601601,25.92564128092333,0.0467078283750991,-0.0001700206099172458
2018-05-31,sh.601628,26.51259664276991,0.024723077648035267,-0.0002598931765629421
2018-05-31,sh.601633,25.672816000988625,0.03731517135912662,-0.0003920009580780909
2018-05-31,sh.601668,25.64743474887926,0.14271697834917932,-0.00018033406300600076
2018-05-31,sh.601669,25.47295244956653,0.0538244833380412,-0.0002593133672302962
2018-05-31,sh.601688,25.768733697950662,0.019330775572253323,-0.0004289866756702587
2018-05-31,sh.601766,26.322743014672852,-0.01139358221693039,-0.0005967423095029144
2018-05-31,sh.601788,25.300813806365067,0.029864103513045623,-0.0003010831648851797
2018-05-31,sh.601800,25.85394156131645,0.06029160491884238,-0.0002745943189455489
2018-05-31,sh.601818,25.726876399184825,0.13461038028077263,-0.0003086222953739781
2018-05-31,sh.601857,26.62552903346596,0.03682092538868382,-0.00010756764172779461
2018-05-31,sh.601878,25.52477842095179,-0.034411748661355684,-0.0007430239132330989
2018-05-31,sh.601881,25.650378196918286,0.01942927239252526,-0.0004044398136698156
2018-05-31,sh.601888,25.607326477306465,0.028538112572419172,-0.00016158367430958593
2018-05-31,sh.601899,25.24855317944645,0.05252523604537883,-5.2459143087295403e-05
2018-05-31,sh.601901,24.44760591609995,0.11874791796441195,0.0003852990548920656
2018-05-31,sh.601919,25.442738988489896,-0.06912713590140124,-0.0007307247964904284
2018-05-31,sh.601939,26.881353852040384,0.1037511475938534,-0.00030864631183279975
2018-05-31,sh.601985,25.530159779829155,0.031722929221223356,-0.00029569881700712737
2018-05-31,sh.601988,26.49166663892419,0.14375708889816902,-0.00016606769459287052
2018-05-31,sh.601989,25.701311011498632,-0.01025197738883274,-0.0005691874085513698
2018-05-31,sh.601998,25.83641336539187,0.1263746389338305,-0.0001297698253412942
2018-05-31,sh.603160,25.09957333992093,0.014049052608678933,-0.00033867273197136556
2018-05-31,sh.603288,25.36395151094177,0.049096633396767515,-7.62057723843355e-05
2018-05-31,sh.603501,24.269925396014955,0.04522546569077478,-1.4349730034328827e-05
2018-05-31,sh.603799,24.89872854456402,0.023683732233073657,-0.00040533983104483506
2018-05-31,sh.603986,24.2468441873191,0.05192411287481358,-4.75725948540536e-06
2018-05-31,sh.603993,25.771813223520915,-0.003309286492604327,-0.00036966498202022736
2018-06-29,sh.600000,25.099879457301377,0.19985296484895543,0.0002529715777634621
2018-06-29,sh.600009,25.057415564728295,0.09588746873094686,0.0003078242626705911
2018-06-29,sh.600010,25.090939770820018,0.08019892632833009,0.00041616130726670455
2018-06-29,sh.600015,25.30123647274538,0.18585764467987698,6.458851037079848e-05
2018-06-29,sh.600016,25.169269543389046,0.22552798314293,0.00018504289969047285
2018-06-29,sh.600018,25.318896838193446,0.07854831246422786,4.903035591228064e-05
2018-06-29,sh.600019,24.94766643484032,0.1425279723502193,0.0004114262216533648
2018-06-29,sh.600028,25.225580291290335,0.11342782009306474,0.00013960841280704473
2018-06-29,sh.600029,25.944364371783532,-0.006778701048013924,-0.0005642201428791423
2018-06-29,sh.600030,25.31617903904483,0.07576148568131809,5.76350954507577e-05
2018-06-29,sh.600031,25.264627567398666,0.06582369547060785,0.00021022967550593665
2018-06-29,sh.600036,24.973105048002108,0.15458612130150373,0.0003822791285407326
2018-06-29,sh.600048,25.403538378918196,0.09872314934418736,-3.5350007945935914e-05
2018-06-29,sh.600050,25.1603945455106,0.06978572202635046,0.00021554235439802922
2018-06-29,sh.600089,25.275504895778106,0.11701287726294425,9.053273987809509e-05
2018-06-29,sh.600100,25.05198188630251,0.06896091547383755,0.0002385392061314872
2018-06-29,sh.600104,25.5274173046566,0.0727541242896898,-0.00015603573172044076
2018-06-29,sh.600109,25.408405119975136,0.06346027907005439,-1.6895378177572394e-05
2018-06-29,sh.600111,25.471158186294527,0.030282030470919673,-9.127510503530737e-05
2018-06-29,sh.600150,24.850492290657787,0.027645375068310676,0.000509369167847333
2018-06-29,sh.600196,25.780679461945674,0.0035287851333772324,-0.00040272124789323576
2018-06-29,sh.600256,24.913226585419405,0.10665670970480438,0.00044888470044426144
2018-06-29,sh.600276,25.72384443565353,0.008283235012296788,-0.0003456847789636878
2018-06-29,sh.600309,24.923457737541344,0.1401880259171067,0.00044123914904793394
2018-06-29,sh.600332,25.506585589919286,0.03891498882314981,-0.0001342706371896668
2018-06-29,sh.600340,25.30313722775061,0.12204228427816752,5.9049478363072546e-05
2018-06-29,sh.600346,24.881948213435695,0.12769970043528928,0.00047434621836569
2018-06-29,sh.600372,24.970364445485053,0.1016178555233217,0.0003868313812962648
2018-06-29,sh.600406,25.360556778025277,0.0789220160515168,6.776717809390016e-06
2018-06-29,sh.600436,25.273826853468705,0.058258865039871786,9.621332568464898e-05
2018-06-29,sh.600438,25.283905182429887,0.06963869078273974,8.386478609475694e-05
2018-06-29,sh.600485,25.38196957193654,0.04934803619877587,-7.90120551696873e-06
2018-06-29,sh.600518,25.597597063471717,0.027612136547684657,-0.00022374023787172185
2018-06-29,sh.600519,25.407768463679172,0.04828488465889851,-3.51789410682702e-05
2018-06-29,sh.600547,25.297106157940398,0.0768187873659276,6.95507737491402e-05
2018-06-29,sh.600570,25.50904892088174,0.027170425176092576,-0.00014501008357709308
2018-06-29,sh.600585,24.81495549182912,0.1578853273967495,0.0005478312275055629
2018-06-29,sh.600588,25.184120365037153,0.07187258221215946,0.0001901229288120539
2018-06-29,sh.600606,25.273498419308538,0.11460234566426838,9.331036541249411e-05
2018-06-29,sh.600637,25.599130753214556,0.061742568262078856,-0.00022613055670128054
2018-06-29,sh.600690,25.778181612959877,0.020200501936990786,-0.00039916602765956063
2018-06-29,sh.600703,25.43868908962726,0.04922670301166534,-6.025904199092854e-05
2018-06-29,sh.600745,25.38196957193654,0.04481223940119606,-7.985609574603568e-06
2018-06-29,sh.600795,25.02920220286382,0.11393418080311606,0.00032244738168162414
2018-06-29,sh.600809,25.496734066573044,0.0369124110932241,-0.00012436116691853186
2018-06-29,sh.600837,25.38196957193654,0.07691860577374618,-1.2910936854747944e-05
2018-06-29,sh.600887,25.57868415972826,0.034682065752586304,-0.0002059587969501775
2018-06-29,sh.600893,25.127655336007173,0.08200848650186213,0.00022633129769012973
2018-06-29,sh.600900,25.218933980129734,0.09765399231469732,0.0001471005449015586
2018-06-29,sh.600919,25.267498859122615,0.16419358856761385,8.38011677638065e-05
2018-06-29,sh.600958,25.29720649851896,0.07507509907323064,2.0462104522522034e-05
2018-06-29,sh.600999,25.43692768496415,0.07179540039605793,-6.651955891622273e-05
2018-06-29,sh.601006,25.043143768159997,0.15589614569471022,0.0003317546708794909
2018-06-29,sh.601012,25.61170699732361,0.06115386871407648,-0.00023802030524912242
2018-06-29,sh.601088,25.502621734713134,0.10477373639435325,-0.00011036055713055254
2018-06-29,sh.601111,25.818845389990187,0.006158660437144775,-0.00044036569689967064
2018-06-29,sh.601118,25.38196957193654,0.04245129198489408,-8.631498880897658e-06
2018-06-29,sh.601127,25.412407911459525,0.05722739435540233,-4.117023906371881e-05
2018-06-29,sh.601166,25.107865983211344,0.20337413198059512,0.00025126664434556024
2018-06-29,sh.601169,25.2588677744527,0.19876131122792656,0.00010675003950964243
2018-06-29,sh.601186,24.57865399691884,0.21483326662413346,0.000769839103596347
2018-06-29,sh.601198,25.52899095344383,0.037669901313268,-0.00013804197665649997
2018-06-29,sh.601211,25.313111605084853,0.08969512778663312,7.10643155783164e-05
2018-06-29,sh.601225,25.466042348574547,0.11129987675727124,4.98839980051505e-05
2018-06-29,sh.601229,25.24311117120058,0.2320682480156617,0.00010652538677199396
2018-06-29,sh.601288,25.16341521547791,0.18980271005714616,0.00020148030592658344
2018-06-29,sh.601318,25.18817326787565,0.10306449393376574,0.0001750816759431143
2018-06-29,sh.601328,25.184505007683036,0.18905524569912052,0.0001795165316136053
2018-06-29,sh.601336,24.818274665059246,0.13314822250509523,0.000536447466688133
2018-06-29,sh.601360,25.666831353911753,0.007433985812917307,-0.00029362620855412895
2018-06-29,sh.601377,25.6815590730859,0.03662053605218517,-0.00032527663960106124
2018-06-29,sh.601390,25.381970154367135,0.09444054175125728,-1.5929957727628712e-05
2018-06-29,sh.601398,24.97200408276398,0.20014271232969005,0.00038721811126435194
2018-06-29,sh.601601,25.101067181481582,0.10212362588467318,0.00026094194506408726
2018-06-29,sh.601628,25.22672998552836,0.0762218193023792,0.00014060686636877331
2018-06-29,sh.601633,25.791569813918677,0.03381956292325185,-0.0004191859199561297
2018-06-29,sh.601668,25.14788424655741,0.19335463874855102,0.00021346944582593459
2018-06-29,sh.601669,25.16455691734001,0.11264383358582906,0.00019811824260531212
2018-06-29,sh.601688,25.258925075194167,0.08744264538214869,0.0001007118355305782
2018-06-29,sh.601766,24.962528744350642,0.11650316612461867,0.00039789661867556744
2018-06-29,sh.601788,25.323774345186777,0.07439261253331468,4.5210146396121445e-05
2018-06-29,sh.601800,24.562714864047198,0.1966521530840421,0.0007858666484487516
2018-06-29,sh.601818,25.18375275390417,0.19635505672251563,0.0001715592541423308
2018-06-29,sh.601857,25.372218249158102,0.05029772401779089,-2.760062820977045e-06
2018-06-29,sh.601878,25.69523081619391,0.01993429891771996,-0.0003203806856630345
2018-06-29,sh.601881,25.449503336219426,0.06264737193913676,-6.83374125660976e-05
2018-06-29,sh.601888,25.04229925212697,0.09031637190177912,0.0003188590456256553
2018-06-29,sh.601899,25.454861385004737,0.049474851242913835,-7.618164979523222e-05
2018-06-29,sh.601901,25.325779214222216,0.0598679694387993,-7.260382107725338e-05
2018-06-29,sh.601919,25.695230816193906,-0.01591145785273207,-0.00031687232828483703
2018-06-29,sh.601939,24.93874637587924,0.19718911034692493,0.0004180104353403736
2018-06-29,sh.601985,25.247071058133887,0.08490925271043959,0.00011792536402205014
2018-06-29,sh.601988,25.183601184379565,0.18869620619376132,0.00018341887203045126
2018-06-29,sh.601989,25.22378815156896,0.06251489200729948,-1.8672184974216337e-06
2018-06-29,sh.601998,25.178955413029204,0.16659224258073718,0.00018299804955760994
2018-06-29,sh.603160,24.841063027546664,0.12433909994996485,0.0005190408213344575
2018-06-29,sh.603259,25.927529122756955,0.01273981669637772,-0.0005448979688828727
2018-06-29,sh.603288,25.527965306631174,0.03895317694280291,-0.00015509031625446989
2018-06-29,sh.603501,25.38196957193654,0.04522546569077478,-1.4349730034328827e-05
2018-06-29,sh.603799,25.3981753188112,0.053485890039037795,-0.00017215147185979963
2018-06-29,sh.603986,25.1595806458622,0.07954278418658076,0.00021003010600640113
2018-06-29,sh.603993,25.63895335895848,0.013471995502860767,-0.00023915879985478243
2018-07-31,sh.600000,25.69503441616731,0.1700968188859249,4.273351767850723e-05
2018-07-31,sh.600009,25.707303305768612,0.019710291524792145,-0.0003048654329191576
2018-07-31,sh.600010,25.572481513420968,0.013490103029230469,-0.00036142054870341354
2018-07-31,sh.600015,25.0889663319894,0.19677448087565552,5.0043992791258994e-05
2018-07-31,sh.600016,25.6183553252416,0.2048971462238565,-8.513328531637189e-05
2018-07-31,sh.600018,25.697524393655844,0.05536782676906849,-0.0002866782334811726
2018-07-31,sh.600019,25.830915030045905,0.08511867088370131,-0.00035216418203081325
2018-07-31,sh.600028,26.12357601424548,0.10969253443252162,3.068448618398135e-05
2018-07-31,sh.600029,25.365178884739226,0.054004292599883034,-0.00019181913607249287
2018-07-31,sh.600030,25.703743913877453,0.06333267768068963,-0.00010695096844707364
2018-07-31,sh.600031,25.1437444809398,0.0705632167789763,-2.974501391681296e-05
2018-07-31,sh.600036,26.20086516086154,0.1094555584648092,-3.055493580139975e-05
2018-07-31,sh.600048,25.343600144695507,0.12224252326981291,2.884874892326794e-05
2018-07-31,sh.600050,25.223890609304686,0.08385009927081445,0.0002942947567511063
2018-07-31,sh.600089,24.550108871317452,0.09590858809064018,-0.00010425342033992254
2018-07-31,sh.600100,24.733446150884067,0.036007509518517535,-8.468174418818636e-05
2018-07-31,sh.600104,26.2205214705025,0.06224877990080441,-0.00032919312682141576
2018-07-31,sh.600109,24.7081971922791,0.0485845636963277,-0.00017100917448068144
2018-07-31,sh.600111,25.18066283499556,0.008982968668634989,-0.0003037028806860669
2018-07-31,sh.600150,24.203446038850387,-0.005078412054339787,0.00020725096027340801
2018-07-31,sh.600196,26.033345583759388,-0.038356892053572206,-0.0007573185200883463
2018-07-31,sh.600256,24.70804584211821,0.05657509405881628,-7.954161236509741e-05
2018-07-31,sh.600276,25.68426485138923,0.03321267223650866,-0.00015715583197620543
2018-07-31,sh.600309,25.55337946950486,0.08098107399475953,-0.00012778164710407534
2018-07-31,sh.600332,25.13513202153862,0.05916816956408131,-0.00012689271369328194
2018-07-31,sh.600340,25.22173346432107,0.113103132933428,-0.00018338307178523294
2018-07-31,sh.600346,25.070617762182444,0.059069567316585005,-7.82768015132901e-05
2018-07-31,sh.600372,25.070455823467544,-0.0021345034936002955,-0.0004244673985283343
2018-07-31,sh.600406,24.816947088677974,0.09466721608343565,2.5077198647566723e-05
2018-07-31,sh.600436,25.54862996212053,-0.0033251550600603696,-0.00040577097037044704
2018-07-31,sh.600438,24.984091644314613,0.04045178906645902,-0.0003661882084792965
2018-07-31,sh.600485,24.929839203374762,0.0049455726158372515,-7.90120551696873e-06
2018-07-31,sh.600518,25.44309289749758,0.0509293060225761,-0.00010319058481659331
2018-07-31,sh.600519,26.730314513791793,0.016039012264679034,-0.0003431267162611332
2018-07-31,sh.600547,24.895684315190117,0.028723910385023886,-0.00029319691159954766
2018-07-31,sh.600570,24.04530840073025,0.08666709820611537,0.0001381093522315919
2018-07-31,sh.600585,25.68362807405581,0.09762431160273903,-0.00013587165132241514
2018-07-31,sh.600588,24.417972668050563,0.08792511273876956,0.00028002094033015333
2018-07-31,sh.600606,25.106977823770976,0.12585227787510542,-2.27059598553247e-05
2018-07-31,sh.600637,24.875793291525433,0.056413777608885496,-0.0002643898408681673
2018-07-31,sh.600690,25.80171313915292,0.01727969113776673,-0.0005121984066392079
2018-07-31,sh.600703,25.735345067026472,-0.003288014874185563,-0.0005248929544770584
2018-07-31,sh.600745,24.531534365550183,0.03887015359640496,-7.985609574603568e-06
2018-07-31,sh.600795,25.224777085312578,0.0324580754698357,-0.00026389797567778295
2018-07-31,sh.600809,25.619359116215403,-0.04279133012493502,-0.0008009784930852854
2018-07-31,sh.600837,25.598046832022693,0.04575017146451672,-0.00026782658594868083
2018-07-31,sh.600887,25.79479335959225,0.023371550157952378,-0.0003248459776276737
2018-07-31,sh.600893,25.068652832404254,0.045822272752293225,-7.183859822434407e-05
2018-07-31,sh.600900,26.114971804111033,0.05004153520899665,-0.00023462798582109346
2018-07-31,sh.600919,25.04863697627335,0.16496787059256396,-0.00011812610894690963
2018-07-31,sh.600958,25.195552995849738,0.04447040723045116,-9.734025195651315e-05
2018-07-31,sh.600999,25.12523520451306,0.07907809771289802,-7.336180213010892e-05
2018-07-31,sh.601006,25.406558010308277,0.1048576151786563,-0.00014479828381053718
2018-07-31,sh.601012,24.974074507046364,0.08240737701822037,-0.0004986056660349238
2018-07-31,sh.601066,25.824345498375003,-0.014986730880819046,-0.0006635225640725134
2018-07-31,sh.601088,25.7266258179421,0.14193669830230182,5.653587211057148e-06
2018-07-31,sh.601111,25.397080030878538,0.07401297456809841,-4.61697238401885e-06
2018-07-31,sh.601118,24.71899933702373,0.030072769383174998,-8.631498880897658e-06
2018-07-31,sh.601127,24.448156713381334,0.05406505217840302,-4.641355816409651e-05
2018-07-31,sh.601138,26.398673475076084,0.0021860928391127105,-0.0005227601343329755
2018-07-31,sh.601166,25.837058251483068,0.1636440856779564,-0.00010878334915632602
2018-07-31,sh.601169,25.33856865496433,0.14743574273171986,-8.527269743019303e-05
2018-07-31,sh.601186,25.28277496172394,0.13398775206913266,0.00011286465335858428
2018-07-31,sh.601198,25.478886997984613,-0.028639733038908738,-0.0007110584449354782
2018-07-31,sh.601211,25.481606187323727,0.07037016950786402,-0.00013781739391505215
2018-07-31,sh.601225,25.051470558034143,0.14501368789862207,-7.076335574289456e-05
2018-07-31,sh.601229,24.81936540646586,0.23728055049086297,7.817201607791317e-05
2018-07-31,sh.601288,26.38867977020598,0.1676376100555696,-2.6579094992654006e-05
2018-07-31,sh.601318,26.333822168422646,0.11202844146384958,7.299324606492122e-05
2018-07-31,sh.601328,25.947543432680327,0.1594884176595988,-9.536405434803588e-05
2018-07-31,sh.601336,25.67264013850656,0.04440014803488748,-0.0002296647751619539
2018-07-31,sh.601360,25.95932241222943,0.007920521184484067,-0.00033692910953702726
2018-07-31,sh.601377,24.822605419753366,0.05436908380100272,-0.00018159432189291332
2018-07-31,sh.601390,25.594736584448427,0.09466532434432248,-0.0001049644955930487
2018-07-31,sh.601398,26.793642672313776,0.13132620244634347,-0.00014940554465170576
2018-07-31,sh.601601,25.852513581664656,0.06544327327824076,-8.187247292968094e-05
2018-07-31,sh.601628,26.459220645706342,0.043193221654261704,-0.00022355510406029986
2018-07-31,sh.601633,25.884396219184406,-0.004193326149874763,-0.0006942389925196366
2018-07-31,sh.601668,25.91271458467284,0.10076212334910252,-0.00026764499267506437
2018-07-31,sh.601669,25.414362568987794,0.06551017654890741,-0.00020945565198534852
2018-07-31,sh.601688,25.330584788972978,0.08853590003641154,-3.28749770760547e-05
2018-07-31,sh.601766,25.77926735407265,0.05704579740796202,-0.00010201803874294922
2018-07-31,sh.601788,25.15309736102362,0.04625621613438158,-0.0001926313817177171
2018-07-31,sh.601800,25.936846805178142,0.062339082028903176,-0.0002960005516152918
2018-07-31,sh.601818,25.415581968035642,0.17540281742406721,5.3684611963249406e-05
2018-07-31,sh.601857,26.365337698408215,0.07665978646302216,0.00013829297171473234
2018-07-31,sh.601878,25.07105671991754,0.0036405565036764648,-0.0004442744729372696
2018-07-31,sh.601881,25.396360017653183,0.0342166192487428,-0.00025212733846663384
2018-07-31,sh.601888,25.845269567008366,0.005633221308726441,-0.0003702353655528084
2018-07-31,sh.601899,25.332325188981915,0.05274400125810737,-0.00015552904258408167
2018-07-31,sh.601901,25.500057008269074,-0.009849539230640456,-0.00039679177094098186
2018-07-31,sh.601919,24.903095887947554,0.016405141806354162,-0.00035630291531316995
2018-07-31,sh.601939,26.664131931720572,0.13607946104291996,-7.968467054196346e-05
2018-07-31,sh.601985,25.147103916496597,0.07817916284017103,5.7230394125132425e-05
2018-07-31,sh.601988,26.40884684173999,0.15547563916560697,-8.179855240648937e-05
2018-07-31,sh.601989,25.39430548083361,0.03772438927436685,-6.046655860668216e-05
2018-07-31,sh.601998,25.909436250779216,0.1217100298269746,-0.0001890590218571938
2018-07-31,sh.603160,24.77250047910969,0.050277277452781335,-1.85952370107198e-06
2018-07-31,sh.603259,24.650821915796964,0.0852493433564192,0.00014030162779278768
2018-07-31,sh.603288,25.390583895196002,0.047764490193757995,-0.00013030541762770506
2018-07-31,sh.603501,24.3156244567518,0.04883375447489208,-2.7543502128119124e-05
2018-07-31,sh.603799,25.646694017444016,-0.030090039628028753,-0.0010271827686165749
2018-07-31,sh.603986,24.63033518814372,0.03034124151571082,-0.00019102491583892624
2018-07-31,sh.603993,26.15809269780863,-0.03165086843186596,-0.000709326540768944
2018-08-31,sh.600000,25.656447872898273,0.1740133726482294,8.80336142380234e-05
2018-08-31,sh.600009,25.097143351366565,0.09265217235878138,0.0002500706464072962
2018-08-31,sh.600010,24.788543886288515,0.10763903878822725,0.00035490068937114487
2018-08-31,sh.600015,24.96351653423292,0.21098556029642063,0.0001814426415011621
2018-08-31,sh.600016,25.308237564373307,0.24589515614263638,0.00020877404138981996
2018-08-31,sh.600018,25.51381667636673,0.07767777019263128,-0.00014496457571891696
2018-08-31,sh.600019,25.445912767185444,0.13653288006483233,-2.3991590720384725e-05
2018-08-31,sh.600028,25.925488859301765,0.13454700472613873,0.00022985514449990282
2018-08-31,sh.600029,25.154769566462793,0.07921099550314066,-1.0353557669551509e-05
2018-08-31,sh.600030,25.41589751330125,0.09875667182329036,0.00016009633398957458
2018-08-31,sh.600031,25.152976190611206,0.06914399472029903,-4.346682976602087e-05
2018-08-31,sh.600036,25.866951231588608,0.15141382765544065,0.00029378001261015174
2018-08-31,sh.600048,25.429903869997776,0.11123784473118874,-4.942393540097117e-05
2018-08-31,sh.600050,25.576288349659627,0.04366538350819016,-1.3696653209182178e-05
2018-08-31,sh.600089,24.205345563747024,0.13935017882121592,0.00022023660611597497
2018-08-31,sh.600100,24.62518240890796,0.049397249179203344,1.949705726056374e-05
2018-08-31,sh.600104,25.32125329741867,0.17546094319455674,0.0005052085844633657
2018-08-31,sh.600109,24.393997238881415,0.0866238936438689,0.0001153198424622914
2018-08-31,sh.600111,24.84919217155228,0.0460342830250598,-1.9843654830509796e-05
2018-08-31,sh.600150,24.45900467229717,-0.030373060364484616,-1.6920775688790863e-05
2018-08-31,sh.600196,24.857154622594503,0.09962050532985914,0.0002808228047386491
2018-08-31,sh.600256,23.9923355117345,0.14542609712679172,0.0006020452600404875
2018-08-31,sh.600276,25.66624376213802,0.0334552867273224,-0.0001592325934737338
2018-08-31,sh.600309,25.935157682906794,0.032881406418590435,-0.0005167464140002879
2018-08-31,sh.600332,24.85750791209311,0.0931346973872255,0.00012827074637766021
2018-08-31,sh.600340,24.99397197861076,0.14329739436208327,1.640424250536555e-05
2018-08-31,sh.600346,24.99228182463677,0.0682632084543988,-1.0982201486563027e-05
2018-08-31,sh.600372,24.126484730517163,0.11035482625154375,0.000439409154420358
2018-08-31,sh.600406,24.495564629486754,0.1351689265651715,0.0003443978852129725
2018-08-31,sh.600436,25.150926118596264,0.04043294148290273,-7.24348755340181e-05
2018-08-31,sh.600438,24.41396832350233,0.11061972165260626,0.00014122137421107282
2018-08-31,sh.600485,24.929839203374762,0.0049455726158372515,-7.90120551696873e-06
2018-08-31,sh.600518,25.149716051650934,0.08679124777745008,0.00017124512778759216
2018-08-31,sh.600519,25.92993631148356,0.11250481145323804,0.0003909912401116554
2018-08-31,sh.600547,24.392308874163287,0.08903328259377691,0.00015972108535786142
2018-08-31,sh.600570,24.09456653574869,0.0819945672330555,0.0001103835278718066
2018-08-31,sh.600585,25.562955204939403,0.11329225736854691,-3.6108471136725384e-05
2018-08-31,sh.600588,24.770873495498474,0.04773819187457442,-2.654644493574578e-05
2018-08-31,sh.600606,25.117137910475886,0.12465474051606913,-3.41409158396856e-05
2018-08-31,sh.600637,24.519816430828207,0.10027176965433113,4.874859196090199e-05
2018-08-31,sh.600690,24.806694892046465,0.1396396130566863,0.0003881454056878035
2018-08-31,sh.600703,25.11061333213147,0.06950188849480901,1.1209147354387475e-05
2018-08-31,sh.600745,24.531534365550183,0.03887015359640496,-7.985609574603568e-06
2018-08-31,sh.600795,24.99051740378394,0.059280369335042604,-6.971359524112798e-05
2018-08-31,sh.600809,24.693740010577212,0.06344777627766642,-1.4924004410491057e-05
2018-08-31,sh.600837,25.116763014399474,0.10462232277753428,0.00016538225242020412
2018-08-31,sh.600887,25.202158794657578,0.09443778936243588,0.0002106240153318223
2018-08-31,sh.600893,24.950836249296355,0.06009302486558504,3.826392098477904e-05
2018-08-31,sh.600900,25.722972987342505,0.09786414472755912,0.00011764203808988966
2018-08-31,sh.600919,24.860690656830126,0.1900737659552618,5.541041148562998e-05
2018-08-31,sh.600958,24.967679195016565,0.07154943033925511,0.00010608741769858903
2018-08-31,sh.600999,25.107826935483786,0.08121810007932032,-5.737274665311245e-05
2018-08-31,sh.601006,25.42818435882087,0.10290714483702582,-0.00018369202059353266
2018-08-31,sh.601012,24.240811142729893,0.1816090062906885,0.00014823330587176967
2018-08-31,sh.601066,25.185811544149114,0.059077989637207305,-0.00013388983277537973
2018-08-31,sh.601088,25.363496393401782,0.18733162187649727,0.0003628871511388111
2018-08-31,sh.601111,25.22422524795792,0.09579275601623995,0.00016542929138986547
2018-08-31,sh.601118,24.71899933702373,0.030072769383174998,-8.631498880897658e-06
2018-08-31,sh.601127,24.47722324273022,0.05002922051393506,-7.908529313664547e-05
2018-08-31,sh.601138,25.94279110450444,0.05458970622540485,-0.00015045448047972923
2018-08-31,sh.601166,25.51804067154945,0.20550272297679384,0.00019089383863682243
2018-08-31,sh.601169,25.07202541612724,0.18204245530301044,0.00016505198397665993
2018-08-31,sh.601186,25.23715878573818,0.13923773059297884,0.00017427731261330186
2018-08-31,sh.601198,24.562165294196806,0.0782883642977638,8.129762977661953e-05
2018-08-31,sh.601211,25.27563527277353,0.0957309870376469,5.045411726036311e-05
2018-08-31,sh.601225,24.376963124434834,0.23051788280625843,0.000580114318879694
2018-08-31,sh.601229,24.81627961137565,0.24075448884976677,9.858616813991525e-05
2018-08-31,sh.601288,26.107727625861163,0.20309815071590326,0.0002464197618262493
2018-08-31,sh.601318,26.058868775897196,0.1465843083110872,0.00035229468267471354
2018-08-31,sh.601328,25.703965451588815,0.1916599033005424,0.0001313180397829966
2018-08-31,sh.601336,25.03968961128705,0.12211194698583722,0.0003585638532327915
2018-08-31,sh.601360,25.258272966945697,0.0911224911013714,0.000302461451810333
2018-08-31,sh.601377,24.66528888993239,0.07302633441227245,-4.5330368069994725e-05
2018-08-31,sh.601390,25.181522670299127,0.1466676939436356,0.000286438484882306
2018-08-31,sh.601398,26.406948612302337,0.18172546590630753,0.00020969785665092674
2018-08-31,sh.601601,25.454046444729176,0.11493962758400698,0.0002976328460197874
2018-08-31,sh.601628,26.114507420017585,0.08464121010771007,8.409890925735e-05
2018-08-31,sh.601633,24.674230871912307,0.14506256500093467,0.00038611992018430276
2018-08-31,sh.601668,25.555082169317693,0.14813269027718712,4.668433325140113e-05
2018-08-31,sh.601669,25.2022864391118,0.09157632522724098,-2.8910276895616285e-05
2018-08-31,sh.601688,25.20757811351561,0.10391269796668372,8.406932622410753e-05
2018-08-31,sh.601766,25.471048276476015,0.09493556980954315,0.00018716988925380226
2018-08-31,sh.601788,25.274760929008714,0.029372676330379828,-0.00033567777533690974
2018-08-31,sh.601800,25.537177723889165,0.11241522208149828,5.536525338660932e-05
2018-08-31,sh.601818,25.303741525344748,0.18840104397261018,0.00017081123303208873
2018-08-31,sh.601857,25.96391232727413,0.12882710892423588,0.0005494713164542223
2018-08-31,sh.601878,24.145536745682087,0.11463989575736443,0.000397736658471572
2018-08-31,sh.601881,25.30352486002858,0.043463695201935,-0.00019158046291659574
2018-08-31,sh.601888,25.149597369767143,0.08785818099170141,0.00025880891376188584
2018-08-31,sh.601899,24.97552644167908,0.09632630252176376,0.00017317411897228255
2018-08-31,sh.601901,25.258614797216534,0.01344315129885812,-0.00022394958075953997
2018-08-31,sh.601919,24.513336185800696,0.06135310998693282,-2.3439482228432598e-05
2018-08-31,sh.601939,26.388360570476262,0.17152140504402266,0.0001804591315112281
2018-08-31,sh.601985,25.125820366169204,0.08148528596640789,8.728111277561229e-05
2018-08-31,sh.601988,26.14637826400987,0.1896731379262189,0.00016496126004489578
2018-08-31,sh.601989,25.214344794467785,0.05937287061044823,0.00010709139576870597
2018-08-31,sh.601998,25.64838824621804,0.15667739437647416,4.190920548294152e-05
2018-08-31,sh.603160,24.489767488067226,0.08611207258360422,0.0002771986956517079
2018-08-31,sh.603259,24.467024596112775,0.10980980583137254,0.00033940456832527667
2018-08-31,sh.603288,24.665928096814397,0.13747974133554627,0.0005613147736639449
2018-08-31,sh.603501,24.49429890254436,0.026399260435492705,-0.00020201407906893638
2018-08-31,sh.603799,24.19103287841875,0.15561661188311093,0.00023635379028025917
2018-08-31,sh.603986,25.12948510857362,-0.0347619678565325,-0.0007029067454501956
2018-08-31,sh.603993,25.415644284579308,0.05323254367126009,-9.20447691897801e-05
2018-09-28,sh.600000,25.254541269187783,0.17676264618260074,0.00010941441177162437
2018-09-28,sh.600009,25.97171304759819,-0.014852743529664245,-0.000585983246281578
2018-09-28,sh.600010,25.47255113654108,0.049378136599489496,-9.818793140415038e-05
2018-09-28,sh.600015,25.460189025826995,0.17558491350016353,-9.386429040162048e-05
2018-09-28,sh.600016,25.352323397401143,0.22036462624208883,1.0225921712098705e-05
2018-09-28,sh.600018,25.388918065339663,0.09363240379023768,-2.0887147115141194e-05
2018-09-28,sh.600019,25.47774371030822,0.12630435825362576,-0.00010353767850660307
2018-09-28,sh.600028,25.809623967186766,0.04965400613877118,-0.0004303483573069199
2018-09-28,sh.600029,25.754546554751517,0.03173067849441837,-0.000379602754631255
2018-09-28,sh.600030,25.2761101700425,0.09107725048473023,0.0001003743198784854
2018-09-28,sh.600031,25.809528837747273,0.021752650694488965,-0.0004120240936371011
2018-09-28,sh.600036,25.599996948193866,0.083995727853195,-0.00023052312563743115
2018-09-28,sh.600048,25.249148863607203,0.13214292930312507,0.00011315260529874558
2018-09-28,sh.600050,25.483203008141793,0.034319852321578644,-8.637582014066935e-05
2018-09-28,sh.600089,25.497312624215404,0.09475485982238674,-0.00012657627901163865
2018-09-28,sh.600100,25.779088441579724,-0.012376977298868108,-0.0004609142996342945
2018-09-28,sh.600104,26.07890053722547,0.021080342140481892,-0.0006953923499240413
2018-09-28,sh.600109,25.301646175973115,0.07927952734613435,5.8203514508269944e-05
2018-09-28,sh.600111,25.282754867010453,0.058952696534054494,8.062142448518283e-05
2018-09-28,sh.600150,25.544561913246593,-0.04714193075459211,-0.00014733043416610502
2018-09-28,sh.600196,26.114732799391174,-0.03037211509054348,-0.0007301154898048248
2018-09-28,sh.600256,25.889563134060023,0.01046703757702229,-0.00044751648472007345
2018-09-28,sh.600276,25.495631604498584,0.03809233114181215,-0.0001231708096821143
2018-09-28,sh.600309,26.634424464211108,-0.05898715182733713,-0.001231198075140347
2018-09-28,sh.600332,25.35526533472116,0.07882784111761786,1.7007900604564928e-05
2018-09-28,sh.600340,25.67581430796319,0.10207692016098525,-0.00030416284625985865
2018-09-28,sh.600346,25.827253634846016,0.012508991723277088,-0.00044457660548798404
2018-09-28,sh.600372,25.613340947363145,0.022991309786464867,-0.00024000729287410448
2018-09-28,sh.600406,25.44586421665759,0.08073930258073934,-7.889530685832233e-05
2018-09-28,sh.600436,26.26402611906927,-0.062886422403797,-0.0008759381912079536
2018-09-28,sh.600438,25.534138452205486,0.07160078090736734,-0.00016222463129535682
2018-09-28,sh.600485,25.38196957193654,0.0049455726158372515,-7.90120551696873e-06
2018-09-28,sh.600518,27.019289311117184,-0.14258450457096924,-0.0016125848399352717
2018-09-28,sh.600519,26.3145440048408,-0.055292061227475264,-0.0009139465613494543
2018-09-28,sh.600547,24.964287912926718,0.11913081973101174,0.0003937863174077533
2018-09-28,sh.600570,25.959355266840177,-0.00704986198488626,-0.0005821051928037138
2018-09-28,sh.600585,25.796812948403485,0.06552630884250533,-0.00040757899295558453
2018-09-28,sh.600588,25.89949246144296,-0.016057733770243082,-0.0005226803336258736
2018-09-28,sh.600606,25.51706348352253,0.11062391970352403,-0.00014325706425954754
2018-09-28,sh.600637,25.736253121989513,0.04769077895131823,-0.0003601679826477222
2018-09-28,sh.600690,26.26031465874049,-0.022315653091956253,-0.0008713628650366619
2018-09-28,sh.600703,25.91045431163723,0.000533990559328873,-0.0005251466003154212
2018-09-28,sh.600745,25.38196957193654,0.03887015359640496,-7.985609574603568e-06
2018-09-28,sh.600795,25.544128333669764,0.04620916233138085,-0.00017136693273960446
2018-09-28,sh.600809,26.570361773665695,-0.0856678910488044,-0.0011745801289598076
2018-09-28,sh.600837,25.18897826967084,0.10737488527921013,0.0001867886278903594
2018-09-28,sh.600887,25.90895110433211,-0.0005965359491292843,-0.0005284474676712574
2018-09-28,sh.600893,25.580394399969887,0.025774664716187327,-0.00022862618684410803
2018-09-28,sh.600900,25.55868104305608,0.05896815195012302,-0.00018484781460966366
2018-09-28,sh.600919,25.36451228897483,0.17950896129596144,-2.6750910979577553e-05
2018-09-28,sh.600958,25.259892401722023,0.07881375539798333,0.00016258127375080162
2018-09-28,sh.600999,25.35333945060304,0.0837320046807615,-3.782238739266436e-05
2018-09-28,sh.601006,25.45961877464432,0.11503461938265658,-8.937798649967803e-05
2018-09-28,sh.601012,25.55404264976805,0.13917984963461558,-0.00018173357324867038
2018-09-28,sh.601066,25.01128370009723,0.12008238019750697,0.0003405345949593954
2018-09-28,sh.601088,25.44649616467224,0.13072772692138146,-7.731510684614646e-05
2018-09-28,sh.601111,25.68177787932396,0.035064938540477326,-0.00030684425792200934
2018-09-28,sh.601118,25.38196957193654,0.030072769383174998,-8.631498880897658e-06
2018-09-28,sh.601127,25.532785164980208,0.03942210697213317,-0.0001615756471221181
2018-09-28,sh.601138,25.90729811918836,0.006181439821287091,-0.00052692023770593
2018-09-28,sh.601166,25.341903556997043,0.18330267818074264,1.8246534871982826e-05
2018-09-28,sh.601169,25.40042686292388,0.15705599320252506,-2.926498033137893e-05
2018-09-28,sh.601186,25.432540893879434,0.10839739353765049,-6.556459260431254e-05
2018-09-28,sh.601198,25.422272188156786,0.060955938127029985,-5.3494739949256144e-05
2018-09-28,sh.601211,25.31676776525989,0.09197249837499018,2.122476480636162e-05
2018-09-28,sh.601225,25.45542393265896,0.14504390617758156,-8.460738517852579e-05
2018-09-28,sh.601229,25.378888313796303,0.22139073661060665,-5.200360073550663e-05
2018-09-28,sh.601288,25.401296743818744,0.1668642585638314,-3.536722745378581e-05
2018-09-28,sh.601318,25.649224858278153,0.066539216228714,-0.0002702071840822478
2018-09-28,sh.601328,25.27897957382453,0.18611454267963226,8.819238087558082e-05
2018-09-28,sh.601336,25.65750046030871,0.03985283041745064,-0.0002811562381489927
2018-09-28,sh.601360,26.055884079249665,-0.03400726182005051,-0.0006706588576805151
2018-09-28,sh.601377,25.083888387973584,0.10941169895845992,0.00023763460533931212
2018-09-28,sh.601390,25.565814008720785,0.0847985331031035,-0.00019471116609547136
2018-09-28,sh.601398,25.473179084995877,0.14164077947320053,-0.00010203633571277253
2018-09-28,sh.601601,25.57781298569361,0.05072789162223886,-0.0002017347537172613
2018-09-28,sh.601628,25.516224390903982,0.05539674145430382,-0.00014333210313159956
2018-09-28,sh.601633,26.213087078937026,-0.009746075780988975,-0.0008178098320319073
2018-09-28,sh.601668,25.45728921536454,0.13080883138854701,-8.804140966503962e-05
2018-09-28,sh.601669,25.81760763871688,0.03863518232900453,-0.0004406277154674246
2018-09-28,sh.601688,25.16716186158863,0.11889974922148114,0.00020062197349563345
2018-09-28,sh.601766,25.45158318177151,0.060260768494611726,-8.249222226902053e-05
2018-09-28,sh.601788,25.31470084159075,0.0790793110454549,5.088524927049742e-05
2018-09-28,sh.601800,25.473153596086572,0.0919325931445194,-0.0001039258963598133
2018-09-28,sh.601818,25.285828013596685,0.17769517698791054,8.755288439568535e-05
2018-09-28,sh.601857,25.734516577469368,0.012760362070336081,-0.0003531669928453294
2018-09-28,sh.601878,25.447741784728127,0.0541722256967818,-7.251375303923821e-05
2018-09-28,sh.601881,25.233092941002347,0.08259518877132642,0.00011274085350922904
2018-09-28,sh.601888,26.17447170236594,-0.046363648489135906,-0.0007850194739345423
2018-09-28,sh.601899,25.539916417780592,0.05289437646216673,-0.00016459118737687694
2018-09-28,sh.601901,25.436449788329124,0.04144820484371036,-6.157363188487174e-06
2018-09-28,sh.601919,25.64916298615606,0.028958129616389265,-0.0002753716773149973
2018-09-28,sh.601939,25.428699149809187,0.14095633203511282,-5.7242075528785956e-05
2018-09-28,sh.601985,25.657180781533693,0.03402015116134138,-0.000281850013860087
2018-09-28,sh.601988,25.38196957193654,0.16707032451865195,-1.0818330859817974e-05
2018-09-28,sh.601989,25.452729758874675,0.03677388250705974,-6.865844616664481e-05
2018-09-28,sh.601998,25.46881427331482,0.138657528843414,-9.822930446462281e-05
2018-09-28,sh.603160,25.36319736254284,0.04969906974969308,-5.9812176777659855e-06
2018-09-28,sh.603259,25.601303214593237,0.037304428299753487,-0.0002244617686251964
2018-09-28,sh.603288,26.07636533004037,-0.023437589832748393,-0.0006901215910131892
2018-09-28,sh.603501,26.06001816419029,-0.036302642322151454,-0.0006896398722366129
2018-09-28,sh.603799,26.760342560367157,-0.04951870693640867,-0.0013589609951849655
2018-09-28,sh.603986,26.22039265642025,-0.05113566297531216,-0.0008302431693581171
2018-09-28,sh.603993,25.78591170268946,0.016572825560425955,-0.0003771433600602078
2018-10-31,sh.600000,25.884929538844062,0.141975116357238,-0.00010527871179753583
2018-10-31,sh.600009,25.270788689432173,0.0665580820376665,3.062927755934297e-05
2018-10-31,sh.600010,25.405966964395333,0.033083640697172935,-0.00021366483802062196
2018-10-31,sh.600015,25.281789035939553,0.16845537292161633,-0.00011384080434440438
2018-10-31,sh.600016,25.74581181406875,0.18357544133201084,-0.00018531125026964611
2018-10-31,sh.600018,25.242382151308693,0.11150477664671689,0.00010145666995220278
2018-10-31,sh.600019,25.873783085904293,0.08392202654540273,-0.00045625779929018873
2018-10-31,sh.600028,26.389814389303773,0.07641392481597577,-0.0002512633352071998
2018-10-31,sh.600029,24.48545527339259,0.1610231454176119,0.0005929765864460008
2018-10-31,sh.600030,25.682067981905504,0.06717329589861407,-6.502829290303295e-05
2018-10-31,sh.600031,24.95934653646403,0.09019908921878105,8.010223292458487e-05
2018-10-31,sh.600036,26.24350979751726,0.10395165000403081,-6.333447323196914e-05
2018-10-31,sh.600048,25.25992126163131,0.13226568972506614,0.00012911921067694672
2018-10-31,sh.600050,25.629357222957513,0.03510434068126768,-8.23390735880166e-05
2018-10-31,sh.600089,24.51460081907716,0.10033765666430591,-6.676267791217797e-05
2018-10-31,sh.600100,24.081778880124336,0.11200399609738067,0.0005077734908502352
2018-10-31,sh.600104,26.130951817214555,0.07444152800541376,-0.0003208622950769171
2018-10-31,sh.600109,24.236457742886145,0.10834971898907868,0.00029717979737138383
2018-10-31,sh.600111,25.133727854931816,0.011707671670616995,-0.00028544303539378445
2018-10-31,sh.600150,23.605247351805577,0.07003188374955271,0.0007913754597801914
2018-10-31,sh.600196,24.728864225899006,0.11029342926680127,0.0003380251721497755
2018-10-31,sh.600256,24.931547546367838,0.027371666203451737,-0.0003172735871214402
2018-10-31,sh.600276,25.24361404764307,0.08298436785782091,0.00021850192320676084
2018-10-31,sh.600309,25.062857727369103,0.15117496453181672,6.437383678343451e-05
2018-10-31,sh.600332,24.916037368177374,0.08699234852988007,9.250832817793081e-05
2018-10-31,sh.600340,24.646152607253526,0.1898908155301104,0.0003207550039365568
2018-10-31,sh.600346,25.068736252187758,0.05462976525143367,-0.00014735504450420978
2018-10-31,sh.600372,24.20185415337344,0.103567294527253,0.00039167118000140745
2018-10-31,sh.600406,24.853648464769574,0.09138171500672361,3.2156512473908966e-05
2018-10-31,sh.600436,24.765771362921562,0.07376131030504035,0.0001653479611511011
2018-10-31,sh.600438,23.350837975803895,0.24410720101871072,0.0011793388019300428
2018-10-31,sh.600485,24.929839203374762,0.0049455726158372515,-7.90120551696873e-06
2018-10-31,sh.600518,25.631815456764976,0.009603753395125494,-0.0005547313310527081
2018-10-31,sh.600519,26.13193308498034,0.08013655599247052,0.00010435310357858035
2018-10-31,sh.600547,24.53889546676581,0.07631604249470605,9.060922409618078e-05
2018-10-31,sh.600570,23.56009451593126,0.1444734282822442,0.0005676869697781849
2018-10-31,sh.600585,25.57113081183449,0.11485365977559772,-0.00010567450832392171
2018-10-31,sh.600588,24.739399641019922,0.043771846909035725,-6.935666128680723e-05
2018-10-31,sh.600606,25.08455959781175,0.1299128840752514,-2.3240103656383093e-05
2018-10-31,sh.600637,24.131578384653885,0.14837621686432484,0.00038782737802926185
2018-10-31,sh.600690,24.813430286042873,0.13715319584685765,0.0003023558539106945
2018-10-31,sh.600703,25.002266650285208,0.07825252391701518,4.57295604916884e-05
2018-10-31,sh.600745,24.531534365550183,0.03887015359640496,-7.985609574603568e-06
2018-10-31,sh.600795,24.825599894468642,0.07790870612488991,6.219570754919558e-05
2018-10-31,sh.600809,24.094847384728826,0.1259185908988032,0.00038424805187569836
2018-10-31,sh.600837,25.327134664564618,0.0802031641800725,6.13135052517478e-06
2018-10-31,sh.600887,25.088277414066443,0.1054882516453665,0.00027706434407021496
2018-10-31,sh.600893,24.894668375761306,0.065373713741663,7.626563728769792e-05
2018-10-31,sh.600900,26.152786028391088,0.04361847741724448,-0.0003085829392328648
2018-10-31,sh.600919,25.041653779416244,0.1650687032937098,-0.00010601257517688583
2018-10-31,sh.600958,25.052273479825203,0.06285099088812907,4.735751519793446e-05
2018-10-31,sh.600999,24.976463052008885,0.09793248643055548,7.572166741702242e-05
2018-10-31,sh.601006,25.383021067860103,0.11032218479432196,-0.0001729529559375848
2018-10-31,sh.601012,23.00380770065069,0.3371445898052242,0.0013543347152981395
2018-10-31,sh.601066,24.345088387301846,0.16651205076592518,0.0007177772174513288
2018-10-31,sh.601088,26.030133053499377,0.10099620559864786,-0.00024876201341940597
2018-10-31,sh.601111,25.049557879264555,0.11670075461844052,0.0003187196342481468
2018-10-31,sh.601118,25.69001455336228,-0.0918486619218147,-0.0009568010444531976
2018-10-31,sh.601127,24.264256762076894,0.07422464699551515,0.0001001860459074786
2018-10-31,sh.601138,25.929731473190735,0.05117672988963799,-0.00022969818069782546
2018-10-31,sh.601166,25.81023497962013,0.1640458371439114,-6.186469221999626e-05
2018-10-31,sh.601169,25.36630272278557,0.1427980906086013,-0.0001018017674867534
2018-10-31,sh.601186,25.45414627073964,0.11158033975643053,-1.9520085414819284e-05
2018-10-31,sh.601198,24.541425347332286,0.08143473341946103,0.00010881877459311502
2018-10-31,sh.601211,25.19712970819878,0.10640566619851365,0.00014771085357348173
2018-10-31,sh.601225,25.40622046083491,0.09544863367637976,-0.00036144630415817637
2018-10-31,sh.601229,25.222311438010134,0.18496354171935475,-0.0002774785131417954
2018-10-31,sh.601288,26.70039369741284,0.12465027887927163,-0.00030104450316149087
2018-10-31,sh.601318,26.447480061058286,0.09784552912400253,-1.731610567683242e-05
2018-10-31,sh.601328,25.977812475362196,0.15291387468549816,-0.0001041417947889942
2018-10-31,sh.601336,25.622994976792462,0.049436735928810184,-0.00020121367178526416
2018-10-31,sh.601360,25.41071500629134,0.06610992650703082,9.735163696078308e-05
2018-10-31,sh.601377,24.590096570364864,0.08494066422613934,6.64258731665242e-05
2018-10-31,sh.601390,25.611657628564,0.09252511106580978,-0.00011950137967305848
2018-10-31,sh.601398,26.85245870519666,0.1241072580425078,-0.00020856911245596102
2018-10-31,sh.601601,26.036666272591013,0.04252810482202576,-0.00025804718480327735
2018-10-31,sh.601628,26.257779345373805,0.06633997024933945,-6.090998618159018e-05
2018-10-31,sh.601633,24.989632741681046,0.10496650869677768,5.729618280551789e-06
2018-10-31,sh.601668,25.343376782185487,0.1748563788104151,0.0002515971587081668
2018-10-31,sh.601669,25.140729446547272,0.09862808942618599,-3.0760066882712046e-05
2018-10-31,sh.601688,25.24218551773809,0.10056503347909572,8.964922113894173e-05
2018-10-31,sh.601766,25.58416887419709,0.08190631505435902,9.369968511146071e-05
2018-10-31,sh.601788,24.788773292612127,0.08814989969592966,0.00010287389189684025
2018-10-31,sh.601800,25.79925474456167,0.0795160218504695,-0.00020327875699887405
2018-10-31,sh.601818,25.671329425198376,0.1379811833786898,-0.00015278819703675917
2018-10-31,sh.601857,26.873969274122135,0.016525625030861024,-0.00031811843020639085
2018-10-31,sh.601878,24.131221637983653,0.11999604267878444,0.0004543186870344617
2018-10-31,sh.601881,24.96925650715053,0.08522697753751872,0.00013217348963304122
2018-10-31,sh.601888,25.236034274252983,0.06906422826557232,9.3459884875181e-05
2018-10-31,sh.601899,25.19939061574425,0.06839141250725479,-4.255950175365218e-05
2018-10-31,sh.601901,24.91471853562349,0.05173571132703548,6.728384749733396e-05
2018-10-31,sh.601919,24.158580255257984,0.10293835946336391,0.0002857765672595095
2018-10-31,sh.601939,26.86718291206683,0.10976242827526571,-0.00026830364339458767
2018-10-31,sh.601985,25.37283340329324,0.04885463667728876,-0.0001778666256473138
2018-10-31,sh.601988,26.460938424050603,0.14728165450062475,-0.00011936028254908211
2018-10-31,sh.601989,25.265285383878275,0.05352238237096128,6.205524426040377e-05
2018-10-31,sh.601998,25.85960063501265,0.13055930746817654,-0.00016844015981542544
2018-10-31,sh.603160,25.233695121976247,-0.0026619446480393855,-0.00040825240860335374
2018-10-31,sh.603259,25.15977516632228,0.0239942292387261,-0.0003219708729259171
2018-10-31,sh.603288,25.293441092725534,0.05645791829886916,-8.028120711718725e-05
2018-10-31,sh.603501,23.622838570904072,0.12290956497488788,0.0005280537113730189
2018-10-31,sh.603799,24.22193343468726,0.16742637532306975,1.5260085612337426e-05
2018-10-31,sh.603986,23.841968314910776,0.10655250830284338,0.00032922007153232387
2018-10-31,sh.603993,25.324072336363127,0.060003327434043546,-7.289400294892216e-05
2018-11-30,sh.600000,26.09944664055776,0.11635413553470061,-0.00032690462373277126
2018-11-30,sh.600009,25.268512543422634,0.06729691848673128,3.8241387193270666e-05
2018-11-30,sh.600010,25.291394475050037,0.045048464556233715,-0.00012969477200789424
2018-11-30,sh.600015,25.362835019732294,0.16042060684748832,-0.0002059673850262664
2018-11-30,sh.600016,25.779999800330096,0.18423669764253123,-0.00024137124730466944
2018-11-30,sh.600018,25.639430272177094,0.06185169289501164,-0.00027111643828190866
2018-11-30,sh.600019,25.47504838337147,0.1399443790859656,-0.0001301883235642309
2018-11-30,sh.600028,26.65353860438044,0.04378195791675178,-0.0005415840796675113
2018-11-30,sh.600029,25.429164381639676,0.04600634325250292,-0.0002536110656056606
2018-11-30,sh.600030,25.80165081371014,0.05170187189557369,-0.00019011922006716633
2018-11-30,sh.600031,24.9007120973968,0.0980050214295104,0.00014718361237421804
2018-11-30,sh.600036,26.631523478405324,0.0553329962453884,-0.0004483370202866746
2018-11-30,sh.600048,25.804464483727504,0.06350820708511247,-0.00038361229444567273
2018-11-30,sh.600050,25.597488249033734,0.03767068390936817,-6.399690379148287e-05
2018-11-30,sh.600089,24.486192772438628,0.10398259457724081,-4.6099015453316334e-05
2018-11-30,sh.600100,24.887856824351772,0.02030979392691122,-0.00021815553191907694
2018-11-30,sh.600104,25.49873564150193,0.15511836324938033,0.000253980867263762
2018-11-30,sh.600109,24.90699523382226,0.027128676794193778,-0.0003170895781400496
2018-11-30,sh.600111,25.190868290590913,0.0002946396157873371,-0.00037842382550684763
2018-11-30,sh.600150,24.57880191590803,-0.027895423549720216,-6.520732127192436e-05
2018-11-30,sh.600196,25.75291094603252,-0.014762410089506905,-0.000617144873451918
2018-11-30,sh.600256,24.71269745956725,0.05212578421422027,-8.476854600398092e-05
2018-11-30,sh.600276,26.239759107819786,-0.0390856167464389,-0.000724448542719232
2018-11-30,sh.600309,25.26282734366289,0.1253106770907682,-0.00012133079679244388
2018-11-30,sh.600332,25.24409386739771,0.04658676779191983,-0.00021450273519992005
2018-11-30,sh.600340,25.043694390684482,0.1364858184743041,-2.4429009857339824e-05
2018-11-30,sh.600346,25.00816713344718,0.06111619372642148,-0.00010686298340876777
2018-11-30,sh.600372,25.19114337733157,-0.015254311922593425,-0.0005231535314601391
2018-11-30,sh.600406,24.706927379445553,0.11003346759601465,0.0001818553715532242
2018-11-30,sh.600436,24.726651928934228,0.08115679066718282,0.00022691793720895984
2018-11-30,sh.600438,24.801921899305018,0.06700492502265162,-0.000100208833361222
2018-11-30,sh.600485,24.929839203374762,0.0049455726158372515,-7.90120551696873e-06
2018-11-30,sh.600518,25.469354399504955,0.026855673840565274,-0.0004739309852877706
2018-11-30,sh.600519,26.090248528150752,0.08642083355637485,0.00015917156465546182
2018-11-30,sh.600547,24.215450587202202,0.11804459424003629,0.000420172474934859
2018-11-30,sh.600570,24.387566331465468,0.045790200909101623,-0.00016800373081733342
2018-11-30,sh.600585,25.750192276258442,0.0931448529365439,-0.00029444337263667306
2018-11-30,sh.600588,25.05251531379536,0.003718839942728369,-0.000382074534265952
2018-11-30,sh.600606,25.0952006754986,0.1286720826983099,-3.52160060003347e-05
2018-11-30,sh.600637,24.554460753982006,0.09615541020234646,2.56395543449167e-05
2018-11-30,sh.600690,25.151040623539537,0.09542474591532081,1.3012795866863132e-05
2018-11-30,sh.600703,25.84557630256302,-0.027170484411451257,-0.0007705006605538599
2018-11-30,sh.600745,25.684681071773166,-0.10591985026932524,-0.001134001525721107
2018-11-30,sh.600795,24.807095191410955,0.08092779538464229,9.016874962981612e-05
2018-11-30,sh.600809,24.63824776095237,0.06070822787958707,-9.606018190028899e-05
2018-11-30,sh.600837,25.591032894032764,0.04711684770535251,-0.0002505224873674955
2018-11-30,sh.600887,25.57421323552925,0.047160499752346624,-0.00016019929438254005
2018-11-30,sh.600893,25.305170183880485,0.015361758408442991,-0.0003100153480835128
2018-11-30,sh.600900,25.406477448797748,0.135752293349537,0.00037907594785751636
2018-11-30,sh.600919,25.210966913296627,0.14504002733780258,-0.0002796882960510343
2018-11-30,sh.600958,25.57005731996314,-0.0021190874916874602,-0.0004577148534720698
2018-11-30,sh.600999,25.233305975621057,0.06656267405521002,-0.00015661115887060514
2018-11-30,sh.601006,24.944051122175356,0.16679973577325702,0.0002340136488097823
2018-11-30,sh.601012,24.797641896267397,0.09873438259055799,-0.00024263380785844783
2018-11-30,sh.601066,25.762114629497802,-0.005256588633080109,-0.000576332283269453
2018-11-30,sh.601088,25.917331222257832,0.11727163743109964,-0.00017083935558729382
2018-11-30,sh.601111,25.68193872926458,0.03988363415052015,-0.0002564092094763145
2018-11-30,sh.601118,24.891143954737768,-0.013571033930811202,-0.00032262139949061164
2018-11-30,sh.601127,24.25814549380604,0.07631402138746263,0.00012114967838149527
2018-11-30,sh.601138,25.658937751669654,0.08383903992364054,5.1501859161998206e-06
2018-11-30,sh.601166,25.998475292545145,0.14117166035801482,-0.0002511585950695065
2018-11-30,sh.601169,25.463924489978197,0.13188085939911826,-0.00020932310324252017
2018-11-30,sh.601186,25.491320182463433,0.1069216698400227,-5.6263436661990535e-05
2018-11-30,sh.601198,25.017090817271683,0.022930298018814174,-0.00033956866604282305
2018-11-30,sh.601211,25.585857495917896,0.05867452807029068,-0.00020721219154897841
2018-11-30,sh.601225,25.135711069151142,0.13372729383820475,-0.00014601511731521846
2018-11-30,sh.601229,25.05499105390603,0.21233677224126474,-0.00014461947913304597
2018-11-30,sh.601288,26.33705406444788,0.17543942326408382,1.4351368895811188e-05
2018-11-30,sh.601318,26.875657147918375,0.04407603140424287,-0.0004364946180443605
2018-11-30,sh.601328,25.909730428293482,0.16308450162050603,-5.002262586980132e-05
2018-11-30,sh.601336,25.583345543405194,0.05295725443881016,-0.00018832097897408494
2018-11-30,sh.601360,25.871096886458538,0.009793028831108122,-0.0003377887238478438
2018-11-30,sh.601377,25.040932529857994,0.02939976242999493,-0.00035811533932278097
2018-11-30,sh.601390,25.589896660027396,0.09539193585289904,-0.00011232743942963356
2018-11-30,sh.601398,26.65298160370427,0.15189606560534546,-4.052016788462297e-05
2018-11-30,sh.601601,26.102720402128725,0.032374745620984816,-0.0003566362682788247
2018-11-30,sh.601628,26.408550552357518,0.04701631115328285,-0.00021465131024579387
2018-11-30,sh.601633,25.339708920607574,0.061007142684085365,-0.0003345197562982427
2018-11-30,sh.601668,25.696475737811983,0.12807565163514462,-5.90256431424885e-05
2018-11-30,sh.601669,25.002998264080144,0.11591542738297979,0.00010166182904712404
2018-11-30,sh.601688,25.490878971413498,0.06973757606368589,-0.0001402279475233811
2018-11-30,sh.601766,25.5846459894008,0.08285342426731752,0.00010741945869349224
2018-11-30,sh.601788,25.380827556554166,0.014749704298201077,-0.00045984456220347984
2018-11-30,sh.601800,25.761105306269418,0.08447597496904102,-0.00019175062386930534
2018-11-30,sh.601818,25.647439760230615,0.14330156980463468,-0.0001493406453880663
2018-11-30,sh.601857,26.71090631187344,0.03302317421911644,-0.00020185499526460514
2018-11-30,sh.601878,25.10334661675325,0.0030308854900355925,-0.00043698289625613597
2018-11-30,sh.601881,25.580938407550985,0.010124995738200512,-0.00044367403604457235
2018-11-30,sh.601888,25.017471025641516,0.09782395169236645,0.0003206020581395318
2018-11-30,sh.601899,25.217454901144855,0.06586278785270543,-6.450044587714632e-05
2018-11-30,sh.601901,25.048155251696837,0.03527350363706316,-6.0328339041498966e-05
2018-11-30,sh.601919,24.56037787936268,0.055543613975361145,-6.818212244770228e-05
2018-11-30,sh.601939,26.726337958355394,0.13066340690147749,-0.0001661673628797302
2018-11-30,sh.601985,25.216480350093402,0.06704050123862206,-4.761284710862165e-05
2018-11-30,sh.601988,26.334773260540082,0.1649493669994125,-1.0818330859817974e-05
2018-11-30,sh.601989,25.32784610068727,0.046610965918772604,9.094213610585927e-06
2018-11-30,sh.601998,25.82513680478586,0.13707341321194227,-0.00015585326974930564
2018-11-30,sh.603160,24.440015368441966,0.09090377878992817,0.0003128133415211989
2018-11-30,sh.603259,25.026713398743578,0.037414639244359185,-0.00023536289588430945
2018-11-30,sh.603288,24.892089972498017,0.10616215944930302,0.0003024680887920676
2018-11-30,sh.603501,24.757590620111507,-0.012300853668843315,-0.0005111862101899416
2018-11-30,sh.603799,24.68579789160467,0.10871449307795397,-0.0004339439344020392
2018-11-30,sh.603986,24.884973263858676,-0.020811901060282745,-0.0006459024676516673
2018-11-30,sh.603993,25.418117774847058,0.04744272358631619,-0.00017687258184391589
2018-12-28,sh.600000,25.025235338680194,0.2012505343098888,0.00033332532096031213
2018-12-28,sh.600009,25.490092838275963,0.04750291334530795,-0.00011569441112466644
2018-12-28,sh.600010,25.407369132281733,0.05728411007702065,-3.4539504151770335e-05
2018-12-28,sh.600015,25.290407422058884,0.19615341863087749,7.192275740425517e-05
2018-12-28,sh.600016,25.237639784006447,0.23098836266145542,0.00012221130336973005
2018-12-28,sh.600018,25.244086244348356,0.11221290039082753,0.00012053712676138341
2018-12-28,sh.600019,25.087022061958837,0.19243059807910856,0.0002779912218927611
2018-12-28,sh.600028,24.875789026760284,0.17533837322491574,0.0004815156755168557
2018-12-28,sh.600029,25.110224878122924,0.11070709686920242,0.00024955957058437435
2018-12-28,sh.600030,24.85367140860432,0.14209704735490541,0.0005128741053868072
2018-12-28,sh.600031,25.030395801403095,0.12392723357244087,0.00034877780171987114
2018-12-28,sh.600036,24.783789767426047,0.18582445023578148,0.000566480648000296
2018-12-28,sh.600048,25.034432924363482,0.15434517353588412,0.0003228167908997971
2018-12-28,sh.600050,25.280174815582118,0.06028544508163594,0.00011187560356365082
2018-12-28,sh.600089,25.254635104462267,0.12410511600373428,0.00011039161783821011
2018-12-28,sh.600100,25.826266095138152,-0.01818533917410188,-0.0005175279430567651
2018-12-28,sh.600104,25.391836067818666,0.11931050955553361,-2.4492867840958163e-05
2018-12-28,sh.600109,25.140460903179466,0.09562470395711847,0.00021559648249283825
2018-12-28,sh.600111,25.47626942197525,0.035023642440230436,-0.00010834019481308874
2018-12-28,sh.600150,25.593832469804433,-0.04464176467140751,-0.00019544177210960187
2018-12-28,sh.600196,25.38843134233807,0.06190611803738591,-2.0902172757852495e-05
2018-12-28,sh.600256,25.42196036907578,0.07319495662300395,7.90840877339506e-05
2018-12-28,sh.600276,24.933011276849207,0.1088733957159409,0.0004262124043200226
2018-12-28,sh.600309,24.74940345813067,0.21928187804670926,0.0006094728851655731
2018-12-28,sh.600332,25.619543535702196,0.04317284137737193,-0.0002410524649927221
2018-12-28,sh.600340,25.110189286152547,0.17153625413652984,0.00024815436862046504
2018-12-28,sh.600346,25.509638305445204,0.057570943141107264,-0.0001344340068165265
2018-12-28,sh.600372,25.257437366977527,0.06584189319288135,0.00010752272560928425
2018-12-28,sh.600406,25.256191716713943,0.10031998047066931,0.00010631465180460246
2018-12-28,sh.600436,25.306917022244875,0.05952018180481209,5.865241265618126e-05
2018-12-28,sh.600438,24.48304600145888,0.19100654654412674,0.0008641381224592811
2018-12-28,sh.600485,25.381969571936544,0.0049455726158372515,-7.90120551696873e-06
2018-12-28,sh.600518,26.75746194085814,-0.08668414360807764,-0.0013569176428618586
2018-12-28,sh.600519,24.747451092949586,0.14519816438633143,0.0006162763941056706
2018-12-28,sh.600547,25.328533934899582,0.06891668505913442,3.8110135078891777e-05
2018-12-28,sh.600570,24.630576498946766,0.15938500884726356,0.0007154105817383273
2018-12-28,sh.600585,24.972419010796788,0.1821087325545208,0.0003974189226698437
2018-12-28,sh.600588,24.889575841526373,0.11244480949850327,0.0004634753583343308
2018-12-28,sh.600606,25.197396662063134,0.15491712009024755,0.0001688887597581289
2018-12-28,sh.600637,25.51412665935762,0.0744362933720285,-0.00014326762558901398
2018-12-28,sh.600690,24.798421550143036,0.1652627659700896,0.0005561353874426828
2018-12-28,sh.600703,25.88052858136471,0.00813613734136541,-0.0004959249510601082
2018-12-28,sh.600745,25.48693358562997,0.025690789803039307,-0.0001104800705166489
2018-12-28,sh.600795,25.61691550512957,0.03815872569047234,-0.00024244159575752117
2018-12-28,sh.600809,24.857513942463722,0.137092061425937,0.000497968480390758
2018-12-28,sh.600837,24.835186309232775,0.14777137760117248,0.0005322567078042995
2018-12-28,sh.600887,25.168382359942882,0.09279529222527744,0.00019469746148891265
2018-12-28,sh.600893,25.333509268957503,0.056826364333182444,1.2450326213288954e-05
2018-12-28,sh.600900,25.2517728331394,0.1017751669785073,0.00011483957754717709
2018-12-28,sh.600919,25.230848569681733,0.1943471824892369,0.00010376801997964081
2018-12-28,sh.600958,25.36310314819206,0.06468315494219722,6.17988298384609e-05
2018-12-28,sh.600999,25.098631789817194,0.11381855325694124,0.0002108926099806654
2018-12-28,sh.601006,25.235806366839544,0.1533181253957359,0.00012916864946540635
2018-12-28,sh.601012,24.36027808263843,0.256455321020273,0.0009839445624696185
2018-12-28,sh.601066,24.10015203515898,0.2270421601930035,0.00123022950618706
2018-12-28,sh.601088,24.99056743824304,0.18654432463995474,0.00036788670469891066
2018-12-28,sh.601111,25.101510552208744,0.10625720778203367,0.0002597707637621244
2018-12-28,sh.601118,25.390341810090415,0.025752480463930916,-1.6806758250892882e-05
2018-12-28,sh.601127,25.58374344221667,0.033561111019633084,-0.00021133499770431774
2018-12-28,sh.601138,25.411160438528256,0.07771761101025594,-4.245549266657349e-05
2018-12-28,sh.601166,25.014611004373688,0.2169085267362731,0.00033783867479771697
2018-12-28,sh.601169,25.140741661920174,0.1876401098723653,0.00022431044761710606
2018-12-28,sh.601186,25.65171430480213,0.07820608521350358,-0.0002795813762132404
2018-12-28,sh.601198,25.413426768012595,0.060826068572940636,-4.485743143195028e-05
2018-12-28,sh.601211,25.02617677493405,0.12453517955161914,0.0003049788426091904
2018-12-28,sh.601225,24.88681470198135,0.21301849557693525,0.00047062382725577434
2018-12-28,sh.601229,25.274469734765113,0.237356766145492,4.9958258320254535e-05
2018-12-28,sh.601288,25.256665074233595,0.18720636822391362,0.00010586160410151836
2018-12-28,sh.601318,24.92095623279415,0.156900264474446,0.0004409270186169842
2018-12-28,sh.601319,25.102479985982015,0.09932220959805535,0.015817952570770726
2018-12-28,sh.601328,25.083316364976152,0.20542465715892205,0.00027925210135920425
2018-12-28,sh.601336,25.394428825969506,0.07405141031517931,-2.4274051559858845e-05
2018-12-28,sh.601360,25.51484032060535,0.034924432167845625,-0.00014234456750604254
2018-12-28,sh.601377,25.187531558259558,0.09299141131637957,0.00013642991151146633
2018-12-28,sh.601390,25.543305835073383,0.08762467702029225,-0.00017273255605947585
2018-12-28,sh.601398,25.119043310215805,0.18845150635262442,0.00024376746941220148
2018-12-28,sh.601601,25.065953656167945,0.11656238688656934,0.000298081747308696
2018-12-28,sh.601628,24.94503235826908,0.12790628951819089,0.00041442114409365215
2018-12-28,sh.601633,24.71069547709933,0.1875042195302702,0.0006492340807891562
2018-12-28,sh.601668,25.104980682277397,0.1685807625864882,0.000255978144403428
2018-12-28,sh.601669,25.27368173441548,0.11448028828998912,9.05009103549046e-05
2018-12-28,sh.601688,24.69975619555383,0.172253962333565,0.0006570306996464504
2018-12-28,sh.601766,25.582012229023288,0.04205664704802685,-0.0002098525853006804
2018-12-28,sh.601788,25.163365374119543,0.09942426270148831,0.00019866015434584342
2018-12-28,sh.601800,25.592294172876656,0.08080963067691059,-0.0002202633797004341
2018-12-28,sh.601818,24.985736430551547,0.21144252101267408,0.0003805840286437651
2018-12-28,sh.601857,25.324617998785403,0.0650337400763252,4.708765048253065e-05
2018-12-28,sh.601878,25.226633417759338,0.07765909377698778,0.0001433924617176881
2018-12-28,sh.601881,24.990622680283643,0.11211697655142787,0.00034950636763511107
2018-12-28,sh.601888,25.73790095245488,0.0104725476834822,-0.0003587201919168989
2018-12-28,sh.601899,25.787145792053856,0.02195019506091514,-0.00040600384447274054
2018-12-28,sh.601901,24.808542209567126,0.12107970609564611,0.0006069770487120132
2018-12-28,sh.601919,25.233092941002347,0.08114399639827034,0.00013090923260443858
2018-12-28,sh.601939,24.968877821267487,0.20240521189060937,0.00039176075449054074
2018-12-28,sh.601985,25.296372571608153,0.0822242172006467,7.046923993477889e-05
2018-12-28,sh.601988,25.309077758868348,0.17410172015531994,6.0358511799170746e-05
2018-12-28,sh.601989,25.337744455100207,0.05105069886179934,4.362152781608891e-05
2018-12-28,sh.601998,25.195737199203723,0.17877082598567506,0.00016842291777600265
2018-12-28,sh.603160,25.685279696617755,0.009470317064804265,-0.0003204857230636017
2018-12-28,sh.603259,25.348325163656696,0.0705804950393081,2.2564312490959757e-05
2018-12-28,sh.603288,25.19073451003524,0.08972941558676929,0.00017467244930627246
2018-12-28,sh.603501,25.52394438559793,0.03206232815059815,-0.00016617863034405411
2018-12-28,sh.603799,25.87136873931836,0.1013903991127246,-0.0004909026066585069
2018-12-28,sh.603986,25.058051815518944,0.10142887223564691,0.00030475056541902183
2018-12-28,sh.603993,25.301987977658065,0.0824525257742079,9.539479457845116e-05
2019-01-31,sh.600000,25.427133704027522,0.20066932330876433,0.00033050128251306706
2019-01-31,sh.600009,24.703034014525784,0.1376390989700691,0.0005825564534926124
2019-01-31,sh.600010,24.381373867094283,0.15765752544796063,0.0007393831706894432
2019-01-31,sh.600015,24.783050096574993,0.23564007658396136,0.00034618969354468474
2019-01-31,sh.600016,25.17310123991944,0.2632478788640553,0.00033909255261777927
2019-01-31,sh.600018,24.937924689434556,0.14970241733823053,0.00039603098852183656
2019-01-31,sh.600019,25.110342171073473,0.18359335178106004,0.0002465649794385619
2019-01-31,sh.600028,25.913657450399707,0.13699221197014003,0.00016661496281234145
2019-01-31,sh.600029,24.537620146514723,0.15802164345503977,0.000618330641062377
2019-01-31,sh.600030,24.568802608553717,0.20870638948043366,0.0010523795869147848
2019-01-31,sh.600031,24.58600097824477,0.1406919930616375,0.0005166356079246715
2019-01-31,sh.600036,25.87626681660847,0.1499883534712949,0.0003003084925023391
2019-01-31,sh.600048,25.323769496251625,0.12401834856082355,7.750407027737509e-05
2019-01-31,sh.600050,24.729118589602912,0.14701410597258968,0.000786708307965196
2019-01-31,sh.600089,23.967518270889958,0.1689841588745891,0.00047234121099822403
2019-01-31,sh.600100,23.884346756774956,0.13574248284306442,0.0006821122789375374
2019-01-31,sh.600104,25.56500741452129,0.1457347838278491,0.00022249447437724742
2019-01-31,sh.600109,23.496769749967772,0.20338898813861833,0.00104918398292932
2019-01-31,sh.600111,23.827643026093288,0.16436778369019156,0.0008896075515253894
2019-01-31,sh.600150,23.71439012916833,0.07094056515218417,0.0007402420651296065
2019-01-31,sh.600196,24.147211203698017,0.18010099099904975,0.0008623915360553247
2019-01-31,sh.600256,23.834499316387607,0.16086051619391467,0.0007397833565272093
2019-01-31,sh.600276,24.640847285458722,0.1566283570699875,0.0007866042445221099
2019-01-31,sh.600309,24.26988536622821,0.24605585708455013,0.0009089011389085108
2019-01-31,sh.600332,24.508830801944306,0.13557833497354327,0.0004434679419429122
2019-01-31,sh.600340,24.473796906356124,0.20587689052865782,0.0005651830088121755
2019-01-31,sh.600346,24.2525103636992,0.15430539974899532,0.0006010569863547413
2019-01-31,sh.600372,23.742448729993026,0.16064836458824072,0.0008344770297855831
2019-01-31,sh.600406,25.084357129198356,0.06431852249766401,-0.00014493023139198357
2019-01-31,sh.600436,24.26930638720151,0.14297147097398652,0.0007142707967654024
2019-01-31,sh.600438,24.207658881418176,0.14687322876583056,0.0005731022839862675
2019-01-31,sh.600485,24.929839203374762,0.0049455726158372515,-7.90120551696873e-06
2019-01-31,sh.600518,21.626548854821333,0.5097474839388885,0.002990648489092444
2019-01-31,sh.600519,25.999729660641123,0.10558759688972823,0.0003448593704115021
2019-01-31,sh.600547,24.4878638986894,0.08905423463476309,0.00021564903823379685
2019-01-31,sh.600570,22.854420806364626,0.2437644188335742,0.0013977106884971676
2019-01-31,sh.600585,25.11647618599096,0.17214969390197737,0.0003343892502941803
2019-01-31,sh.600588,23.692632919024067,0.17542017663360274,0.000954813073281929
2019-01-31,sh.600606,24.76890793278674,0.16849808181965223,0.00030361633531956746
2019-01-31,sh.600637,24.012067311309572,0.16399487437497778,0.0005430713340773343
2019-01-31,sh.600690,25.141380686978458,0.09876461466318334,9.643760171067895e-05
2019-01-31,sh.600703,23.11958594436756,0.3057989602264318,0.0017083836437746312
2019-01-31,sh.600745,22.787706544287676,0.23276219199085088,0.0015021089772184997
2019-01-31,sh.600795,24.502790141767463,0.11788285547292872,0.0003693403137637875
2019-01-31,sh.600809,23.70012560198184,0.18202749306641733,0.000872736681288617
2019-01-31,sh.600837,24.38816889085239,0.19974968325842862,0.0009560679635235519
2019-01-31,sh.600887,24.98701404603945,0.12142122474267039,0.0004203032536364329
2019-01-31,sh.600893,24.437223839559277,0.12101335634428892,0.0005057229203834278
2019-01-31,sh.600900,25.904700306964525,0.07587346573361067,-4.133775823975193e-05
2019-01-31,sh.600919,24.41714000434838,0.24673867711628178,0.00048227586709104496
2019-01-31,sh.600958,22.986768194773624,0.3168214701089114,0.0019955792352575417
2019-01-31,sh.600999,24.344959316268092,0.1792899842135203,0.0007340802968788959
2019-01-31,sh.601006,25.082219397933102,0.14656045059642894,0.0001495861583129382
2019-01-31,sh.601012,23.817359121120315,0.21855201328137172,0.0008005291767805152
2019-01-31,sh.601066,22.542235261558364,0.4039289400799413,0.0026310217806726054
2019-01-31,sh.601088,25.669124934110137,0.14663425882046766,9.860920352621727e-05
2019-01-31,sh.601111,24.670963641947644,0.1669368754596594,0.0007325673684531491
2019-01-31,sh.601118,23.827316304000448,0.11303540147524127,0.0006714296416137715
2019-01-31,sh.601127,24.294697722610167,0.07090742175823128,7.62142155993138e-05
2019-01-31,sh.601138,24.503693088127825,0.22883826881380415,0.001131942698243496
2019-01-31,sh.601166,25.442215131233155,0.20911874400185945,0.000305904246392986
2019-01-31,sh.601169,24.981080143636582,0.19213933254198198,0.00026544334035949
2019-01-31,sh.601186,24.919499468324567,0.17983306291472806,0.0004603883447612003
2019-01-31,sh.601198,23.185856159219878,0.24920300820816413,0.0013991533036335584
2019-01-31,sh.601211,24.825177477306635,0.15522149824278847,0.0005573002683348938
2019-01-31,sh.601225,24.81507604869984,0.17017532269642766,0.000209452812858565
2019-01-31,sh.601229,24.70695367862292,0.2557434932581065,0.0001969290998177029
2019-01-31,sh.601288,26.308380858217532,0.17630044206222023,6.244482342581301e-05
2019-01-31,sh.601318,26.014470285210255,0.15218326290490397,0.0004004928516725097
2019-01-31,sh.601319,24.299716698510796,0.24512126307380608,0.01692948635078702
2019-01-31,sh.601328,25.814025860776173,0.17103169141379232,7.57220866102694e-05
2019-01-31,sh.601336,24.65694645678215,0.16792921240813674,0.0006906420218842204
2019-01-31,sh.601360,24.2359577507278,0.20868871504663983,0.0011960195776583068
2019-01-31,sh.601377,23.20098235210154,0.25922539667456135,0.0014208606701107554
2019-01-31,sh.601390,25.07860279382061,0.16016426610773843,0.0003524256788655486
2019-01-31,sh.601398,26.595032556093916,0.1561815575509532,4.5395120531434715e-05
2019-01-31,sh.601601,25.348774401056495,0.12658244544964548,0.00037062399037837755
2019-01-31,sh.601628,25.299654704364144,0.18785121119319712,0.000894147411772161
2019-01-31,sh.601633,24.315486213828677,0.18969553271523992,0.0007000834862558641
2019-01-31,sh.601668,25.661888856947844,0.1307201447376415,3.499727873426555e-06
2019-01-31,sh.601669,24.67893993760435,0.15679296965641837,0.00044726795082587485
2019-01-31,sh.601688,24.66174902989567,0.17626781097075767,0.0007330612762111335
2019-01-31,sh.601766,25.293552350975947,0.11863853227221043,0.0003809210326403024
2019-01-31,sh.601788,23.28863710392248,0.27533406315875697,0.001547616352786352
2019-01-31,sh.601800,24.918249847782576,0.1912398269306591,0.0005790534538174761
2019-01-31,sh.601818,25.40254132294968,0.17067512809198282,0.00011932044782882943
2019-01-31,sh.601857,26.23198372713306,0.09144577446520924,0.00024683031958444264
2019-01-31,sh.601878,23.384346275204454,0.2152474121592664,0.0012007085796487498
2019-01-31,sh.601881,23.467756229492288,0.27468801481852334,0.0016101597910579332
2019-01-31,sh.601888,24.709291066005164,0.13591126419016544,0.000615211845129146
2019-01-31,sh.601899,24.340684318483667,0.17244847564251747,0.0007287049401684771
2019-01-31,sh.601901,24.18354676765968,0.14986185526198548,0.0008387588289892789
2019-01-31,sh.601919,23.792438901897633,0.15293206949251037,0.000693454380242066
2019-01-31,sh.601939,26.540193157254947,0.1512821170052648,4.549924939535534e-05
2019-01-31,sh.601985,24.769229596688156,0.12360251870070849,0.0003954974266804919
2019-01-31,sh.601988,26.18093510117552,0.1830840651699584,0.00014877694988487078
2019-01-31,sh.601989,24.548200004100426,0.1453018587578122,0.0007772576726674959
2019-01-31,sh.601998,25.13820068142996,0.2228634869451611,0.0005192074471892828
2019-01-31,sh.603160,24.106487726759774,0.1329862879767742,0.0006403193106199732
2019-01-31,sh.603259,24.054831767404508,0.1575344563818209,0.0006871088343184177
2019-01-31,sh.603288,25.052384802367847,0.09106871906332717,0.00021031053135107402
2019-01-31,sh.603501,22.690283332239964,0.23803911652526294,0.0014197051386062372
2019-01-31,sh.603799,22.39738672802383,0.4164859256303547,0.0016730615182529612
2019-01-31,sh.603986,22.831750750362843,0.23267726976119854,0.0013067358317713203
2019-01-31,sh.603993,24.301998905394402,0.18660880487904136,0.0008967314712785688
2019-02-28,sh.600000,25.973246471361158,0.1276998228792637,-0.00015884187783628048
2019-02-28,sh.600009,25.063794865983574,0.09868432538505066,0.00030336176680397723
2019-02-28,sh.600010,25.11397453032903,0.07362395144188548,0.0001146926840388363
2019-02-28,sh.600015,25.23434943752164,0.17143629506019165,-4.8368374988902995e-05
2019-02-28,sh.600016,25.695423369685372,0.18771384013442627,-0.00012552694155929832
2019-02-28,sh.600018,24.59232717885066,0.19396609016770594,0.0007852109124361802
2019-02-28,sh.600019,25.542217755908023,0.12634727304697507,-0.00014216176950771915
2019-02-28,sh.600028,26.29008412230427,0.08925358423313394,-0.00017766192118777557
2019-02-28,sh.600029,25.176659011051587,0.08233403766406354,7.212913437662155e-05
2019-02-28,sh.600030,25.572895022305996,0.0910072611495201,0.00019529469703883243
2019-02-28,sh.600031,24.309954429532375,0.17919771974704063,0.0008498407453763922
2019-02-28,sh.600036,25.985205628014747,0.13597328490727031,0.00023448887084179964
2019-02-28,sh.600048,25.139627545711523,0.14691732580910843,0.00026966519349585425
2019-02-28,sh.600050,25.407232370971045,0.07249136302667383,0.00021798888693072183
2019-02-28,sh.600089,24.371688117321142,0.11820956765895577,0.00013842135114242336
2019-02-28,sh.600100,24.04920985317126,0.12731560083474047,0.0006136405284447551
2019-02-28,sh.600104,26.13806790802773,0.07311354780490492,-0.00030649183257443115
2019-02-28,sh.600109,24.375967145302663,0.10308780594609572,0.00031550391110181673
2019-02-28,sh.600111,24.692826284007598,0.06791406768137437,0.00015246884850972378
2019-02-28,sh.600150,23.17169580949691,0.16076117575619692,0.0013585926213669829
2019-02-28,sh.600196,25.021827514068324,0.07835809292358363,0.00011295070371268684
2019-02-28,sh.600256,24.54935309388379,0.07491967261745068,0.00011813399685233191
2019-02-28,sh.600276,25.199647662747054,0.0962422937762116,0.0003370807703828143
2019-02-28,sh.600309,24.89198811236048,0.16422045316819062,0.0004103220158911387
2019-02-28,sh.600332,24.893539220094755,0.09040982365712753,0.00012457126198279464
2019-02-28,sh.600340,25.215210060119738,0.10949651548204802,-8.688416494699214e-05
2019-02-28,sh.600346,24.056148795469966,0.18344524394319317,0.0008679515823126351
2019-02-28,sh.600372,24.690387898210236,0.052413014334057206,1.0376920531067984e-05
2019-02-28,sh.600406,24.400044545020624,0.14950550217347025,0.0005058942383278465
2019-02-28,sh.600436,24.788022378630785,0.08759153551849332,0.00029619454196744635
2019-02-28,sh.600438,24.80054467005915,0.07733384972693691,6.656405977973067e-05
2019-02-28,sh.600485,24.929839203374762,0.0049455726158372515,-7.90120551696873e-06
2019-02-28,sh.600518,25.062553630938375,0.07807358812406547,-7.254604131819078e-05
2019-02-28,sh.600519,25.90878752284414,0.12084513111186723,0.0004779054660343871
2019-02-28,sh.600547,24.92873935445754,0.036327183436470255,-0.00018521709307580764
2019-02-28,sh.600570,24.41853134079095,0.061668647102938054,2.9687216934544813e-05
2019-02-28,sh.600585,25.215891235428675,0.157666841550394,0.00028018359202213085
2019-02-28,sh.600588,24.382510943120117,0.10125445085558771,0.00039587526295377704
2019-02-28,sh.600606,24.819353468741458,0.16033554044821974,0.00029454936474163876
2019-02-28,sh.600637,24.3330402797771,0.12559740493497407,0.00029865979699756246
2019-02-28,sh.600690,25.1252293417816,0.10133339358497008,0.000126640621224425
2019-02-28,sh.600703,24.999876426849124,0.07930324105880261,5.972961948091271e-05
2019-02-28,sh.600745,24.36643081111638,0.056423860847183344,0.0001287631580589967
2019-02-28,sh.600795,24.901355903367524,0.07129951482915127,2.853161794083193e-05
2019-02-28,sh.600809,23.89183400282305,0.16599155080905312,0.000791198341032096
2019-02-28,sh.600837,25.094487008667663,0.11793352269007734,0.00037955846365398353
2019-02-28,sh.600887,25.199764598394324,0.09896224482200075,0.0002671388239597987
2019-02-28,sh.600893,24.886770370664163,0.07164747955508266,0.00013383073676702568
2019-02-28,sh.600900,25.739530371439688,0.09643382033581024,0.00011606766040861958
2019-02-28,sh.600919,25.006972085494255,0.16358395721590424,-2.8287501830684296e-05
2019-02-28,sh.600958,25.306470529461492,0.04318804177746362,-6.132966226381366e-05
2019-02-28,sh.600999,25.26908237136605,0.06901603181733984,-7.205359654688994e-05
2019-02-28,sh.601006,25.519398515292185,0.09073308935489202,-0.0002560761724349727
2019-02-28,sh.601012,24.890100760766448,0.0829293076859171,-0.00014915883356234533
2019-02-28,sh.601066,24.515996617073245,0.1804278037123782,0.0009692189146477999
2019-02-28,sh.601088,25.952556261273607,0.11018335027117573,-0.00016336116739514302
2019-02-28,sh.601111,25.16293078284515,0.11147054298252135,0.0003425766518696419
2019-02-28,sh.601118,24.424684466909355,0.05086815931543001,0.00017110103950954334
2019-02-28,sh.601127,24.449342199119762,0.05254285068178382,-6.289756199917391e-05
2019-02-28,sh.601138,25.89773843169296,0.06085749197385951,-9.66575205798114e-05
2019-02-28,sh.601166,25.75426280346059,0.16485768090609806,4.2836187262877955e-05
2019-02-28,sh.601169,25.429585325535285,0.13217890737672439,-0.00013702888002159743
2019-02-28,sh.601186,25.432315561855596,0.11401820006520566,1.9235859475429562e-05
2019-02-28,sh.601198,24.6042382856446,0.08377086624944423,0.00017316835533955581
2019-02-28,sh.601211,25.391725548599585,0.08815906617962482,7.796922720953948e-05
2019-02-28,sh.601225,25.08058951753102,0.1346965890032672,-2.1102263767737763e-05
2019-02-28,sh.601229,25.095955697991542,0.19507108122645717,-0.00015051002815023322
2019-02-28,sh.601288,26.46910839116108,0.1547880015397255,-8.411277832878243e-05
2019-02-28,sh.601318,26.10629337048818,0.14126869501353378,0.00036249572424781196
2019-02-28,sh.601319,25.107761966338202,0.15618371734462516,0.016296700400641313
2019-02-28,sh.601328,26.01008173557871,0.14508546890942975,-0.0001041417947889942
2019-02-28,sh.601336,25.199665526776798,0.10465914631721793,0.0002462162454578606
2019-02-28,sh.601360,25.659185706032996,0.044433228793205326,-5.47595001254391e-05
2019-02-28,sh.601377,24.654291831445907,0.08929246118864557,0.00016659338738925664
2019-02-28,sh.601390,25.548768901867184,0.10043706258258786,-6.007832288360494e-05
2019-02-28,sh.601398,26.780372035065866,0.1321911269004336,-0.00012788136696543085
2019-02-28,sh.601601,25.78626285107457,0.07426752552004182,-8.341107236256367e-06
2019-02-28,sh.601628,26.346164411266123,0.06399914373733158,-1.999642671798643e-05
2019-02-28,sh.601633,25.145935260437945,0.08688488242212247,-2.4903164037327262e-05
2019-02-28,sh.601668,25.701098225149675,0.12567009294069525,-3.239966968671936e-05
2019-02-28,sh.601669,25.11844910271466,0.10258335589916348,7.603912278689424e-05
2019-02-28,sh.601688,25.61192093089336,0.06156601609864096,-0.0001048473770435216
2019-02-28,sh.601766,25.892727154214178,0.047073550634446536,-0.0001542045015387256
2019-02-28,sh.601788,25.08590224134471,0.06149092608967575,-3.42224563046813e-05
2019-02-28,sh.601800,25.552787810815563,0.11048013023921621,3.266830216108528e-05
2019-02-28,sh.601818,25.66357334909949,0.1362046351909049,-0.0001191375410771681
2019-02-28,sh.601857,26.637988347714355,0.04345177613053775,-0.00011673820858186805
2019-02-28,sh.601878,24.18131725903791,0.1280163543366268,0.0005614899689968126
2019-02-28,sh.601881,25.014331698889066,0.09630266437639005,0.0002805543706654146
2019-02-28,sh.601888,25.059512939032903,0.09950934728581717,0.00035015268345543385
2019-02-28,sh.601899,25.262779510664533,0.06182461859338059,-8.213375053186118e-05
2019-02-28,sh.601901,24.970732534288242,0.06175820096591091,0.00016545046556924265
2019-02-28,sh.601919,24.403002508204306,0.08371194200134101,0.0001833570088045809
2019-02-28,sh.601939,26.726817827943634,0.12721798382762983,-0.00012919675694149824
2019-02-28,sh.601985,25.202805082160623,0.07262324598692259,2.365432764770738e-05
2019-02-28,sh.601988,26.43418145451167,0.14882887434303868,-7.773197721371085e-05
2019-02-28,sh.601989,24.985160774871154,0.10144837798305299,0.00044430172435568646
2019-02-28,sh.601998,25.900635252462493,0.1210764138352948,-0.000159134688125833
2019-02-28,sh.603160,24.063083550158517,0.14764745975311133,0.0007639525827257505
2019-02-28,sh.603259,24.691219035092953,0.08401535780380515,0.0001506207374291226
2019-02-28,sh.603288,24.818307859897335,0.12283750734393281,0.00046759668682860145
2019-02-28,sh.603501,23.389033647503283,0.16763982739314243,0.0008996708411476936
2019-02-28,sh.603799,24.384881236919927,0.14023400497043867,-8.312784851000155e-05
2019-02-28,sh.603986,23.94337220794917,0.10610155437722797,0.0003710835063834804
2019-02-28,sh.603993,25.388986055205883,0.05702531831159711,-5.982039040469509e-05
2019-03-29,sh.600000,25.15202248838592,0.1750661934618199,0.00020952117031662796
2019-03-29,sh.600009,24.869057838780794,0.12277716364375302,0.000490729116898118
2019-03-29,sh.600010,25.649011944090365,0.024093904453209247,-0.000270497037265771
2019-03-29,sh.600015,25.486769697288096,0.16224866244774058,-0.00011981958209654486
2019-03-29,sh.600016,25.346394162494065,0.20591425181183956,1.6015655871605417e-05
2019-03-29,sh.600018,24.96830960702998,0.14312500581624366,0.00038982539792937923
2019-03-29,sh.600019,25.4131657124435,0.13942225857776974,-4.0479046819812035e-05
2019-03-29,sh.600028,25.421263665292866,0.10552444271048035,-5.112524651616377e-05
2019-03-29,sh.600029,25.412746115232004,0.06716432330199296,-4.58440637657579e-05
2019-03-29,sh.600030,25.64592819905897,0.032367177851928136,-0.00026074277346553566
2019-03-29,sh.600031,25.53786483903176,0.051049776168364466,-0.0001467517005002286
2019-03-29,sh.600036,25.323233088638286,0.11092988928246178,3.9729140784478495e-05
2019-03-29,sh.600048,25.579957717885723,0.08525536237147308,-0.00020987310609566108
2019-03-29,sh.600050,25.448404946270948,0.03772356193409123,-5.239647362198855e-05
2019-03-29,sh.600089,25.63167056373589,0.06726446569880144,-0.0002577730968530138
2019-03-29,sh.600100,25.96990558628019,-0.03617243711090298,-0.0006577879397599455
2019-03-29,sh.600104,25.19307556504257,0.13433122150287297,0.00016959127463577896
2019-03-29,sh.600109,25.54647547674209,0.03926159062243945,-0.00018086553708521576
2019-03-29,sh.600111,25.678654660668183,0.008965998818559098,-0.00030596379182077694
2019-03-29,sh.600150,24.82087701818295,0.057986833944097815,0.0005593278823507334
2019-03-29,sh.600196,25.46780609823406,0.05118011599733941,-9.840943007108385e-05
2019-03-29,sh.600256,25.64122025683919,0.04236795351121836,-0.00013501713812200225
2019-03-29,sh.600276,25.363007258771468,0.0537127512867979,6.333201690722763e-06
2019-03-29,sh.600309,25.406738745653357,0.10729295460285436,-3.239687173607364e-05
2019-03-29,sh.600332,24.75641096417337,0.15177129362457495,0.0006017726569462562
2019-03-29,sh.600340,25.333495878434437,0.12453926576668001,3.0101647546117596e-05
2019-03-29,sh.600346,25.52827103952485,0.052212841933474384,-0.00015262835712926694
2019-03-29,sh.600372,25.680529024947173,0.011780895242789316,-0.0003056145953332176
2019-03-29,sh.600406,25.592096488975116,0.05594865205641304,-0.00022168708278346065
2019-03-29,sh.600436,25.368882940322656,0.0492664284745226,-1.8555952474722792e-06
2019-03-29,sh.600438,24.72968546794012,0.14892254940853375,0.0006233014940328796
2019-03-29,sh.600485,25.381969571936544,0.0049455726158372515,-7.90120551696873e-06
2019-03-29,sh.600518,25.709320077897353,0.044526756520642016,-0.00033343605660385214
2019-03-29,sh.600519,24.853703686996532,0.12529655121932387,0.0005125236700306998
2019-03-29,sh.600547,25.61298462079043,0.029328111475110608,-0.00023964810499880007
2019-03-29,sh.600570,25.57559335607552,0.031186088587923787,-0.00020737228397273546
2019-03-29,sh.600585,25.2076985182952,0.14319979711218087,0.00016767498050131583
2019-03-29,sh.600588,25.640340792863856,0.01568024852426833,-0.00026962588535728695
2019-03-29,sh.600606,25.416868702596513,0.11662025100747817,-4.541962741940686e-05
2019-03-29,sh.600637,25.68635296716637,0.04714680763948788,-0.0003114418593836025
2019-03-29,sh.600690,25.36659029401859,0.08522074123796183,1.3342982071851055e-06
2019-03-29,sh.600703,25.794526302614955,0.01865229610539182,-0.00041194610068964407
2019-03-29,sh.600745,24.865666703117284,0.10366726179062535,0.000496169884869627
2019-03-29,sh.600795,25.339889703304955,0.0712397007015342,2.8066450056937812e-05
2019-03-29,sh.600809,25.570952045733613,0.03870641717832507,-0.0001986841268898308
2019-03-29,sh.600837,25.39536634645931,0.06723175121100573,-1.4743629985024316e-05
2019-03-29,sh.600887,25.04154182499384,0.10557348892674509,0.0003185537413485388
2019-03-29,sh.600893,25.67956775398104,0.012588270511976793,-0.00032546622850711314
2019-03-29,sh.600900,25.381969571936544,0.07992830141476667,-1.2293942693397199e-05
2019-03-29,sh.600919,25.271251712816127,0.17549141246002756,6.431546638332857e-05
2019-03-29,sh.600958,25.618492323473145,0.02695379039103654,-0.00018758164762042818
2019-03-29,sh.600999,25.379823946975876,0.07009227565051053,-6.368376676963171e-05
2019-03-29,sh.601006,25.3008371633519,0.13210490375626502,6.566787240258124e-05
2019-03-29,sh.601012,25.09869263483465,0.13591475331914954,0.00026290314250101927
2019-03-29,sh.601066,25.704181137458406,0.012586988986193967,-0.00033606061926214786
2019-03-29,sh.601088,25.3666339883319,0.13127523570939215,6.681030715840583e-07
2019-03-29,sh.601111,25.621250300944936,0.03556392609488351,-0.0002477407490165198
2019-03-29,sh.601118,25.638427610323184,-0.0044440204450544585,-0.00025905569164725017
2019-03-29,sh.601127,25.757883065045384,0.011590751115465397,-0.00038137753078246856
2019-03-29,sh.601138,25.211215646253205,0.0929323445374102,0.00015278507580345244
2019-03-29,sh.601166,25.019917500973158,0.2021246146696713,0.0003326570273995711
2019-03-29,sh.601169,25.27889651737444,0.16129529318857533,8.940604621274232e-05
2019-03-29,sh.601186,25.60078976340737,0.08198858012861232,-0.000229854967748892
2019-03-29,sh.601198,25.53179016701615,0.040873977839578114,-0.00016043602212466963
2019-03-29,sh.601211,25.628225557496677,0.0417556322209152,-0.0002829051688559148
2019-03-29,sh.601225,25.335560498713228,0.14158085929521685,3.2435948213929084e-05
2019-03-29,sh.601229,25.16545846154831,0.2345360587709661,0.00015640475642764967
2019-03-29,sh.601288,25.35173524273208,0.16727898309982445,1.3028209788097584e-05
2019-03-29,sh.601318,24.94316004690677,0.14856594158280212,0.0004192456072622596
2019-03-29,sh.601319,25.773954444834185,0.01031253821175701,0.015162276303498628
2019-03-29,sh.601328,25.36992106254203,0.15839828736441447,-6.094716392346866e-07
2019-03-29,sh.601336,25.118711100323722,0.10449718549608168,0.0002449566939866093
2019-03-29,sh.601360,25.814372002042372,-0.00443842670314494,-0.00043482898329467084
2019-03-29,sh.601377,25.646405270537244,0.027797314412781132,-0.00031164759739310457
2019-03-29,sh.601390,25.50089681184718,0.09127620340417039,-0.00013132131594299212
2019-03-29,sh.601398,25.219996074008137,0.1673042960883622,0.00014518988323370457
2019-03-29,sh.601601,25.145643227855192,0.10366336264253834,0.00022026708106848665
2019-03-29,sh.601628,25.119148697517225,0.09799702431718686,0.0002444013467889871
2019-03-29,sh.601633,24.810657877428856,0.16101820948920093,0.0005516235571846353
2019-03-29,sh.601668,25.375827194598163,0.12874377332003517,-8.495995842677715e-06
2019-03-29,sh.601669,25.66211307633308,0.055671197265351774,-0.00028879156905732545
2019-03-29,sh.601688,25.71913428463122,0.03153904102634932,-0.00033836385568447044
2019-03-29,sh.601766,25.571991777244307,0.04117615591841122,-0.0002000678908388055
2019-03-29,sh.601788,25.587636528652624,0.03816457598602588,-0.00021562891242075957
2019-03-29,sh.601800,25.439062748347958,0.09719648746751156,-7.063712491255924e-05
2019-03-29,sh.601818,25.317789219454546,0.15876907845384503,5.63436494380082e-05
2019-03-29,sh.601857,25.475947945213754,0.04551639905533111,-0.0001006818634469225
2019-03-29,sh.601878,25.896786500483532,-0.00989012286158486,-0.0005109935182533385
2019-03-29,sh.601881,25.470943179772956,0.0448595150620776,-0.00011951333675956684
2019-03-29,sh.601888,24.984492547972998,0.10295669291174311,0.000376962310775082
2019-03-29,sh.601899,25.585455508377226,0.04550381384564941,-0.00020905885184829557
2019-03-29,sh.601901,25.724599057843037,0.0035115701844675024,-0.0002875271680430567
2019-03-29,sh.601919,25.061588753946054,0.09850208669391662,0.0002983783354245716
2019-03-29,sh.601939,25.116937037226712,0.1756154513470675,0.000247185018547692
2019-03-29,sh.601985,25.456530925941603,0.058533384894129584,-8.592097053027278e-05
2019-03-29,sh.601988,25.262315409673782,0.1724569100364346,0.00010602065451295126
2019-03-29,sh.601989,25.491396444930555,0.030633806855788967,-0.00010641539737553889
2019-03-29,sh.601998,25.381969571936544,0.13981228880178279,-1.3427851659688992e-05
2019-03-29,sh.603160,24.580527799056135,0.14691727274599556,0.0007582739987777992
2019-03-29,sh.603259,25.594327439499626,0.03666084206977399,-0.00021765011687223339
2019-03-29,sh.603288,25.270106041115227,0.07520556816389355,9.716834093682447e-05
2019-03-29,sh.603501,24.97020767727794,0.10011400738120788,0.00037452997469124305
2019-03-29,sh.603799,26.225243105424234,0.04336709335074234,-0.0008364511534315436
2019-03-29,sh.603986,26.070595431445895,-0.029563710006417207,-0.0006839703156046015
2019-03-29,sh.603993,25.744976163994433,0.021361891069213393,-0.0003371709369002713
2019-04-30,sh.600000,26.099454778442528,0.11102018427981883,-0.0002726081900704049
2019-04-30,sh.600009,25.569053219957418,0.04483755986935085,-8.755138953850272e-05
2019-04-30,sh.600010,25.088551835027257,0.0750307278947227,0.00011981628128707145
2019-04-30,sh.600015,25.428094618518806,0.1498893009475442,-0.00025548509844598055
2019-04-30,sh.600016,25.746327108848675,0.18335025998687404,-0.00018505095573654538
2019-04-30,sh.600018,25.794510538486474,0.04848108904111611,-0.0002415303543325026
2019-04-30,sh.600019,25.583278274177367,0.12314781277759405,-0.0002042255741780681
2019-04-30,sh.600028,26.258422641346627,0.09380852891466301,-0.00017431777339663317
2019-04-30,sh.600029,25.846272161971406,-0.0012571883652648802,-0.0005741868997119206
2019-04-30,sh.600030,26.240651420428534,0.00642687091092016,-0.0004666104412257227
2019-04-30,sh.600031,25.31224133804964,0.05895664843302955,-4.846096780292923e-05
2019-04-30,sh.600036,26.310548578503504,0.09522459101664511,-4.319771946567529e-05
2019-04-30,sh.600048,25.67473581797642,0.0795789681465622,-0.0002426127229713464
2019-04-30,sh.600050,26.05307526742449,-0.006538261495687328,-0.00039476729527742276
2019-04-30,sh.600089,24.78116370416387,0.06671734325943099,-0.0002751216567298539
2019-04-30,sh.600100,24.93498245935838,0.016345949461626666,-0.0002494123210076971
2019-04-30,sh.600104,26.293451677453906,0.053927097966016205,-0.0004747004244441681
2019-04-30,sh.600109,25.154790769994463,0.007126747050509211,-0.00042411334957068354
2019-04-30,sh.600111,23.800136141166305,0.17791768551078915,0.0010059588789324613
2019-04-30,sh.600150,25.375342850108947,-0.06869676870410699,-0.0005726519399478567
2019-04-30,sh.600196,25.72119681470943,-0.009008477417643768,-0.0005645654479628868
2019-04-30,sh.600256,24.829205310201303,0.03792167569354584,-0.00019002281683247566
2019-04-30,sh.600276,25.81053954476379,0.02447435471875653,-0.0002126055184576193
2019-04-30,sh.600309,25.803069653316975,0.04934933628771548,-0.00042983423810956183
2019-04-30,sh.600332,25.687172243143475,-0.003164805658584832,-0.0005577754998125169
2019-04-30,sh.600340,25.354864855162376,0.09206581891392235,-0.00022635117168938476
2019-04-30,sh.600346,25.17979463125579,0.0483384158733461,-0.00014396189622388955
2019-04-30,sh.600372,24.753542383170934,0.040480591304613706,-8.845302079612172e-05
2019-04-30,sh.600406,25.280243746890786,0.040610039770103065,-0.0003167160467387604
2019-04-30,sh.600436,25.403023991201103,0.01502920187138912,-0.0002629551741044487
2019-04-30,sh.600438,24.63276777491293,0.10522473865103554,0.0003190675249712578
2019-04-30,sh.600485,24.929839203374762,0.0049455726158372515,-7.90120551696873e-06
2019-04-30,sh.600518,27.056866650145682,-0.17384006782720182,-0.002072298783409802
2019-04-30,sh.600519,26.853137690513837,0.013874687386495055,-0.0003198822524133598
2019-04-30,sh.600547,24.45045084930053,0.0916215376799269,0.0002275404734080205
2019-04-30,sh.600570,24.524719635840018,0.04648385731686989,-9.347943978449026e-05
2019-04-30,sh.600585,25.60277284556193,0.1073716388817264,-3.9248746776922534e-05
2019-04-30,sh.600588,25.016946186945365,0.023518935471417646,-0.00020631807902265754
2019-04-30,sh.600606,25.55042797000898,0.06741362025597922,-0.00038479881992760584
2019-04-30,sh.600637,25.04626835815435,0.035999545756781784,-0.00039907651640461904
2019-04-30,sh.600690,25.569808576837634,0.046337370893148544,-0.0002871688850254873
2019-04-30,sh.600703,25.695058827439407,-0.01093634824840127,-0.0006667848200476749
2019-04-30,sh.600745,24.396758425950054,0.06308628798807858,0.00017984216966439486
2019-04-30,sh.600795,25.218662230769407,0.03227722995388726,-0.00027037813129377993
2019-04-30,sh.600809,24.84953843619705,0.051819665810537825,-7.231144962289152e-05
2019-04-30,sh.600837,26.038032455878135,0.002764572247933167,-0.0004952886547034373
2019-04-30,sh.600887,25.687816378973423,0.04429113003815214,-0.00013108986094502974
2019-04-30,sh.600893,25.165981404596128,0.03463412263924156,-0.0001571406125633378
2019-04-30,sh.600900,25.700993834283544,0.10206301710894608,0.00017047907591877706
2019-04-30,sh.600919,25.080449281211806,0.15245181955928322,-8.380500205151095e-05
2019-04-30,sh.600958,25.4618943300058,0.019469292364155164,-0.0002589546108650829
2019-04-30,sh.600999,25.705977378618435,0.014122208763438282,-0.0004992262186955399
2019-04-30,sh.601006,25.318128673715425,0.11702207870708159,-8.248885712988706e-05
2019-04-30,sh.601012,24.581785670192026,0.12174494252697884,0.00016901708621337255
2019-04-30,sh.601066,25.663101922197185,0.04388596856888742,-7.799879813236659e-05
2019-04-30,sh.601088,26.02940966186248,0.1016106235906831,-0.000256658062126487
2019-04-30,sh.601111,26.167576678817046,-0.013676532932973065,-0.0006252688932551954
2019-04-30,sh.601118,24.61904760561444,0.02475815442579902,-2.9849368575277773e-05
2019-04-30,sh.601127,24.96930863370394,-0.017759627719254267,-0.0006285772129223798
2019-04-30,sh.601138,26.248038654868182,0.01754612526431118,-0.0004281539554672153
2019-04-30,sh.601166,26.317563527296056,0.08886168166521194,-0.0004539152221630921
2019-04-30,sh.601169,25.633233004859232,0.10697262823739738,-0.0003397025623965017
2019-04-30,sh.601186,25.942771214964846,0.05037918272895759,-0.0005038026225412247
2019-04-30,sh.601198,25.248868139351895,0.0032186236730340767,-0.0004518529897888555
2019-04-30,sh.601211,26.048294896486027,0.004692047292884818,-0.00058047318598428
2019-04-30,sh.601225,25.198043477205385,0.1196177276871701,-0.00013089680926769786
2019-04-30,sh.601229,25.431316914313467,0.15472108984062394,-0.0004635107821057976
2019-04-30,sh.601288,26.47455170841726,0.15475958280924917,-9.459459603950544e-05
2019-04-30,sh.601318,26.850835660198832,0.05067781841629818,-0.00026352719634039755
2019-04-30,sh.601319,25.709939181065817,0.08388380493322094,0.01574587980031927
2019-04-30,sh.601328,26.085194696109557,0.13689180478793622,-0.0001882862395330593
2019-04-30,sh.601336,25.914846426073826,0.019321189679247328,-0.0003858859153150845
2019-04-30,sh.601360,25.81071181663537,0.018498199393576262,-0.0002680222444180218
2019-04-30,sh.601377,25.184587877253435,0.022103051521771083,-0.0003584167061868792
2019-04-30,sh.601390,25.806295836533486,0.06834514443247758,-0.00033324922245370523
2019-04-30,sh.601398,26.797287360777844,0.12960869947734094,-0.00013933047419682247
2019-04-30,sh.601601,26.00211735506061,0.04896776146544771,-0.00018906227885562293
2019-04-30,sh.601628,26.889535431244006,-0.0017353791976099098,-0.0005186217978407815
2019-04-30,sh.601633,25.390898109608287,0.05833719297070268,-0.00019751390860807869
2019-04-30,sh.601668,26.000014887308097,0.08822217287546609,-0.0003258738834277248
2019-04-30,sh.601669,25.481147106782174,0.056513317273558815,-0.0003039452424339761
2019-04-30,sh.601688,25.779862395274723,0.03732378102120483,-0.0003276182887170924
2019-04-30,sh.601766,26.02195058886613,0.02758323194820704,-0.0003246558947878722
2019-04-30,sh.601788,25.42504152474133,0.01660065358730492,-0.00039544325048103304
2019-04-30,sh.601800,26.027447525568626,0.050886845848864534,-0.00043201124391146714
2019-04-30,sh.601818,25.838386899184062,0.11495876705582478,-0.00029681306681803645
2019-04-30,sh.601857,26.631900195920096,0.04176713488586309,-0.00013771076849689606
2019-04-30,sh.601878,25.20602253811622,-0.0007883453513817251,-0.00044056604131823923
2019-04-30,sh.601881,25.826188596732692,-0.0029309255024544123,-0.0004839215391019607
2019-04-30,sh.601888,25.531583345409285,0.050039175901427375,-1.5900014669450334e-05
2019-04-30,sh.601899,25.23083673304558,0.06357611314721544,-8.775455087174508e-05
2019-04-30,sh.601901,24.957757963253645,0.05984666243981783,0.00014695959909235306
2019-04-30,sh.601919,25.295972691406728,-0.0223442107578629,-0.0006230435493643337
2019-04-30,sh.601939,26.856605222147888,0.1095597553197103,-0.00023856328663802472
2019-04-30,sh.601985,25.495332051162997,0.03554902443946515,-0.00026690535079349354
2019-04-30,sh.601988,26.38178753871622,0.15470330131668672,-2.025455568533908e-05
2019-04-30,sh.601989,25.840037758200108,-0.000977522106013512,-0.0003491527401454905
2019-04-30,sh.601998,26.035960417574813,0.1056901573840289,-0.0003110514833187037
2019-04-30,sh.603160,25.46991304947888,-0.006844171471263288,-0.00042044212708437247
2019-04-30,sh.603259,25.24416967477553,0.013995894367897846,-0.0003967643973101919
2019-04-30,sh.603288,24.878574403799995,0.12175901418548281,0.00048302665496180854
2019-04-30,sh.603501,25.38121715155782,-0.06434651948716377,-0.0008849319308395725
2019-04-30,sh.603799,24.225549935697565,0.177588889517619,-6.0984228317783006e-05
2019-04-30,sh.603986,24.554077823137703,0.024838521647965996,-0.000275634248604819
2019-04-30,sh.603993,25.40934323137216,0.05035103604644794,-0.00013964670116021463
2019-05-31,sh.600000,25.490893389918682,0.19076441777572567,0.0002861114515112616
2019-05-31,sh.600009,24.683114947332886,0.15506857390615028,0.0007671329180056932
2019-05-31,sh.600010,25.38808101273644,0.03895443734798029,-0.0001557309450735286
2019-05-31,sh.600015,25.050598885619614,0.2028577684316367,8.039995192861051e-05
2019-05-31,sh.600016,25.405147371047054,0.2311224885300343,0.00012546153073627627
2019-05-31,sh.600018,25.828541998066374,0.04272007732659479,-0.00030598892399652793
2019-05-31,sh.600019,25.23787311374471,0.1691746664716234,0.00010651301047675198
2019-05-31,sh.600028,25.856291717672214,0.14493326375150573,0.0001963754337860586
2019-05-31,sh.600029,24.914814029570213,0.11091464660677791,0.000254787862453199
2019-05-31,sh.600030,25.01114061301845,0.15617127808695425,0.000668050969881728
2019-05-31,sh.600031,24.93504468920407,0.10578261541032784,0.00031263383167001084
2019-05-31,sh.600036,26.086369770872494,0.12334804918351097,0.00017229343736949578
2019-05-31,sh.600048,25.225952623319937,0.13647869926760875,0.00016457649553328895
2019-05-31,sh.600050,25.399516808525373,0.06893502845552632,0.0001860000424010297
2019-05-31,sh.600089,24.440142460455277,0.10956300263454093,2.1839712022101813e-05
2019-05-31,sh.600100,25.078744243125644,-0.004690598015120187,-0.0004123481775662013
2019-05-31,sh.600104,25.51232354528596,0.1541435450541223,0.00022270190039394357
2019-05-31,sh.600109,24.426777659049332,0.09364188094616738,0.00022985929903282184
2019-05-31,sh.600111,25.039481752852932,0.03619982307362059,-8.428160301759234e-05
2019-05-31,sh.600150,23.902476312488652,0.0991028491345018,0.0007809458802333498
2019-05-31,sh.600196,24.99172451798223,0.07631568510297278,6.849516728308275e-05
2019-05-31,sh.600256,24.519582718448298,0.07478368305850126,6.95041019018251e-05
2019-05-31,sh.600276,25.34498938494839,0.0800271735018137,0.00021457788871830088
2019-05-31,sh.600309,24.84088331303153,0.17082099056178313,0.0004501434967278036
2019-05-31,sh.600332,24.82276262964494,0.10011549602211225,0.00020724563664469706
2019-05-31,sh.600340,24.738382490676145,0.17059181215595287,0.0003469882314582443
2019-05-31,sh.600346,25.007575275993368,0.0686159602770478,6.022208413066154e-06
2019-05-31,sh.600372,24.704758573073647,0.045539734979938774,-5.081093592900295e-05
2019-05-31,sh.600406,24.8602938026583,0.09152345129854038,5.169468844766082e-05
2019-05-31,sh.600436,24.82332958395009,0.083962751553868,0.0002689011321014474
2019-05-31,sh.600438,25.343962440474076,0.01946345470928519,-0.00033303374972425614
2019-05-31,sh.600485,24.929839203374762,0.0049455726158372515,-7.90120551696873e-06
2019-05-31,sh.600518,25.183321152520076,0.07537415984434237,-0.0006445505366611121
2019-05-31,sh.600519,26.025262744809744,0.11358837412157458,0.00044448082738053624
2019-05-31,sh.600547,23.510967022091464,0.21228310290209562,0.0011760433189035324
2019-05-31,sh.600570,24.08704055177701,0.10048907781582349,0.000323799256803772
2019-05-31,sh.600585,25.20413698386577,0.1575275587168148,0.000345095054399108
2019-05-31,sh.600588,24.13011582640917,0.13200543617262522,0.000633840388910103
2019-05-31,sh.600606,25.047097001184696,0.13248145305066106,5.430415884169056e-05
2019-05-31,sh.600637,24.456161576088007,0.10853130581338613,0.0001230697620636862
2019-05-31,sh.600690,24.922391151444014,0.12615143585995148,0.0003072137841231149
2019-05-31,sh.600703,24.726428962667498,0.10574963899748357,0.0001826566934649516
2019-05-31,sh.600745,24.89952775166767,0.003116697964649681,-0.0002867335282939086
2019-05-31,sh.600795,24.828784861529904,0.07862058693207978,7.483659554968516e-05
2019-05-31,sh.600809,23.948619374179753,0.16425644711106402,0.0007996129029597872
2019-05-31,sh.600837,24.81099589894213,0.15192601612734516,0.0006323664748168774
2019-05-31,sh.600887,25.125644985926144,0.11349683186437748,0.0004020085209958266
2019-05-31,sh.600893,25.128425061723053,0.03759837716744729,-0.0001370080683651897
2019-05-31,sh.600900,25.87213744384242,0.08177013131705191,2.708671099685056e-05
2019-05-31,sh.600919,25.03399827649024,0.15889801643151724,-4.37974657340412e-05
2019-05-31,sh.600958,24.95160167143873,0.07984090411739019,0.00019736627110051512
2019-05-31,sh.600999,24.802919258668812,0.12369218189860953,0.0003212344839554772
2019-05-31,sh.601006,25.14857976962277,0.13877468328655584,7.381502633150054e-05
2019-05-31,sh.601012,24.890075710426007,0.08329794431085745,-0.00010830093208448626
2019-05-31,sh.601066,25.91121062374981,0.011941346201141026,-0.0003278528619667066
2019-05-31,sh.601088,25.340287317683423,0.19044566307154037,0.00038290246453414706
2019-05-31,sh.601111,24.957389357513126,0.13192631601563817,0.0004675258212619252
2019-05-31,sh.601118,24.59454845512299,0.02740073174057535,-8.75698726798417e-06
2019-05-31,sh.601127,23.974982861581612,0.09996615456858562,0.00025294136339038177
2019-05-31,sh.601138,26.17513597350921,0.02317029220938706,-0.00041542324160554774
2019-05-31,sh.601166,25.50558681600968,0.1969884030989509,0.000277668667080089
2019-05-31,sh.601169,25.178693579747744,0.16894547334592333,5.8374616764276106e-05
2019-05-31,sh.601186,25.1521867001787,0.15197539231407237,0.00019859140697003007
2019-05-31,sh.601198,24.669475876626635,0.07070958114548326,5.19132256699457e-05
2019-05-31,sh.601211,24.884709210202274,0.1467531420523897,0.00047835205531855267
2019-05-31,sh.601225,24.841239069232497,0.165533634025394,0.0002015577895630804
2019-05-31,sh.601229,24.757015088263532,0.24621772172991963,0.00013732404427463854
2019-05-31,sh.601288,26.294261308277388,0.1787716612040614,7.095389358504578e-05
2019-05-31,sh.601318,26.09724345031589,0.1440610931224358,0.00043728357636424665
2019-05-31,sh.601319,25.763840942184064,0.0794953417332922,0.015719254748246952
2019-05-31,sh.601328,25.77957323405715,0.17822564601975277,8.616754417954664e-05
2019-05-31,sh.601336,25.2284853051659,0.10192488942650328,0.00023189345545415732
2019-05-31,sh.601360,25.491855307388224,0.05489479381352922,8.118910064708406e-06
2019-05-31,sh.601377,24.488251779341933,0.10607074959434938,0.0002791858508942434
2019-05-31,sh.601390,25.38264232623054,0.12246960243574004,3.618611283384878e-05
2019-05-31,sh.601398,26.46274849236459,0.17320759943918804,0.00017023465192578905
2019-05-31,sh.601601,25.566060813609894,0.10224883263634953,0.00021238719409734578
2019-05-31,sh.601628,25.955654587395337,0.11003174773017417,0.00032081015000666555
2019-05-31,sh.601633,25.163714602929375,0.08589265471636458,-1.8026001663273692e-06
2019-05-31,sh.601668,25.429087877871392,0.16257430425518535,0.0001883413524742016
2019-05-31,sh.601669,24.8618270763977,0.13375774732033374,0.00026080876201176945
2019-05-31,sh.601688,24.663758343618497,0.17545258352583917,0.0007179133437823879
2019-05-31,sh.601766,25.57465820045633,0.08078807963524945,6.901381881625318e-05
2019-05-31,sh.601788,24.88946051986078,0.0799936695996194,7.408589057847046e-05
2019-05-31,sh.601800,25.40226185812241,0.13015409129198702,0.00011957034783976315
2019-05-31,sh.601818,25.374445934409987,0.17773392233056207,0.00011596049145291788
2019-05-31,sh.601857,26.576913730576635,0.04711503446567561,-0.00010145686394927005
2019-05-31,sh.601878,24.473430031148006,0.08537765756218416,0.00021361616392718516
2019-05-31,sh.601881,24.470356176538665,0.16126492117280025,0.0007759625458344736
2019-05-31,sh.601888,24.951112606946225,0.12285692468045985,0.0005502831622073816
2019-05-31,sh.601899,24.539461381865404,0.14978169106814282,0.0005769501792563459
2019-05-31,sh.601901,25.104969550581213,0.042848954582186266,1.6323980403163888e-05
2019-05-31,sh.601919,24.39334975776645,0.0828789067182621,0.0001698378134497403
2019-05-31,sh.601939,26.34453793762182,0.17639157556609666,0.00023029609988530763
2019-05-31,sh.601985,25.17236230464565,0.07373683625217133,1.3485346209051428e-05
2019-05-31,sh.601988,26.330198271257043,0.16131944082934213,2.8864217527238782e-05
2019-05-31,sh.601989,25.116889997529775,0.08401351139338772,0.0003081167131915213
2019-05-31,sh.601998,25.56531682048438,0.1686966703887801,0.00010723501630818119
2019-05-31,sh.603160,24.121732234487787,0.15582568617011772,0.00084026448848914
2019-05-31,sh.603259,24.43772634007818,0.11112063027755785,0.0003363878922428247
2019-05-31,sh.603288,25.268776901719985,0.0784930372534932,0.00016377819896787443
2019-05-31,sh.603501,23.214674274637378,0.19294878063387705,0.0011007564907555174
2019-05-31,sh.603799,24.286664671167273,0.17100004856514187,-0.00012708310920441128
2019-05-31,sh.603986,23.757850798719087,0.12162502072158352,0.0004654056255694572
2019-05-31,sh.603993,25.190232547326605,0.0765073152548872,5.297473024794364e-05
2019-06-28,sh.600000,25.320819260557535,0.15972171667160723,4.469578337003528e-05
2019-06-28,sh.600009,25.426838692622724,0.04949148396659069,-5.392848456612191e-05
2019-06-28,sh.600010,25.604680520043143,0.029763400591827055,-0.00022720862583188657
2019-06-28,sh.600015,25.366324739249308,0.192235481159708,-2.208406485164467e-06
2019-06-28,sh.600016,25.34744214356439,0.2169176841531151,1.4992331294916832e-05
2019-06-28,sh.600018,25.128420881569877,0.11208843559473666,0.00023348115958268925
2019-06-28,sh.600019,25.451368986048944,0.14547669699677598,-7.778348856732312e-05
2019-06-28,sh.600028,25.51941509044069,0.10078414478003726,-0.00014696740286321446
2019-06-28,sh.600029,25.57236734647111,0.05221539051429594,-0.0002017097883610668
2019-06-28,sh.600030,25.473540267443944,0.05838646952449625,-9.241071848712959e-05
2019-06-28,sh.600031,25.002901970638924,0.1138823747666526,0.00037562476825867214
2019-06-28,sh.600036,25.21866609883009,0.11943163542891891,0.00014183591886583383
2019-06-28,sh.600048,24.954795147949223,0.16682558452887644,0.0004005808804861855
2019-06-28,sh.600050,25.522326882675234,0.028998852121806508,-0.00012457920327330041
2019-06-28,sh.600089,25.361365757985187,0.10754836305843718,6.172081885872518e-06
2019-06-28,sh.600100,25.431814455000698,0.031312402300284876,-0.0001323568086746854
2019-06-28,sh.600104,25.28915944768172,0.1352498888293043,7.57680164562493e-05
2019-06-28,sh.600109,25.54826875098675,0.0406032080148551,-0.00018261661986645114
2019-06-28,sh.600111,25.850397600732606,-0.013869604837470545,-0.0004736660303605265
2019-06-28,sh.600150,25.1478200656357,0.029554628208890148,0.00024007702457302124
2019-06-28,sh.600196,25.23338716359313,0.08428789766088053,0.00013049418646559306
2019-06-28,sh.600256,25.46644451420819,0.07043007203456406,3.564654837754856e-05
2019-06-28,sh.600276,25.328430377463466,0.05759130005397352,4.009657149736662e-05
2019-06-28,sh.600309,25.277427142210083,0.12500946901026938,9.387233827318068e-05
2019-06-28,sh.600332,25.651878182366108,0.03841062447548934,-0.00027262635458547946
2019-06-28,sh.600340,25.63858715482852,0.09153710006059397,-0.00026781155919790235
2019-06-28,sh.600346,25.40051793508336,0.06425648145132397,-2.7880978359557178e-05
2019-06-28,sh.600372,25.290909815392546,0.061696417388097356,7.48378040253216e-05
2019-06-28,sh.600406,25.258766101693997,0.09822357799433894,0.0001038008359594983
2019-06-28,sh.600436,25.747441023570136,0.001615148336684108,-0.0003715071102041026
2019-06-28,sh.600438,25.2482876753829,0.07731878189528868,0.00011690075891569143
2019-06-28,sh.600485,27.304049529847404,-0.2363922927523023,-0.0018847592089558832
2019-06-28,sh.600518,25.65280061884493,0.1224757874428424,-0.0002782463655423653
2019-06-28,sh.600519,25.42552052540647,0.05053996819436692,-4.5839682780763175e-05
2019-06-28,sh.600547,25.29431425170713,0.07025735420225536,7.152471078921002e-05
2019-06-28,sh.600570,25.219799994571908,0.0768614900828398,0.00014005010881590755
2019-06-28,sh.600585,25.560415254207488,0.090426412289473,-0.0001767431723539697
2019-06-28,sh.600588,25.120452372489545,0.08110982189479364,0.00023803080117062842
2019-06-28,sh.600606,25.141789305334086,0.15419754416134737,0.00022318780808723066
2019-06-28,sh.600637,25.507758550068605,0.07508360259151298,-0.00013704934271443082
2019-06-28,sh.600690,25.48198125894063,0.07233100338206885,-0.00011134179268440679
2019-06-28,sh.600703,25.325315942655955,0.08820640046863319,4.6224859244139134e-05
2019-06-28,sh.600745,24.596647584526742,0.13756545186169386,0.0007588596255990049
2019-06-28,sh.600795,25.36716982811336,0.06918128212304916,1.4281614827640915e-06
2019-06-28,sh.600809,25.45056493780434,0.05100521730288781,-8.112944031294874e-05
2019-06-28,sh.600837,25.429739545373508,0.0644007207120765,-4.830810955851304e-05
2019-06-28,sh.600887,25.630628302786747,0.028799546909289847,-0.0002566729374442566
2019-06-28,sh.600893,25.251202658877986,0.0671511328340797,9.282045817781594e-05
2019-06-28,sh.600900,25.05621546478486,0.1176082672462375,0.00030579594771119634
2019-06-28,sh.600919,25.35894948239548,0.16178843690937383,-2.131898396370804e-05
2019-06-28,sh.600958,25.437703774084653,0.05304190148172212,-1.1046621357156749e-05
2019-06-28,sh.600999,25.42156256711477,0.06895630841035957,-0.0001044403767835706
2019-06-28,sh.601006,25.47025580641204,0.11645473492039547,-9.97647542945933e-05
2019-06-28,sh.601012,24.955793305408996,0.14897218318136798,0.0004024403917266475
2019-06-28,sh.601066,25.685125614766253,0.013278568995841691,-0.00031745342754398794
2019-06-28,sh.601088,25.43973970386211,0.13211642338518625,-7.071760943495409e-05
2019-06-28,sh.601111,25.586748428199442,0.04428505394788045,-0.00021405062299991159
2019-06-28,sh.601118,25.476860356604792,0.015502306538735702,-0.00010128972983752287
2019-06-28,sh.601127,25.482404474675544,0.052990864556656234,-0.00011238029422958786
2019-06-28,sh.601138,24.876592095723826,0.13824958327304726,0.0004795357327495011
2019-06-28,sh.601166,25.20932477466403,0.18027701664556173,0.00014770605484864423
2019-06-28,sh.601169,25.374291593117153,0.16095780362758175,-3.7446110528238628e-06
2019-06-28,sh.601186,25.395600412398032,0.12264687629896959,-2.9493232495745614e-05
2019-06-28,sh.601198,25.540995492396767,0.04224859003181377,-0.00016942476816708088
2019-06-28,sh.601211,25.43113536940037,0.07361283706476146,-9.045204254066222e-05
2019-06-28,sh.601225,25.15204147854109,0.16682970666994362,0.00021163720379942732
2019-06-28,sh.601229,25.153387640140636,0.25018685803065116,0.00016819158021395082
2019-06-28,sh.601288,25.381969571936544,0.16752697692675367,-1.6494777802742855e-05
2019-06-28,sh.601318,25.40402972501369,0.08387450303350656,-3.078090715884687e-05
2019-06-28,sh.601319,25.540415722878098,0.037198956344839496,0.015390320416654354
2019-06-28,sh.601328,25.388424689197123,0.1647439974583056,-1.8677752117017427e-05
2019-06-28,sh.601336,25.34644803524445,0.07500981245428401,2.2577865662945675e-05
2019-06-28,sh.601360,25.601830274356534,0.024624754136426577,-0.00022728785524218218
2019-06-28,sh.601377,25.52140336018166,0.045793113976952786,-0.00018958668367803215
2019-06-28,sh.601390,25.39855160261644,0.11378101881179012,-3.1384045244260734e-05
2019-06-28,sh.601398,25.383095935057487,0.1495082437809379,-1.40726273139659e-05
2019-06-28,sh.601601,25.06022833248428,0.11398683781212651,0.0003036723677892517
2019-06-28,sh.601628,25.200118764888835,0.09003997203523481,0.00016533631187203856
2019-06-28,sh.601633,25.331968986396067,0.09159933892666765,4.257765453124225e-05
2019-06-28,sh.601668,25.290442808397,0.14798468621087826,7.487949951629638e-05
2019-06-28,sh.601669,25.545694761835883,0.0777043547335834,-0.0001751122996743696
2019-06-28,sh.601688,25.71880961952511,0.039670774999031974,-0.00033804682917351213
2019-06-28,sh.601766,25.47954909425157,0.05779508563815074,-0.00010980016356752721
2019-06-28,sh.601788,25.385259243946358,0.06815102115895405,-1.8013082261414767e-05
2019-06-28,sh.601800,25.427635185693855,0.10713090643504684,-5.947842553646137e-05
2019-06-28,sh.601818,25.26357162135108,0.176875628757117,0.00010928563684540216
2019-06-28,sh.601857,25.584132351660774,0.03363096993321593,-0.00020632094898635753
2019-06-28,sh.601878,25.559821117063308,0.03451255646637883,-0.00018195612615570726
2019-06-28,sh.601881,25.64587618750683,0.02415443738838248,-0.00029033058828942937
2019-06-28,sh.601888,25.30352174765551,0.06051271475605162,6.543910681553022e-05
2019-06-28,sh.601899,25.38678380009786,0.0736572244820433,-1.5061414745682063e-05
2019-06-28,sh.601901,25.47185043526777,0.03551323314962547,-4.0725117386352395e-05
2019-06-28,sh.601919,25.629084019597734,0.02815228196156843,-0.0002557651209224416
2019-06-28,sh.601939,25.254525093408745,0.16128759175262858,0.00011283408098132421
2019-06-28,sh.601985,25.25021173103641,0.08686016465484556,0.00011554402608816828
2019-06-28,sh.601988,25.41212306068859,0.15243072071717972,-4.0262379981163825e-05
2019-06-28,sh.601989,25.07783179851633,0.0826379417896729,0.00029741905985775536
2019-06-28,sh.601998,25.250463005584194,0.16969316935282397,0.00011498467901954778
2019-06-28,sh.603160,24.76267354446901,0.1224124857336454,0.0005804137080737239
2019-06-28,sh.603259,25.1701186936049,0.09314302164822745,0.0001965780095823408
2019-06-28,sh.603288,25.564556125732263,0.03295655156349086,-0.00019035403587804346
2019-06-28,sh.603501,24.53061785001101,0.15476138273263867,0.0008037773023794378
2019-06-28,sh.603799,25.016816624618244,0.23151614850237817,0.00034354393612415614
2019-06-28,sh.603986,24.90069624165879,0.12072470098854973,0.0004584039381466367
2019-06-28,sh.603993,25.704723581171404,0.031394148315339744,-0.00029786540129050085
2019-07-31,sh.600000,26.033614624719508,0.1273515463375488,-0.0001959669980207308
2019-07-31,sh.600009,25.481575649415877,0.06647374878653302,7.817498823077895e-05
2019-07-31,sh.600010,25.378076862148408,0.03619691337134777,-0.00019984394114264434
2019-07-31,sh.600015,25.41635532806916,0.1495700112875603,-0.00015908955250392462
2019-07-31,sh.600016,25.82881931507949,0.15944462212290866,-0.0001688158473621167
2019-07-31,sh.600018,26.316030631565027,-0.019900878041302306,-0.0007895313852146792
2019-07-31,sh.600019,25.69955195354674,0.0846177260502068,-0.00034330199234802706
2019-07-31,sh.600028,26.286401681739694,0.07560317784133656,-0.00021635216278134258
2019-07-31,sh.600029,25.665886480126954,0.007624976984846751,-0.0003747211876725881
2019-07-31,sh.600030,25.861219234227825,0.0504323452836674,-8.998043723815549e-05
2019-07-31,sh.600031,25.550387866807885,0.06311446847888175,-0.0001745197688557499
2019-07-31,sh.600036,26.561781385160675,0.0719263528438669,-0.00024563581666010934
2019-07-31,sh.600048,25.69192516334834,0.09956904499209109,-0.00020587018353330225
2019-07-31,sh.600050,25.63221589790195,0.04746195217772209,-6.122589785238381e-05
2019-07-31,sh.600089,24.76459227666188,0.05201385562051607,-0.00028873514558956686
2019-07-31,sh.600100,24.730682002866303,-0.026853204260912783,-9.25166879596468e-05
2019-07-31,sh.600104,25.762837456553587,0.107454705939005,2.1395639802469225e-05
2019-07-31,sh.600109,24.899592662265494,0.034922367957676316,-0.00021061959229674035
2019-07-31,sh.600111,24.766836189438475,0.06337727406028304,0.0001096848354615009
2019-07-31,sh.600150,24.92835817857035,0.0301428425762885,-0.00012861584019550705
2019-07-31,sh.600196,24.87851697345658,0.09119019725867158,0.00022275937136604645
2019-07-31,sh.600256,24.639587606306133,0.06657050247137279,-0.00019447807152517363
2019-07-31,sh.600276,24.96964100340299,0.1432411827121761,0.0007065767361717602
2019-07-31,sh.600309,25.38961946316008,0.07091794678995514,4.089066629143107e-05
2019-07-31,sh.600332,25.109567684334806,0.06214149898416345,-8.623964162049157e-05
2019-07-31,sh.600340,25.45574276200442,0.10291394322063913,-0.00033709259225957476
2019-07-31,sh.600346,24.68590087031623,0.14075954036948846,0.0004936983342357854
2019-07-31,sh.600372,24.71884467134939,0.04363851602477734,-5.888789101391677e-05
2019-07-31,sh.600406,25.270577151118488,0.04471251434857981,-0.00031772930942204993
2019-07-31,sh.600436,25.25482411255273,0.030602751172670264,-0.00016156172248992366
2019-07-31,sh.600438,24.965587737540716,0.06895429875239564,1.057375216339152e-05
2019-07-31,sh.600485,27.113065123992666,-0.42423630211337593,-0.002489350409353749
2019-07-31,sh.600518,24.09121042021595,0.10342782881668147,0.00028184300377361065
2019-07-31,sh.600519,25.880835313652568,0.14027433104980375,0.0006329739430444044
2019-07-31,sh.600547,23.73650181943446,0.2043347247977344,0.0011904181636827511
2019-07-31,sh.600570,24.464500361955388,0.08243711655229471,0.00013534275916446975
2019-07-31,sh.600585,25.590533006975743,0.14066546493137688,-2.1594555056408832e-05
2019-07-31,sh.600588,24.61270668152081,0.1029711481666975,0.00040257573595521936
2019-07-31,sh.600606,25.327236927266032,0.12479392561430433,-0.0001823332366728474
2019-07-31,sh.600637,24.948940742655044,0.04419520564244826,-0.00022908441566101448
2019-07-31,sh.600690,25.42409129874042,0.06754834362244283,-0.00013396080866210215
2019-07-31,sh.600703,25.096912541871458,0.04243815733678451,-0.00016485954365188724
2019-07-31,sh.600745,24.149932772494093,0.11326231005957885,0.0005047595090699269
2019-07-31,sh.600795,25.06522855511826,0.04154398580568827,-0.00014115472963255796
2019-07-31,sh.600809,24.333878524889535,0.12992168233390736,0.0005187045603065963
2019-07-31,sh.600837,25.587816844516205,0.059653534323045335,-3.989704803897439e-05
2019-07-31,sh.600887,25.879749334382048,0.0228423787184954,-0.0003136748672168865
2019-07-31,sh.600893,25.01721568513955,0.05057871761758832,-3.341853630182654e-06
2019-07-31,sh.600900,25.979436286338093,0.07082451042699106,-3.3477645392286026e-05
2019-07-31,sh.600919,25.18828039217272,0.1536979609466683,-0.00016761384069215543
2019-07-31,sh.600958,25.291938766519134,0.03192692639653706,-0.00014793366839457848
2019-07-31,sh.600999,25.39377323827201,0.058934107405731226,-3.9593680244073e-05
2019-07-31,sh.601006,25.314068721965437,0.11997967218512598,-8.853927138923246e-05
2019-07-31,sh.601012,24.683860646671345,0.11035000136604027,0.0002653113287199345
2019-07-31,sh.601066,25.50415857610139,0.054047257605971934,4.9702672374859626e-05
2019-07-31,sh.601088,25.89245378697131,0.12124942235426944,-0.00011288968346909558
2019-07-31,sh.601111,25.929459712708113,0.01065803031677183,-0.00045005133985371253
2019-07-31,sh.601118,24.91859370603828,0.013542071738160383,-0.0003416512045412073
2019-07-31,sh.601127,24.09306612573418,0.04645771338228191,0.00017570387859340482
2019-07-31,sh.601138,25.624423568950487,0.09487503911596466,0.00013093517252764464
2019-07-31,sh.601166,26.258023393073007,0.10281585186140504,-0.00040367107631344073
2019-07-31,sh.601169,25.51412659159666,0.13478275715740615,-0.00025315159800821436
2019-07-31,sh.601186,25.63490693864303,0.0979586898524212,-0.0002453998395267339
2019-07-31,sh.601198,24.917886405582877,0.03807666645373023,-7.362028621596989e-05
2019-07-31,sh.601211,25.641884329827956,0.04982214985475941,-0.00012969855430353211
2019-07-31,sh.601225,25.341444975724684,0.09920998151437971,-0.000232142376373534
2019-07-31,sh.601229,25.29436690961586,0.16321510069836592,-0.00011380805581237327
2019-07-31,sh.601288,26.64177650027285,0.13412471074042281,-0.00021808144451821362
2019-07-31,sh.601318,26.64183996805091,0.09528017487666111,-3.7152102112724586e-05
2019-07-31,sh.601319,26.229762921253876,0.03458262345789877,-0.00027183180267898615
2019-07-31,sh.601328,26.151680557119885,0.13610346209268964,-0.00026671440221244026
2019-07-31,sh.601336,25.961324990168194,0.02949684180481498,-0.0004416953951776242
2019-07-31,sh.601360,25.094489516286476,0.11191565536834266,0.0003841445119358223
2019-07-31,sh.601377,25.068274428948175,0.023156977944311388,-0.00014191491090426514
2019-07-31,sh.601390,25.646868630993175,0.09021355423533768,-0.00021742473966065808
2019-07-31,sh.601398,26.841201321120774,0.1276949331475603,-0.00017110085244632857
2019-07-31,sh.601601,25.942762569524163,0.07655151071873759,-7.608577001300932e-05
2019-07-31,sh.601628,26.47012521823662,0.04779789971249594,-9.703218532572882e-05
2019-07-31,sh.601633,25.26967994248119,0.049351772552003494,-0.00011046776164235614
2019-07-31,sh.601668,25.943738245843985,0.1097397906661907,-0.000276821963129831
2019-07-31,sh.601669,25.37072488583669,0.06917712056302278,-0.00022164928815889584
2019-07-31,sh.601688,25.76623867647026,0.034153743961801326,-0.00017944562960428345
2019-07-31,sh.601766,25.873169406183884,0.04516793922776567,-0.00022476701812392671
2019-07-31,sh.601788,25.17149574716553,0.02462032732481729,1.9553792248960314e-05
2019-07-31,sh.601800,25.88796254106187,0.06510196361435275,-0.0003431841765100178
2019-07-31,sh.601818,25.694180173937205,0.14579504757524422,-0.0001713378627811188
2019-07-31,sh.601857,26.666936529395198,0.04170742159835471,-0.00023389196843132568
2019-07-31,sh.601878,25.045221548326104,0.011833653421730969,-0.0003388714249375101
2019-07-31,sh.601881,25.655315321632735,0.023194569094183076,-0.00010067339709470335
2019-07-31,sh.601888,25.400720788512313,0.07889518201554344,0.00019136266214818046
2019-07-31,sh.601899,25.214492224974926,0.062150567516873,-1.4950732748971557e-05
2019-07-31,sh.601901,25.20859911374662,0.03152544289187988,0.0001366142799104571
2019-07-31,sh.601919,24.74390186037547,0.07782071855399766,-8.039024184924393e-05
2019-07-31,sh.601939,26.880583616693375,0.10954445904006763,-0.00024726914955626065
2019-07-31,sh.601985,25.380684739729844,0.05051323902897149,-0.00016984608350099954
2019-07-31,sh.601988,26.55457030308243,0.1377439578197181,-0.000192990970523088
2019-07-31,sh.601989,25.461007540654684,0.04892718552970467,1.8185689155329804e-05
2019-07-31,sh.601998,25.94374906834574,0.12481158260722883,-0.00022988441464434625
2019-07-31,sh.603160,24.35106556202787,0.15616789610250081,0.0009169567015996742
2019-07-31,sh.603259,23.667498744226094,0.2214245876726917,0.0012108674786827731
2019-07-31,sh.603288,24.891420939537497,0.12951381054056643,0.0005296593180432573
2019-07-31,sh.603501,23.433355829718064,0.18689914423032053,0.0011321034554240483
2019-07-31,sh.603799,24.226504558622945,0.07525614276120879,0.00024689109711300173
2019-07-31,sh.603986,23.11068451764979,0.21424144587668983,0.001249693646222303
2019-07-31,sh.603993,25.217876657421797,0.05182326128619348,-5.3257329079135e-05
2019-08-30,sh.600000,25.19534585195343,0.17424498881322947,0.00016871814032268088
2019-08-30,sh.600009,25.572945254931753,0.03150295472205373,-0.0001937890263112878
2019-08-30,sh.600010,25.4822131700989,0.04750897913332794,-0.00011187125136844097
2019-08-30,sh.600015,25.309279117467984,0.17867591459054083,6.726385241323774e-05
2019-08-30,sh.600016,25.246097225029732,0.19672232025699946,0.00012108870609874552
2019-08-30,sh.600018,25.41471464973348,0.07583376274878073,-4.5013625852175075e-05
2019-08-30,sh.600019,25.317268454361873,0.1349109215414781,4.782265082523564e-05
2019-08-30,sh.600028,25.264832477497535,0.11628443371036093,0.00010002148439273447
2019-08-30,sh.600029,25.34763957256587,0.057968438519052354,1.6794368981402187e-05
2019-08-30,sh.600030,25.355022368129458,0.0652730316532453,2.5433946438357453e-05
2019-08-30,sh.600031,25.155919141782007,0.11322557955536941,0.000215188823874426
2019-08-30,sh.600036,25.330429507245423,0.10783320777321062,3.36078401512997e-05
2019-08-30,sh.600048,25.144403423875193,0.15464222699106958,0.00022242788835010195
2019-08-30,sh.600050,25.279155625103357,0.06673897316706477,8.86893716438389e-05
2019-08-30,sh.600089,25.427673340095673,0.08145949678391069,-5.973963674305723e-05
2019-08-30,sh.600100,25.658689583851316,-0.056312832258832796,-0.0003216209708780648
2019-08-30,sh.600104,25.57682106357988,0.0784286142234304,-0.00020433707918809206
2019-08-30,sh.600109,25.4119398959885,0.05707099963044054,-3.837212273021767e-05
2019-08-30,sh.600111,25.62459876284156,0.016955269855438104,-0.00025133397936323815
2019-08-30,sh.600150,25.739025562512786,-0.0005689268141016723,-0.0003674578888404508
2019-08-30,sh.600196,25.705540679928962,0.02014101832504979,-0.00032978226944079176
2019-08-30,sh.600256,25.370612668821472,0.09105395182431064,-4.072981964291514e-06
2019-08-30,sh.600276,25.352384874789937,0.05451607791996601,1.657136639193864e-05
2019-08-30,sh.600309,25.42905334651515,0.057171602163382684,-6.601314215593589e-05
2019-08-30,sh.600332,25.60609143774669,0.043280070394821415,-0.00023292289478591693
2019-08-30,sh.600340,25.341109409642105,0.1487786174890348,1.959192902119298e-05
2019-08-30,sh.600346,25.050442365914897,0.11919297743083325,0.0003259775491184585
2019-08-30,sh.600372,25.575325209674556,0.024968550591219524,-0.00020408215630025766
2019-08-30,sh.600406,24.697502807027384,0.16969604893107323,0.0006542538761481535
2019-08-30,sh.600436,25.30015909354459,0.06034493592436917,6.973997318818155e-05
2019-08-30,sh.600438,25.8720683923037,0.004499524932755239,-0.0004906839262316018
2019-08-30,sh.600485,26.73265441730597,-0.27474945491443725,-0.00132680765980966
2019-08-30,sh.600518,24.926973413130455,0.12106990314358884,0.00041904347311235866
2019-08-30,sh.600519,25.355635877147833,0.0613714873052002,1.9355215828714635e-05
2019-08-30,sh.600547,25.94659390085378,-0.0213861932392741,-0.0005649885600615899
2019-08-30,sh.600570,25.400689355577224,0.05877394693831618,-4.8683105193702817e-05
2019-08-30,sh.600585,25.199876046235836,0.16472330034564336,0.00016550058177098066
2019-08-30,sh.600588,25.52028510728685,0.03109841047967317,-0.0001563706305885763
2019-08-30,sh.600606,25.138164440659317,0.17713865964794234,0.0002247459958340486
2019-08-30,sh.600637,25.45844019687303,0.06219026399230276,-8.913882844553472e-05
2019-08-30,sh.600690,25.526097309709257,0.06488317226983528,-0.00015468755278925033
2019-08-30,sh.600703,24.249365147227838,0.2023744694359363,0.001078947543751917
2019-08-30,sh.600745,23.32764468507178,0.30597587873189114,0.0020034717114927373
2019-08-30,sh.600795,25.488936826073203,0.04477191452719821,-0.00011605148341690597
2019-08-30,sh.600809,25.354541356152705,0.06527545341482577,1.5957956685810903e-05
2019-08-30,sh.600837,25.205850516330496,0.08857814668350929,0.0001850464771815472
2019-08-30,sh.600887,25.39902672869192,0.05927758586674349,-3.0322273379898274e-05
2019-08-30,sh.600893,25.65161889424297,0.015516231255430044,-0.0002760189490743698
2019-08-30,sh.600900,25.460705480804666,0.0634597351555157,-9.07526916877039e-05
2019-08-30,sh.600919,25.365087229431655,0.17480622391001607,-3.4572040159340406e-06
2019-08-30,sh.600958,25.287518945527285,0.06507604501018559,0.00010986337676477455
2019-08-30,sh.600999,25.271406779845705,0.09161179399547281,0.00021453708997828475
2019-08-30,sh.601006,25.45482102408942,0.12039187897058959,-8.533358460987412e-05
2019-08-30,sh.601012,25.575024602755548,0.05088872325678034,-0.00019711248340683292
2019-08-30,sh.601066,24.775657486277122,0.12921954291756751,0.0006343092574569184
2019-08-30,sh.601088,25.36386779859262,0.13629897203531724,4.149007181207218e-06
2019-08-30,sh.601111,25.329560846661547,0.07314017825852208,3.586544430961427e-05
2019-08-30,sh.601118,25.447774997426055,0.04759024139036584,-7.686233845627472e-05
2019-08-30,sh.601127,25.5529667611956,0.0005542349314918149,-0.00018128241854082383
2019-08-30,sh.601138,25.331706684047255,0.08254088109414225,3.5013783798921e-05
2019-08-30,sh.601166,25.303152532030204,0.16107181820338645,4.937915892515379e-05
2019-08-30,sh.601169,25.303206744808975,0.17653017859905842,7.151350142067299e-05
2019-08-30,sh.601186,25.23325654169568,0.14628311510749317,0.00013041389431571777
2019-08-30,sh.601198,25.29054065873888,0.07384758682437076,0.00020456622250118205
2019-08-30,sh.601211,25.27638825146127,0.08229821142328647,0.00012286420033128914
2019-08-30,sh.601225,25.453773272867444,0.11813505163461255,-8.496419003041893e-05
2019-08-30,sh.601229,25.244440245189406,0.19518585890126527,0.00013482501019071856
2019-08-30,sh.601236,25.63555269033601,0.014602195334851395,-0.0005310359313600797
2019-08-30,sh.601288,25.315631896682042,0.16867633938651513,5.062276672251735e-05
2019-08-30,sh.601318,25.361908928275348,0.10192478482533092,1.4522297770059533e-05
2019-08-30,sh.601319,25.29246635929158,0.07910420592949914,7.440764159605297e-05
2019-08-30,sh.601328,25.35417559832406,0.17208898724562383,1.314106426486152e-05
2019-08-30,sh.601336,25.347675162447036,0.08981281338664043,2.737527396855299e-05
2019-08-30,sh.601360,25.15984657871481,0.09067810997350777,0.0002189824600261873
2019-08-30,sh.601377,25.289074969026615,0.06180603570640708,0.00015865455537285926
2019-08-30,sh.601390,25.38822437215466,0.11540303537185143,-2.1528918665380957e-05
2019-08-30,sh.601398,25.284329703596583,0.16087665409382187,8.694973746366781e-05
2019-08-30,sh.601601,25.67335225310292,0.04974765489540304,-0.00028453640517674253
2019-08-30,sh.601628,25.560479618924102,0.038738027537748757,-0.00016748981357801132
2019-08-30,sh.601633,25.598223356221922,0.03402693843600717,-0.0002296473090296123
2019-08-30,sh.601668,25.40945867563737,0.13994527790703942,-4.191721501133245e-05
2019-08-30,sh.601669,25.422131269918257,0.09077954347140482,-5.364962400581461e-05
2019-08-30,sh.601688,25.356194912598912,0.062012107307921754,3.720579444439404e-05
2019-08-30,sh.601766,25.36131498440309,0.07474037137443897,5.214530237631557e-06
2019-08-30,sh.601788,25.186508517023867,0.07169837604862972,0.0003856745930557089
2019-08-30,sh.601800,25.333002884457436,0.11345463229544435,3.284920334649231e-05
2019-08-30,sh.601818,25.20201098480997,0.18880808840631458,0.00016316981927239456
2019-08-30,sh.601857,25.29053921867432,0.08146398171003613,7.529042166310609e-05
2019-08-30,sh.601878,25.106797163829576,0.08900302013760238,0.0002612662423119348
2019-08-30,sh.601881,25.2423445602104,0.07760746423276137,0.0003224896965845252
2019-08-30,sh.601888,25.47724718539731,0.04095901556495958,-0.00010366272690114526
2019-08-30,sh.601899,25.782533130167273,0.011855493324046742,-0.0004060899863773491
2019-08-30,sh.601901,25.23455251581543,0.06904372761794743,0.00042838984880432185
2019-08-30,sh.601919,25.242742352266603,0.10536616166248947,0.00013382763596939874
2019-08-30,sh.601939,25.332937377183217,0.14580138223039646,3.469694957217806e-05
2019-08-30,sh.601985,25.451712335036515,0.06187706147154785,-8.147088772111728e-05
2019-08-30,sh.601988,25.328724034669,0.16732977519618614,3.7094673296635656e-05
2019-08-30,sh.601989,25.73438847172608,-0.0016161399908683205,-0.0003748841877121116
2019-08-30,sh.601998,25.34834582478906,0.1568448501540588,1.9234779643120018e-05
2019-08-30,sh.603160,25.260042399662776,0.0662660104557053,0.00021779963669794019
2019-08-30,sh.603259,25.381969571936544,0.06375235477460849,-1.5332114089125593e-05
2019-08-30,sh.603288,25.538012846306305,0.040136721361392055,-0.00016541646251907666
2019-08-30,sh.603501,24.952951787954728,0.09351310240362695,0.0004058504915779122
2019-08-30,sh.603799,25.107678626007843,0.07537640256473875,0.00024782634436234206
2019-08-30,sh.603986,24.986767473137967,0.10097992061774551,0.0003688712363626528
2019-08-30,sh.603993,25.32961393222779,0.062308678031338396,2.828660231968674e-05
2019-08-30,sh.688012,25.48085220482898,0.06694106470702606,-9.604508770008573e-05
2019-09-30,sh.600000,25.63277969296781,0.17780396804765508,0.00019420172403225501
2019-09-30,sh.600009,25.7208868281105,0.035070995358477554,-0.0001697224496665752
2019-09-30,sh.600010,25.37997420679437,0.032695889180134385,-0.0002402616466268855
2019-09-30,sh.600015,25.189159263478693,0.17975698719259087,5.099583415708983e-05
2019-09-30,sh.600016,25.582488998139834,0.19101924564943168,6.768053475559303e-05
2019-09-30,sh.600018,25.31833993751877,0.10121284215109229,6.437456650260405e-05
2019-09-30,sh.600019,25.395410321238554,0.12494672585956271,-8.367702624163822e-05
2019-09-30,sh.600028,26.15644433490117,0.09192457862071823,-0.00010210526627631685
2019-09-30,sh.600029,25.23549486259159,0.05718569851744936,-1.1846382381041525e-07
2019-09-30,sh.600030,25.891688694150123,0.045906688125804215,-0.0001282431034622508
2019-09-30,sh.600031,25.596201974939515,0.05756091088700685,-0.00021375466933067986
2019-09-30,sh.600036,26.220829561259222,0.11477311540430812,6.250394681350308e-05
2019-09-30,sh.600048,25.465113986788317,0.12790681189529593,1.868719294589317e-05
2019-09-30,sh.600050,25.50689030669338,0.06384793869017008,6.769370766419232e-05
2019-09-30,sh.600089,24.485791710560527,0.08586896285522207,-6.0288910189997085e-05
2019-09-30,sh.600100,24.617151188418273,-0.0237009365595114,-2.4487133250518195e-05
2019-09-30,sh.600104,25.82161473020858,0.10016433936891568,-5.729090362421763e-05
2019-09-30,sh.600109,24.74730895067054,0.05141932664197116,-9.33937591247171e-05
2019-09-30,sh.600111,25.16076610566486,0.012084698916716333,-0.0002913191615892819
2019-09-30,sh.600150,25.018955163471293,0.011262854114245546,-0.0002806374481255947
2019-09-30,sh.600196,25.078762699280343,0.06491291927704504,1.3775166453329204e-05
2019-09-30,sh.600256,24.46638603605471,0.08778067395027797,-4.833158296067335e-05
2019-09-30,sh.600276,25.32395333403923,0.10854259878993346,0.00045175130443883793
2019-09-30,sh.600309,25.329633117928662,0.07860111758181763,0.00010134926283142333
2019-09-30,sh.600332,25.09574866729106,0.0614788316172815,-0.00011245284401946833
2019-09-30,sh.600340,24.871378782245323,0.1799144391737907,0.0001947354708024658
2019-09-30,sh.600346,24.997168483108137,0.10764772386006269,0.0002923653180550569
2019-09-30,sh.600372,24.6815115705558,0.04491528902566156,-5.4050625044058374e-05
2019-09-30,sh.600406,24.72437991561151,0.11493096392490765,0.0002551348529361303
2019-09-30,sh.600436,24.844461623141523,0.08105606044333319,0.00022909057097770047
2019-09-30,sh.600438,24.927959763656293,0.06909250592241827,-1.7878428479573078e-05
2019-09-30,sh.600485,24.344482406079983,-0.6347346804134065,-0.0005535445302251626
2019-09-30,sh.600518,24.657617173210323,0.0401972729311517,-0.00017622730910857692
2019-09-30,sh.600519,26.52124765499645,0.06751203359975734,8.943017753743681e-05
2019-09-30,sh.600547,25.26409229201805,0.0189769630991677,-0.0002421866757624015
2019-09-30,sh.600570,24.535352442165134,0.07516785229770373,8.52828568525186e-05
2019-09-30,sh.600585,25.52884441034546,0.14673844315962403,6.050132075259995e-05
2019-09-30,sh.600588,25.24333880589877,0.027671865408749913,-0.00017816632948929718
2019-09-30,sh.600606,25.289795440939407,0.12881279164752546,-0.00013810569495531898
2019-09-30,sh.600637,24.750378253844588,0.06677515690254057,-7.46426446098601e-05
2019-09-30,sh.600690,25.09303537816989,0.107839470980434,0.00015398933529201948
2019-09-30,sh.600703,24.769259610446923,0.09353627347596107,0.0002649774187120343
2019-09-30,sh.600745,24.71231941694763,0.07444375912913626,0.00023166915926251062
2019-09-30,sh.600795,24.994524796577664,0.04760822625297492,-0.00010375216346837052
2019-09-30,sh.600809,24.37876367494605,0.13024025550181775,0.0005442181752403643
2019-09-30,sh.600837,25.601773499913985,0.05903220498426265,-3.82672594022215e-05
2019-09-30,sh.600887,25.464338747608686,0.07142674808409338,4.811238753576768e-05
2019-09-30,sh.600893,25.11634756677395,0.03435761918276373,-0.0001352380551246443
2019-09-30,sh.600900,26.02238970720137,0.06467689294978657,-8.837039397962209e-05
2019-09-30,sh.600919,24.81707821350052,0.202973608999038,0.0001769949012916602
2019-09-30,sh.600958,25.18541972711902,0.04425857741716126,-5.433939410290255e-05
2019-09-30,sh.600999,25.240543477709455,0.07789087495736186,0.00010434415315515458
2019-09-30,sh.601006,25.198107772020943,0.1357057954852175,5.148729244320426e-06
2019-09-30,sh.601012,25.459829967870057,0.013447030605644686,-0.00048300461066560764
2019-09-30,sh.601066,25.607767007578005,0.048635929812102116,2.2527347935609702e-05
2019-09-30,sh.601088,25.847434385540495,0.12764610525568068,-7.998241752211688e-05
2019-09-30,sh.601111,25.28717017743611,0.08747785758597723,0.00012234070091210394
2019-09-30,sh.601118,24.44210846232314,0.06830015331007319,6.914743611243559e-05
2019-09-30,sh.601127,24.33660277609186,0.016192880818219665,-6.019202828378195e-05
2019-09-30,sh.601138,25.550932816035857,0.10550465989765356,0.00022809713423091202
2019-09-30,sh.601166,25.574018419719497,0.1934131207971923,0.0002215963494966417
2019-09-30,sh.601169,25.109589337015887,0.18889791963037528,0.00011787326488418479
2019-09-30,sh.601186,25.41749896626837,0.125948625231216,-4.584206143996483e-05
2019-09-30,sh.601198,24.734054609153763,0.06001981661935307,9.182280595252095e-05
2019-09-30,sh.601211,25.590997273958582,0.05575391768597818,-8.678128741267398e-05
2019-09-30,sh.601225,25.229473274488598,0.1155602591157032,-0.00016201389204503728
2019-09-30,sh.601229,25.18745703735904,0.17631560887919398,-7.320326136560681e-06
2019-09-30,sh.601236,25.258587988927946,0.008707247415566846,-0.0005735339495463664
2019-09-30,sh.601288,26.217541109957043,0.18979324210365447,0.00017680668590498136
2019-09-30,sh.601318,26.560608879735458,0.1054701756322127,4.047989666517661e-05
2019-09-30,sh.601319,25.961742131291125,0.06656628063876988,-3.4331003451753966e-05
2019-09-30,sh.601328,25.7505336814936,0.1909863664112193,9.376443544755034e-05
2019-09-30,sh.601336,25.530004032200985,0.08202131124301973,-7.776127102247161e-05
2019-09-30,sh.601360,25.703252923391148,0.04192114434701159,-0.00013392394569313202
2019-09-30,sh.601377,24.739429482535687,0.06265813738672979,0.00016236847215462567
2019-09-30,sh.601390,25.56122894149263,0.10191213665853321,-0.00016224893725477445
2019-09-30,sh.601398,26.406411805421214,0.18322221431081145,0.00024384268154606833
2019-09-30,sh.601601,25.852849867510333,0.08647504423812365,-3.790570490085354e-05
2019-09-30,sh.601628,25.50842657059089,0.16543791538670916,0.0008042740297642441
2019-09-30,sh.601633,24.50826832741267,0.14156043721736866,0.0005917114053897225
2019-09-30,sh.601668,25.766561158328713,0.13568619433493884,-0.00014351526521333245
2019-09-30,sh.601669,25.2621156126305,0.08250905279057831,-0.00014920984307901928
2019-09-30,sh.601688,25.869713698674946,0.019151174807019347,-0.0003033073407426674
2019-09-30,sh.601766,25.6932372603951,0.06620146997501775,-7.512937393117257e-05
2019-09-30,sh.601788,24.949765721368482,0.05255825602556208,0.00023692964801567097
2019-09-30,sh.601800,25.77174829347326,0.08033007194924408,-0.0002691181368888577
2019-09-30,sh.601818,25.15120386841892,0.21380941349953408,0.00036010425942017076
2019-09-30,sh.601857,26.611122162892013,0.047520000986459,-0.00019781986816995055
2019-09-30,sh.601878,24.65034434337984,0.060272790030004866,3.5003723672727405e-05
2019-09-30,sh.601881,25.394366549259253,0.05408782355371979,0.0001322185405607162
2019-09-30,sh.601888,25.7309941087572,0.038806689742144185,-0.00011752096397783484
2019-09-30,sh.601899,25.0317015640872,0.08073452926999226,0.00010852818476909091
2019-09-30,sh.601901,25.143185618332282,0.0396023832871555,0.0001992001434359715
2019-09-30,sh.601919,24.78961740684338,0.0722985988019621,-0.0001177969495993548
2019-09-30,sh.601939,26.453051042421105,0.16534879003970038,0.00014435877123408696
2019-09-30,sh.601985,25.352732476104922,0.05211594435773378,-0.0001729642861443251
2019-09-30,sh.601988,26.228347337331602,0.18086601736466235,0.0001081418135638961
2019-09-30,sh.601989,25.611802032510205,0.024927048624094096,-0.00017065617503955963
2019-09-30,sh.601998,25.369747175250975,0.19964945483466767,0.00030530971015825124
2019-09-30,sh.603160,25.70107410609481,-0.0010940804511897773,-0.0002874574897350143
2019-09-30,sh.603259,24.74780508887954,0.09779202016767628,0.00029669782869094617
2019-09-30,sh.603288,25.434409601000123,0.06548466035598546,4.6068613817246e-05
2019-09-30,sh.603501,24.340740606786515,0.09674036715651543,0.0004314052665453631
2019-09-30,sh.603799,24.89982138217412,-0.0006517827223358474,-0.00034192987613540434
2019-09-30,sh.603986,24.3850652592374,0.07522281308892637,0.00019884576975095505
2019-09-30,sh.603993,25.437333483783544,0.024524562853415116,-0.0002648608466884421
2019-09-30,sh.688012,25.38361114919034,0.05641375870759863,-6.613183671557303e-05
2019-10-31,sh.600000,26.05331759936902,0.12247776652603715,-0.0001895671169601174
2019-10-31,sh.600009,25.587146024507284,0.04978612748718494,-6.12235871149589e-05
2019-10-31,sh.600010,25.36338433337505,0.03225157223576566,-0.0002551264605468615
2019-10-31,sh.600015,25.282700539731447,0.16698359275478558,-3.312110710775457e-05
2019-10-31,sh.600016,25.662123912626793,0.17937326606388815,3.503192534591606e-07
2019-10-31,sh.600018,25.563336549265056,0.0706912605436338,-0.00016466821283256126
2019-10-31,sh.600019,25.52993120104016,0.10866459207452571,-0.00022420589021237346
2019-10-31,sh.600028,25.98544183612121,0.11343800891860281,5.3061209742934533e-05
2019-10-31,sh.600029,25.282983596782756,0.05143618144456337,-4.4285671102854556e-05
2019-10-31,sh.600030,25.793836481485133,0.05679649753784406,-4.993457759176316e-05
2019-10-31,sh.600031,25.071910898943855,0.12242372505716076,0.00026969055300772756
2019-10-31,sh.600036,26.25651623580832,0.11025691018828543,3.8082262643372205e-05
2019-10-31,sh.600048,25.492644448121226,0.12428368830797958,-4.454250554175445e-06
2019-10-31,sh.600050,25.862164598786137,0.02028271528389075,-0.0002687735768760947
2019-10-31,sh.600089,24.392345952433676,0.09747531108714111,2.4911946396967744e-05
2019-10-31,sh.600100,24.76699188272101,-0.0415711255926039,-0.00016723430916239625
2019-10-31,sh.600104,25.81142098029966,0.10149018559487616,-5.311988725917646e-05
2019-10-31,sh.600109,24.777478477850114,0.046708632847127285,-0.00013419512189678643
2019-10-31,sh.600111,24.879116037129272,0.04319641128944779,-5.458999671537302e-05
2019-10-31,sh.600150,24.77082226437264,0.038192959874152776,-7.447353016962706e-05
2019-10-31,sh.600196,25.15654329269645,0.05545352666516826,-5.851821820899096e-05
2019-10-31,sh.600256,24.473583108461128,0.0867866434137345,-5.979115181555175e-05
2019-10-31,sh.600276,26.0647193611334,0.02194920398802855,-0.00021346211780471494
2019-10-31,sh.600309,25.239437826902307,0.09121530232230188,0.00020530678113068145
2019-10-31,sh.600332,25.0404134714416,0.06767599064621002,-7.168339380261347e-05
2019-10-31,sh.600340,25.201702835333357,0.13577017184344997,-0.00010002068112712541
2019-10-31,sh.600346,25.817658135184693,0.0071398400995369565,-0.0004716812225274173
2019-10-31,sh.600372,24.735487626812883,0.03758279097144847,-0.00011194161130967308
2019-10-31,sh.600406,24.86253162775238,0.09923677989435994,0.0001547929567067866
2019-10-31,sh.600436,25.423785362371714,0.011616686751168545,-0.0003057763977759303
2019-10-31,sh.600438,24.808971706053498,0.08398186388827576,9.7543060004061e-05
2019-10-31,sh.600485,22.601353940003328,-0.5326395086268989,0.0010700002541158124
2019-10-31,sh.600518,24.592858543477682,0.046556001925762,-0.00013349866639998263
2019-10-31,sh.600519,26.794726783762158,0.0343908785163237,-0.00016503720186821375
2019-10-31,sh.600547,25.197809836527682,0.023854938831026837,-0.00020884888945621937
2019-10-31,sh.600570,24.83940453663228,0.038302387864036135,-0.00019646571938745192
2019-10-31,sh.600585,25.28867415234261,0.17622304853977988,0.0003046105635767459
2019-10-31,sh.600588,25.290965558696783,0.01932423321068237,-0.0002459948737473625
2019-10-31,sh.600606,25.29353541925033,0.1298809472014164,-0.0001586436120660961
2019-10-31,sh.600637,24.755671138776243,0.06565708675337482,-8.788120396343565e-05
2019-10-31,sh.600690,25.03834720113643,0.11546784037789135,0.000229232512301282
2019-10-31,sh.600703,24.75289628804877,0.0991779746066967,0.0003183253866595267
2019-10-31,sh.600745,23.898324238287678,0.18024029101684702,0.0010567089715190813
2019-10-31,sh.600795,25.000376043501166,0.04579231701611225,-0.00012187919761835463
2019-10-31,sh.600809,25.003226062170747,0.05812309144193839,3.19792760415806e-06
2019-10-31,sh.600837,25.638133729462652,0.05395380616025638,-8.064869922860417e-05
2019-10-31,sh.600887,25.524284931985964,0.0645500478077903,-2.2746297431697736e-06
2019-10-31,sh.600893,25.126822775632927,0.03127889277612912,-0.00016204186649834644
2019-10-31,sh.600900,25.879011962289738,0.08211308740291225,4.162272525924752e-05
2019-10-31,sh.600919,25.135280711742187,0.15926426195362633,-0.00010820508188334987
2019-10-31,sh.600958,25.207065663588935,0.040578561940293356,-8.514441260585717e-05
2019-10-31,sh.600999,25.228807931812202,0.07934977467130033,0.00011550669930008255
2019-10-31,sh.601006,25.072743416292916,0.1512851040604289,0.00013012985421845578
2019-10-31,sh.601012,24.738567729893596,0.10051436042281622,0.00015372084232831727
2019-10-31,sh.601066,25.552688403997433,0.05527652275384252,7.367807602897781e-05
2019-10-31,sh.601088,26.02098740237451,0.10649120023235661,-0.00025837234601590515
2019-10-31,sh.601111,25.37860855025893,0.07721213081507061,5.10275686877827e-05
2019-10-31,sh.601118,24.53684450490077,0.05738859122061728,-1.2605157587515837e-05
2019-10-31,sh.601127,24.29224619588151,0.020752797794094557,-2.3020469224258704e-05
2019-10-31,sh.601138,25.510062767692464,0.11248687216175485,0.00029919768378616383
2019-10-31,sh.601166,25.827904079647258,0.1579085867907294,5.750766586395241e-06
2019-10-31,sh.601169,25.23877332134084,0.17041074898417807,7.855369360321793e-06
2019-10-31,sh.601186,25.265242342162193,0.14530460738344203,9.868592321671168e-05
2019-10-31,sh.601198,24.724092438476138,0.061019745762096914,9.841942696523805e-05
2019-10-31,sh.601211,25.544275383672247,0.060667763074000236,-5.554031268729559e-05
2019-10-31,sh.601225,25.01344625800538,0.14408475490366462,2.8953141854862657e-05
2019-10-31,sh.601229,25.23475261220014,0.17053823838871707,-5.454862300515575e-05
2019-10-31,sh.601236,24.65239219186397,0.08021505290161464,-2.17988274482378e-05
2019-10-31,sh.601288,26.45911517633437,0.15642508811828712,-3.432277572426733e-05
2019-10-31,sh.601318,26.805385144991746,0.07477281689766793,-0.00019251656605993414
2019-10-31,sh.601319,26.79871444779459,-0.03871611885098308,-0.0008544582250405596
2019-10-31,sh.601328,25.94236891413012,0.16478952170797778,-7.943020374696265e-05
2019-10-31,sh.601336,25.698852029970954,0.06061380911430741,-0.00025226090072902996
2019-10-31,sh.601360,25.85599395005832,0.021140153969076717,-0.0003015055320192698
2019-10-31,sh.601377,24.96077574174786,0.036182937453359806,-4.136972204826483e-05
2019-10-31,sh.601390,25.4622415823541,0.115167110965241,-8.552128943564361e-05
2019-10-31,sh.601398,26.774281495220034,0.1340462683904366,-8.292470402250382e-05
2019-10-31,sh.601601,25.837172971597273,0.08833321959801269,-2.7664429135130647e-05
2019-10-31,sh.601628,26.495314846922053,0.04968271743925475,-6.341114783808984e-05
2019-10-31,sh.601633,25.067725212060438,0.07759949244149661,0.00012049794907916658
2019-10-31,sh.601668,25.710478213745503,0.1445799138505155,-0.00010614163711069639
2019-10-31,sh.601669,25.42567220805511,0.06192574777272407,-0.0003271823312811527
2019-10-31,sh.601688,25.60526137366655,0.048619052063265986,-8.893275809125119e-05
2019-10-31,sh.601766,25.743430923670317,0.0594360614707444,-0.00013221230346710877
2019-10-31,sh.601788,25.080607775602672,0.036758707500179046,0.00011473610414040381
2019-10-31,sh.601800,25.63938387511349,0.0979166248605182,-0.000174899899149469
2019-10-31,sh.601818,25.763082370060083,0.13139928245882582,-0.00019016887452457268
2019-10-31,sh.601857,26.58257212033836,0.04955040760360893,-0.00019502629741828713
2019-10-31,sh.601878,24.862803600190194,0.03414235506566923,-0.00016684490185415798
2019-10-31,sh.601881,25.489387670114453,0.04154920025975724,3.220647042225684e-05
2019-10-31,sh.601888,25.879269316521434,0.01872646271792533,-0.0002767366636527645
2019-10-31,sh.601899,24.97450788881824,0.08916640161378282,0.00018052987739393183
2019-10-31,sh.601901,25.066485342568395,0.048021829304938965,0.00026262427590719356
2019-10-31,sh.601919,24.55729569852953,0.10101136736042883,9.34255527664974e-05
2019-10-31,sh.601939,26.7333735103541,0.1284425092264813,-0.00010885123367102115
2019-10-31,sh.601985,25.315648354227797,0.05548966125719526,-0.0001584556242584438
2019-10-31,sh.601988,26.44195563856674,0.15204202207598666,-8.434363760030479e-05
2019-10-31,sh.601989,25.463288430912293,0.04127199135152868,-4.4608529482329004e-05
2019-10-31,sh.601998,25.817714669896276,0.13910572054164094,-9.144288740694552e-05
2019-10-31,sh.603160,25.000065827472234,0.08101665302510946,0.0003427815958111725
2019-10-31,sh.603259,25.35110900428036,0.02573599196045387,-0.00025257888839907923
2019-10-31,sh.603288,25.66113634127334,0.03772763785066074,-0.0001675238285526078
2019-10-31,sh.603501,24.333245875162767,0.10484348230248011,0.0004945291366764747
2019-10-31,sh.603799,23.614710952240536,0.15506866735349056,0.0008681316715357686
2019-10-31,sh.603986,24.354609042321744,0.08219002180618298,0.00025648663337020285
2019-10-31,sh.603993,24.978473841395815,0.07899974361644699,0.00014990118738133717
2019-10-31,sh.688012,25.36035225943496,0.055519696972481304,-4.2386061074131054e-05
2019-11-29,sh.600000,25.236780481399123,0.16334570867124276,0.00012825836882639
2019-11-29,sh.600009,25.200842612658757,0.07946155293284281,0.0001695589287914349
2019-11-29,sh.600010,25.264496605340028,0.07800886443288178,0.0001007229621902135
2019-11-29,sh.600015,25.260543948321306,0.18601092999083751,0.00011485239933368364
2019-11-29,sh.600016,25.296673155347825,0.18854819184388777,7.170270672437112e-05
2019-11-29,sh.600018,25.246991656996205,0.10713660852252464,0.00011876324512765242
2019-11-29,sh.600019,25.196418121955944,0.15881774576694796,0.00016582966331229662
2019-11-29,sh.600028,25.291569533513574,0.11611932215184098,7.391348749824324e-05
2019-11-29,sh.600029,25.057808163355546,0.09568168486593084,0.00029980673679966583
2019-11-29,sh.600030,24.698969343915344,0.1488623743908148,0.0006660516086270336
2019-11-29,sh.600031,24.714775043421543,0.17080595844930496,0.0006459538543665008
2019-11-29,sh.600036,25.220252693135905,0.12351544871340038,0.00014119245675570612
2019-11-29,sh.600048,24.92608002727925,0.18087043617834497,0.00043561465644087265
2019-11-29,sh.600050,25.263467945387347,0.06821724183674781,0.00010400795769391295
2019-11-29,sh.600089,25.28929444266472,0.1039652562748352,7.538353546494492e-05
2019-11-29,sh.600100,25.009824635149595,0.020048885808552908,0.0003119777340610798
2019-11-29,sh.600104,25.284959638231037,0.11869210469291558,8.065754333347116e-05
2019-11-29,sh.600109,24.888068632085513,0.12480782566052628,0.0004731737005229792
2019-11-29,sh.600111,25.041605242159925,0.09109899155017719,0.0003179430950586044
2019-11-29,sh.600150,25.077578616264706,0.08357103835691927,0.0002784267892690277
2019-11-29,sh.600196,25.16524012262926,0.08841329943111696,0.00019780630514309726
2019-11-29,sh.600256,25.31257015782414,0.10123908915729472,5.26039272645197e-05
2019-11-29,sh.600276,25.311075525506237,0.056715148621443126,5.690880526947448e-05
2019-11-29,sh.600309,24.779389793683166,0.13789959411762523,0.0005683653776641101
2019-11-29,sh.600332,25.113944608438363,0.1087371722674579,0.0002476448941100213
2019-11-29,sh.600340,25.278334273084482,0.1590327871416144,8.089011642501155e-05
2019-11-29,sh.600346,24.832701816503096,0.1370473507912868,0.0005385951830283971
2019-11-29,sh.600372,25.22808685545924,0.06933431672877485,0.00013498650810553293
2019-11-29,sh.600406,25.673400764329283,0.04092600338794767,-0.0002986835311450269
2019-11-29,sh.600436,25.001836564773964,0.0973604857042576,0.0003610436847870756
2019-11-29,sh.600438,25.373360865987486,0.070962153000521,-3.709797871631802e-06
2019-11-29,sh.600485,22.084078190674937,-0.2537269422846634,0.0032123986617792455
2019-11-29,sh.600518,25.26774171491452,0.0748181100391726,8.62926362445348e-05
2019-11-29,sh.600519,25.20217038125561,0.0773704296941125,0.0001692100348395267
2019-11-29,sh.600547,25.06589740923619,0.08864126625911305,0.00029498724484179335
2019-11-29,sh.600570,25.127953037656155,0.0915501647623071,0.0002176363780368467
2019-11-29,sh.600585,24.6432749348231,0.22822270905505737,0.000709006197329995
2019-11-29,sh.600588,25.29530363692586,0.059097515474223025,6.331756268067651e-05
2019-11-29,sh.600606,25.152404079961677,0.17739158434714902,0.00021084138126235821
2019-11-29,sh.600637,25.15181845370664,0.10399504001093955,0.00021026883684001037
2019-11-29,sh.600690,24.84432073067888,0.15170545494057014,0.0005110484503587048
2019-11-29,sh.600703,24.990911037313396,0.10387433429471765,0.00035484845880174714
2019-11-29,sh.600745,25.552663005339937,0.02260578318294365,-0.00016919723758288178
2019-11-29,sh.600795,25.248902848712174,0.07668053435404976,0.00011833506728465299
2019-11-29,sh.600809,25.366821949648745,0.0582218929750999,3.96629624777452e-06
2019-11-29,sh.600837,24.911393729034646,0.12509073963448136,0.00047257539897719176
2019-11-29,sh.600887,25.142904614132707,0.09310240384521444,0.0002197738990450171
2019-11-29,sh.600893,25.122463215747008,0.08306422491943517,0.0002406869591073912
2019-11-29,sh.600900,25.330133734497377,0.08148613854524668,3.6747013031240704e-05
2019-11-29,sh.600919,25.19673683620175,0.19387159112645275,0.00016093230622018774
2019-11-29,sh.600958,24.979757604001158,0.10429660970421215,0.0004103838283802412
2019-11-29,sh.600999,24.969103417490548,0.13004115416941275,0.0005097279756475101
2019-11-29,sh.601006,25.249238452049436,0.14939260791873057,0.00011541212012146452
2019-11-29,sh.601012,25.2275061659631,0.09903675580187846,0.00014222967390145226
2019-11-29,sh.601066,24.03714282794288,0.2200943833185053,0.0013554484283050125
2019-11-29,sh.601088,25.15480511357908,0.1664978737485424,0.0002082929461329307
2019-11-29,sh.601111,24.83033320335079,0.13794590627063227,0.0005233474525524768
2019-11-29,sh.601118,25.111704969047832,0.09132322649802956,0.0002513007641667748
2019-11-29,sh.601127,25.742679585149624,-0.023417981071677002,-0.00036653175248639304
2019-11-29,sh.601138,25.018691826495225,0.11781888349095201,0.0003406641487454243
2019-11-29,sh.601166,25.200878370915344,0.17636021574302346,0.00014924705310062134
2019-11-29,sh.601169,25.3008371633519,0.1788938269134807,7.38273322809386e-05
2019-11-29,sh.601186,25.199260842090467,0.1536529103686364,0.00016360975623808184
2019-11-29,sh.601198,24.580159628186383,0.16386474778884513,0.000898233682689886
2019-11-29,sh.601211,24.981535090946874,0.1206300988359959,0.0004107801696295676
2019-11-29,sh.601225,25.155889523014952,0.16683908560534239,0.00020591106607116623
2019-11-29,sh.601229,25.25925570041026,0.1930288166177223,0.00012035812727494402
2019-11-29,sh.601236,24.861356180258312,0.11194295616241239,0.0002262754730558633
2019-11-29,sh.601288,25.309279117467984,0.16814556472319941,5.6826080202226704e-05
2019-11-29,sh.601318,25.299252419661936,0.10926233884995341,7.570464826209654e-05
2019-11-29,sh.601319,24.81153938512495,0.14110869517379993,0.0005440195517662145
2019-11-29,sh.601328,25.300100934598863,0.18348255788859968,6.594348019880198e-05
2019-11-29,sh.601336,24.991026294062795,0.14135224772158994,0.00037563304560254583
2019-11-29,sh.601360,24.879905745556847,0.12321726930174251,0.0004923369534432834
2019-11-29,sh.601377,24.841480058419794,0.11810364837634728,0.0005957186258936437
2019-11-29,sh.601390,25.189022823261208,0.1484075433885393,0.00017298589316610473
2019-11-29,sh.601398,25.32353742274864,0.15096680968487958,4.866448237620235e-05
2019-11-29,sh.601601,24.98794637769983,0.14136315071816638,0.0003847435056613886
2019-11-29,sh.601628,25.145949518354033,0.08834837110816635,0.00023728738297884154
2019-11-29,sh.601633,25.57153968112233,0.03592609972243439,-0.0002035914371259977
2019-11-29,sh.601668,25.00679172167136,0.20339746051681873,0.00035127594647031175
2019-11-29,sh.601669,25.142416855739732,0.13221941491636477,0.00021948377753009307
2019-11-29,sh.601688,24.64210447648367,0.15450047217728435,0.0007344953867352433
2019-11-29,sh.601766,25.290283354105117,0.08602603026031533,7.457495578775605e-05
2019-11-29,sh.601788,24.74818143458087,0.12663432509470415,0.0008136888852922037
2019-11-29,sh.601800,25.31514050649497,0.12687308749992005,5.029132218307859e-05
2019-11-29,sh.601818,25.127112966439025,0.18623798365952487,0.00023630566601105796
2019-11-29,sh.601857,25.220575585628634,0.09309407093476739,0.00014360797738757349
2019-11-29,sh.601878,24.142398196810618,0.2102821906139815,0.0012029752031218232
2019-11-29,sh.601881,24.895622348361876,0.12241030300170724,0.0006610543622216704
2019-11-29,sh.601888,25.150948749799248,0.08195165380124757,0.00021495868520049366
2019-11-29,sh.601899,24.294354690189056,0.200592087468353,0.001047075166363861
2019-11-29,sh.601901,24.26940048919289,0.1905222237252052,0.0013695042608793582
2019-11-29,sh.601919,24.952808290163237,0.14261086196890393,0.00041694024150310286
2019-11-29,sh.601939,25.313140340803937,0.14938654277491953,5.4028208929985805e-05
2019-11-29,sh.601985,25.273681734415476,0.0877424905728412,9.237107772750483e-05
2019-11-29,sh.601988,25.31983511026566,0.16877340211201666,4.5774462521693856e-05
2019-11-29,sh.601989,25.41044786686903,0.03947736612864786,-5.856513222098015e-05
2019-11-29,sh.601998,25.27546074888904,0.1624888381887387,9.040504364342546e-05
2019-11-29,sh.603160,25.145692157411666,0.07930361537470142,0.00032945949063942025
2019-11-29,sh.603259,25.205526484478934,0.07839696352884457,0.0001569596885922929
2019-11-29,sh.603288,25.363346076764763,0.059929912272665746,5.140814767753525e-06
2019-11-29,sh.603501,24.835513855116982,0.10818623934694414,0.0005205253901151295
2019-11-29,sh.603799,24.28468190756505,0.17864213249073363,0.0010514599140564048
2019-11-29,sh.603986,24.484459061485023,0.1597113581709,0.0008593615298206924
2019-11-29,sh.603993,24.537220149220047,0.16285538167887353,0.0008020372506172703
2019-11-29,sh.688012,23.942121302417725,0.2418241492205992,0.001406483148673776
2019-12-31,sh.600000,26.177365377995425,0.10739147749567912,-0.00031619102486008703
2019-12-31,sh.600009,26.014431716255952,-0.0023867771033690283,-0.00046270534584294103
2019-12-31,sh.600010,25.297192426559004,0.039130063243625585,-0.00020864402614726593
2019-12-31,sh.600015,25.396790609420258,0.15106777229919954,-0.00013293236566857248
2019-12-31,sh.600016,25.824211305007545,0.15712505632391843,-0.0001453838832125429
2019-12-31,sh.600018,25.77595263940752,0.043912976190193014,-0.00037565492876008946
2019-12-31,sh.600019,25.513869514782797,0.11103259054815187,-0.0002135991222748602
2019-12-31,sh.600028,26.20052855433237,0.08638213944500682,-0.0001364765906852209
2019-12-31,sh.600029,25.68501910972508,0.004552074836159964,-0.0004001567008075882
2019-12-31,sh.600030,26.028360632824135,0.03362125878088121,-0.00020400052037349202
2019-12-31,sh.600031,25.696505519990506,0.04880658689847537,-0.00022513879707851856
2019-12-31,sh.600036,26.418131434712933,0.09001053533411475,-9.193069076216085e-05
2019-12-31,sh.600048,25.75327096243313,0.08962491442394782,-0.00020238497297069634
2019-12-31,sh.600050,25.73129191373219,0.034694569247819405,-0.0001612753791290131
2019-12-31,sh.600089,24.614864973246497,0.06991686931535765,-0.00017518643573063224
2019-12-31,sh.600100,24.66240120549703,-0.020528235477241308,-3.4669484174127165e-05
2019-12-31,sh.600104,25.974265574444363,0.08098743047652704,-0.00020491515243171868
2019-12-31,sh.600109,24.883740362555855,0.036957353678803526,-0.00019461499176778554
2019-12-31,sh.600111,25.118555022690362,0.01723403017123784,-0.00025145054551579157
2019-12-31,sh.600150,24.80556379889842,0.03740213625609803,-7.784402629325984e-05
2019-12-31,sh.600196,25.192028280678155,0.052816183858171946,-7.178230360002625e-05
2019-12-31,sh.600256,24.49905107126519,0.08364871477319258,-8.1700897976059e-05
2019-12-31,sh.600276,25.819704413908926,0.050669101262669304,7.395077856368131e-06
2019-12-31,sh.600309,25.85943649065867,0.022159542665269427,-0.00029842676803732587
2019-12-31,sh.600332,24.789425391069535,0.10068023797936515,0.0001993022541317137
2019-12-31,sh.600340,25.423943190523353,0.10763754131600486,-0.000314473802363378
2019-12-31,sh.600346,25.09993613639852,0.09719395638085454,0.00022824445067495686
2019-12-31,sh.600372,24.6141706080156,0.053517939635721,1.3079345127541009e-05
2019-12-31,sh.600406,25.55187853671944,0.011823601937522077,-0.000535770080884649
2019-12-31,sh.600436,24.47987702924372,0.13078575581845256,0.0006219602650648016
2019-12-31,sh.600438,24.819751474385864,0.08367004207557407,0.00010250578238726443
2019-12-31,sh.600485,24.910533278574178,-0.3475208767171927,-0.0007516360759154221
2019-12-31,sh.600518,24.774264518704467,0.023778525553840732,-0.0003106365919450261
2019-12-31,sh.600519,27.047217830228377,0.00280802187933131,-0.000410352170927526
2019-12-31,sh.600547,25.02823643147091,0.04654002830366363,-3.0527823360984773e-05
2019-12-31,sh.600570,24.148846344372334,0.12582612037072427,0.0004871670477195973
2019-12-31,sh.600585,26.210800587431766,0.05475640614877817,-0.00046779597892958926
2019-12-31,sh.600588,24.490046885704853,0.11771442483630001,0.0005163694189470382
2019-12-31,sh.600606,25.4029605086117,0.11528601341492996,-0.0002562752228595958
2019-12-31,sh.600637,24.194061401947444,0.13726485605539462,0.0004796641674847932
2019-12-31,sh.600690,25.56558458069656,0.05365709860468589,-0.0001890145431503038
2019-12-31,sh.600703,24.34105839564735,0.16011092887407186,0.0008126912583859692
2019-12-31,sh.600745,23.76582617839064,0.2090196365209863,0.001287182590538717
2019-12-31,sh.600795,25.08235814049023,0.03567978465810564,-0.00019984150104365193
2019-12-31,sh.600809,24.938526441628685,0.06660709682262901,7.020035774151862e-05
2019-12-31,sh.600837,25.809465053674018,0.035887028744619166,-0.0002029916098403723
2019-12-31,sh.600887,25.60477749215021,0.05702723377318483,-4.925813854611424e-05
2019-12-31,sh.600893,25.002113619538967,0.04824648535740033,-2.795194211109899e-05
2019-12-31,sh.600900,26.20175419701521,0.04238622025498115,-0.0002595140001635972
2019-12-31,sh.600919,25.207344776046178,0.14862796069652534,-0.0001669728042085649
2019-12-31,sh.600958,25.302635247736717,0.03216494074377485,-0.00014270194630907373
2019-12-31,sh.600999,25.196729201859693,0.08615364236059578,0.00019889477119047275
2019-12-31,sh.601006,25.490694506380997,0.09681752055251325,-0.0002422171816666798
2019-12-31,sh.601012,24.307682381243136,0.156640834673423,0.0006152553547495372
2019-12-31,sh.601066,25.309241198393398,0.1024021540553656,0.00046487475153049424
2019-12-31,sh.601088,25.96486452921735,0.11391344827565547,-0.000208626639753394
2019-12-31,sh.601111,26.08259723319198,-0.005652286832958445,-0.0005607999808730293
2019-12-31,sh.601118,24.678526011874347,0.04275512997228413,-0.00011705572750578795
2019-12-31,sh.601127,24.60431368865013,-0.026825805910361863,-0.00037815762599551487
2019-12-31,sh.601138,25.561992076216082,0.11166583732553798,0.0003335139883038056
2019-12-31,sh.601166,26.11981116840648,0.11855075637811677,-0.0002519035376158479
2019-12-31,sh.601169,25.43689564925082,0.14391547237029256,-0.0001734208333007552
2019-12-31,sh.601186,25.687337872372535,0.09035763511673256,-0.0002754410867428813
2019-12-31,sh.601198,25.050076882433455,0.02785639981148294,-0.00012774823554690754
2019-12-31,sh.601211,25.694442242737132,0.04447696017657895,-0.0001628742627046686
2019-12-31,sh.601225,25.344324896265316,0.10023365063799153,-0.00025983482815685426
2019-12-31,sh.601229,25.416594160469913,0.1464441830495336,-0.00022381010184689478
2019-12-31,sh.601236,24.730428139897978,0.08160073248192273,1.4920814263142643e-06
2019-12-31,sh.601288,26.61846705505437,0.1356531980262142,-0.00018326458787878958
2019-12-31,sh.601318,26.684747407563652,0.0898452900591212,-8.968211887348807e-05
2019-12-31,sh.601319,26.040862039578972,0.05276100917961273,-0.00017258505479453656
2019-12-31,sh.601328,25.983972065971532,0.15931410457694878,-0.00011831703554488043
2019-12-31,sh.601336,25.550255868923454,0.0795889671644479,-9.274506930246308e-05
2019-12-31,sh.601360,25.39511598446761,0.0806657639246737,0.0001675866793749274
2019-12-31,sh.601377,25.049545840171184,0.03050688048444796,-7.722304791840976e-05
2019-12-31,sh.601390,25.646321755807097,0.09141839517489612,-0.00025024665838187964
2019-12-31,sh.601398,26.797698733560054,0.13131797069600892,-0.00010827565852457885
2019-12-31,sh.601601,26.041674903121443,0.06382503338799994,-0.0001823797689276375
2019-12-31,sh.601628,26.72554787328613,0.022600497915245474,-0.0002679288848337879
2019-12-31,sh.601633,25.415142553689982,0.03335974959920407,-0.00022586515835356798
2019-12-31,sh.601668,25.75255509789313,0.135792404733945,-0.00011304705623558026
2019-12-31,sh.601669,25.325613193312556,0.07451006944411538,-0.00024279382420225882
2019-12-31,sh.601688,25.831315499359906,0.026645807558300587,-0.00023556694380743223
2019-12-31,sh.601766,25.819229326651207,0.04968796788608395,-0.00021031303323302964
2019-12-31,sh.601788,25.266346778486962,0.020883069062040002,-1.3315480116941067e-06
2019-12-31,sh.601800,25.774025753340165,0.08147714196094362,-0.0003195206012317815
2019-12-31,sh.601818,25.921629419058,0.11067461579028272,-0.0003371737441593831
2019-12-31,sh.601857,26.515413128545127,0.05773300521287095,-0.00013361681705449758
2019-12-31,sh.601878,25.0089838359288,0.027645907045376707,-0.00019212089406208955
2019-12-31,sh.601881,25.497422696094244,0.04383007486655484,6.284484718812919e-05
2019-12-31,sh.601888,25.89265476809008,0.016277603182981812,-0.000297431778170252
2019-12-31,sh.601899,25.57339575560384,0.026703338303474648,-0.00025486520707105334
2019-12-31,sh.601901,25.44394474284355,0.01398594605889085,1.5002033051625035e-05
2019-12-31,sh.601919,25.092968953816097,0.03598209512695514,-0.0003643173639402132
2019-12-31,sh.601939,26.76644982086631,0.12461111127822386,-0.00014518437031557646
2019-12-31,sh.601985,25.273875708449513,0.0604020238973523,-0.00012348974911347116
2019-12-31,sh.601988,26.450982549110705,0.151067991492223,-9.447951015093212e-05
2019-12-31,sh.601989,25.58688878751187,0.02507900848648293,-0.00017085959097766674
2019-12-31,sh.601998,25.954487112406635,0.12162989597879326,-0.00022182186962912653
2019-12-31,sh.603160,22.911758646601132,0.349895322661269,0.0024431439622349207
2019-12-31,sh.603259,24.947910877660046,0.07540206535493803,0.00013090581087460892
2019-12-31,sh.603288,25.494397672219346,0.05697773842141389,-2.3287351297417028e-05
2019-12-31,sh.603501,23.880769196003822,0.17828277931356476,0.0010658640239549395
2019-12-31,sh.603799,24.01531573856124,0.1339211183774759,0.0007077902893787671
2019-12-31,sh.603986,23.344615263201142,0.22507899469004466,0.0013823411575798925
2019-12-31,sh.603993,25.48664747884511,0.026990863006056992,-0.00022489364461466364
2019-12-31,sh.688012,21.6576642353551,0.5379831000498694,0.0036147112370092283
2019-12-31,sh.688111,25.001234494139116,0.11816179883803207,0.00034980720716858984
2020-01-23,sh.600000,25.54757022969374,0.1255184908155391,-0.00017521923837342972
2020-01-23,sh.600009,25.560171532282425,0.03379600434568182,-0.00018131583887211582
2020-01-23,sh.600010,25.6225542075262,0.03395236707427358,-0.0002489103991012144
2020-01-23,sh.600015,25.61056561504327,0.13898045608028453,-0.00022693409287769447
2020-01-23,sh.600016,25.604549929698354,0.1463821269644106,-0.00022893046185661252
2020-01-23,sh.600018,25.8590905439593,0.03063266895090897,-0.00047893441576539946
2020-01-23,sh.600019,25.54119628172482,0.11653124537930531,-0.00017083668915125625
2020-01-23,sh.600028,25.640695457881897,0.06959885611108839,-0.00026699833703943494
2020-01-23,sh.600029,25.77366792400952,0.00467373642272928,-0.00039921055204591185
2020-01-23,sh.600030,25.460612562126677,0.04986535635759266,-7.767196227927405e-05
2020-01-23,sh.600031,25.05366084433057,0.11826623373192321,0.00031504122762061193
2020-01-23,sh.600036,25.648509701524716,0.06621464799715335,-0.0002769886862374236
2020-01-23,sh.600048,25.17108529008814,0.14089975073656927,0.0001963737827743459
2020-01-23,sh.600050,25.495076286677257,0.0397253961817623,-0.00012215119204596412
2020-01-23,sh.600089,25.458807235622313,0.0808525275294508,-9.014102600727762e-05
2020-01-23,sh.600100,25.30943234852167,-0.013573198157834393,1.941907518738486e-05
2020-01-23,sh.600104,25.448473507028773,0.09717718241929457,-7.900923434827579e-05
2020-01-23,sh.600109,24.883873550489948,0.12335244011843984,0.00047727008185993047
2020-01-23,sh.600111,25.767521872560994,-0.0006965186703467297,-0.0003908944493890837
2020-01-23,sh.600150,25.761219055876335,-0.0026248154790717015,-0.00038912922226870317
2020-01-23,sh.600196,25.281457942763055,0.07288913318994786,8.432281296963826e-05
2020-01-23,sh.600256,25.85619890170462,0.03265999850885487,-0.000478234529612431
2020-01-23,sh.600276,25.54858653103695,0.027213810816100456,-0.0001750141331079992
2020-01-23,sh.600309,25.734637403075062,0.013675332642461208,-0.00036440753512447216
2020-01-23,sh.600332,25.742120238105045,0.028022205685207212,-0.0003657512620970593
2020-01-23,sh.600340,25.782089615738,0.09522393326757612,-0.00041101306520017854
2020-01-23,sh.600346,25.859844369854635,0.00813192536280058,-0.00046438115726176945
2020-01-23,sh.600372,25.439600908859152,0.042635636968330344,-7.155112438448927e-05
2020-01-23,sh.600406,25.03853732176556,0.1220235897884418,0.0003212430896817245
2020-01-23,sh.600436,25.63561412936459,0.0176579007832946,-0.0002578226061838966
2020-01-23,sh.600438,24.35195549554526,0.19826065256536252,0.0009936643417316094
2020-01-23,sh.600485,26.799348316445286,-0.42835926039196215,-0.0013919324106635355
2020-01-23,sh.600518,25.633307081863965,0.02891743616294505,-0.0002706718500221538
2020-01-23,sh.600519,25.36697302300933,0.056638921275879564,8.284805953867322e-06
2020-01-23,sh.600547,25.214099364049932,0.06978839036643521,0.00015027212834903332
2020-01-23,sh.600570,25.064081287088612,0.09918800769195753,0.00028000537873994257
2020-01-23,sh.600585,24.844726538035157,0.18078239640060634,0.0005122942695883893
2020-01-23,sh.600588,23.82336018711795,0.24427662280411505,0.0015006296958263788
2020-01-23,sh.600606,25.758462284603333,0.09925357639020903,-0.0003809577201485201
2020-01-23,sh.600637,25.544794625448844,0.053281963054187455,-0.00017346154339703762
2020-01-23,sh.600690,25.695736892517427,0.03677099376281158,-0.0003203359210494405
2020-01-23,sh.600703,25.03371638018234,0.09586403295052826,0.0003130502234979207
2020-01-23,sh.600745,24.94981942025862,0.09744293593017406,0.0004194628765944029
2020-01-23,sh.600795,25.585166054698078,0.03437139955196466,-0.000210016667937977
2020-01-23,sh.600809,25.604614670930978,0.028232876275154882,-0.0002282317297818885
2020-01-23,sh.600837,25.469811900223142,0.0526401378321793,-7.270452527737334e-05
2020-01-23,sh.600887,25.594218378424237,0.03495370650762626,-0.0002209215294081102
2020-01-23,sh.600893,25.119056475783534,0.08321746898076207,0.0002440135466095229
2020-01-23,sh.600900,25.4082725568771,0.07067009904918589,-3.9553389331877134e-05
2020-01-23,sh.600919,25.69027272455818,0.12882324973900855,-0.00032099186047936296
2020-01-23,sh.600958,25.49887172722792,0.038103711723286623,-9.651677836418929e-05
2020-01-23,sh.600999,25.60250548789373,0.04659201406725259,-0.00010877165561815259
2020-01-23,sh.601006,25.684653163790415,0.08813266813728697,-0.00030975832254541706
2020-01-23,sh.601012,25.168455883940126,0.10323070320466715,0.0001998906437086617
2020-01-23,sh.601066,25.569371873810862,0.024529677348559806,-0.00014073092469371325
2020-01-23,sh.601088,25.660424011276422,0.10403761012692654,-0.00028542994553317673
2020-01-23,sh.601111,25.74193521988319,0.01929254841428628,-0.0003668067440187966
2020-01-23,sh.601118,25.845963214058333,-0.002073383015323893,-0.00046568213660538887
2020-01-23,sh.601127,25.466156624920995,0.009389559440911258,-9.651471760516582e-05
2020-01-23,sh.601138,25.93080327187545,-0.0019401790491671428,-0.0005499874910286058
2020-01-23,sh.601166,25.64484614054412,0.1143882084589962,-0.0002842752144133622
2020-01-23,sh.601169,25.596975444378867,0.1385247970432762,-0.00021534352171112116
2020-01-23,sh.601186,25.35004485914598,0.12788091478496272,1.6373327266151516e-05
2020-01-23,sh.601198,25.437115805644442,0.05218333222467316,6.143963900881574e-05
2020-01-23,sh.601211,25.50392215649661,0.05264962158101077,-9.931637491567198e-05
2020-01-23,sh.601225,25.601513805099035,0.10416916837145096,-0.00022922874011322382
2020-01-23,sh.601229,25.50853977163649,0.1593991327416934,-0.0001230608846580014
2020-01-23,sh.601236,24.665943870776847,0.13519779379419916,0.0004196038638000884
2020-01-23,sh.601288,25.499442538533057,0.14264845439749335,-0.0001288632493796897
2020-01-23,sh.601318,25.641763661676393,0.06810575082255728,-0.00025874812161192886
2020-01-23,sh.601319,25.63568529042598,0.041426000750867414,-0.00026073616716178275
2020-01-23,sh.601328,25.56752102191714,0.14942997142540254,-0.0001951848506481482
2020-01-23,sh.601336,25.68041308282312,0.05325594059545214,-0.00029753411720175694
2020-01-23,sh.601360,25.721622789153322,0.016737486204801907,-0.00032957649682861453
2020-01-23,sh.601377,25.32116003628658,0.056808837203123186,0.00012732437317627645
2020-01-23,sh.601390,25.510429218862225,0.10548418279307827,-0.00014085857696503662
2020-01-23,sh.601398,25.6579899689745,0.10950416882551188,-0.0002779191935894999
2020-01-23,sh.601601,25.807433397563067,0.033853775612743976,-0.0004154629402849909
2020-01-23,sh.601628,25.7094081694678,0.016815981664760574,-0.0003129144307371797
2020-01-23,sh.601633,25.156871671871368,0.08828988082890976,0.0002013204234495987
2020-01-23,sh.601658,25.494677321193162,0.10729044980841815,-0.00011812994303402169
2020-01-23,sh.601668,25.450692331188616,0.13976138406279598,-8.218074104929788e-05
2020-01-23,sh.601669,25.215717904222558,0.12474880985266834,0.00014790732778916245
2020-01-23,sh.601688,25.45937520145737,0.04876519435119444,-6.35469084512876e-05
2020-01-23,sh.601766,25.58216018956847,0.04967232139321802,-0.00021043471428509484
2020-01-23,sh.601788,25.539610714207992,0.026310893881735978,4.088004791243081e-05
2020-01-23,sh.601800,25.234289271072356,0.13918156223651215,0.0001292403209832093
2020-01-23,sh.601818,25.60639553797167,0.12423700581489693,-0.0002317005303948194
2020-01-23,sh.601857,25.761882144759305,0.025413386837282635,-0.0003849629302049719
2020-01-23,sh.601878,25.39263882907303,0.05005469076252514,-1.7850250693690857e-05
2020-01-23,sh.601881,25.61314631903556,0.030658636092244985,-3.958798175340273e-05
2020-01-23,sh.601888,25.542420453141535,0.03301040472049456,-0.0001673026231877543
2020-01-23,sh.601899,25.495882751666493,0.04324997864535337,-0.00012618380720739092
2020-01-23,sh.601901,25.718608520989235,0.006014868429277551,-4.8281498442606065e-05
2020-01-23,sh.601919,25.94386131953081,0.012003574914541723,-0.0005507956751767854
2020-01-23,sh.601939,25.635454997705775,0.10975700061042765,-0.0002607031532810828
2020-01-23,sh.601985,25.58349020741757,0.04925893283629617,-0.00021014834124566463
2020-01-23,sh.601988,25.44444826885214,0.15345617810743067,-7.590684582566812e-05
2020-01-23,sh.601989,25.851861438322594,-0.01590571800270947,-0.000489593295747356
2020-01-23,sh.601998,25.633870366287827,0.11677574711927426,-0.00025957205078273366
2020-01-23,sh.603160,25.695545875127376,0.00906479997341185,-0.000207457481293976
2020-01-23,sh.603259,24.981293429892357,0.10690711009034792,0.0003759170745242511
2020-01-23,sh.603288,25.649502446894143,0.024703187622238276,-0.00027428297886886
2020-01-23,sh.603501,25.61150877306417,0.010725277159182034,-0.00023721221928178806
2020-01-23,sh.603799,26.131407277477685,-0.05376402651300227,-0.0007518164150103156
2020-01-23,sh.603986,24.318785261391255,0.178633212086853,0.0010211374207696295
2020-01-23,sh.603993,25.427590141488587,0.047244355911703936,-6.738446055201604e-05
2020-01-23,sh.688012,25.828441154437936,0.017177529855062657,-0.000435536332573913
2020-01-23,sh.688111,24.208784397342825,0.22054290119542858,0.001146013766248174
2020-02-28,sh.600000,25.62449440620031,0.11585983094715582,-0.00025033357258209956
2020-02-28,sh.600009,25.662288566949982,0.020974109469269295,-0.00028103030341061015
2020-02-28,sh.600010,25.446228288707285,0.056091987583654385,-7.673300836003751e-05
2020-02-28,sh.600015,25.641593279407395,0.13508459823411234,-0.00025723175034514086
2020-02-28,sh.600016,25.38854148615173,0.1735043163678621,-1.800418149441686e-05
2020-02-28,sh.600018,25.4316497692637,0.08430246750000964,-6.155030243457893e-05
2020-02-28,sh.600019,25.62053005794792,0.10657003428271389,-0.0002483039309455076
2020-02-28,sh.600028,25.520894123737637,0.08464120548455406,-0.00015001564238831816
2020-02-28,sh.600029,25.780072403180277,0.003869585000461584,-0.0004054643491057211
2020-02-28,sh.600030,25.58117159392584,0.03472786987295921,-0.00019539452776767908
2020-02-28,sh.600031,25.410006722885566,0.0735231660415073,-3.292068281175089e-05
2020-02-28,sh.600036,25.59300872596256,0.0731833939709574,-0.0002227935161802282
2020-02-28,sh.600048,25.68845864599687,0.07593794683269958,-0.0003088270127527993
2020-02-28,sh.600050,25.56032268910497,0.031533006775667956,-0.0001858625023314914
2020-02-28,sh.600089,24.73633965600322,0.1715661228433892,0.0006153286155923648
2020-02-28,sh.600100,25.804767598707066,-0.07576788024133613,-0.00046426211865137286
2020-02-28,sh.600104,25.671394188422862,0.06918708701632521,-0.00029668512409705895
2020-02-28,sh.600109,25.701496041079057,0.020691119634025174,-0.00032111570273654665
2020-02-28,sh.600111,25.42740966451014,0.04200823663330566,-5.8784269934659686e-05
2020-02-28,sh.600150,25.542098956014076,0.02488807592919711,-0.0001751644954381819
2020-02-28,sh.600196,24.545673928785178,0.1652747504347311,0.0008027955850065395
2020-02-28,sh.600256,25.726115727599566,0.048993343763101264,-0.0003512119021577575
2020-02-28,sh.600276,25.027022118578927,0.09270184706378101,0.00033427911340955826
2020-02-28,sh.600309,25.844669215877907,-0.00014034797744834349,-0.00047185056195691357
2020-02-28,sh.600332,25.667738854928,0.037361590430984734,-0.0002931198953591072
2020-02-28,sh.600340,25.812222404235765,0.09144043673627393,-0.00044043690109483107
2020-02-28,sh.600346,25.992513634569693,-0.008526131454509756,-0.0005939290307859567
2020-02-28,sh.600372,25.703877092574686,0.009452912293926793,-0.00032960952017771787
2020-02-28,sh.600406,25.397135017952028,0.076997782112033,-2.891765848707685e-05
2020-02-28,sh.600436,25.250509399492152,0.06601195237623993,0.00011822152842581721
2020-02-28,sh.600438,26.611043253753273,-0.08539217623672712,-0.0012122724727139716
2020-02-28,sh.600485,25.579818778835932,-0.2752341762097542,-0.00020109549273422393
2020-02-28,sh.600518,25.53420868129526,0.04136030897695753,-0.0001739049983259721
2020-02-28,sh.600519,25.189922943479804,0.07886946797142795,0.00018116931963230268
2020-02-28,sh.600547,25.33542367951151,0.05455481426558842,3.180228449648809e-05
2020-02-28,sh.600570,25.705945334268623,0.01859505505987842,-0.00034675713918303207
2020-02-28,sh.600585,25.365524213142134,0.11539063229542304,3.7497209217825854e-06
2020-02-28,sh.600588,25.83900725352784,-0.008809602012279871,-0.00046759400534131956
2020-02-28,sh.600606,25.65875519186257,0.11177287707022485,-0.0002835964973544782
2020-02-28,sh.600637,25.903660541703733,0.008222477455851016,-0.0005238842010561407
2020-02-28,sh.600690,25.960637816322652,0.0035098262332938918,-0.0005790043582889583
2020-02-28,sh.600703,26.220721787798052,-0.05317729598865986,-0.0008460277795994579
2020-02-28,sh.600745,26.403412062001248,-0.08507129498366242,-0.0009999301992066009
2020-02-28,sh.600795,25.50727406963949,0.0441515782203687,-0.00013395729540289546
2020-02-28,sh.600809,25.210683771598255,0.07769514862039334,0.00015643091558387946
2020-02-28,sh.600837,25.744391447769836,0.01816371472296878,-0.00034082387133922237
2020-02-28,sh.600887,25.25844213559846,0.07711403462060734,0.0001069546997354392
2020-02-28,sh.600893,25.69116248834641,0.011383389827117327,-0.00031463217677716194
2020-02-28,sh.600900,25.324578198942827,0.08117882820172824,4.217184009216969e-05
2020-02-28,sh.600919,25.599975829695587,0.14016099860102557,-0.00023281943606433234
2020-02-28,sh.600958,25.70245750487788,0.012541321982353484,-0.0002953126685122626
2020-02-28,sh.600999,25.49485011094373,0.06010930753966081,-3.649152774174047e-06
2020-02-28,sh.601006,25.53063592514343,0.10747119328655275,-0.00015936474197015844
2020-02-28,sh.601012,26.099511288424427,-0.013673342817403247,-0.0007092592490204383
2020-02-28,sh.601066,25.519683922097496,0.030768535493697798,-9.221201190661051e-05
2020-02-28,sh.601088,25.325582547970217,0.14608056659107785,4.15334972220994e-05
2020-02-28,sh.601111,25.86067978434056,0.004382887870632277,-0.000482757532251834
2020-02-28,sh.601118,24.35022609443018,0.1857325415598955,0.000994863858091966
2020-02-28,sh.601127,26.134545389813802,-0.07453385752796712,-0.000749177889932929
2020-02-28,sh.601138,26.233717357844746,-0.03997430900140378,-0.0008457747314427867
2020-02-28,sh.601166,25.682004632948804,0.10972255904085701,-0.000320559456168451
2020-02-28,sh.601169,25.587949568160564,0.13965809313256583,-0.0002065300028204792
2020-02-28,sh.601186,25.251389095382944,0.14026820977487234,0.00011270795634437777
2020-02-28,sh.601198,25.748866116079167,0.0130397190058206,-0.00024297593059628255
2020-02-28,sh.601211,25.541179992547345,0.04797149849684223,-0.00013569762299790177
2020-02-28,sh.601225,25.58182231510833,0.10664164728197462,-0.00021000054388934657
2020-02-28,sh.601229,25.543511955734765,0.1550079979073686,-0.00015721025672363304
2020-02-28,sh.601236,25.63724106028022,0.01324095771772188,-0.0005288410207813844
2020-02-28,sh.601288,25.426064996348135,0.1518617960818408,-5.72121056509291e-05
2020-02-28,sh.601318,25.795513108488343,0.0488008498259002,-0.0004088802108549581
2020-02-28,sh.601319,25.64294348886587,0.04051465566832187,-0.000267823597513672
2020-02-28,sh.601328,25.410885994483376,0.1690971881856418,-4.223507160905633e-05
2020-02-28,sh.601336,25.754649766553275,0.04393472442559076,-0.0003700241889254878
2020-02-28,sh.601360,25.957192903673562,-0.012840881931680842,-0.0005596042087292643
2020-02-28,sh.601377,25.741018639160615,0.0040910620881882825,-0.00028265595874150387
2020-02-28,sh.601390,25.37496932066822,0.12249263373632584,-8.585726907970353e-06
2020-02-28,sh.601398,25.488360183193763,0.13080301762453628,-0.00011228039185606241
2020-02-28,sh.601601,25.81458246616967,0.032956132957563576,-0.0004224438083681388
2020-02-28,sh.601628,25.778944432231448,0.008084954033997185,-0.0003808146711824486
2020-02-28,sh.601633,25.364979131570042,0.06215974514742996,-1.8907643593265149e-06
2020-02-28,sh.601658,25.539169759963876,0.10170394433878203,-0.00016157558089921023
2020-02-28,sh.601668,25.451972084619754,0.13960069721935991,-8.343038493626223e-05
2020-02-28,sh.601669,25.656165296321813,0.06944589023233502,-0.00028217738827737926
2020-02-28,sh.601688,25.649465965954693,0.024897249034369594,-0.00024916529090110174
2020-02-28,sh.601766,25.28799119865933,0.08660841035835942,7.68131822860052e-05
2020-02-28,sh.601788,25.657259756283924,0.011538787986581964,-7.40009929663999e-05
2020-02-28,sh.601800,25.584351406714497,0.0952274862292305,-0.00021258568801123216
2020-02-28,sh.601816,25.74858098442988,0.02720483536769558,-0.00035755508178426064
2020-02-28,sh.601818,25.551031195821473,0.13118859599044985,-0.0001776387790914689
2020-02-28,sh.601857,25.71562060132309,0.031222022474723922,-0.0003397898104851875
2020-02-28,sh.601878,25.570996280995068,0.027659989365112228,-0.00019201137741221665
2020-02-28,sh.601881,25.749672229013566,0.013516335874231747,-0.00017290176288117025
2020-02-28,sh.601888,25.92309345373653,-0.01478719547233838,-0.0005390192965338465
2020-02-28,sh.601899,25.806679528093166,0.004226091903597837,-0.00042966827718408934
2020-02-28,sh.601901,25.453865595208725,0.03925619760302837,0.0002102326580886636
2020-02-28,sh.601919,25.316836045902832,0.09073335951399551,6.147719012391986e-05
2020-02-28,sh.601939,25.47450212408641,0.12996636952054597,-0.00010353711667283595
2020-02-28,sh.601985,25.53757646450883,0.05502389836702302,-0.00016531483913695416
2020-02-28,sh.601988,25.456093359310117,0.15199401142618513,-8.727795509553445e-05
2020-02-28,sh.601989,25.55245188173647,0.02168838049455342,-0.0001972281315033302
2020-02-28,sh.601998,25.555042082575973,0.12667348818012542,-0.00018259840846727098
2020-02-28,sh.603160,25.977394416762653,-0.026324323728452295,-0.00048267479936055924
2020-02-28,sh.603259,25.932009032136364,-0.012465485765206355,-0.0005524304584292479
2020-02-28,sh.603288,24.415949659438528,0.1795890420416531,0.0009302472553035444
2020-02-28,sh.603501,25.777259159455426,-0.010086471213184248,-0.00039906289463540005
2020-02-28,sh.603799,26.215564457422673,-0.06433086795980722,-0.0008339935773476607
2020-02-28,sh.603986,26.635187125676158,-0.11221602077696627,-0.0012407650356137982
2020-02-28,sh.603993,25.93614179764982,-0.016609788460512767,-0.0005639711098742253
2020-02-28,sh.688012,25.935604543223075,0.0037220108020820514,-0.0005401784225604493
2020-02-28,sh.688111,25.557859801813386,0.05115193647746452,-0.0001713211134491605
2020-03-31,sh.600000,25.590724151496442,0.19200321601926193,0.00016007458080025466
2020-03-31,sh.600009,24.80742114707034,0.13786644603766784,0.0005896863589243791
2020-03-31,sh.600010,25.257726374521432,0.03908138157046569,-0.00023741953888759598
2020-03-31,sh.600015,25.127100062385225,0.1980306848123798,4.7344253917804066e-05
2020-03-31,sh.600016,25.518730586451724,0.20338063874322757,0.00010412667733688223
2020-03-31,sh.600018,25.52980289185028,0.07364179735379922,-0.0002588441930955771
2020-03-31,sh.600019,25.228667396720464,0.15386393965960293,-1.5356203858547962e-05
2020-03-31,sh.600028,25.97861246591495,0.11489398177649154,1.0498301936278748e-05
2020-03-31,sh.600029,24.943718201322845,0.08244296739064835,0.00016146097825509424
2020-03-31,sh.600030,25.492847973555172,0.09541494485828161,0.00025421392490866267
2020-03-31,sh.600031,24.96826306857314,0.14061600611885278,0.0004930767587025001
2020-03-31,sh.600036,25.9378603823867,0.15065740211602127,0.00030281703809467253
2020-03-31,sh.600048,25.167237619205665,0.16451104001525974,0.00032863854908213975
2020-03-31,sh.600050,25.51773903697185,0.05578413993517016,-1.1705608380170153e-05
2020-03-31,sh.600089,24.379123021649594,0.10082681373931351,0.00010054075344264365
2020-03-31,sh.600100,24.95244968016414,-0.06918947013299914,-0.0003645947313633447
2020-03-31,sh.600104,25.99653831346358,0.07948494237277322,-0.0003005629699166276
2020-03-31,sh.600109,24.45556504089779,0.09004856907079685,0.00021554741166485034
2020-03-31,sh.600111,24.765515533648227,0.0515124559781899,1.9190569896183126e-06
2020-03-31,sh.600150,24.60902120154812,0.05265277827169939,3.298146212089379e-05
2020-03-31,sh.600196,25.15025911568477,0.0673647634019306,7.219035937551035e-05
2020-03-31,sh.600256,24.39375200129049,0.09615189851738212,-0.00010052760185931149
2020-03-31,sh.600276,25.825393922861828,0.05268414116954581,2.6371966091167824e-05
2020-03-31,sh.600309,25.078233815789044,0.1075560477786884,0.0003136620869449233
2020-03-31,sh.600332,25.015565678920947,0.068978914439415,-8.170435624689046e-05
2020-03-31,sh.600340,24.41503070604687,0.25400762490016504,0.0005156246044903557
2020-03-31,sh.600346,24.70764995232718,0.13880969558100148,0.00048755815184763014
2020-03-31,sh.600372,24.323981780231254,0.08491091473677581,0.00024894588340852123
2020-03-31,sh.600406,24.91607880771301,0.09012236606870118,5.0941209129327956e-05
2020-03-31,sh.600436,24.70654647367138,0.10890579298693776,0.0004608722304560141
2020-03-31,sh.600438,23.742373714955352,0.21508089308626366,0.0010944663037701107
2020-03-31,sh.600485,23.90251810998183,-0.5887651052921848,-0.0001353557700005746
2020-03-31,sh.600518,24.86225437726198,0.005144581273675397,-0.0004900430587443448
2020-03-31,sh.600519,26.07865731683698,0.12147038137268437,0.0005047625737587567
2020-03-31,sh.600547,24.823180215722424,0.07504967106623978,0.00019479205160103985
2020-03-31,sh.600570,24.111278564085094,0.13597003369667202,0.0005838837475712651
2020-03-31,sh.600585,25.41550036853862,0.1545554994623789,0.00031145826006209455
2020-03-31,sh.600588,24.66575821475908,0.11515397092541776,0.0005175909979132284
2020-03-31,sh.600606,24.855195838548898,0.19881521174640088,0.00015630231585682307
2020-03-31,sh.600637,24.554702992443985,0.09014044612194651,9.460459990520532e-05
2020-03-31,sh.600690,24.95799553397321,0.12391322481494448,0.00025625287997180636
2020-03-31,sh.600703,24.67045386548248,0.12087361180641931,0.0005116142533254844
2020-03-31,sh.600745,24.94007181162371,0.06707953490895818,0.00018589695999959656
2020-03-31,sh.600795,24.892596047053658,0.05370358735242794,-8.392980920558644e-05
2020-03-31,sh.600809,24.31011189315313,0.14575732958820956,0.0006864354811971124
2020-03-31,sh.600837,25.4807126913784,0.07044780510795992,2.7365052504139674e-05
2020-03-31,sh.600887,25.628616229786875,0.05260437057633806,-8.988306522489346e-05
2020-03-31,sh.600893,24.345836074007224,0.1294869355831164,0.0006019538414268724
2020-03-31,sh.600900,25.884836678363307,0.0805163621855555,2.0098975467565125e-05
2020-03-31,sh.600919,24.944909063226596,0.19610172614794236,-1.61942620329954e-06
2020-03-31,sh.600958,24.94034020420938,0.06966900479763771,0.00013033161573712087
2020-03-31,sh.600999,24.959596367477207,0.11415786086399912,0.00039817256144537334
2020-03-31,sh.601006,24.952894965814664,0.17048736064344688,0.00019093072227519144
2020-03-31,sh.601012,24.043306525417503,0.18984647307029734,0.0008736076695908733
2020-03-31,sh.601066,25.272557361148145,0.10812132966167143,0.0005107101428681527
2020-03-31,sh.601088,25.77847694686933,0.1423107775975422,-8.35954923509284e-05
2020-03-31,sh.601111,24.89778103537773,0.13036994650129102,0.00040194194919217647
2020-03-31,sh.601118,24.816665095680982,0.029237488800418772,-0.00021194982473490845
2020-03-31,sh.601127,24.00030690790827,0.01883033740033173,4.054628178652246e-05
2020-03-31,sh.601138,25.33464455290135,0.1303914005396484,0.00039718428355530215
2020-03-31,sh.601166,25.612963973701365,0.19484901610782238,0.00013622485128452386
2020-03-31,sh.601169,25.06702686892859,0.20236426082237308,0.00010860040475562947
2020-03-31,sh.601186,25.424013244045486,0.12413366869409434,-3.34711351576057e-05
2020-03-31,sh.601198,24.77365992594325,0.054903632036599,5.1362531052898203e-05
2020-03-31,sh.601211,25.29597477297645,0.09038658778045246,0.00016406932322778306
2020-03-31,sh.601225,24.971343620685175,0.15414930569667443,1.4594190294494012e-05
2020-03-31,sh.601229,25.148162506711788,0.19188726145329443,-3.0651638199219866e-05
2020-03-31,sh.601236,25.22121066461733,0.030209410961515866,-0.00038947640319729617
2020-03-31,sh.601288,26.299532793042925,0.18120275371068661,8.387619430585389e-05
2020-03-31,sh.601318,26.204860257638373,0.15125205510085424,0.0002756616627917888
2020-03-31,sh.601319,25.754446008198,0.08395451288496944,1.6142697832119108e-05
2020-03-31,sh.601328,25.818983801353053,0.18669621837725064,2.2850279063320263e-07
2020-03-31,sh.601336,24.86961000356799,0.16384854443723823,0.00046886413723353496
2020-03-31,sh.601360,25.50988271545853,0.05747323003010962,-5.026985491356123e-05
2020-03-31,sh.601377,24.970854815240568,0.033849187789352114,-6.126279850933881e-05
2020-03-31,sh.601390,25.020940494171825,0.17227657091909473,0.0003120753566105204
2020-03-31,sh.601398,26.61453074252956,0.16083578773502472,5.862214668459203e-06
2020-03-31,sh.601601,25.36856150669322,0.14622607017418496,0.00033167972396033513
2020-03-31,sh.601628,25.98993482182105,0.10333373182148603,0.00031340806309870746
2020-03-31,sh.601633,25.555982197858278,0.015866387316919056,-0.0003611894365230257
2020-03-31,sh.601658,25.962900168478306,0.12614227904867106,-4.2900232806248474e-05
2020-03-31,sh.601668,25.64147091479181,0.15293786009375165,-3.597064111514986e-05
2020-03-31,sh.601669,25.396418357663695,0.06608882144813667,-0.0003591424387758919
2020-03-31,sh.601688,25.29697625931635,0.08681377210634549,0.0002059045986896407
2020-03-31,sh.601766,25.788826614415274,0.05131183678647615,-0.0002219900552301951
2020-03-31,sh.601788,24.920529878882167,0.05465377258029252,0.0002514896134245294
2020-03-31,sh.601800,25.50144188335154,0.11805534347516686,-0.00010384414260802052
2020-03-31,sh.601816,25.11690039014057,0.09205903385966861,0.00017804494183525365
2020-03-31,sh.601818,25.36414806365255,0.19313781553191264,0.00010946267279794523
2020-03-31,sh.601857,26.423051383848783,0.06354059942071448,-0.00015700274645545962
2020-03-31,sh.601878,24.83816739754947,0.043770670561661985,-7.710547993724229e-05
2020-03-31,sh.601881,25.10070903030561,0.08554187543537796,0.00035229681518375816
2020-03-31,sh.601888,24.110596612800254,0.22686382459916246,0.0013057968048560402
2020-03-31,sh.601899,24.994452014439798,0.09010700338047938,0.0002038980804131227
2020-03-31,sh.601901,25.10791829043103,0.04617042254615848,0.0002497628376389928
2020-03-31,sh.601919,25.064206952142367,0.03614908984767345,-0.000457611160583236
2020-03-31,sh.601939,26.512223298028687,0.16262136599529328,3.892597278434037e-05
2020-03-31,sh.601985,25.1569893948179,0.0718396557689417,-7.176636949030556e-05
2020-03-31,sh.601988,26.340186607002906,0.16865356691844985,-1.4898123546534682e-05
2020-03-31,sh.601989,25.369697177278997,0.039499009723963,-6.563279194013086e-05
2020-03-31,sh.601998,25.639285146583557,0.1710485800297532,5.746729133274342e-07
2020-03-31,sh.603160,25.7834206862845,0.002163829720423574,-0.00024653866177586347
2020-03-31,sh.603259,24.620152289445485,0.11574360609072508,0.0004422366740245023
2020-03-31,sh.603288,25.627224719242967,0.04719061642467238,-7.873396726187904e-05
2020-03-31,sh.603501,24.097232326720135,0.1563435091057488,0.0008952989957409629
2020-03-31,sh.603799,23.97163878853172,0.12135968850327453,0.0006077881307684104
2020-03-31,sh.603986,24.30472344872134,0.11410921247193193,0.0005261161824279369
2020-03-31,sh.603993,25.154730647921905,0.05779864434321993,-1.2258872582642816e-05
2020-03-31,sh.688012,24.47331199105803,0.1728684974675727,0.000806491241775566
2020-03-31,sh.688111,24.6628388056703,0.14907136214014072,0.0006214235408158391
2020-04-30,sh.600000,25.81281736400302,0.1611376467175003,-3.423362942584543e-05
2020-04-30,sh.600009,25.404286276940397,0.06935661180218947,8.043699864066495e-05
2020-04-30,sh.600010,24.92789540556088,0.07839020889681451,5.398962187955718e-05
2020-04-30,sh.600015,25.295175596420755,0.17570882551902312,-0.00011003212780024552
2020-04-30,sh.600016,25.780395349441807,0.16791955236476797,-0.0001362283643612363
2020-04-30,sh.600018,25.360330101705543,0.0952912501455884,-0.00012719922221985798
2020-04-30,sh.600019,25.21322947092544,0.15580233771726365,-2.8149561572257464e-07
2020-04-30,sh.600028,26.2771576695902,0.0773462211253499,-0.0002777276506793034
2020-04-30,sh.600029,25.386587872158472,0.028882624114652616,-0.00024784553769432955
2020-04-30,sh.600030,26.014497589874907,0.03262965572295448,-0.0002223597933674825
2020-04-30,sh.600031,25.795104463181907,0.04036370064439538,-0.00025212397928891817
2020-04-30,sh.600036,26.442883323965674,0.08687210307863384,-0.00014957165172317386
2020-04-30,sh.600048,25.807011811804287,0.0828325964330109,-0.0002530542597000443
2020-04-30,sh.600050,25.704975642734873,0.032274565025113465,-0.0001945369836394116
2020-04-30,sh.600089,24.842557796352732,0.04316486888888112,-0.0003368450817561358
2020-04-30,sh.600100,24.75729660542273,-0.05666289179671802,-0.00021757450823783368
2020-04-30,sh.600104,25.85742904234512,0.09835694522200096,-0.00020440212776964687
2020-04-30,sh.600109,24.665005242500786,0.06622880447160695,4.003724098817937e-05
2020-04-30,sh.600111,24.31821184995715,0.10791088324089732,0.00044086628627494845
2020-04-30,sh.600150,24.799792402249864,0.029487972651483882,-0.00014646172007712913
2020-04-30,sh.600196,25.5718513055706,0.01549777325698154,-0.00032817404409343515
2020-04-30,sh.600256,24.145392989055445,0.12746996971215885,0.00013049967515814853
2020-04-30,sh.600276,25.80295680122122,0.05607356180425617,5.340029477039286e-05
2020-04-30,sh.600309,25.226950918152852,0.0922466549109963,0.00021092604609927179
2020-04-30,sh.600332,25.02946545457513,0.06678348864167515,-0.00010435646050463695
2020-04-30,sh.600340,25.390028115043357,0.12158775202150118,-0.0003698965537485845
2020-04-30,sh.600346,25.322605628434168,0.0650766535236443,-5.230341376590267e-05
2020-04-30,sh.600372,24.792174643630887,0.029717426270085397,-0.0001742948397821792
2020-04-30,sh.600406,25.288843955529885,0.043683962913138134,-0.0003044771494155469
2020-04-30,sh.600436,25.07586155344315,0.06910379948678834,0.00015919029817447683
2020-04-30,sh.600438,25.308448753678647,0.027264810334035022,-0.0003061173829799112
2020-04-30,sh.600485,23.754322908511497,-0.5951266559262028,-7.90120551696873e-06
2020-04-30,sh.600518,24.598055404112344,0.03350785802500719,-0.00029816157488371693
2020-04-30,sh.600519,26.367602952511387,0.09138371161020095,0.0002862639611920951
2020-04-30,sh.600547,24.98035407723088,0.05831004627873404,6.828206743576557e-05
2020-04-30,sh.600570,24.718819846141887,0.06688913677536257,6.618397621153884e-05
2020-04-30,sh.600585,25.987445509657807,0.0820937490739354,-0.00020576076926916167
2020-04-30,sh.600588,25.350430362025012,0.03696676528415426,-8.409110709676229e-05
2020-04-30,sh.600606,25.25738458871901,0.14507688719373246,-0.0002143679209963089
2020-04-30,sh.600637,24.2679977847624,0.126919898914767,0.00038886054333190463
2020-04-30,sh.600690,25.00518751766376,0.11903864025986355,0.00024484957120119073
2020-04-30,sh.600703,25.067980027639514,0.07800048430376935,0.0001902901836077814
2020-04-30,sh.600745,25.472638709077064,0.003186929032179195,-0.00030970072149948726
2020-04-30,sh.600795,25.129705975537213,0.023155736981107594,-0.0003251775706402093
2020-04-30,sh.600809,24.38249281610252,0.14493127296165956,0.000700668699498375
2020-04-30,sh.600837,25.88808104558219,0.019429238791490458,-0.00036852135741829235
2020-04-30,sh.600887,25.641635610269333,0.0501389090949745,-0.00011284037921410755
2020-04-30,sh.600893,25.159044977850336,0.035523399798713606,-0.00011653136797978563
2020-04-30,sh.600900,25.937154418843395,0.07418919307223391,-2.6490539534150388e-05
2020-04-30,sh.600919,25.04084789550897,0.18360184875933952,-9.28699901340599e-05
2020-04-30,sh.600958,25.162851017417402,0.043160636966840873,-7.217984277855459e-05
2020-04-30,sh.600999,25.67886290083226,0.025907336135566582,-0.0002668497448627756
2020-04-30,sh.601006,25.378632958880985,0.1149065001301454,-0.00019824196449108215
2020-04-30,sh.601012,24.85924578577733,0.0937591434973358,0.00018202380304459741
2020-04-30,sh.601066,26.135724184489224,0.006328222763365643,-0.0002735074369803107
2020-04-30,sh.601088,25.59089320327827,0.16683079502806009,9.01649744365896e-05
2020-04-30,sh.601111,25.78334876993075,0.022133572986332242,-0.0004102259992901523
2020-04-30,sh.601118,24.167744047371116,0.10809602135637039,0.0003944418158761667
2020-04-30,sh.601127,24.119249196060125,0.005234693556847303,-6.835537584948002e-05
2020-04-30,sh.601138,26.136449549933698,0.03254938635500791,-0.0003339089525237225
2020-04-30,sh.601166,25.92016301274399,0.15327942816674683,-0.00014243064959440548
2020-04-30,sh.601169,25.2745465384594,0.17376271186317888,-7.91048881454688e-05
2020-04-30,sh.601186,25.836680468089355,0.07244387249868382,-0.0004389190203104697
2020-04-30,sh.601198,24.78356919666341,0.05297587191071258,3.310875395307291e-05
2020-04-30,sh.601211,25.740747398780517,0.03573686704751147,-0.00025141296807039724
2020-04-30,sh.601225,25.189958637898776,0.12631888604912858,-0.00019497662794320682
2020-04-30,sh.601229,25.144170400972676,0.19319325308984536,-3.0918812507011146e-05
2020-04-30,sh.601236,25.083794419236956,0.04570580864086265,-0.0002701343825164839
2020-04-30,sh.601288,26.47829035373196,0.15705336277137455,-7.780775042758606e-05
2020-04-30,sh.601318,26.6545060273492,0.09404303311872916,-0.00012742453418089023
2020-04-30,sh.601319,25.871111567533216,0.06948132504879653,-9.391840460069815e-05
2020-04-30,sh.601328,25.886287450841856,0.17792696544437628,-6.36029220871394e-05
2020-04-30,sh.601336,25.517227757058365,0.08291853929220157,-0.00010410625763938131
2020-04-30,sh.601360,25.612106352479227,0.04409412281128885,-0.00015710230239051205
2020-04-30,sh.601377,25.032573896168202,0.024251470769624445,-0.00013902545348435402
2020-04-30,sh.601390,25.790367879129033,0.07360213885393249,-0.0003975239733123209
2020-04-30,sh.601398,26.667422581813984,0.15397553182813156,-4.389281516675255e-05
2020-04-30,sh.601601,26.05569738423128,0.0600663467067043,-0.0002970525432155998
2020-04-30,sh.601628,26.731259552104824,0.013403696852423,-0.0003713097760335996
2020-04-30,sh.601633,25.188657672211644,0.05794303250982981,-5.0360914553053127e-05
2020-04-30,sh.601658,26.023287982192958,0.1188346452357554,-0.00010652160174772076
2020-04-30,sh.601668,25.789391351611865,0.13467151843554592,-0.00018319813716490688
2020-04-30,sh.601669,25.16257222074517,0.09661343709235375,-0.00017894561732622138
2020-04-30,sh.601688,25.699465114266037,0.03838310136357758,-0.00016198640970134512
2020-04-30,sh.601766,25.76032653374462,0.053545343634193526,-0.00022250531738851574
2020-04-30,sh.601788,25.070293460502658,0.03669106989513566,0.00011273061876232199
2020-04-30,sh.601800,25.580059777426865,0.10887906636207509,-0.00019257951759677874
2020-04-30,sh.601816,25.485124447155258,0.04611206078644193,-0.00016333847209316267
2020-04-30,sh.601818,25.424830810082145,0.18313207577531343,6.617319514858642e-05
2020-04-30,sh.601857,26.41758529941722,0.06345380215614921,-0.0001710679325114956
2020-04-30,sh.601878,24.745749331760415,0.05442842301290019,3.781909305741577e-06
2020-04-30,sh.601881,25.342206934554714,0.056928035355949945,0.00013809435159820688
2020-04-30,sh.601888,25.203125277753912,0.10413999031338494,0.0003886061579687289
2020-04-30,sh.601899,25.37251336374808,0.04500663215028404,-0.00013699418273020397
2020-04-30,sh.601901,25.177902755673024,0.036946078829929986,0.0001773278289156632
2020-04-30,sh.601919,24.99095018750511,0.044857908372253556,-0.00045076396646207326
2020-04-30,sh.601939,26.6077117613804,0.14988659651541236,-4.743380998990163e-05
2020-04-30,sh.601985,25.34961462374277,0.04729153476511535,-0.0002676894296810106
2020-04-30,sh.601988,26.37259294261574,0.1645846020301708,-4.654201541832647e-05
2020-04-30,sh.601989,25.42836945772774,0.03157612969479175,-0.00012758565504140197
2020-04-30,sh.601998,25.785849867164238,0.15238862437594924,-0.00014066027756808394
2020-04-30,sh.603160,25.69468399924941,0.007841289157433207,-0.00020812091734140928
2020-04-30,sh.603259,24.972769343602536,0.07691010321753226,0.00015527190077001425
2020-04-30,sh.603288,25.057577831599055,0.11787704612077282,0.00046869405340803523
2020-04-30,sh.603501,25.348736745508457,0.01306941370410436,-0.00021880438381423938
2020-04-30,sh.603799,24.908532593497927,0.013463113624684081,-0.00022997815216741914
2020-04-30,sh.603986,25.021037601375802,0.03221179752872391,-0.00010597096037439504
2020-04-30,sh.603993,25.231815410922003,0.048251693903043506,-8.612501787414541e-05
2020-04-30,sh.688012,24.220267887506516,0.20492844136735444,0.0010717590312173853
2020-04-30,sh.688111,25.245944386469986,0.07614369659161724,7.021425255419399e-05
2020-05-29,sh.600000,25.37841315289105,0.16424835111058794,-1.0042023903880418e-05
2020-05-29,sh.600009,25.398586828159065,0.0559875352901513,-2.3532837223800972e-05
2020-05-29,sh.600010,25.45031747977451,0.06106765265189874,-8.072599052008338e-05
2020-05-29,sh.600015,25.381243515319838,0.1894707193508025,-3.0073948962244242e-06
2020-05-29,sh.600016,25.395182699989576,0.18228766386310996,-2.448914341954851e-05
2020-05-29,sh.600018,25.2427423522666,0.12745215249310254,0.00012291257385770032
2020-05-29,sh.600019,25.423198086038912,0.14868725512844488,-5.5614709413661394e-05
2020-05-29,sh.600028,25.4262872064997,0.10564712982621102,-5.7634600138808e-05
2020-05-29,sh.600029,25.300249247347665,0.06886200601855519,6.306971294162136e-05
2020-05-29,sh.600030,25.07138096514702,0.10010672501428843,0.00030240194410316586
2020-05-29,sh.600031,25.293784737219248,0.08314312290777845,8.056687688919017e-05
2020-05-29,sh.600036,25.393084695919654,0.10255940637214755,-2.7573221456574828e-05
2020-05-29,sh.600048,25.272022728548162,0.1279490152536631,9.781116135966272e-05
2020-05-29,sh.600050,25.427999339307338,0.05000460628208852,-5.6652405172228145e-05
2020-05-29,sh.600089,25.436687693204206,0.07766493024703988,-6.854190363520183e-05
2020-05-29,sh.600100,25.20373472606597,-0.01291733306984981,0.00012262988482823975
2020-05-29,sh.600104,25.393644147336257,0.12136514667935322,-2.5469878642082685e-05
2020-05-29,sh.600109,24.762008540094747,0.13775233981831722,0.0005962678993846511
2020-05-29,sh.600111,25.689366812606824,0.010771218262420779,-0.00031457819148290173
2020-05-29,sh.600150,25.50699623261576,0.030204719938722153,-0.00014088765535071645
2020-05-29,sh.600196,25.002999871566654,0.1035025521225751,0.0003562294302755999
2020-05-29,sh.600256,25.26718682594911,0.12315202538990658,9.691949764534683e-05
2020-05-29,sh.600276,24.73236048600513,0.12918862126700698,0.0006220080609626107
2020-05-29,sh.600309,25.098093418577673,0.09819171046587802,0.00025716008849476635
2020-05-29,sh.600332,25.108827385503776,0.1126884952575178,0.00025264172100092775
2020-05-29,sh.600340,25.173707248884554,0.1926897064707958,0.00018305551643213198
2020-05-29,sh.600346,25.248177176036215,0.08889059248392157,0.00013289496719608743
2020-05-29,sh.600372,25.362109991168527,0.05265866105919564,4.116616940670726e-06
2020-05-29,sh.600406,25.028598703211863,0.12539079369989128,0.00033094787625881914
2020-05-29,sh.600436,24.75764123156799,0.12572069814948994,0.000599493684561393
2020-05-29,sh.600438,24.372216539352213,0.19185469064060667,0.0009738799919335712
2020-05-29,sh.600485,25.381969571936544,-0.5951266559262028,-7.90120551696873e-06
2020-05-29,sh.600518,25.291388007332003,0.07997428162131355,6.320268465706395e-05
2020-05-29,sh.600519,25.07013802036879,0.09291028950315525,0.000298135989362617
2020-05-29,sh.600547,25.430605279939844,0.04166817666105279,-6.113992001940076e-05
2020-05-29,sh.600570,24.119196902160162,0.21302402231043083,0.0012026588890054395
2020-05-29,sh.600585,25.509848544604314,0.0909124114007089,-0.0001371790034431383
2020-05-29,sh.600588,24.3910228279247,0.1694636792087561,0.0009463228022622595
2020-05-29,sh.600606,24.798776676085442,0.24415463020904582,0.0005561487762376592
2020-05-29,sh.600637,25.513539294524637,0.05853753434627115,-0.0001429415758203538
2020-05-29,sh.600690,25.120760800289915,0.11855808628764394,0.00024111235587665438
2020-05-29,sh.600703,25.084589225610788,0.08739808568605283,0.00026337429471716823
2020-05-29,sh.600745,24.298978868226577,0.17866728760166978,0.0010549907036321725
2020-05-29,sh.600795,25.320005809336184,0.07125755736616492,4.8904989640836624e-05
2020-05-29,sh.600809,24.85746001204574,0.11930090664716442,0.0005013441630231223
2020-05-29,sh.600837,25.046739357302684,0.11058849377381282,0.0003404141303474309
2020-05-29,sh.600887,24.91582913077437,0.12142026009449855,0.0004415068381830384
2020-05-29,sh.600893,25.47106341437814,0.03768620002719818,-9.971150876507547e-05
2020-05-29,sh.600900,25.04691154185103,0.11788226421610275,0.00031330566337873974
2020-05-29,sh.600919,25.36229059015966,0.1954502391229155,-7.263629919849939e-07
2020-05-29,sh.600958,25.18923241109307,0.07890980026723675,0.00020583746359913952
2020-05-29,sh.600999,24.17044114535082,0.22604510314419565,0.0012895996304872041
2020-05-29,sh.601006,25.26070715480466,0.15379803873163864,0.00010421324857264633
2020-05-29,sh.601012,24.387271937019968,0.1941426393888045,0.0009626951966101468
2020-05-29,sh.601066,24.483712568044417,0.1597176706637316,0.0009193854084740372
2020-05-29,sh.601088,25.56909200773505,0.1300022241158677,-0.00019624676607634815
2020-05-29,sh.601111,25.300628166936175,0.08312754533079532,6.411740712728979e-05
2020-05-29,sh.601118,25.884527717803977,-0.007346159136576227,-0.0005033393096099557
2020-05-29,sh.601127,25.250891392521257,0.028642664634664645,0.00011368583759479881
2020-05-29,sh.601138,24.83765770503868,0.14202090192764735,0.0005174389693520316
2020-05-29,sh.601166,25.456685297274944,0.1586658105736744,-0.00010054134675084459
2020-05-29,sh.601169,25.36656328123536,0.18517504797520573,9.647593099524643e-06
2020-05-29,sh.601186,25.499306731635254,0.11224670569032527,-0.00012937676956866585
2020-05-29,sh.601198,25.23131721782804,0.08245906206678892,0.000262396277180866
2020-05-29,sh.601211,25.000538522770583,0.11849961938210189,0.0003922238432060288
2020-05-29,sh.601225,25.36099810788584,0.15211387963870146,5.628196721976902e-06
2020-05-29,sh.601229,25.289151425489916,0.20889163529840507,9.116577726191801e-05
2020-05-29,sh.601236,25.381337086214373,0.04457123246176504,-0.000278957856524602
2020-05-29,sh.601288,25.40408213035471,0.16246186244538355,-3.5746444033431416e-05
2020-05-29,sh.601318,25.3452873048958,0.11438244779341426,3.0752854018074195e-05
2020-05-29,sh.601319,25.242742352266603,0.09736910143210906,0.00012296176139933135
2020-05-29,sh.601328,25.367256715063398,0.18615270067258813,3.6771498503621524e-07
2020-05-29,sh.601336,25.336430337342787,0.10123714672596767,3.835553517325374e-05
2020-05-29,sh.601360,25.27426402054019,0.07808705493990044,0.00010725698755605049
2020-05-29,sh.601377,24.615608144860524,0.14709000651836396,0.000816276312357714
2020-05-29,sh.601390,25.54665548320327,0.10205714501943802,-0.00017623252375811787
2020-05-29,sh.601398,25.294245239134156,0.16955506398201287,7.726749081441708e-05
2020-05-29,sh.601601,25.367429038437002,0.10008770668944388,1.4189166316944072e-05
2020-05-29,sh.601628,25.145555226661063,0.09171034426109703,0.0002376723979292329
2020-05-29,sh.601633,25.390611186491192,0.06095723956556037,-2.6919758197665876e-05
2020-05-29,sh.601658,25.617614334891833,0.10190590605793003,-0.00023817454218276108
2020-05-29,sh.601668,25.420964766977427,0.1513935684644654,-5.3152595480809806e-05
2020-05-29,sh.601669,25.32685029142205,0.12468831549168438,3.938962044916953e-05
2020-05-29,sh.601688,25.051304925220432,0.10227867726009043,0.00033492244802297823
2020-05-29,sh.601766,25.55576519375056,0.058411631858902746,-0.00018466072972858117
2020-05-29,sh.601788,23.61761804435342,0.2687789900649177,0.0019176528169747083
2020-05-29,sh.601800,25.43425962456819,0.1251521925341373,-6.602520731307498e-05
2020-05-29,sh.601816,25.369862857182635,0.0686906476592835,1.2252711718757731e-05
2020-05-29,sh.601818,25.401120070503133,0.17060420133987614,-3.1254704797247625e-05
2020-05-29,sh.601857,25.372830203076006,0.08479954354656503,-5.06445225850337e-06
2020-05-29,sh.601878,25.324552160083616,0.06019584325821246,4.8634501459475705e-05
2020-05-29,sh.601881,24.741382292863314,0.14353992981258085,0.000811665517299727
2020-05-29,sh.601888,23.42126301892392,0.2989920331685145,0.001903949038627819
2020-05-29,sh.601899,24.765391884826805,0.13811770180473806,0.0005871203528116808
2020-05-29,sh.601901,25.295053157344903,0.06111779685755418,0.0003653086182866639
2020-05-29,sh.601919,25.013193676798124,0.1488505786547765,0.0003579755789093434
2020-05-29,sh.601939,25.417377436279605,0.14984511123528305,-4.7756436445210865e-05
2020-05-29,sh.601985,25.32600230249106,0.08702090243122763,4.128148775859497e-05
2020-05-29,sh.601988,25.34928144210099,0.17275791411010516,1.7020932602402628e-05
2020-05-29,sh.601989,25.437523290129967,0.03705159871882732,-8.500353538659001e-05
2020-05-29,sh.601998,25.284621456191225,0.1809501890692134,8.145986592253603e-05
2020-05-29,sh.603160,25.25716367899363,0.06297020981340717,0.0002206106279396456
2020-05-29,sh.603259,24.35351399539639,0.18410648492230502,0.0009889263570874863
2020-05-29,sh.603288,25.071162071106777,0.09495739211407757,0.0002904504280536041
2020-05-29,sh.603501,25.00581035696708,0.08675438944950394,0.00035423555855036573
2020-05-29,sh.603799,24.642182931663832,0.1333501381493582,0.0007023700358982119
2020-05-29,sh.603986,24.5554613901801,0.14742503706172924,0.0007900297164766765
2020-05-29,sh.603993,25.062604682323254,0.09648932942575414,0.0002890137617768029
2020-05-29,sh.688012,25.343877835727273,0.07195334731117432,3.7626367631093043e-05
2020-05-29,sh.688111,24.335267044070655,0.19859530850734136,0.0010225069543539972
2020-06-30,sh.600000,25.666995642132434,0.17973877111377057,0.00010585533598322057
2020-06-30,sh.600009,25.71968042222955,0.03060652464240725,-0.0002181663016280902
2020-06-30,sh.600010,24.684247771138484,0.1089827967605422,0.0002919048089156219
2020-06-30,sh.600015,25.024282153073774,0.21233125832773264,0.00014023231545981504
2020-06-30,sh.600016,25.489570662046486,0.20765208484865047,0.00012916828383776176
2020-06-30,sh.600018,24.83961687839966,0.16063631065990686,0.00038359334901693856
2020-06-30,sh.600019,24.928428699262167,0.19192264287902583,0.0002744352269673349
2020-06-30,sh.600028,25.877760380233678,0.12854437400298918,7.013196546244442e-05
2020-06-30,sh.600029,25.011801602027155,0.07406005343077256,9.687180818638598e-05
2020-06-30,sh.600030,24.884147768123594,0.17526589197304532,0.000889769647903495
2020-06-30,sh.600031,24.969342129834786,0.14268428939907613,0.0005315801969569645
2020-06-30,sh.600036,26.046256184958004,0.13679305962243266,0.00021827976348306278
2020-06-30,sh.600048,25.329174998796084,0.14336407539089951,0.0001941024576453202
2020-06-30,sh.600050,25.29962964097364,0.08025780753441097,0.00017031214982451658
2020-06-30,sh.600089,23.26107239903449,0.24011819072412324,0.001155486359341655
2020-06-30,sh.600100,24.23724361216837,0.008635369471630086,0.000290242879163007
2020-06-30,sh.600104,25.371039109993728,0.16072377757142636,0.00024302965893878938
2020-06-30,sh.600109,23.80334172237246,0.1817114236970699,0.0009624520720418546
2020-06-30,sh.600111,23.55394364146522,0.20554917942743678,0.0012025863611650138
2020-06-30,sh.600150,23.929608471849185,0.13486500557906905,0.0006694520745834118
2020-06-30,sh.600196,22.052946911817838,0.45763654950509836,0.0031111224581220676
2020-06-30,sh.600256,23.99491611828941,0.14607666738529126,0.00031112100082634467
2020-06-30,sh.600276,25.874117865703923,0.056934479723108916,7.04025340515196e-05
2020-06-30,sh.600309,24.206909625668835,0.22583326970910228,0.0012723047248509244
2020-06-30,sh.600332,24.324599927902028,0.1564050369886394,0.0006060127784717219
2020-06-30,sh.600340,24.848952975004234,0.19263131422872065,0.00013591040019558416
2020-06-30,sh.600346,24.667220002649458,0.1479768036282687,0.0005974267876317176
2020-06-30,sh.600372,23.43579062672804,0.19800244256135896,0.0011311264214749837
2020-06-30,sh.600406,24.757391138861802,0.11057249994450116,0.0002181018763129466
2020-06-30,sh.600436,24.599033498055267,0.14003373161832822,0.000721836531949144
2020-06-30,sh.600438,22.938978398672496,0.33080826437248634,0.002083008276386453
2020-06-30,sh.600485,23.761962971646255,-0.5898589714493803,-7.90120551696873e-06
2020-06-30,sh.600518,23.702173676743392,0.1442399141369698,0.0005505470264727622
2020-06-30,sh.600519,26.192220182389672,0.12115339019478925,0.0005338767011027958
2020-06-30,sh.600547,24.41283533217511,0.13006151741909283,0.0006268681200148799
2020-06-30,sh.600570,24.911657921489848,0.058427000036791514,3.1967327080946814e-05
2020-06-30,sh.600585,25.140340408304777,0.18915058062962908,0.0005780822158377867
2020-06-30,sh.600588,25.145592450398592,0.07520494441641733,0.00022173872142687944
2020-06-30,sh.600606,23.665324698355942,0.3394330935079779,0.001383147816173935
2020-06-30,sh.600637,24.524476754767367,0.09666345380168809,0.0001719200670436445
2020-06-30,sh.600690,25.196358945408488,0.0976701548538805,0.0001242385042366669
2020-06-30,sh.600703,25.065630451405443,0.08535996512950166,0.0002578362553318043
2020-06-30,sh.600745,24.45722442809453,0.14059734056465037,0.0007627582601258775
2020-06-30,sh.600795,24.273384869068554,0.12791389449609536,0.000475380002258465
2020-06-30,sh.600809,24.348828981493305,0.16477622044222429,0.0008838111723627435
2020-06-30,sh.600837,25.03091864125175,0.1262424699062004,0.00045658865140227816
2020-06-30,sh.600887,24.920667050601192,0.1442773362468516,0.0006348656287462097
2020-06-30,sh.600893,22.857194669079234,0.3217476406231209,0.002105443325615746
2020-06-30,sh.600900,25.94395003116353,0.07562008149925267,6.878067366553936e-06
2020-06-30,sh.600919,24.706805005840064,0.22690867989682767,0.00022606519504615076
2020-06-30,sh.600958,24.2041101219039,0.16474480653463786,0.0008763214639812703
2020-06-30,sh.600999,24.69550763895016,0.15473282687532805,0.0007773842569618798
2020-06-30,sh.601006,25.21964579273236,0.13560382548436095,-5.2609349664323514e-05
2020-06-30,sh.601012,23.713992433149812,0.24807915244140652,0.0014396698000271446
2020-06-30,sh.601066,24.991517527732768,0.156926744666112,0.0009044739287514493
2020-06-30,sh.601088,25.431557231218264,0.18805739960400825,0.0002344237321488873
2020-06-30,sh.601111,25.186163396894354,0.0945538108716713,0.00012778730537820645
2020-06-30,sh.601118,24.178681434647807,0.10495218723103072,0.0003650379964379825
2020-06-30,sh.601127,23.766076035745265,0.05132509895292626,0.0002860005953491398
2020-06-30,sh.601138,25.969882779844617,0.0547548946560045,-0.00014974886277583385
2020-06-30,sh.601166,25.634306724181304,0.1927607362216931,0.00011137849783735825
2020-06-30,sh.601169,25.025842269781318,0.20632095481330492,0.00015584113089193652
2020-06-30,sh.601186,25.047189389624315,0.176495474667386,0.0002565688421752078
2020-06-30,sh.601198,23.675881876956225,0.1927056439411297,0.0011228647645695358
2020-06-30,sh.601211,25.207271773839494,0.10335595594349398,0.0002792248693231762
2020-06-30,sh.601225,24.345353666588828,0.23459417184960196,0.0006079066572308783
2020-06-30,sh.601229,24.96334948435377,0.21441713765897416,0.0001533554117623197
2020-06-30,sh.601236,24.70729176919231,0.09313784863921823,0.00010120694925717783
2020-06-30,sh.601288,26.381349393844054,0.17073374813519332,5.431169671023558e-06
2020-06-30,sh.601318,26.280183836971247,0.1412462875307897,0.00022627973341974496
2020-06-30,sh.601319,25.386668242708016,0.13062697158598843,0.00038599842781187493
2020-06-30,sh.601328,25.890989827971584,0.17813935336523398,-7.293026016442141e-05
2020-06-30,sh.601336,24.680967762885473,0.1878254255361681,0.0007051463728694259
2020-06-30,sh.601360,25.2131510306866,0.09358443968033439,0.00022461238957166986
2020-06-30,sh.601377,24.149003237872837,0.14183254571285764,0.0007860078112270095
2020-06-30,sh.601390,24.909841364691623,0.18838298196764258,0.0003867461117515181
2020-06-30,sh.601398,26.652839204488497,0.1550655878512665,-2.3134630545955556e-05
2020-06-30,sh.601601,25.399467829989877,0.14233860035467338,0.0003044223953331825
2020-06-30,sh.601628,24.943353060378506,0.23600166166491496,0.001351231906394204
2020-06-30,sh.601633,22.409056295489503,0.4065101883401705,0.002658460625751658
2020-06-30,sh.601658,25.818927036443487,0.14758449939243912,4.815109511357268e-05
2020-06-30,sh.601668,25.38366118930921,0.1889085780528298,0.0001850047538888706
2020-06-30,sh.601669,24.119093005195325,0.22815823093963755,0.000824702691232911
2020-06-30,sh.601688,25.086295310463885,0.11686899833628117,0.00045420527613301793
2020-06-30,sh.601766,25.31278427689521,0.10765185206196595,0.0001629788749286371
2020-06-30,sh.601788,23.29787351198509,0.27961096002951646,0.002020291461672406
2020-06-30,sh.601800,25.07956330545422,0.1737873743761359,0.0002650873393897599
2020-06-30,sh.601816,25.350189515787584,0.06525703356574394,-1.6511532045836456e-05
2020-06-30,sh.601818,25.303504922353678,0.19724275517151435,0.0001925117900903963
2020-06-30,sh.601857,26.002804123901324,0.11480447138028735,0.00021378680996457714
2020-06-30,sh.601878,22.258983551973127,0.3675677630473041,0.002440930298271362
2020-06-30,sh.601881,24.795105623503463,0.13149878698003198,0.0007427148597927987
2020-06-30,sh.601888,23.67964696576893,0.32282827020890426,0.0021315865277398297
2020-06-30,sh.601899,23.974160664368707,0.22563179359652324,0.0012861032782199538
2020-06-30,sh.601901,24.273065276825335,0.15026519520055837,0.0010572324180226661
2020-06-30,sh.601919,23.58145193567856,0.22189010254605745,0.000907615193641243
2020-06-30,sh.601939,26.506085369436274,0.16364797645079876,4.260374145866694e-05
2020-06-30,sh.601985,24.720331365446956,0.12510347091667434,0.00031894781213943267
2020-06-30,sh.601988,26.3058219811482,0.1729684162637205,1.8657984671092352e-05
2020-06-30,sh.601989,24.565967639004995,0.13744107512201598,0.0006942046991763756
2020-06-30,sh.601998,25.477735409192242,0.19172416480802612,0.00015548768795466808
2020-06-30,sh.603160,25.60186287493064,0.016506042748462874,-0.0001441601766971874
2020-06-30,sh.603259,24.652921164592506,0.1312317541675092,0.0006078494583425181
2020-06-30,sh.603288,24.876298987335925,0.15034441857771672,0.0007446995102622599
2020-06-30,sh.603501,25.08695463927549,0.04830285061390652,5.5220632557819435e-05
2020-06-30,sh.603799,24.37661217643571,0.08771795333312889,0.00034838038682603715
2020-06-30,sh.603986,25.087334992293396,0.03415496706128127,-8.5651026345658e-05
2020-06-30,sh.603993,24.45134721675344,0.14922321718392198,0.000707300303663261
2020-06-30,sh.688012,25.313575746977993,0.06985428706252023,1.92408021604028e-05
2020-06-30,sh.688111,24.766313613960566,0.13856894923650942,0.0005536271631987923
2020-07-31,sh.600000,25.805243541364472,0.15294262002760184,-1.998786032023211e-05
2020-07-31,sh.600009,24.962473182514056,0.11138228283832946,0.0004923415542717091
2020-07-31,sh.600010,25.069659727181087,0.03269015260432166,-4.6431884167107066e-05
2020-07-31,sh.600015,25.14955822279879,0.18858135000877968,2.319426803888511e-05
2020-07-31,sh.600016,25.645746196582014,0.18021326948140848,-1.323212552519561e-05
2020-07-31,sh.600018,25.355454210489217,0.08008526524087807,-7.246020603640337e-05
2020-07-31,sh.600019,25.247805644553416,0.10208663002768868,-6.965474806087485e-07
2020-07-31,sh.600028,25.94747276419348,0.047878466845525984,1.3170532173126802e-05
2020-07-31,sh.600029,24.88099978824187,0.042253279466273455,0.0003482751630529092
2020-07-31,sh.600030,25.64298245893188,0.09939523785752337,0.0002954140635232629
2020-07-31,sh.600031,25.409437626850313,0.10272068027678102,0.0001671689919889674
2020-07-31,sh.600036,26.00576402945474,0.14584215796189612,0.00028945745904655637
2020-07-31,sh.600048,25.445891213706968,0.14689091097545276,0.00010311280645109193
2020-07-31,sh.600050,25.42858361735219,0.06918709656506938,6.722630820912823e-05
2020-07-31,sh.600089,24.83938559100337,0.05219371801265107,-0.00025013999364554364
2020-07-31,sh.600100,24.650565720429636,0.034144239363698335,-6.990366886524302e-05
2020-07-31,sh.600104,25.568930923057913,0.10608734129260858,8.071061768632551e-05
2020-07-31,sh.600109,24.621345162765724,0.09666378254806808,0.00028295682955594456
2020-07-31,sh.600111,24.96161096344306,0.04491606646906975,-3.1563340456462775e-05
2020-07-31,sh.600150,25.247492886785253,0.03833270884019215,1.3101070132587287e-05
2020-07-31,sh.600196,26.008754584271053,-0.0050701292350449345,-0.00045089228935398206
2020-07-31,sh.600256,24.409970607775488,0.08708687086246078,-5.436481099226766e-05
2020-07-31,sh.600276,26.0415584279889,0.04871500613394878,6.4727546647395554e-06
2020-07-31,sh.600309,25.3641929709647,0.0984193265844581,0.00029055873842899027
2020-07-31,sh.600332,25.508069185177085,0.0031225494727760428,-0.0004722265988539739
2020-07-31,sh.600340,25.150347220924335,0.1411974417751347,-0.00012458268156719408
2020-07-31,sh.600346,24.25208588521574,0.23561184470790703,0.0010649192505485566
2020-07-31,sh.600372,24.65703110321143,0.0616112851040529,6.642121533558809e-05
2020-07-31,sh.600406,24.822412854385718,0.108710734723088,0.00018413720507803836
2020-07-31,sh.600436,24.562191516488276,0.15593558431945698,0.0008440815275629238
2020-07-31,sh.600438,25.759359122418658,0.00019974381083523451,-0.00040477708563783443
2020-07-31,sh.600485,23.89707962693739,-0.14094072002710578,-7.90120551696873e-06
2020-07-31,sh.600518,24.364697806023194,-0.14094072002710578,-2.524771190023374e-05
2020-07-31,sh.600519,26.57148633095316,0.08179229469588697,0.00022471425496087643
2020-07-31,sh.600547,25.52143801659662,0.023890819143155065,-0.00021021970852233796
2020-07-31,sh.600570,25.049586043382124,0.05643874906013589,5.726885857801893e-05
2020-07-31,sh.600585,25.850742011869098,0.10358400762217347,-4.391423690171421e-05
2020-07-31,sh.600588,25.96885152407659,-0.00942404246960206,-0.00040325577172871293
2020-07-31,sh.600606,25.495902714361947,0.09340670069758568,-0.0002477412561399674
2020-07-31,sh.600637,24.43996810921478,0.11099435029241002,0.0002749284084271517
2020-07-31,sh.600690,24.474645109148067,0.18087811485698907,0.0008629409164383588
2020-07-31,sh.600703,25.413682603347674,0.047386911577670845,1.1366408736546175e-05
2020-07-31,sh.600745,25.96524522087303,0.0041738440512547464,-0.0003421828527687435
2020-07-31,sh.600795,24.81595988346309,0.04489344674712949,1.5598867454977189e-06
2020-07-31,sh.600809,25.02221731035557,0.09490605998615638,0.00033183284817945907
2020-07-31,sh.600837,25.256888130068578,0.1079312770101523,0.00026447257500648847
2020-07-31,sh.600887,25.120157230897835,0.1264371488644766,0.0005180076283805344
2020-07-31,sh.600893,24.461962694786035,0.1460550762511087,0.0007523971381477123
2020-07-31,sh.600900,25.777705323734068,0.09403267896041517,0.00016956804446994182
2020-07-31,sh.600918,25.704644427508885,0.015349770716457697,-0.0002736771470597479
2020-07-31,sh.600919,24.761279597286457,0.2227381103974457,0.00021393692687365657
2020-07-31,sh.600958,25.15648662012987,0.06271200900246203,3.027998343525783e-05
2020-07-31,sh.600999,25.46290706578965,0.07241639748725356,-2.3762660061618055e-06
2020-07-31,sh.601006,25.09974851670885,0.12933750206058506,5.8177451561810766e-05
2020-07-31,sh.601012,24.954542626960517,0.12825690788448413,0.0004055383095216639
2020-07-31,sh.601066,25.698620352235515,0.08591038603376473,0.00021382070291284683
2020-07-31,sh.601088,25.514636794668917,0.16109872990869795,0.00018108065554745664
2020-07-31,sh.601111,25.120668327673958,0.03737672858927558,0.00021041311123960426
2020-07-31,sh.601118,24.579319922366405,0.04057385837222243,2.163636719912411e-05
2020-07-31,sh.601127,24.32459904635369,0.027888562595325968,-7.582835362489863e-05
2020-07-31,sh.601138,25.774146857914126,0.08073584778534584,2.3792372284377193e-05
2020-07-31,sh.601166,25.675172569175768,0.18447618194159937,0.00010439537602541387
2020-07-31,sh.601169,25.181327121223887,0.17714757844344542,1.2448313776903684e-05
2020-07-31,sh.601186,25.30088631258593,0.14713088520220402,4.4040786526905215e-05
2020-07-31,sh.601198,24.93836585868153,0.04211926127647764,-0.00011871416971727275
2020-07-31,sh.601211,25.248029882456766,0.10550298641967502,0.00024094192491074434
2020-07-31,sh.601225,25.04288365337063,0.13870644800543439,3.080237973471259e-06
2020-07-31,sh.601229,25.20787268238234,0.17006009077531553,5.335697489324509e-05
2020-07-31,sh.601236,25.247530081624497,0.036573169296252914,-7.373964525844788e-05
2020-07-31,sh.601288,26.42734368433176,0.15910883461406752,-3.164898825394885e-05
2020-07-31,sh.601318,26.512003734929316,0.09945412375544631,1.783479020313105e-05
2020-07-31,sh.601319,25.74368119163,0.0889055888084409,8.610789507123808e-05
2020-07-31,sh.601328,25.8462382515585,0.17614216898905782,-4.390912803988285e-05
2020-07-31,sh.601336,24.89477547423686,0.16122105735226216,0.0005709155357791361
2020-07-31,sh.601360,25.61370966631868,0.03358611234280409,-0.0001562255251539099
2020-07-31,sh.601377,24.92403939631038,0.06769034391407858,4.219269475595701e-05
2020-07-31,sh.601390,25.273891604961356,0.16807918286485557,0.00011833458965592033
2020-07-31,sh.601398,26.63573020192651,0.15276404753204273,-3.746286637854434e-05
2020-07-31,sh.601601,25.61180213817282,0.1157796374041867,0.00014721110227335435
2020-07-31,sh.601628,25.73549351157381,0.15970778688657955,0.0007059887284700713
2020-07-31,sh.601633,25.258092705801918,0.07856341051308012,0.00014745337351113367
2020-07-31,sh.601658,25.93572810002581,0.13006886888742308,-2.9512324893728787e-05
2020-07-31,sh.601668,25.532697832336748,0.17311131409230274,6.609014755281883e-05
2020-07-31,sh.601669,25.206393311988872,0.08573516829473098,-0.00013607686054229628
2020-07-31,sh.601688,25.483881010253196,0.08863903136470448,0.00013851935197838687
2020-07-31,sh.601766,25.409901102148574,0.09177012437481015,9.373804000743031e-05
2020-07-31,sh.601788,25.69639414262156,0.0037807160451386046,-0.00031614223565270476
2020-07-31,sh.601800,25.379333755447092,0.11808355686601259,1.1868691239372777e-05
2020-07-31,sh.601816,25.826268281349748,0.05813949749714647,1.4141654038191128e-05
2020-07-31,sh.601818,25.481024558414198,0.16880454339666473,3.110042408413713e-05
2020-07-31,sh.601857,26.283064535889658,0.027033092356041906,-3.0486283275304986e-05
2020-07-31,sh.601878,25.39503664178521,0.0037264534030098245,-0.00036534951145467343
2020-07-31,sh.601881,25.29761204490432,0.08315821049921618,0.00017495107610967053
2020-07-31,sh.601888,26.64476517998105,-0.025981003487646703,-0.0005517347026259366
2020-07-31,sh.601899,24.64569300564604,0.16551378958330465,0.0008282248288346446
2020-07-31,sh.601901,25.082327924127593,0.05639130294032088,5.802792488221165e-05
2020-07-31,sh.601919,23.660159063555948,0.3045093214349939,0.0009261027578570334
2020-07-31,sh.601939,26.521617440631896,0.15576456438034356,3.305076842119259e-05
2020-07-31,sh.601985,24.826817691556894,0.11553944806752452,0.00025881285498633843
2020-07-31,sh.601988,26.401180124182016,0.15294357798289807,-7.187779751027467e-05
2020-07-31,sh.601989,25.34972536227392,0.042664375460516574,4.023771608029452e-05
2020-07-31,sh.601998,25.62970152222926,0.16482176518329938,2.5353505606314147e-05
2020-07-31,sh.603160,25.846602772737445,-0.016545241688471782,-0.0005290207247695481
2020-07-31,sh.603259,25.812766485759816,0.03274530593407081,-0.00010884766918643619
2020-07-31,sh.603288,25.007719850549318,0.15479903075767132,0.0007972334312663048
2020-07-31,sh.603501,26.176904455791178,-0.04200392779295195,-0.0006854855140917247
2020-07-31,sh.603799,25.058473111362545,0.017006583026361433,-0.00021498319226039922
2020-07-31,sh.603986,25.739586650558103,-0.02059343307363591,-0.0005187902159890334
2020-07-31,sh.603993,25.392305353378077,0.03832305826106953,-0.0001128299018681511
2020-07-31,sh.688012,26.029145080205375,-0.0339094696120435,-0.0005509113000145063
2020-07-31,sh.688111,26.24037500965318,-0.033440179784007304,-0.0005589323985897442
2020-07-31,sh.688599,24.958383829130614,0.03494141903537936,-0.00015959690336201418
2020-08-31,sh.600000,26.15720887757642,0.10874957666571396,-0.00036367229211695166
2020-08-31,sh.600009,25.912898183161218,-0.0008615070058298341,-0.00037341477710280395
2020-08-31,sh.600010,25.065644832609703,0.0326317971919071,-4.6702344781395634e-05
2020-08-31,sh.600015,25.371792751611544,0.1597977557825833,-0.00018846730079268256
2020-08-31,sh.600016,25.8227637544869,0.1578479505767481,-0.00018520438441200162
2020-08-31,sh.600018,25.509416570047403,0.06052756834855431,-0.00023043756854178535
2020-08-31,sh.600019,25.22706715678059,0.10469947472800148,2.1534690072846018e-05
2020-08-31,sh.600028,26.091336822446173,0.0302475582479853,-0.0001236606400717943
2020-08-31,sh.600029,25.34068606389723,-0.0055215880141708945,-5.431179900541128e-05
2020-08-31,sh.600030,26.184139687887686,0.03450939956264682,-0.00019621686433010142
2020-08-31,sh.600031,25.14975247379175,0.13644609742592723,0.0004440034888158857
2020-08-31,sh.600036,26.526391427779018,0.08032860283134644,-0.00017997059537955642
2020-08-31,sh.600048,25.631182681100697,0.12273962442488237,-6.24161449879514e-05
2020-08-31,sh.600050,25.766956600732776,0.027632180198703574,-0.0002527263580943902
2020-08-31,sh.600089,24.284431752599406,0.12066019826668344,0.0002593887739280287
2020-08-31,sh.600100,25.024049842799396,-0.01308266544707648,-0.0004370664457091614
2020-08-31,sh.600104,25.586528600645554,0.10412049132060756,7.625045859300153e-05
2020-08-31,sh.600109,25.01864583213186,0.05004161852276942,-6.818615278101497e-05
2020-08-31,sh.600111,25.4310702561691,-0.014296280555310265,-0.0004923436306940497
2020-08-31,sh.600150,25.72176829026214,-0.02062933082886502,-0.0004457906177075567
2020-08-31,sh.600196,25.88929477287467,0.003547824235291458,-0.0003961426951950988
2020-08-31,sh.600256,24.456909764220274,0.0810899044126074,-0.00010520719564636316
2020-08-31,sh.600276,26.263765717347756,0.02110443532767159,-0.00020797827101004822
2020-08-31,sh.600309,25.92634245457704,0.03142859134063996,-0.00021883509078238827
2020-08-31,sh.600332,25.23909078488335,0.03175354196696099,-0.00027484656089723055
2020-08-31,sh.600340,25.37980034199687,0.11418529966372389,-0.000364365173297134
2020-08-31,sh.600346,25.921698343149956,0.028943028616794278,-0.00044011658906193047
2020-08-31,sh.600372,24.925941478989994,0.029056615093202794,-0.00018477823030106655
2020-08-31,sh.600406,25.501954066831395,0.024451860705896417,-0.00045368399328129914
2020-08-31,sh.600436,25.671918908814682,0.028572558128901263,-0.0001371176273095821
2020-08-31,sh.600438,24.968028175153254,0.09380247672590497,0.00031310506605536457
2020-08-31,sh.600485,23.88532854797757,-0.1397526733633922,-7.90120551696873e-06
2020-08-31,sh.600518,23.94418440695229,-0.08695268152497801,0.00038537201042254275
2020-08-31,sh.600519,27.0936925373387,0.019430959817915552,-0.00025466723189319625
2020-08-31,sh.600547,25.74209090381239,-0.0067409516898403465,-0.0004529224305862042
2020-08-31,sh.600570,25.557243215594024,-0.0063676895361659686,-0.00043000380026152294
2020-08-31,sh.600585,26.164055659599438,0.0642903601894556,-0.0003539273488569647
2020-08-31,sh.600588,25.834668174110032,0.0004954422843064382,-0.0003284003164610011
2020-08-31,sh.600606,25.85274101763639,0.05018221206764693,-0.00062829200958363
2020-08-31,sh.600637,25.117599080974536,0.028185271260825567,-0.00034957429042851735
2020-08-31,sh.600690,25.560682250243502,0.052435953008242796,-9.29568862860414e-05
2020-08-31,sh.600703,25.820647762542393,-0.0032801957883617783,-0.00038241260059121256
2020-08-31,sh.600745,26.148348995234063,-0.0240513053627779,-0.0005681036973211741
2020-08-31,sh.600795,24.89184373879749,0.035657184432670096,-7.015113478662645e-05
2020-08-31,sh.600809,25.400325158784195,0.05208353291041925,6.306346845048e-06
2020-08-31,sh.600837,25.831484914425637,0.03807334841162134,-0.00026089328425926315
2020-08-31,sh.600887,26.041111001557802,0.016950946863671393,-0.0003151845695704486
2020-08-31,sh.600893,25.63525243405936,0.009501139374125056,-0.0002999214592000761
2020-08-31,sh.600900,26.025820015795254,0.06450143091045216,-4.859697259565019e-05
2020-08-31,sh.600918,25.50386372626565,0.0366072807752535,-0.00011487675785090771
2020-08-31,sh.600919,25.219938940212604,0.15997594867138903,-0.00020494963152014044
2020-08-31,sh.600958,25.441115055226835,0.027344930369834687,-0.00024350013055274525
2020-08-31,sh.600999,25.456397046570835,0.07326191288125616,4.4339178225761125e-06
2020-08-31,sh.601006,25.326924767688794,0.10047887244042752,-0.00015397077455399317
2020-08-31,sh.601012,24.740600027442195,0.15832314744122056,0.0006671929692149299
2020-08-31,sh.601066,26.192284238234787,0.02768269871750137,-0.00023298660090864234
2020-08-31,sh.601088,25.672416209788807,0.1396630478470426,5.27568188796598e-05
2020-08-31,sh.601111,25.464628975060496,-0.00026261539751842866,-9.631859192197725e-05
2020-08-31,sh.601118,24.91781425473075,-0.0013144390170137105,-0.00030436067081579223
2020-08-31,sh.601127,24.445374370424048,0.011600426141976594,-0.00020201419821826698
2020-08-31,sh.601138,26.111192773191686,0.03868758623489669,-0.0003003297212720604
2020-08-31,sh.601166,25.817889307577108,0.1645090803277387,-1.9618625957280266e-05
2020-08-31,sh.601169,25.363242703170943,0.15372509155653663,-0.00016116051562415837
2020-08-31,sh.601186,25.638071296326313,0.10421554883517387,-0.0002774960856557991
2020-08-31,sh.601198,24.96067121993962,0.037956262107038036,-0.00015490866226014718
2020-08-31,sh.601211,25.754264949618317,0.04396345974528418,-0.0002208398008862334
2020-08-31,sh.601225,24.943717987987842,0.15099059330019943,0.00010232084676212495
2020-08-31,sh.601229,25.404823226993848,0.14434464317397566,-0.00013077360567561455
2020-08-31,sh.601236,25.585126541437354,-0.007283761206646075,-0.0004170430226303096
2020-08-31,sh.601288,26.44780450991667,0.15691350456502876,-5.466095209694291e-05
2020-08-31,sh.601318,26.53221152450157,0.09698785892556436,2.712101629076879e-06
2020-08-31,sh.601319,26.09469613265806,0.04555700865723977,-0.00024342800726177857
2020-08-31,sh.601328,25.97038618358171,0.1610429079594342,-0.00016822301206550076
2020-08-31,sh.601336,25.43225906856166,0.09671197707879027,0.00011873014100449318
2020-08-31,sh.601360,25.879680617354797,-0.0017686048403492277,-0.00043490680501435134
2020-08-31,sh.601377,24.952822545546322,0.06461345513148618,2.049436140507417e-05
2020-08-31,sh.601390,25.568878133651232,0.12937546860905622,-0.00015233227272649647
2020-08-31,sh.601398,26.666045806209482,0.14895759650752363,-6.70652168392526e-05
2020-08-31,sh.601601,25.752825420226262,0.09844610497412691,3.071212501596942e-05
2020-08-31,sh.601628,26.501574983255388,0.07032441755372351,4.574162001227528e-05
2020-08-31,sh.601633,24.055853714989496,0.23150801614270658,0.0013428709377336819
2020-08-31,sh.601658,26.00686831431568,0.12126631398162802,-0.00010108779460373446
2020-08-31,sh.601668,25.669603054550397,0.15464016617437856,-5.703196149024816e-05
2020-08-31,sh.601669,25.34156273859374,0.06877168474991166,-0.000284578049245981
2020-08-31,sh.601688,25.76518809349109,0.05414621146133528,-0.0001218219379401081
2020-08-31,sh.601766,25.770286084980054,0.047223691141522764,-0.0002442412716532307
2020-08-31,sh.601788,25.31849220969371,0.04602850056754278,8.404434081309766e-06
2020-08-31,sh.601800,25.652160857038485,0.08374756098751064,-0.00025145907502270093
2020-08-31,sh.601816,26.110041099250346,0.023147617641735202,-0.00025674406566810674
2020-08-31,sh.601818,25.734566409020093,0.13605436330884513,-0.00020878727406893502
2020-08-31,sh.601857,26.46000046351189,0.00448756019939045,-0.00020545859659473113
2020-08-31,sh.601878,24.25463388538386,0.1415784475913532,0.0006971753707898883
2020-08-31,sh.601881,25.69228816894039,0.03493272410361475,-0.0001928300363987238
2020-08-31,sh.601888,25.75555721587395,0.07633276054492029,0.00024062018594000234
2020-08-31,sh.601899,26.153625917529222,-0.014218162378057522,-0.000543531545474637
2020-08-31,sh.601901,25.335118819513706,0.02588537085174289,-0.000178121619081372
2020-08-31,sh.601919,24.537527907379104,0.1792803922672277,0.0001807974311348915
2020-08-31,sh.601939,26.607565661314425,0.14436707966580778,-4.453447690393129e-05
2020-08-31,sh.601985,25.357363435574527,0.050555418326491665,-0.00022451675431388554
2020-08-31,sh.601988,26.42885843386411,0.15035644751512767,-0.0001062913700959602
2020-08-31,sh.601989,25.798327271408297,-0.012847430336179536,-0.00039173195331865994
2020-08-31,sh.601998,25.801616739195783,0.14258388658107368,-0.00013687254471315605
2020-08-31,sh.603160,25.698685513665247,-0.005796180589817693,-0.0004583817439832972
2020-08-31,sh.603259,25.98374775028468,0.009710221755272419,-0.0002893429743128985
2020-08-31,sh.603288,26.36995652050501,-0.005746194474337149,-0.0004355938986408208
2020-08-31,sh.603501,25.170461947398117,0.07280909050477032,0.00019808016992883072
2020-08-31,sh.603799,25.31054867056151,-0.018178104819574686,-0.0004917558576201612
2020-08-31,sh.603986,25.643896357111085,-0.017086636366865027,-0.0004979106409254158
2020-08-31,sh.603993,25.767807156342663,-0.010232158224856583,-0.0004929975217694976
2020-08-31,sh.688012,25.66179335505734,0.0016445174277641694,-0.0002761364603381813
2020-08-31,sh.688111,25.57002295491889,0.04024880637319385,1.1642628666453613e-05
2020-08-31,sh.688256,25.127445307601718,-0.004225418497744618,-0.0002230519480967076
2020-08-31,sh.688599,24.75441339827016,0.05855011320430799,1.8995666009576533e-05
2020-08-31,sh.688981,26.96115174598402,-0.07715775033374997,-0.0008973468958563731
2020-09-30,sh.600000,25.80813347169735,0.15813098551007732,-7.080680488110748e-05
2020-09-30,sh.600009,25.631907910255595,0.028571968964053493,-0.00015033436022995506
2020-09-30,sh.600010,25.061597595508125,0.03257242690275488,-4.697750905854155e-05
2020-09-30,sh.600015,25.21544203592666,0.18339669474192044,-5.912296602410178e-05
2020-09-30,sh.600016,25.644573213671364,0.1839153327941761,-3.370958825517033e-05
2020-09-30,sh.600018,25.25911548243138,0.09119687693361954,-1.548716789916365e-05
2020-09-30,sh.600019,25.00648359167749,0.13242251548911002,0.00024184527118732861
2020-09-30,sh.600028,25.90572644429666,0.05180378127666546,4.282387614739426e-05
2020-09-30,sh.600029,25.485007531335064,-0.024704146863619214,-0.0002002625002871161
2020-09-30,sh.600030,26.12152116123736,0.04003315936431885,-0.0001630325995188847
2020-09-30,sh.600031,25.515121396806652,0.09368220235170509,0.0001443936098301926
2020-09-30,sh.600036,25.937054057970947,0.15435828573567834,0.00037310281322765947
2020-09-30,sh.600048,25.70096919585716,0.1143348965824016,-0.00013697094479712848
2020-09-30,sh.600050,25.54882227969087,0.05210614575477673,-7.280465617736707e-05
2020-09-30,sh.600089,24.845149374010493,0.051583613667683485,-0.0002529798332712636
2020-09-30,sh.600100,24.82350167499452,0.004782974672385587,-0.00029543202751754655
2020-09-30,sh.600104,24.903700959199362,0.1901220082511617,0.0007551579574392239
2020-09-30,sh.600109,25.03071390197677,0.047758898451999474,-8.851661951186733e-05
2020-09-30,sh.600111,25.10568092110362,0.018956356056271897,-0.00024280723642256037
2020-09-30,sh.600150,25.352987548579357,0.017228973667786973,-0.00014606381591201608
2020-09-30,sh.600196,25.039357363472455,0.10490201305527043,0.00038009543993502493
2020-09-30,sh.600256,24.30136376126096,0.10039769619155604,3.479110396240428e-05
2020-09-30,sh.600276,26.077329094917292,0.041460115913451626,-5.263451131433155e-05
2020-09-30,sh.600309,25.195195003805885,0.1207347412665853,0.00046777910103182265
2020-09-30,sh.600332,24.89272018484762,0.07259230517959048,2.7227227461826865e-05
2020-09-30,sh.600340,25.236625852108276,0.1387049575186264,-0.00027438818000749847
2020-09-30,sh.600346,25.26783327588471,0.10917710064186786,0.00013736374794000831
2020-09-30,sh.600372,24.948418917961284,0.023859302893799464,-0.00022912691258825734
2020-09-30,sh.600406,24.79023609539367,0.11145082499042731,0.00017907418237855124
2020-09-30,sh.600436,25.7438070602787,0.017560175000692832,-0.00022415658257241518
2020-09-30,sh.600438,24.763993215426357,0.12379540029869145,0.0005541208315356182
2020-09-30,sh.600485,23.861313897110936,-0.1397002878260102,-7.90120551696873e-06
2020-09-30,sh.600518,24.475020817611206,-0.14689540866504025,-8.120337435645105e-05
2020-09-30,sh.600519,26.80780689732279,0.051825372551471585,-8.870627338154895e-06
2020-09-30,sh.600547,25.478963499295507,0.019698291906744297,-0.0002586130578631986
2020-09-30,sh.600570,25.277952727157924,0.02212933476082371,-0.00021710133594692312
2020-09-30,sh.600585,26.06736137057863,0.07733514748259981,-0.0003070368842632267
2020-09-30,sh.600588,24.970579789126425,0.10345050112849376,0.0004702318269041301
2020-09-30,sh.600606,25.238432083087766,0.13384393015589596,-0.00011783536070104862
2020-09-30,sh.600637,24.92568617160608,0.049463298147357095,-0.00020875631559942948
2020-09-30,sh.600690,24.945159129921116,0.1288643901307331,0.000497460571896038
2020-09-30,sh.600703,25.7312121011695,0.0018321951735608272,-0.0003464420164392433
2020-09-30,sh.600745,26.010803046155047,-0.015620250250104786,-0.0005151885787125132
2020-09-30,sh.600795,24.94111834051115,0.028590816268529766,-0.00012546413814928755
2020-09-30,sh.600809,24.910476942786335,0.11384685435991689,0.0004870250412275816
2020-09-30,sh.600837,25.573148686723183,0.0683282021878255,-4.2618853992081245e-05
2020-09-30,sh.600887,25.56989154677081,0.07219278187044469,0.0001031640919235226
2020-09-30,sh.600893,25.739515752735425,-0.008064881011852196,-0.0004402922169210631
2020-09-30,sh.600900,26.021690607586244,0.06472396873477132,-4.8884297615113755e-05
2020-09-30,sh.600918,25.82870308149583,-0.0057502083329169645,-0.0004470492485668628
2020-09-30,sh.600919,25.03692983141863,0.18767588510199296,-5.2812891907564475e-05
2020-09-30,sh.600958,25.257511285723023,0.04745650726843941,-9.757622269206023e-05
2020-09-30,sh.600999,25.628290703808737,0.051763158580202466,-0.00016205802245240674
2020-09-30,sh.601006,25.142110285882737,0.12436189470741513,7.700371901103874e-06
2020-09-30,sh.601012,25.463216451972173,0.07336107262990604,4.460358080728664e-05
2020-09-30,sh.601066,26.52252695388917,-0.016287845964871733,-0.0005788978004759323
2020-09-30,sh.601088,25.71294563147232,0.134051443268411,2.24581733444079e-05
2020-09-30,sh.601111,25.529571408259308,-0.01047918932140568,-0.0001706286260698734
2020-09-30,sh.601118,24.366262453860436,0.062458092274200884,0.00019377910104617874
2020-09-30,sh.601127,24.042320510552123,0.0587122115094761,0.00016592915953180307
2020-09-30,sh.601138,25.76069688923688,0.08064728810229206,2.2600838784189187e-06
2020-09-30,sh.601166,25.420784156118135,0.2144874663764137,0.0003672363675358146
2020-09-30,sh.601169,25.204716834349302,0.17651792744939346,-2.5794145131698066e-05
2020-09-30,sh.601186,25.313338231737855,0.14793133872148728,3.2884046693489365e-06
2020-09-30,sh.601198,24.978970179690968,0.033848575941030586,-0.00019217481558641387
2020-09-30,sh.601211,25.478202741314156,0.07684034545262099,2.013694102884336e-05
2020-09-30,sh.601225,24.918378319599178,0.15316006616808164,0.00014243381162164234
2020-09-30,sh.601229,25.396831495289454,0.14737263755897242,-0.00013948187647885274
2020-09-30,sh.601236,25.27090167186053,0.02550175941340272,-0.00017323224015868883
2020-09-30,sh.601288,26.418408972107457,0.1613734930526099,-3.207918521936103e-05
2020-09-30,sh.601318,26.477669171074194,0.10387868988907675,5.8584229682402987e-05
2020-09-30,sh.601319,25.905960998011324,0.0675753114753028,-9.055324612978495e-05
2020-09-30,sh.601328,25.807165929733006,0.18484485886144317,-2.885974148981731e-05
2020-09-30,sh.601336,25.46224244672958,0.09381904404932678,0.00010731307311054523
2020-09-30,sh.601360,25.55859114201218,0.032567606031527994,-0.00018048125091907005
2020-09-30,sh.601377,25.22451882200792,0.030798334185225013,-0.0002412587257692549
2020-09-30,sh.601390,25.422748520153938,0.14951690917533556,-2.830171954849813e-05
2020-09-30,sh.601398,26.6316815968544,0.15368522368722676,-3.746286637854434e-05
2020-09-30,sh.601601,25.722368787990945,0.10239724739052941,6.65916218546599e-05
2020-09-30,sh.601628,26.435029606585434,0.07936450660401267,0.00011903336150647566
2020-09-30,sh.601633,24.702257462586427,0.16550741964829313,0.0008655946221048799
2020-09-30,sh.601658,25.83030032960519,0.1441928656661441,5.9560670075760346e-05
2020-09-30,sh.601668,25.59765157743839,0.1643627725872588,7.493888674497418e-06
2020-09-30,sh.601669,24.9563943658378,0.11742782912566396,5.414496342663307e-05
2020-09-30,sh.601688,25.620821370163657,0.07109917587894626,-1.3435174275800005e-06
2020-09-30,sh.601766,25.568796291465993,0.07096008007755754,-7.933547448596697e-05
2020-09-30,sh.601788,26.002506468410864,-0.03977909772379051,-0.0006588488518702528
2020-09-30,sh.601800,25.392694902580846,0.11733973041709186,-3.112499458401461e-05
2020-09-30,sh.601816,26.02278317007402,0.030963262446764797,-0.00020226609145564017
2020-09-30,sh.601818,25.24512195111422,0.2005675176055059,0.00024436608125842776
2020-09-30,sh.601857,26.27371682344677,0.023944578114901013,-4.971328464728611e-05
2020-09-30,sh.601878,25.661575259176175,-0.02612096209894256,-0.0005916565329288724
2020-09-30,sh.601881,25.699369314160542,0.03165038221107602,-0.0002317593321583417
2020-09-30,sh.601888,26.4571697112884,-0.007606619966495226,-0.00041061873527582896
2020-09-30,sh.601899,25.01832220053236,0.12099081620739374,0.0004887796067412707
2020-09-30,sh.601901,24.756681770873673,0.0960874571043116,0.00036566071624839606
2020-09-30,sh.601919,24.232495165310663,0.2150381354840473,0.0005040107447827084
2020-09-30,sh.601939,26.487627648650015,0.15980209935665973,6.862832949139391e-05
2020-09-30,sh.601985,25.075464571223822,0.08456815354532429,2.160872945933379e-05
2020-09-30,sh.601988,26.34832050319158,0.16197887282390247,-3.970413177306179e-05
2020-09-30,sh.601989,25.503393438333205,0.01689531215811059,-0.00015798237713289529
2020-09-30,sh.601998,25.662638225535506,0.16194451106426083,-1.7328953197498133e-05
2020-09-30,sh.603160,24.83239435240148,0.09651167057076926,0.00032453776322709043
2020-09-30,sh.603259,25.24076612045277,0.0985296123289352,0.00039729298088465653
2020-09-30,sh.603288,25.919878296047372,0.04427577325169285,-5.584797332206836e-05
2020-09-30,sh.603501,24.9741356478748,0.1005802071278897,0.00041678019346266576
2020-09-30,sh.603799,24.173754051248167,0.11641521271147989,0.0005468051475356275
2020-09-30,sh.603986,24.606292986722398,0.10518689337176458,0.00044593261409062846
2020-09-30,sh.603993,24.973423423381785,0.0825239387394178,0.00021423121867652467
2020-09-30,sh.688012,25.486780842422313,0.018300454687140894,-0.0001475945429278392
2020-09-30,sh.688111,25.58718650162725,0.037933797036080595,-6.4025751340335215e-06
2020-09-30,sh.688256,24.249781918899313,0.10123590521009608,0.0006049424178174227
2020-09-30,sh.688599,24.88910551626828,0.04198534847022983,-0.00010893747974288315
2020-09-30,sh.688981,24.900396676760355,0.16442630005464132,0.0009709394173953981
2020-10-30,sh.600000,25.057206294952664,0.20544312728235992,0.00029713451178584586
2020-10-30,sh.600009,24.67563892376532,0.13565078852682383,0.0006824058282548164
2020-10-30,sh.600010,25.151145497220586,0.06565922575478385,0.00021033488217719431
2020-10-30,sh.600015,25.090419503023746,0.2253938347837676,0.0002674841674601061
2020-10-30,sh.600016,25.3677304244703,0.18748434310584502,-5.953788071913576e-06
2020-10-30,sh.600018,24.97727801236961,0.1420102662083005,0.0003796829650452226
2020-10-30,sh.600019,24.769526240467084,0.17621517269948234,0.0005824159439732449
2020-10-30,sh.600028,25.102444153983814,0.07954820421414965,0.0002585891981849438
2020-10-30,sh.600029,24.843001042796825,0.06656916026188234,0.0005095599584369717
2020-10-30,sh.600030,25.162697642669425,0.08956977319489305,0.00022220819139203874
2020-10-30,sh.600031,24.69243268284287,0.1601597519907817,0.000661382193029869
2020-10-30,sh.600036,24.967435476295293,0.15645418593920918,0.00038940239831516976
2020-10-30,sh.600048,24.926761826375056,0.1872343700527576,0.0004299602328720312
2020-10-30,sh.600050,25.27951935368885,0.07275544122939508,8.778264087937074e-05
2020-10-30,sh.600089,25.23545030543858,0.10062305184357637,0.0001283944773209572
2020-10-30,sh.600100,25.347795618017557,0.040451530300728816,-1.8041598129088317e-05
2020-10-30,sh.600104,24.836367266603624,0.15944165861483348,0.000516560256761754
2020-10-30,sh.600109,24.614542427370303,0.15492209764536408,0.0007448797800683593
2020-10-30,sh.600111,24.086617217331103,0.2110468731692904,0.00125105956263252
2020-10-30,sh.600150,25.082420099313335,0.07120466793866657,0.0002736992147625984
2020-10-30,sh.600196,25.54649221143618,0.03359405266844443,-0.00017445871573700826
2020-10-30,sh.600256,25.173128742431633,0.11997202806412222,0.0001870185274583166
2020-10-30,sh.600276,25.502563162139175,0.03146814471865045,-0.0001303409710051342
2020-10-30,sh.600309,25.25217908062237,0.07443856172283206,0.00010773881074089311
2020-10-30,sh.600332,25.372116007241683,0.06867020300039095,-3.2745292936119534e-06
2020-10-30,sh.600340,25.17357403204678,0.19909670444133304,0.0001952717856205185
2020-10-30,sh.600346,24.05945526198368,0.2564140709146193,0.0012824094523800247
2020-10-30,sh.600372,24.932838329392066,0.10712111402711495,0.00041839102401073237
2020-10-30,sh.600406,24.869524877573337,0.15090129120804657,0.00048587611396516445
2020-10-30,sh.600436,25.71443907216538,0.0030114889954447333,-0.00033730011156989364
2020-10-30,sh.600438,25.36972483274733,0.052171094882186235,-2.8935045970977425e-06
2020-10-30,sh.600485,25.381969571936544,-0.1397002878260102,-7.90120551696873e-06
2020-10-30,sh.600518,25.614733344759355,-0.16892628950033642,-0.000252535108626416
2020-10-30,sh.600519,25.28317528676303,0.06380006945478195,8.42552718548702e-05
2020-10-30,sh.600547,25.372484790781566,0.05272606628331072,-1.7596934735056175e-06
2020-10-30,sh.600570,25.5643850931245,0.02627449131643199,-0.0001848649098683498
2020-10-30,sh.600585,24.96346635183504,0.16763590068665676,0.00039522212970902003
2020-10-30,sh.600588,25.334054758214673,0.04844396320221684,4.24520386354456e-05
2020-10-30,sh.600606,25.230146674881276,0.16624444961732945,0.00013413991128541594
2020-10-30,sh.600637,25.246837270492186,0.09127271720924049,0.00011639093249497055
2020-10-30,sh.600690,25.062911860569024,0.10316568315499497,0.0002976045576238034
2020-10-30,sh.600703,24.60071885751331,0.14243175703672808,0.000746985293694442
2020-10-30,sh.600745,25.20260726906155,0.07257509315504246,0.00017069689509613487
2020-10-30,sh.600795,25.017563634739197,0.08836571104980909,0.000339398636301082
2020-10-30,sh.600809,25.122143081497065,0.08233565819903678,0.00024196593861943732
2020-10-30,sh.600837,25.450281852408498,0.06342011611588798,-8.078849890723466e-05
2020-10-30,sh.600887,25.56552662621068,0.034065736139513345,-0.00019334574426991093
2020-10-30,sh.600893,24.478707265013824,0.1592432517570488,0.0008608447080647135
2020-10-30,sh.600900,25.15396297010365,0.09754711460921554,0.00020637769344675953
2020-10-30,sh.600918,24.524720351489076,0.15885746477476947,0.0008330864990015899
2020-10-30,sh.600919,25.244363967137964,0.21038796233388388,0.0001238164317270545
2020-10-30,sh.600958,25.077458641764576,0.09810092778934834,0.00029627985886066226
2020-10-30,sh.600999,25.143957645415238,0.10174252017887185,0.00022662596909670316
2020-10-30,sh.601006,25.164983624276214,0.1486429275017464,0.00019653129017531377
2020-10-30,sh.601012,25.742597202514705,0.02064369769974636,-0.00036537363891756415
2020-10-30,sh.601066,25.30114685315642,0.060463278325003526,1.7987241482362483e-05
2020-10-30,sh.601088,24.711421178823475,0.21308755570060287,0.0006371133164682534
2020-10-30,sh.601111,24.778514921732366,0.08526283750269897,0.000573946573665885
2020-10-30,sh.601118,25.381969571936544,0.035919943765907,-1.2605157587515837e-05
2020-10-30,sh.601127,20.98772965249074,0.5872803741390328,0.004276545555682507
2020-10-30,sh.601138,25.337906451865177,0.08409600309209282,2.908036059013058e-05
2020-10-30,sh.601166,24.701946286649765,0.25100378247168215,0.0006512197367222636
2020-10-30,sh.601169,25.21292924312957,0.1987513104216322,0.0001471124259582344
2020-10-30,sh.601186,25.264637629309533,0.16038618701138893,0.00010014838832281094
2020-10-30,sh.601198,25.06768124163243,0.09648779041299549,0.00029496345768661417
2020-10-30,sh.601211,25.31659331226544,0.08090868959873544,5.177600545717581e-05
2020-10-30,sh.601225,24.65591951096061,0.22407080201444213,0.0006938987957838597
2020-10-30,sh.601229,25.276618019727696,0.17741638320837683,9.416502509356758e-05
2020-10-30,sh.601236,25.466762089179138,0.04066159214161367,-5.533589039469468e-05
2020-10-30,sh.601288,25.214896908332612,0.18532918510849683,0.00015422159395768497
2020-10-30,sh.601318,24.792718047340905,0.1681482914889725,0.0005584018441151493
2020-10-30,sh.601319,25.211872968719874,0.09869348173888387,0.00015144933735410494
2020-10-30,sh.601328,25.232599972025746,0.20463947026619067,0.00012508077167123157
2020-10-30,sh.601336,25.55587347762708,0.05586497919637329,-0.00018785150984308127
2020-10-30,sh.601360,25.194131710104802,0.07725720358443779,0.00016706482814190702
2020-10-30,sh.601377,24.770806989591847,0.13774894255588235,0.0005904843783927534
2020-10-30,sh.601390,25.185962536423553,0.17587909731094287,0.00017671411464313433
2020-10-30,sh.601398,25.076348845831795,0.19205920149538683,0.0002609673333879473
2020-10-30,sh.601601,24.587968649481642,0.19150627638141732,0.0007595827278508151
2020-10-30,sh.601628,25.681362479859597,0.02424380440896605,-0.0003096342697089439
2020-10-30,sh.601633,24.721109847541996,0.1349290165909863,0.0006277897487463544
2020-10-30,sh.601658,24.867131527026608,0.19941726665453163,0.0004890347553879375
2020-10-30,sh.601668,25.146563861966232,0.19113309681571053,0.00021568375231724332
2020-10-30,sh.601669,25.00997184438092,0.15537223086427893,0.0003492343974041272
2020-10-30,sh.601688,25.577680919036432,0.050433931895597806,-0.0001620548442805014
2020-10-30,sh.601766,25.193664111566623,0.1032013097894201,0.00017140101865867804
2020-10-30,sh.601788,25.12913170275272,0.07712094080572754,0.0002502698750305627
2020-10-30,sh.601800,25.112369908407874,0.15373192479284242,0.00025189309365772035
2020-10-30,sh.601816,25.233759950997573,0.07135719058388382,0.00011187303958722861
2020-10-30,sh.601818,24.979205115034215,0.2162238752636942,0.00036612385072675786
2020-10-30,sh.601857,25.160300681651233,0.056371170901404366,0.0002024647567171168
2020-10-30,sh.601878,24.969628391743132,0.10160999418545669,0.0004016930486777667
2020-10-30,sh.601881,25.01725350202669,0.1124073752441768,0.00039627890989965504
2020-10-30,sh.601888,25.498853406303382,0.02755532982797173,-0.00013716812367124443
2020-10-30,sh.601899,24.145058221220758,0.21183009174331133,0.0011952266495876495
2020-10-30,sh.601901,25.491223224400898,0.032359966826875225,-0.0001299409581255424
2020-10-30,sh.601919,23.439175066266998,0.3922544329222315,0.001882202375338902
2020-10-30,sh.601939,24.86800199789266,0.21359155683503592,0.0004869430171386448
2020-10-30,sh.601985,24.97465924080281,0.13140967512308996,0.00038589008469706133
2020-10-30,sh.601988,25.240115423593583,0.1827401903694282,0.00012175434859352933
2020-10-30,sh.601989,25.2193146951106,0.05689441976466444,0.0001530862781204289
2020-10-30,sh.601998,25.240536772549056,0.17970292416082917,0.00012077626994196549
2020-10-30,sh.603160,25.48874825915256,0.039562469180793404,-0.00011834990487748272
2020-10-30,sh.603259,25.69511965180631,0.00703448748146604,-0.00031425452983715427
2020-10-30,sh.603288,25.405434833678665,0.04686184316350513,-3.573639238952974e-05
2020-10-30,sh.603501,25.051275043608292,0.08715068400015052,0.00031234027092412497
2020-10-30,sh.603799,24.196963236193742,0.1959498540419991,0.001165337295004995
2020-10-30,sh.603986,25.152405553802794,0.07514406170382923,0.0002122928204514476
2020-10-30,sh.603993,24.772894545127283,0.12981708509721934,0.0005820248100967871
2020-10-30,sh.688012,25.69689401331739,0.0014484655465024088,-0.00027865060677520145
2020-10-30,sh.688111,25.45577262407815,0.032228481983146574,-5.077218204551228e-05
2020-10-30,sh.688256,25.799919147340855,-0.030473571370301503,-0.00041934767802637634
2020-10-30,sh.688599,24.02273434261644,0.22561901971866075,0.0013191613602702595
2020-10-30,sh.688981,25.56255783421087,0.022064102979225148,-0.0001361957126869148
2020-11-30,sh.600000,25.9325461618877,0.13849778897388565,-0.00015864220959543968
2020-11-30,sh.600009,25.688576226508324,0.02884047890994542,-0.00014100722759729782
2020-11-30,sh.600010,25.17860759735348,0.02121145120134027,-0.00013640362504606238
2020-11-30,sh.600015,25.365309653770428,0.15940053694751294,-0.00017460207616605243
2020-11-30,sh.600016,25.70131487300855,0.17679080559356675,-8.91162517589869e-05
2020-11-30,sh.600018,25.358952784201605,0.08005176482939387,-6.305552371507509e-05
2020-11-30,sh.600019,25.53690015410905,0.06779530449890793,-0.00016930240188974487
2020-11-30,sh.600028,26.15142594651376,0.026010177881205472,-0.00015452925593682464
2020-11-30,sh.600029,25.54127059091375,-0.023357834593460858,-0.0002148287362280998
2020-11-30,sh.600030,26.062403003910802,0.04781682415678784,-0.00010093523198040672
2020-11-30,sh.600031,25.257594120090882,0.1327425391247155,0.0004984511550430472
2020-11-30,sh.600036,26.45876083777357,0.08968654982680345,-3.6140528827012396e-05
2020-11-30,sh.600048,25.921397325589613,0.0847051420534443,-0.0003129677605310362
2020-11-30,sh.600050,25.829499153743562,0.01729955146905192,-0.0003418702786607135
2020-11-30,sh.600089,23.87273463394949,0.173120647492329,0.0006824526072816421
2020-11-30,sh.600100,24.803371068769703,0.0033569495828768975,-0.0003049427622502201
2020-11-30,sh.600104,26.15030929610702,0.0397497053884815,-0.0003028266530182761
2020-11-30,sh.600109,25.3853787875345,0.010568870732945046,-0.0003554415688529863
2020-11-30,sh.600111,25.11194341348627,0.030865399795982157,-0.0001358111578439264
2020-11-30,sh.600150,25.54619353000369,-0.004194114498583534,-0.00031451836149438956
2020-11-30,sh.600196,25.32748190132677,0.07149260980646684,0.0001266676371348694
2020-11-30,sh.600256,24.648013138977152,0.057572812997634726,-0.0002704762776881002
2020-11-30,sh.600276,24.901080572098095,0.1867335301135235,0.0010746639898046996
2020-11-30,sh.600309,25.317395456487496,0.1126020215472797,0.00042582468854725865
2020-11-30,sh.600332,25.106399251547234,0.04623464581458269,-0.0001748385332935928
2020-11-30,sh.600340,25.43941480740964,0.11478028711395613,-0.0004828151555626772
2020-11-30,sh.600346,25.31710754038097,0.10967941891473817,0.0002555143869521108
2020-11-30,sh.600372,24.414688384516403,0.09368586663972811,0.00031853426187492776
2020-11-30,sh.600406,24.60320974574956,0.13845688552731752,0.0004491870683360048
2020-11-30,sh.600436,24.399315942457303,0.1777054814927872,0.0010145155955950818
2020-11-30,sh.600438,24.487890347361176,0.16618311911028405,0.0008956720123436257
2020-11-30,sh.600485,23.920340747131526,-0.13710387701497148,-7.90120551696873e-06
2020-11-30,sh.600518,24.812300037353317,-0.19162532073250585,-0.00044925497592490264
2020-11-30,sh.600519,26.201560336311765,0.12931571900036076,0.0005962226589802759
2020-11-30,sh.600547,25.226439361709698,0.04802029205724868,-4.4895150923553605e-05
2020-11-30,sh.600570,24.308009619614786,0.13820493265732617,0.0006769214612331318
2020-11-30,sh.600585,26.102463461029515,0.07266106044603476,-0.0003304785014695411
2020-11-30,sh.600588,25.509083313624597,0.04389098386217418,9.944123885235422e-06
2020-11-30,sh.600606,25.493740153830846,0.10130248805851041,-0.0003618006740843159
2020-11-30,sh.600637,24.94377261660537,0.04667472922665323,-0.00023557192644346593
2020-11-30,sh.600690,25.26262148484738,0.09779150390467299,0.00029092369684626294
2020-11-30,sh.600703,25.417516084806543,0.046710318680850675,5.989310767305203e-06
2020-11-30,sh.600745,25.664405475521797,0.022545847594855978,-0.00022733372665224716
2020-11-30,sh.600795,24.68580254716639,0.06437356123100604,0.00015429613638659077
2020-11-30,sh.600809,23.4159402842933,0.3118866930546038,0.0020412348333060507
2020-11-30,sh.600837,25.709064715405702,0.05048305020164265,-0.00018810140874624934
2020-11-30,sh.600887,25.02614063149676,0.13962967852772074,0.0006250339521775031
2020-11-30,sh.600893,24.19360029666132,0.19137691900720175,0.0011151932561710017
2020-11-30,sh.600900,26.190846725388948,0.04518546850523183,-0.00018966857871524704
2020-11-30,sh.600918,24.99317695155466,0.10311082068068214,0.0004063119625978499
2020-11-30,sh.600919,25.28872241588499,0.15389121641796066,-0.0002867822826962076
2020-11-30,sh.600958,25.177824665437146,0.059659921895879334,5.256671407314872e-06
2020-11-30,sh.600999,25.18947682344412,0.10740954972052613,0.00027516434506146524
2020-11-30,sh.601006,25.37432664225424,0.09416572883980996,-0.00018859747033926624
2020-11-30,sh.601012,24.1939585425388,0.22973419288348387,0.0012423915438472442
2020-11-30,sh.601066,26.0737261159376,0.0333672457416951,-0.00020453680320044513
2020-11-30,sh.601088,26.150004844335854,0.07580246940001888,-0.0003188723962180644
2020-11-30,sh.601111,25.609380529172498,-0.010863519691791057,-0.00019698150643068048
2020-11-30,sh.601118,24.919422357145624,-0.0033745287869030444,-0.0003196591958263474
2020-11-30,sh.601127,25.01785998151649,-0.009961603271943897,-0.00038524141652681416
2020-11-30,sh.601138,25.817987340927655,0.07383908197977218,-4.5842002566816245e-05
2020-11-30,sh.601166,25.96920378602326,0.13290196649910854,-3.8998501262308694e-05
2020-11-30,sh.601169,25.24842063089466,0.16799913498787555,-4.803842221181299e-05
2020-11-30,sh.601186,25.651206904786047,0.1040312765302659,-0.0003092748303963379
2020-11-30,sh.601198,24.780920000231777,0.06007763498004627,1.5835780379510338e-05
2020-11-30,sh.601211,25.763127455181763,0.04184340289340955,-0.00024540200181837757
2020-11-30,sh.601225,25.585055588617696,0.06482612946190737,-0.0004018277183687018
2020-11-30,sh.601229,25.365725866538824,0.15181798125419446,-0.0001133248373178024
2020-11-30,sh.601236,24.649938238383733,0.09948274820070978,0.0003945308069826284
2020-11-30,sh.601288,26.58465915131711,0.13827632465497108,-0.00017627700194582235
2020-11-30,sh.601318,26.76540787769587,0.0698045639979347,-0.00014134020185780372
2020-11-30,sh.601319,26.014372371191463,0.054555067788912455,-0.00018500938294493813
2020-11-30,sh.601328,26.00083344317775,0.15755069425851823,-0.0002000227208056502
2020-11-30,sh.601336,25.783865053535965,0.05310119506332305,-0.00021347364339065815
2020-11-30,sh.601360,25.59356125390748,0.028323304806503295,-0.0002131557894056061
2020-11-30,sh.601377,25.16382588493369,0.04197730745684334,-0.00014074164627939025
2020-11-30,sh.601390,25.685181821521823,0.11437798329842001,-0.0002615597065724466
2020-11-30,sh.601398,26.90394340526955,0.1158186234578194,-0.00026515613345602337
2020-11-30,sh.601601,25.937900671123316,0.07868036095411407,-3.948040075960763e-05
2020-11-30,sh.601628,26.907692004395823,0.018161223617063668,-0.00036522640599114285
2020-11-30,sh.601633,24.458357952719716,0.21590535109457282,0.0012880811748300623
2020-11-30,sh.601658,26.3028171196058,0.08104027102724433,-0.0003295242519420652
2020-11-30,sh.601668,25.971618548563765,0.11371891411584487,-0.00032514439366561186
2020-11-30,sh.601669,25.385441380966604,0.06325584524103978,-0.000309754024981606
2020-11-30,sh.601688,25.81006078320751,0.04572492873383029,-0.0002162948528227691
2020-11-30,sh.601766,25.748027046791655,0.0491658926751322,-0.00023946028445645033
2020-11-30,sh.601788,25.390528449160005,0.029504961949639204,-0.00012662297824825606
2020-11-30,sh.601800,25.717651216102073,0.07557188619339972,-0.0003172544879334825
2020-11-30,sh.601816,25.9357305027101,0.041469328759758874,-0.00012145245990614103
2020-11-30,sh.601818,25.91292457816022,0.10752499009256056,-0.0003231880242868813
2020-11-30,sh.601857,26.400439258849605,0.011522993247397043,-0.00015025576182639425
2020-11-30,sh.601878,25.292222717945258,0.016541976711495224,-0.0002658419873678845
2020-11-30,sh.601881,25.539553756685457,0.05227736117067836,-6.79321366414261e-05
2020-11-30,sh.601888,24.252101335332792,0.26070150073051745,0.0016726655709220842
2020-11-30,sh.601899,25.738008253640498,0.05075522449483512,-1.2583128866436027e-05
2020-11-30,sh.601901,24.627957407811216,0.1162660113071313,0.0005261250843760873
2020-11-30,sh.601919,24.170525722378922,0.21129669479893431,0.0008324844699537238
2020-11-30,sh.601939,27.105936817957918,0.07629683429050317,-0.0004615757023454932
2020-11-30,sh.601985,25.1580326475996,0.07690693973194651,-4.361256354193462e-06
2020-11-30,sh.601988,26.476907554713634,0.1439631328414825,-0.0001502419995161165
2020-11-30,sh.601989,25.477408634662087,0.020157984464841225,-0.00013260893388085968
2020-11-30,sh.601998,25.774365833971537,0.14579333447399007,-0.00010839572598883755
2020-11-30,sh.603160,25.46494517531326,0.02003927861221695,-0.00026411798408700066
2020-11-30,sh.603259,24.52327738860203,0.18961777650251105,0.0011066251840035242
2020-11-30,sh.603288,24.89064357338654,0.17256248420876996,0.0009403575970241715
2020-11-30,sh.603501,25.23576307922365,0.07884724431795931,0.00025624307376672506
2020-11-30,sh.603799,22.992305066647535,0.28796236638207073,0.001901087009161237
2020-11-30,sh.603986,25.328933357371795,0.024439931299998004,-0.00017338123901115932
2020-11-30,sh.603993,23.95140838206977,0.22141146160457564,0.0013148066230599458
2020-11-30,sh.688012,25.00516615725483,0.07041090612707175,0.00025591749387208666
2020-11-30,sh.688111,24.49235711174183,0.17373766228398838,0.0010492892773518478
2020-11-30,sh.688256,25.340299987615893,-0.03270861999573606,-0.00044155370213426107
2020-11-30,sh.688599,24.673192338385526,0.08293080584367471,0.0002389877358356557
2020-11-30,sh.688981,26.03717107828807,0.03193412452287768,-5.2648252776765944e-05
2020-12-31,sh.600000,25.662563066039574,0.17456747359039843,8.61891652991684e-05
2020-12-31,sh.600009,25.367155738449647,0.06711736880238152,0.0001547356098737934
2020-12-31,sh.600010,25.10178908556646,0.028655965193720233,-7.78053154246099e-05
2020-12-31,sh.600015,25.272428131038314,0.17459149924129155,-0.00010530301907038257
2020-12-31,sh.600016,25.68592565218607,0.1803394867061282,-8.338912067565928e-05
2020-12-31,sh.600018,25.43532731210823,0.07025648044406822,-0.00014400152963668143
2020-12-31,sh.600019,24.97273772048829,0.13804862832735995,0.00036070493225341725
2020-12-31,sh.600028,26.063034875056285,0.03484594010282231,-8.72269779663069e-05
2020-12-31,sh.600029,25.392651620260573,-0.01031049708245406,-9.67933451197537e-05
2020-12-31,sh.600030,26.069923830756846,0.04566450137736892,-0.0001230009161286285
2020-12-31,sh.600031,25.256458650070204,0.1376825283801173,0.0005631224689723476
2020-12-31,sh.600036,25.82310830547156,0.16944437127036044,0.0005817872601461146
2020-12-31,sh.600048,26.05099282033371,0.07050944741109397,-0.0004809149203616985
2020-12-31,sh.600050,25.67247191005398,0.03310440860979273,-0.00023447391562934393
2020-12-31,sh.600089,23.710672839506508,0.1973599259043426,0.0009255981036939361
2020-12-31,sh.600100,24.920238240962842,-0.016070002376024323,-0.0004540034867322496
2020-12-31,sh.600104,26.20065842707888,0.03146987740185549,-0.00039168522374550825
2020-12-31,sh.600109,25.447062238254887,-0.0017686617413415345,-0.0004647381362868523
2020-12-31,sh.600111,23.61750989536357,0.21662951990572343,0.001306959675373042
2020-12-31,sh.600150,25.564732610107658,-0.012288117069985657,-0.00037362916445274217
2020-12-31,sh.600196,26.083336477060787,-0.02157027886967257,-0.0005930677128547596
2020-12-31,sh.600256,24.87058898315689,0.02889572252728491,-0.0005227637821747676
2020-12-31,sh.600276,26.403935934642973,0.012614472406711277,-0.00026616732859020804
2020-12-31,sh.600309,24.97292612421379,0.16131155158713734,0.0008180357524667918
2020-12-31,sh.600332,25.109485821993843,0.044288205420192066,-0.00019988191342090614
2020-12-31,sh.600340,25.895899736886136,0.06901820317138424,-0.0009961562243239164
2020-12-31,sh.600346,24.194115033624982,0.2526177703369414,0.0013860572331695126
2020-12-31,sh.600372,25.060122597840063,0.017284047355507842,-0.0002686220687620093
2020-12-31,sh.600406,24.73434210739801,0.12504429404586093,0.00037922044987696716
2020-12-31,sh.600436,25.138413100453253,0.09904519796104061,0.0004132686835766481
2020-12-31,sh.600438,24.79183346044261,0.14001430127546377,0.0007070652311343073
2020-12-31,sh.600485,23.908811035378847,-0.14500258879184852,-7.90120551696873e-06
2020-12-31,sh.600518,24.863741910843277,-0.2136891453387679,-0.0005594154985718236
2020-12-31,sh.600519,26.6789926581736,0.07734535107462161,0.0002049036569225463
2020-12-31,sh.600547,25.411516054716028,0.02432018568031328,-0.00023014388406095818
2020-12-31,sh.600570,25.371984065368473,0.013632792748791964,-0.0002786313013594942
2020-12-31,sh.600585,25.81854634171773,0.10963169059824865,-9.734435422060071e-05
2020-12-31,sh.600588,25.592484939330873,0.03365270478149569,-6.959962839397737e-05
2020-12-31,sh.600606,25.371625552617175,0.12153649890610245,-0.000291144272838184
2020-12-31,sh.600637,24.780064222944322,0.06561351259018872,-0.00010589224321082405
2020-12-31,sh.600690,25.274979711817867,0.09978178169533249,0.00031781063181948006
2020-12-31,sh.600703,25.08659783905926,0.0886073817974392,0.00033202262044709964
2020-12-31,sh.600745,25.162570053109324,0.0823833471639343,0.00023211023085113058
2020-12-31,sh.600795,25.133986214529415,0.01082182796933863,-0.0002611464626371815
2020-12-31,sh.600809,25.749218009618534,0.043779387595127166,-2.025687812122471e-05
2020-12-31,sh.600837,25.681957212999546,0.05249978004038619,-0.0001853443200646671
2020-12-31,sh.600887,25.775344061930852,0.05296932087816784,-2.817130137708736e-05
2020-12-31,sh.600893,25.476990174061317,0.04579508143479026,-6.322421178744101e-06
2020-12-31,sh.600900,25.887045851787562,0.08168232009224227,8.335764918194051e-05
2020-12-31,sh.600918,26.2771033306741,-0.052542760509891845,-0.0007956725532796601
2020-12-31,sh.600919,24.9254094005773,0.20680001784614016,2.9785627180856356e-05
2020-12-31,sh.600958,25.66030524748598,-0.000846002619957209,-0.000465031956078936
2020-12-31,sh.600999,25.111422775668306,0.11957761639866432,0.00038738992960085124
2020-12-31,sh.601006,25.225102301691887,0.11368059179736584,-6.648916022494302e-05
2020-12-31,sh.601012,25.001096893350958,0.1395144803271154,0.0005978876557895086
2020-12-31,sh.601066,26.08034577197546,0.030534447323577588,-0.00023048489795686534
2020-12-31,sh.601088,25.92604455181169,0.10525901022505472,-0.0001419852577927941
2020-12-31,sh.601111,25.543499700421073,-0.007182069538130512,-0.00015743312893941284
2020-12-31,sh.601118,24.069952243644334,0.09749538861380569,0.00046717401626944363
2020-12-31,sh.601127,24.29200458612568,0.074295508797482,0.0002715241464279764
2020-12-31,sh.601138,25.616205312036037,0.09896439327658066,0.00014693157931444366
2020-12-31,sh.601166,25.537126685797997,0.18740010805465634,0.00037941628198157707
2020-12-31,sh.601169,25.29892768476643,0.16223500178310546,-0.00010137559316113751
2020-12-31,sh.601186,25.388275570294986,0.14073944999358617,-9.341257670187253e-05
2020-12-31,sh.601198,25.41706822835526,-0.019452519826559517,-0.0006016661328207932
2020-12-31,sh.601211,25.737932080053472,0.04308224965872162,-0.0002528661670630052
2020-12-31,sh.601225,24.807302640437168,0.16433611710284407,0.0003032671570957394
2020-12-31,sh.601229,25.11946567907978,0.1846142111567493,0.00011302425814218049
2020-12-31,sh.601236,25.801472703172415,-0.040286972377649305,-0.0006833769210679867
2020-12-31,sh.601288,26.37796587125007,0.16704783101103554,2.7698516006042912e-06
2020-12-31,sh.601318,26.962250275241484,0.04454994412776287,-0.00035037830128124836
2020-12-31,sh.601319,26.12511166768144,0.03946793527271312,-0.0003163459664241673
2020-12-31,sh.601328,25.809015766475515,0.1857384145388133,-3.7161533449573725e-05
2020-12-31,sh.601336,26.181483334286774,0.0019214948932365222,-0.0006284491126215431
2020-12-31,sh.601360,25.23046620702297,0.07125702771489244,0.00011449212371042049
2020-12-31,sh.601377,25.193711572463705,0.03663524791883247,-0.00018814201686805248
2020-12-31,sh.601390,25.383276289751624,0.15560550510120366,-7.508252203397865e-07
2020-12-31,sh.601398,26.563411921054417,0.1615417735223049,3.609808466610183e-05
2020-12-31,sh.601601,26.273528036086493,0.03640654578660742,-0.00037037957341371603
2020-12-31,sh.601628,26.720913899559516,0.037815854502344155,-0.00023146480665406564
2020-12-31,sh.601633,25.538947964830996,0.09708325098999371,0.00038148778332685365
2020-12-31,sh.601658,25.383887090858803,0.1985112578177671,0.0005238585791989648
2020-12-31,sh.601668,25.72992391091675,0.14908297117841415,-0.00013235457662958309
2020-12-31,sh.601669,25.13745762399273,0.09453697424117938,-0.00010861656130012451
2020-12-31,sh.601688,25.65362299388637,0.06373284147177563,-9.731284346609689e-05
2020-12-31,sh.601766,24.818196764043165,0.16447233055890398,0.000637328190571503
2020-12-31,sh.601788,25.65952538523749,-0.00628601554293963,-0.00040689639138721627
2020-12-31,sh.601800,25.552465540643386,0.09770883283748208,-0.00019843734021653464
2020-12-31,sh.601816,26.012098441517892,0.03067805707228547,-0.0002079532187471943
2020-12-31,sh.601818,25.511198632355796,0.161996903241283,2.803384809656116e-05
2020-12-31,sh.601857,26.29632316022008,0.02181941993474988,-6.70590315147273e-05
2020-12-31,sh.601878,25.489626178417875,-0.012079699560876941,-0.0004951705446786415
2020-12-31,sh.601881,25.948644812129206,-0.00015501814031571026,-0.0004820079877168939
2020-12-31,sh.601888,26.024826769494936,0.06094843446543864,0.0001270683376506777
2020-12-31,sh.601899,25.612568874885127,0.06650549116679574,0.0001099049606609731
2020-12-31,sh.601901,25.49956435625526,0.014780109184102136,-0.00025687941902720275
2020-12-31,sh.601919,25.080586385512248,0.09827562212192972,4.52431742096839e-05
2020-12-31,sh.601939,26.29633798606097,0.18286506460110774,0.0002656302779232363
2020-12-31,sh.601985,24.990974103716542,0.09793651460105335,0.00015976015849702212
2020-12-31,sh.601988,26.33351228242828,0.16423371216918348,-2.8305365062640756e-05
2020-12-31,sh.601989,25.428586315953442,0.02397296959244964,-0.00010210831912045638
2020-12-31,sh.601995,26.648867698172683,-0.04149653671021572,-0.0006898512559857945
2020-12-31,sh.601998,25.580266664696342,0.17159047650607168,6.887123757654115e-05
2020-12-31,sh.603160,25.5617301761694,0.004388451124904727,-0.00039306967429572403
2020-12-31,sh.603259,24.915574908239687,0.15543642207076802,0.0008530722930884753
2020-12-31,sh.603288,26.04576278692932,0.03984562449931432,-7.487389561090912e-05
2020-12-31,sh.603501,24.59300402027988,0.16361359190921201,0.0009181381363740044
2020-12-31,sh.603799,24.203912030462764,0.1602028451852096,0.0009210238844198074
2020-12-31,sh.603986,25.436052624684564,0.008429570160496794,-0.00029994968688876796
2020-12-31,sh.603993,25.579549653022497,0.03337301044448715,-0.00012430915515225958
2020-12-31,sh.688012,25.36406869796875,0.029012504951613435,-6.523796228629383e-05
2020-12-31,sh.688111,25.631987143890452,0.04568769431726531,5.7018951473050544e-05
2020-12-31,sh.688256,24.662424519318062,0.04234085589416463,0.00015947124777662152
2020-12-31,sh.688599,24.88897532321491,0.059188766710435006,6.0087002159041625e-05
2020-12-31,sh.688981,26.03137828571158,0.031166542206425167,-5.951131335637057e-05
2021-01-29,sh.600000,25.163064124142238,0.18840052266526472,0.00019376726469323705
2021-01-29,sh.600009,26.19660742029393,-0.056005567693052954,-0.0008027779092578141
2021-01-29,sh.600010,24.10713250835004,0.19679388048948318,0.0012297847368989714
2021-01-29,sh.600015,25.295694344009924,0.1967522827010229,6.703895360525858e-05
2021-01-29,sh.600016,25.330474572880536,0.19497446863780662,3.0425522238973645e-05
2021-01-29,sh.600018,25.075101414296675,0.12531224829247814,0.00028416111431535406
2021-01-29,sh.600019,24.831852264947997,0.1587318798955565,0.0005215563021107516
2021-01-29,sh.600028,24.84902892347844,0.11113211105419732,0.0005060421730779836
2021-01-29,sh.600029,25.22721959192604,0.019415332068502003,0.00013438115485241267
2021-01-29,sh.600030,25.527826659209815,0.04420771147909603,-0.00013433021074939455
2021-01-29,sh.600031,25.321578130878525,0.07132136848123607,4.703903596562035e-05
2021-01-29,sh.600036,25.381969571936544,0.09265712489177928,-1.537869931837094e-05
2021-01-29,sh.600048,24.91105694117746,0.18960725565562037,0.00044529561959976934
2021-01-29,sh.600050,25.25636601815316,0.07744927584144493,0.00011039123368406363
2021-01-29,sh.600089,25.564766721526723,0.053501387337718205,-0.00019317390939207744
2021-01-29,sh.600100,25.22533894980786,0.055364395184117586,0.00010153395691371261
2021-01-29,sh.600104,25.500192138137592,0.06490725763340183,-0.00013164639972642058
2021-01-29,sh.600109,25.733315282291258,0.013297401761110342,-0.0003475710194659513
2021-01-29,sh.600111,24.771638114023876,0.12342978152029913,0.0005821555728743827
2021-01-29,sh.600150,25.490179964195658,0.019750671523236854,-0.00012446703359544529
2021-01-29,sh.600196,25.334846041900906,0.05883148157893925,3.220792451100049e-05
2021-01-29,sh.600256,24.935187141602263,0.15004000085284347,0.00041936193025466094
2021-01-29,sh.600276,25.452978674335668,0.03630572218722623,-8.192308786900027e-05
2021-01-29,sh.600309,24.743118376134397,0.1338952934181984,0.0006048225316975253
2021-01-29,sh.600332,25.23165834090239,0.087205158317305,0.0001338785033511861
2021-01-29,sh.600340,25.76782786645038,0.1476043165594411,-0.0003850006742135269
2021-01-29,sh.600346,25.621541383606942,0.043153348386632574,-0.00024292451063372527
2021-01-29,sh.600372,25.63846076537871,0.017025881012090183,-0.000270629799986129
2021-01-29,sh.600406,25.513577626967848,0.05789096295827004,-0.00014302361123242228
2021-01-29,sh.600436,25.3953163581598,0.04260177601904993,-2.5685593456126833e-05
2021-01-29,sh.600438,25.301883653839443,0.0572416623938439,6.335153327031531e-05
2021-01-29,sh.600485,25.381969571936544,-0.14500258879184852,-7.90120551696873e-06
2021-01-29,sh.600518,25.66103199040162,-0.18004188468567503,-0.00029774445762588176
2021-01-29,sh.600519,25.37024547921041,0.05089904325965245,-7.663667524320186e-07
2021-01-29,sh.600547,25.381969571936544,0.052496303255542685,-1.102132036281033e-05
2021-01-29,sh.600570,25.758541000738045,0.0013114801923964359,-0.0003744527923181039
2021-01-29,sh.600585,25.16584167145763,0.14755849386763778,0.00019760821839962388
2021-01-29,sh.600588,25.921979904344,-0.025759349451616453,-0.0005316406318563549
2021-01-29,sh.600606,25.214586940496613,0.17817582924860906,0.00014933356225245448
2021-01-29,sh.600637,25.420767982922545,0.07235716444272199,-5.3447605347943374e-05
2021-01-29,sh.600690,25.72778638035378,0.013701395662731888,-0.0003516270513967501
2021-01-29,sh.600703,25.334932712805575,0.04977734990109879,3.0045738256378367e-05
2021-01-29,sh.600745,25.544634738816058,0.03154120829464114,-0.00016328348452472044
2021-01-29,sh.600795,25.399870214465533,0.04004087107183765,-3.3913181957838694e-05
2021-01-29,sh.600809,25.997615514926608,-0.03242740567999061,-0.0006129087177181361
2021-01-29,sh.600837,25.43409460768573,0.06797668924969834,-6.498210142282719e-05
2021-01-29,sh.600887,25.46531690751271,0.04431259296401925,-9.549372110794383e-05
2021-01-29,sh.600893,25.344750414202995,0.048559670996358655,1.517748741180529e-05
2021-01-29,sh.600900,25.36859866516946,0.07055116272463782,-3.2081359303880736e-06
2021-01-29,sh.600918,25.547775661247126,0.028437400198851402,-0.0001658987607828645
2021-01-29,sh.600919,25.22533894980786,0.22127986908776326,0.0001423938358015372
2021-01-29,sh.600958,25.592865921416895,0.03233317858049181,-0.0002070011174924531
2021-01-29,sh.600999,25.972607645474426,-0.005140338754005658,-0.0005825278739885654
2021-01-29,sh.601006,25.287548600355045,0.13211201333993844,7.684997548906944e-05
2021-01-29,sh.601012,25.48997261179766,0.0473722012715745,-0.0001186927019454545
2021-01-29,sh.601066,25.8267598758147,-0.003511870310302853,-0.0004952593610992238
2021-01-29,sh.601088,25.306354788839936,0.13073993322985228,5.617707451926821e-05
2021-01-29,sh.601111,24.917298726288116,0.06943739644065781,0.0004384280208314466
2021-01-29,sh.601118,25.36127708607734,0.03840061682793374,7.60048346089434e-06
2021-01-29,sh.601127,25.220659599336877,0.057795622655962976,0.0001432063488320544
2021-01-29,sh.601138,25.50823862490522,0.062423322679511034,-0.0001372443029066084
2021-01-29,sh.601166,25.12485125197465,0.1692499775882872,0.00023826471599212092
2021-01-29,sh.601169,25.350179847360742,0.17695381557559062,1.3091000903632201e-05
2021-01-29,sh.601186,25.333339107110042,0.15700248971202063,3.3063292342663456e-05
2021-01-29,sh.601198,25.284460705208847,0.06862258998314591,8.328429755593018e-05
2021-01-29,sh.601211,25.3177108551658,0.08211468130231035,5.0684755674306487e-05
2021-01-29,sh.601225,25.170865442801528,0.1499089044301415,0.00019106831282912436
2021-01-29,sh.601229,25.252024166911262,0.18527719921249397,0.00011818024324510097
2021-01-29,sh.601236,25.517388708880354,0.03411366119954652,-0.0001047713865519736
2021-01-29,sh.601288,25.250698193390598,0.18202718366475845,0.00011926262769932454
2021-01-29,sh.601318,25.09200089364065,0.12382825712505427,0.00026616040896684876
2021-01-29,sh.601319,25.319629025815672,0.08608997763559116,4.622852312788781e-05
2021-01-29,sh.601328,25.289255481707904,0.19948681087617182,6.975823092664733e-05
2021-01-29,sh.601336,25.08951463006002,0.1171326079657402,0.0002675350269803678
2021-01-29,sh.601360,25.421247564455598,0.0495003025428889,-5.470753215546135e-05
2021-01-29,sh.601377,25.0083343424223,0.10693166492592976,0.00035854547732848684
2021-01-29,sh.601390,25.083512734307597,0.1912887083894345,0.0002767535174061
2021-01-29,sh.601398,25.175180224057417,0.17804748967749368,0.00016446122163634697
2021-01-29,sh.601601,24.35251492087457,0.21126775458419395,0.0009894967921210878
2021-01-29,sh.601628,25.69289110565589,0.026316804220024602,-0.00032089165445267534
2021-01-29,sh.601633,26.32803048612983,-0.07301195228029336,-0.0009413238820428886
2021-01-29,sh.601658,24.942946514291183,0.18451400866050607,0.0004150035138454194
2021-01-29,sh.601668,25.19440358784897,0.18782907176630845,0.00016896958101766086
2021-01-29,sh.601669,25.29246635929158,0.11794001431534598,7.338630427175236e-05
2021-01-29,sh.601688,25.429526195561582,0.07401034273359616,-1.7385847885949843e-05
2021-01-29,sh.601766,25.015078002662314,0.12698398079812923,0.00034578542260635576
2021-01-29,sh.601788,25.621914354771974,0.01634226090965281,-0.00023091877718526684
2021-01-29,sh.601800,25.316498426547486,0.129984533846282,5.256723240849814e-05
2021-01-29,sh.601816,25.17971555894663,0.078589126978797,0.00016464589606717198
2021-01-29,sh.601818,25.335560498713228,0.16072631957060912,1.8152658803263223e-05
2021-01-29,sh.601857,25.133811520251,0.05980243465442704,0.00022833069136452136
2021-01-29,sh.601878,25.56935847333521,0.02794192014380195,-0.00018392681531717554
2021-01-29,sh.601881,25.367956021401266,0.06876359660446485,5.396449000578736e-05
2021-01-29,sh.601888,25.20411390223777,0.06397901943562077,0.00015063686324325934
2021-01-29,sh.601899,24.367786293653317,0.17809687147760145,0.000977738837171182
2021-01-29,sh.601901,25.811695604223683,-0.00913613129562145,-0.00044287338764073645
2021-01-29,sh.601919,25.312299867331358,0.09929203827857393,5.3147730734671447e-05
2021-01-29,sh.601939,25.103927047447755,0.18169987426374876,0.00025656872097747487
2021-01-29,sh.601985,25.367370989679888,0.07770448678676094,2.4179060861558537e-06
2021-01-29,sh.601988,25.29896028323743,0.1761406999919683,6.429396806709371e-05
2021-01-29,sh.601989,25.345115307906266,0.04099182605670176,3.0245453527631875e-05
2021-01-29,sh.601995,25.57975392087596,0.023090509330299047,-0.0001875649110945513
2021-01-29,sh.601998,25.381969571936544,0.16050632949142507,-1.7328953197498133e-05
2021-01-29,sh.603160,25.41915937912632,0.04845123127816455,-5.039828512824219e-05
2021-01-29,sh.603259,25.89406526472519,-0.019645357525218163,-0.0005085194272567717
2021-01-29,sh.603288,25.84816713250013,-0.01071165059482855,-0.00046805225677591097
2021-01-29,sh.603501,25.46751952253872,0.03345241945684351,-9.41109687615353e-05
2021-01-29,sh.603799,25.749455192345913,-0.0033139506024163212,-0.00035062823035524835
2021-01-29,sh.603986,25.16509640283529,0.07270336743079436,0.00019990055681067657
2021-01-29,sh.603993,24.98496522277869,0.09756998533968862,0.0003749436493955526
2021-01-29,sh.688012,26.087036885615124,-0.0474160410402136,-0.0006596143483421924
2021-01-29,sh.688111,26.097563932312408,-0.04875656745953977,-0.0006774636723965379
2021-01-29,sh.688256,25.616426034435413,-0.00902873110903496,-0.0002400243736553352
2021-01-29,sh.688599,25.9224050009607,-0.01743589843294134,-0.0005358145809422997
2021-01-29,sh.688981,25.45022015274306,0.03542880529783603,-2.6364162644342893e-05
2021-02-26,sh.600000,25.221475196320814,0.18106638268038927,0.00013673046564822457
2021-02-26,sh.600009,25.623749743651665,0.01592289099129021,-0.00024339820665372847
2021-02-26,sh.600010,25.333149637766564,0.04285420919726546,3.2612864715432104e-05
2021-02-26,sh.600015,25.261484477991402,0.20104770028001573,0.0001004439431163212
2021-02-26,sh.600016,25.476310796075825,0.1766631581980695,-0.0001119795226546251
2021-02-26,sh.600018,25.37408878591749,0.08777115967021981,-7.791797968077683e-06
2021-02-26,sh.600019,25.102033991961875,0.12480765057791715,0.0002577313063597365
2021-02-26,sh.600028,25.5320015647516,0.025377531141269095,-0.00016086175182251892
2021-02-26,sh.600029,24.886531689750264,0.06219237197750735,0.00046705348372286454
2021-02-26,sh.600030,25.845481255182673,0.004322751542365055,-0.0004445111521441655
2021-02-26,sh.600031,26.018398156718234,-0.016171899886596425,-0.0006333864775885983
2021-02-26,sh.600036,25.381969571936544,0.09265712489177928,-1.537869931837094e-05
2021-02-26,sh.600048,25.698859324814652,0.09069017116264057,-0.00032397165399732997
2021-02-26,sh.600050,25.434059201466635,0.05513798053094423,-6.312125308101794e-05
2021-02-26,sh.600089,25.673279286299536,0.039876464690714125,-0.00029913343247502946
2021-02-26,sh.600100,25.440808205640536,0.02830990661245584,-0.00010886582153470244
2021-02-26,sh.600104,25.661472310342173,0.04465679285650139,-0.0002891320343652567
2021-02-26,sh.600109,25.204212028683525,0.07973202080985078,0.00016908369726009118
2021-02-26,sh.600111,25.667220506775053,0.0109797546427578,-0.0002923559034332918
2021-02-26,sh.600150,25.427989909366104,0.027559303530411715,-6.374016234289879e-05
2021-02-26,sh.600196,25.892277854284554,-0.011160093503704657,-0.000512108847607504
2021-02-26,sh.600256,24.872489746111373,0.1579123349509316,0.00048058420565352323
2021-02-26,sh.600276,25.740527530491242,0.0002008625282843568,-0.00036270660565870295
2021-02-26,sh.600309,26.10620657700862,-0.03725512899452957,-0.0007261954567448566
2021-02-26,sh.600332,25.51478279083887,0.05165583056953207,-0.00014258470393915638
2021-02-26,sh.600340,26.357216841794383,0.0736001750586671,-0.0009605227335119347
2021-02-26,sh.600346,26.09031790842553,-0.015706599332389035,-0.0007006718425326252
2021-02-26,sh.600372,25.81800279768669,-0.00551755722664056,-0.0004459476367410502
2021-02-26,sh.600406,25.01784061594876,0.1201360904468097,0.00034104989096639203
2021-02-26,sh.600436,25.515028467443486,0.027570629788981366,-0.00014258116249470668
2021-02-26,sh.600438,26.52139233521238,-0.09588080306298008,-0.0011274650191200532
2021-02-26,sh.600485,25.381969571936544,-0.14500258879184852,-7.90120551696873e-06
2021-02-26,sh.600518,25.55928725736524,-0.1672667362937528,-0.00019839353534966097
2021-02-26,sh.600519,25.583457419221347,0.02412798503106167,-0.00020896193863343288
2021-02-26,sh.600547,25.534298317455658,0.03336978662626162,-0.00015976613402400195
2021-02-26,sh.600570,25.528205942253482,0.03023253059163697,-0.00014953696807778243
2021-02-26,sh.600585,25.531376509580102,0.10166165321484288,-0.00015932645731053392
2021-02-26,sh.600588,25.503199126624757,0.02682309309246088,-0.0001227127664396459
2021-02-26,sh.600606,25.408677457770207,0.15380567183959065,-4.019046833599493e-05
2021-02-26,sh.600637,24.95509214059626,0.1308277880387815,0.00040127199571809036
2021-02-26,sh.600690,25.088205915496026,0.09400761990935688,0.0002729056114463689
2021-02-26,sh.600703,26.218169927348992,-0.061122606728850754,-0.0008324110124256783
2021-02-26,sh.600745,25.487114984609317,0.038763433696669916,-0.00010711703286674936
2021-02-26,sh.600795,25.022243741210378,0.08745594690507962,0.00033482864156635133
2021-02-26,sh.600809,25.1454478276298,0.074571436767465,0.00021920949754771488
2021-02-26,sh.600837,25.699117432127622,0.03470021578073756,-0.0003237695712679418
2021-02-26,sh.600887,25.65942538938615,0.01994017990577003,-0.00028503529363207487
2021-02-26,sh.600893,26.293331796007326,-0.07054495046873577,-0.000911086038215765
2021-02-26,sh.600900,25.060301823402902,0.10926115571189662,0.0002978352168827935
2021-02-26,sh.600918,25.525613516671715,0.031220096434664245,-0.0001442580385805782
2021-02-26,sh.600919,24.911260502304604,0.26071580502091873,0.00044908276696591434
2021-02-26,sh.600958,25.668118529151823,0.022884402196665987,-0.00028048321095357014
2021-02-26,sh.600999,25.74959847015593,0.022860868015442695,-0.00036476557236623147
2021-02-26,sh.601006,25.105647249283795,0.1549516894909925,0.00025447162186714267
2021-02-26,sh.601012,25.974305020584016,-0.013440955425691861,-0.0005916299249856199
2021-02-26,sh.601066,25.755541588021487,0.0054303537009548625,-0.0004257166696592741
2021-02-26,sh.601088,24.8842812852854,0.1837358130094942,0.00046832019579027705
2021-02-26,sh.601111,24.93589175563928,0.06710284110862365,0.0004202724410896787
2021-02-26,sh.601118,25.416268248315085,0.03149588341455616,-4.6096867962769305e-05
2021-02-26,sh.601127,24.58902704741008,0.13710390072818696,0.0007599780941682224
2021-02-26,sh.601138,25.22953542556366,0.09741751473875884,0.00013490167526424381
2021-02-26,sh.601166,25.47183543941394,0.12568237116877334,-0.00010055576157532584
2021-02-26,sh.601169,25.358327213879384,0.17593082585245867,5.135322475934371e-06
2021-02-26,sh.601186,25.295552676968992,0.16174698348429603,6.996069795772409e-05
2021-02-26,sh.601198,25.55239242844622,0.034980872902449514,-0.00017834363163792878
2021-02-26,sh.601211,25.476737679442973,0.06214714865656039,-0.00010460054693635913
2021-02-26,sh.601225,25.262743277480382,0.1383726515262083,0.00010135214433888617
2021-02-26,sh.601229,25.19805008246802,0.19205422754116502,0.00017088444628757
2021-02-26,sh.601236,25.46781832814825,0.04033775704016646,-5.636727858151928e-05
2021-02-26,sh.601288,25.220534329497163,0.1858145820470865,0.00014871680785974315
2021-02-26,sh.601318,25.667942738800278,0.0515125478253801,-0.0002962308990295856
2021-02-26,sh.601319,25.49848435772884,0.06363276203642824,-0.00012841876965373844
2021-02-26,sh.601328,25.06939380086136,0.22709281577381907,0.00028444709111063716
2021-02-26,sh.601336,25.637437755005326,0.04833495112743225,-0.0002674967744232614
2021-02-26,sh.601360,25.890970450804414,-0.009478471071294695,-0.0005133789599562222
2021-02-26,sh.601377,25.638933591481724,0.02775312917127365,-0.00025721727629085913
2021-02-26,sh.601390,25.250301097992992,0.1703466307748127,0.0001138892858870011
2021-02-26,sh.601398,25.262965300375086,0.16702512671986072,7.874151867019529e-05
2021-02-26,sh.601601,25.922148499576537,0.014183332713512214,-0.0005432070543178933
2021-02-26,sh.601628,25.533876713301392,0.04628277590382344,-0.0001656184912712143
2021-02-26,sh.601633,25.49507495538098,0.0315745967392436,-0.00012796580713017225
2021-02-26,sh.601658,25.535529005396036,0.11010888681884107,-0.00016363692540913408
2021-02-26,sh.601668,25.27775593028261,0.17736328634797832,8.757832028572453e-05
2021-02-26,sh.601669,25.13913139809362,0.13719287217358173,0.00022311365975814071
2021-02-26,sh.601688,25.427946178548574,0.07420873090761346,-1.5843004902632544e-05
2021-02-26,sh.601766,25.62308026722501,0.050642740120481596,-0.0002479119996350148
2021-02-26,sh.601788,25.17448485171413,0.0725218598520787,0.00020598377743142915
2021-02-26,sh.601800,25.328344251949545,0.12849716272819142,4.1000111008738254e-05
2021-02-26,sh.601816,25.26946025181594,0.06732071303167908,7.701268165032234e-05
2021-02-26,sh.601818,25.400306815502827,0.15259672130902852,-4.5070331665786246e-05
2021-02-26,sh.601857,25.43370078658455,0.02214810342544897,-6.450289620137404e-05
2021-02-26,sh.601878,25.316229533396047,0.05972498815634024,6.324660474345823e-05
2021-02-26,sh.601881,25.528565363121047,0.048597361828797876,-0.00010286609718865558
2021-02-26,sh.601888,25.40431122022303,0.03884208734487482,-4.4850289609652814e-05
2021-02-26,sh.601899,26.174502531156985,-0.04875583477454548,-0.0007864696788925701
2021-02-26,sh.601901,25.33825870064482,0.0503089772317127,1.942467542794849e-05
2021-02-26,sh.601919,25.12025764635444,0.12340500999984488,0.00024067165655016108
2021-02-26,sh.601939,25.33536872568338,0.15263987582158423,3.0572313107948556e-05
2021-02-26,sh.601985,25.142024789101114,0.10599913227883175,0.00022246224834157814
2021-02-26,sh.601988,25.25434462057243,0.1817426775503106,0.00010785993066240228
2021-02-26,sh.601989,25.409341913667767,0.03292748311897614,-3.247005347355234e-05
2021-02-26,sh.601995,25.954294613347926,-0.023937113450251846,-0.0005532935548933351
2021-02-26,sh.601998,25.22384152512212,0.18036101093480572,0.0001370787180392366
2021-02-26,sh.603160,26.091009213923748,-0.03590676033951194,-0.0007064410966454226
2021-02-26,sh.603259,25.4730176618599,0.0332217093601406,-9.737806968004566e-05
2021-02-26,sh.603288,25.662761932162603,0.012567971615189133,-0.00028700919834305017
2021-02-26,sh.603501,25.730810066990543,0.0003934524205900791,-0.0003512069150307556
2021-02-26,sh.603799,26.248750180627177,-0.06600582050349069,-0.0008381759991021752
2021-02-26,sh.603986,25.804164362638524,-0.007538506279662974,-0.0004241316589987886
2021-02-26,sh.603993,26.17868175136125,-0.05231399720592214,-0.0007906875780080429
2021-02-26,sh.688012,25.901468459407194,-0.02411592406202956,-0.0004784119043541348
2021-02-26,sh.688111,25.516224390903986,0.024236880809956257,-0.00010980166306273861
2021-02-26,sh.688256,25.463667199587608,0.010151787873309698,-9.08595896409736e-05
2021-02-26,sh.688599,25.68731782785457,0.012081831201225926,-0.0003062584479967955
2021-02-26,sh.688981,25.439215281547025,0.036810585546972543,-1.561820980503325e-05
2021-03-31,sh.600000,26.156287771367836,0.10606597104167313,-0.0003339505509207943
2021-03-31,sh.600009,25.968075687933837,-0.02303795492734141,-0.0005626650456334268
2021-03-31,sh.600010,25.39824457255259,0.010177335100735901,-0.00022682911389774918
2021-03-31,sh.600015,25.31392575155396,0.16694008636498325,-0.0001312030532026635
2021-03-31,sh.600016,25.866762614600248,0.16022305797518976,-0.0002742622807940173
2021-03-31,sh.600018,25.444144616967804,0.06989091732073685,-0.00013067623036133467
2021-03-31,sh.600019,25.255246639747096,0.10855418604851111,0.00023424336597417512
2021-03-31,sh.600028,26.06772045637337,0.038435785348477816,-5.6746391135561285e-05
2021-03-31,sh.600029,25.666238108789297,-0.030512736237664373,-0.0002945677466019732
2021-03-31,sh.600030,25.838195729137183,0.06705044288642531,1.94921913239024e-06
2021-03-31,sh.600031,26.193313659826405,0.019132772924287222,-0.00036341502512953746
2021-03-31,sh.600036,26.392325760657545,0.09999246756234528,9.955488838034836e-05
2021-03-31,sh.600048,25.581176089694697,0.13302030311094507,-7.386707834285754e-05
2021-03-31,sh.600050,25.44074068152565,0.06045629083731367,-2.9450102450166356e-05
2021-03-31,sh.600089,24.33940919282156,0.12110108222630271,0.0003592803023208648
2021-03-31,sh.600100,24.395967511790527,0.043678067653737364,1.3441685489707473e-05
2021-03-31,sh.600104,25.63303535733425,0.0988806481000593,5.657401418988148e-05
2021-03-31,sh.600109,25.277892572253485,0.011469721554908982,-0.00039030820583210187
2021-03-31,sh.600111,24.91772521490331,0.07484627267496045,0.00022232133569152513
2021-03-31,sh.600150,25.063554887329595,0.04070834486125693,4.584756945246875e-05
2021-03-31,sh.600196,23.40552632049654,0.3002999579762557,0.0018727384693319402
2021-03-31,sh.600256,24.45873956141745,0.08158351698901074,-7.611347663686997e-05
2021-03-31,sh.600276,26.374947241965998,0.005481604043892294,-0.00033106467693941723
2021-03-31,sh.600309,25.962824701101077,0.04437236235632928,-7.613844491407431e-05
2021-03-31,sh.600332,24.516883159948918,0.11706809923343703,0.00035483189362019266
2021-03-31,sh.600340,24.948068041899496,0.2505953111251264,-0.00042321926099880846
2021-03-31,sh.600346,25.605500248094923,0.07681774790120838,3.105920579911196e-05
2021-03-31,sh.600372,24.68861183814767,0.050307267266433045,-3.476842688413248e-05
2021-03-31,sh.600406,25.115514041574485,0.08201786795370414,8.450474557979642e-05
2021-03-31,sh.600436,24.92391240893578,0.13005779307719567,0.0006569899743645478
2021-03-31,sh.600438,25.164996196556828,0.08442857795971304,0.000264319721339149
2021-03-31,sh.600485,23.85268469070044,-0.16053147155292985,-7.90120551696873e-06
2021-03-31,sh.600518,24.17534397862101,-0.16053147155292985,-2.524771190023374e-05
2021-03-31,sh.600519,26.908241440669528,0.048850808071837754,-1.6270834107544737e-05
2021-03-31,sh.600547,25.479639821237292,0.010718519771966334,-0.00034691284271847964
2021-03-31,sh.600570,24.629357367453107,0.09520116387514557,0.0003380416141537046
2021-03-31,sh.600585,25.889453716728813,0.1008723973095091,-0.00017038149264395161
2021-03-31,sh.600588,25.686971991312905,0.009459415865526788,-0.00026234261033132605
2021-03-31,sh.600606,25.01310040412705,0.16896735230356186,3.8421301670207034e-05
2021-03-31,sh.600637,25.04053882418469,0.03481192825184454,-0.0003249543364231275
2021-03-31,sh.600690,25.41226658972214,0.08552536475748239,0.00021561888615225636
2021-03-31,sh.600703,25.07469703052161,0.08147860598287364,0.00027108540894535437
2021-03-31,sh.600745,25.88690242991172,-0.009074149174950738,-0.0004801370888459908
2021-03-31,sh.600795,24.92501889246284,0.03811680291005961,-4.849213950226375e-05
2021-03-31,sh.600809,24.805590143850356,0.155409770376484,0.0008425045086432094
2021-03-31,sh.600837,25.43162840594948,0.0801910421452654,-1.4083443371299385e-05
2021-03-31,sh.600887,25.623078743536777,0.06728640961053114,7.025528210621764e-05
2021-03-31,sh.600893,25.995214970807066,-0.03449665304805567,-0.0006411336216638757
2021-03-31,sh.600900,26.303024279529158,0.033382499326972404,-0.0002679396643519795
2021-03-31,sh.600918,26.06650986401401,-0.042840447219977484,-0.0007496888841323833
2021-03-31,sh.600919,24.70297621266563,0.22007141148231568,0.0003298525120961273
2021-03-31,sh.600958,25.070354415748604,0.06220072258422102,-2.1781618899221104e-05
2021-03-31,sh.600999,25.605939802829145,0.052232911102110556,-0.00017951348673627874
2021-03-31,sh.601006,25.283297559969846,0.10516394938285248,-8.34222333975887e-05
2021-03-31,sh.601012,25.116649355256854,0.12310347700550049,0.00046229067744076567
2021-03-31,sh.601066,26.14592389574934,0.0089794339135751,-0.0004301955482843931
2021-03-31,sh.601088,26.02006796583541,0.09184203481148032,-0.00018019177750216558
2021-03-31,sh.601111,25.853925801318937,-0.02939193646748374,-0.0003681833301336419
2021-03-31,sh.601118,24.800869469985145,0.01361290241688888,-0.00018836570617927322
2021-03-31,sh.601127,20.66288853174154,0.549840426895787,0.003965826308874106
2021-03-31,sh.601138,25.964771324559024,0.056404663252591775,-0.00016976525140679704
2021-03-31,sh.601166,26.377246406549123,0.0778887419795267,-0.00037088329881109167
2021-03-31,sh.601169,25.24066952303265,0.1701414642302666,-4.853988279338811e-05
2021-03-31,sh.601186,25.450395312129377,0.13227742765959702,-0.00014731945846531533
2021-03-31,sh.601198,24.934871519430896,0.03245420957237637,-0.00022647311527479975
2021-03-31,sh.601211,25.379036160550427,0.086094158158463,6.026678886625338e-05
2021-03-31,sh.601225,25.153245092503287,0.11845655635984864,4.798985489742787e-05
2021-03-31,sh.601229,25.56219165121115,0.12220954384140906,-0.00026344298606924125
2021-03-31,sh.601236,25.337994843911527,0.0043315581039195805,-0.0003650839548960953
2021-03-31,sh.601288,26.65083953814495,0.12813813047403583,-0.00022484327547120448
2021-03-31,sh.601318,26.802107566810644,0.06342322271723212,-0.0002428441009282128
2021-03-31,sh.601319,25.689797204514687,0.09191327894080616,5.9510084257250636e-05
2021-03-31,sh.601328,25.948435146384842,0.16040687165614403,-0.0001245920541771595
2021-03-31,sh.601336,25.463054440865307,0.08894090602401926,-1.3502763130400439e-05
2021-03-31,sh.601360,25.65774841716876,0.011937913135055378,-0.0003617994766660135
2021-03-31,sh.601377,24.709344057572505,0.09632641613804083,0.000271717860863666
2021-03-31,sh.601390,25.785603179140345,0.0999010244950877,-0.00033765250344062943
2021-03-31,sh.601398,26.969227708003054,0.10597042352529612,-0.0003091205373934211
2021-03-31,sh.601601,26.39474272543271,0.020894138362230363,-0.0004959149092809698
2021-03-31,sh.601628,26.260051054291065,0.08924520019472289,0.00012691213353415131
2021-03-31,sh.601633,25.427214645692885,0.09900514898433058,0.00038451238988788456
2021-03-31,sh.601658,26.536605328152334,0.04997183049975984,-0.0005014483579288253
2021-03-31,sh.601668,25.81163827458252,0.13625114393465446,-0.00019099900386670003
2021-03-31,sh.601669,25.344305124936177,0.06841595290154408,-0.0002812944699028755
2021-03-31,sh.601688,25.724691800688777,0.05354694316527659,-0.0001960376886078048
2021-03-31,sh.601766,25.842059584783456,0.04066481136681697,-0.000269765520884639
2021-03-31,sh.601788,25.465461275404266,0.010851085503916252,-0.000281239090843045
2021-03-31,sh.601800,25.530207218090467,0.1009292851117678,-0.0001868958953983519
2021-03-31,sh.601816,25.830007019761794,0.0551683869103735,-1.40255039106221e-05
2021-03-31,sh.601818,25.85528683604668,0.11764681726426074,-0.00029706830329213847
2021-03-31,sh.601857,26.303438436783726,0.023532441643320398,-5.667125238416105e-05
2021-03-31,sh.601878,25.311319489390407,0.001454070227608309,-0.0004081640611002741
2021-03-31,sh.601881,25.453385528694145,0.05587906844750122,-9.094214151803782e-05
2021-03-31,sh.601888,26.146134598341334,0.05059210299972857,4.7841910447116364e-05
2021-03-31,sh.601899,25.204486031118662,0.11954859960816996,0.0005254288206710136
2021-03-31,sh.601901,24.952153644690597,0.073518676038414,0.00019192068135232056
2021-03-31,sh.601919,23.869636051381352,0.2517719527954904,0.0012774612217384721
2021-03-31,sh.601939,26.979422662917425,0.09134887388109834,-0.00032456868473155863
2021-03-31,sh.601985,25.413799943431915,0.04800256903715531,-0.00019870877145885518
2021-03-31,sh.601988,26.459943660655444,0.14522128535520004,-0.00012633518948326227
2021-03-31,sh.601989,25.317819927601537,0.036288703306201264,-5.7417176206802034e-06
2021-03-31,sh.601995,25.650717146414102,0.061421156107970165,7.523426973062358e-05
2021-03-31,sh.601998,25.88698428054619,0.12957129408282259,-0.00019917972263318938
2021-03-31,sh.603160,24.95127651850422,0.06575168497474546,4.291281463730921e-05
2021-03-31,sh.603259,25.32043867595641,0.10690152025528975,0.0004772006757526863
2021-03-31,sh.603288,25.64048889358979,0.07860791879064788,0.00020999097506488288
2021-03-31,sh.603501,24.926160438695913,0.12791014078502988,0.0006441510391576138
2021-03-31,sh.603799,24.354702681690316,0.13281517389866226,0.0007040086781697216
2021-03-31,sh.603986,24.576972832638944,0.10814389418156484,0.0004682326232734172
2021-03-31,sh.603993,25.003606861167455,0.09661849691591472,0.00035573942428794185
2021-03-31,sh.688012,24.68173267782099,0.09144929554643662,0.00041433652409507556
2021-03-31,sh.688111,24.899920525514162,0.12311318664145479,0.000655734959168952
2021-03-31,sh.688256,25.595706936557516,-0.07821039317670678,-0.000771849181036446
2021-03-31,sh.688599,25.257387475597323,0.0017416160675666759,-0.000407813808835586
2021-03-31,sh.688981,25.873653192065508,0.04741314426886281,6.460776056729092e-05
2021-04-30,sh.600000,25.707764219487625,0.1667754347758275,6.036558451241667e-05
2021-04-30,sh.600009,25.290539629336227,0.053324329921685794,1.8837980663887545e-05
2021-04-30,sh.600010,24.71692980355047,0.09186753710724264,0.0004094432802276297
2021-04-30,sh.600015,25.06694741276956,0.20052600186656308,9.456142475554013e-05
2021-04-30,sh.600016,25.554319324716136,0.20637353885619147,-4.237958731864162e-06
2021-04-30,sh.600018,25.261523801106442,0.09228502427752439,3.2081187916748155e-05
2021-04-30,sh.600019,25.870746576826974,0.033049893089677485,-0.0003346236881579124
2021-04-30,sh.600028,25.895542808059044,0.059377095251018336,0.00010570969297314875
2021-04-30,sh.600029,25.3305094369037,0.0038958401288110983,-5.166694494887811e-06
2021-04-30,sh.600030,25.474852256364997,0.11261452987554607,0.0003559259282252936
2021-04-30,sh.600031,25.85485727472828,0.05794403580891734,-8.206456838835019e-05
2021-04-30,sh.600036,26.133837818140865,0.1329948731941925,0.0003670140160446634
2021-04-30,sh.600048,25.641154142131406,0.12612880528617423,-0.00014038983929464232
2021-04-30,sh.600050,25.33233583635372,0.07388215659089077,7.4112042531207e-05
2021-04-30,sh.600089,24.892835608987376,0.054600560922691735,-0.00013375917738624198
2021-04-30,sh.600100,24.255773009017673,0.062452045865256975,0.00015888851093133529
2021-04-30,sh.600104,25.676158052871987,0.09372539974599318,2.405150714538432e-05
2021-04-30,sh.600109,24.407499680503797,0.11632451744231403,0.00040538706347798757
2021-04-30,sh.600111,24.891472409645168,0.08175310776597632,0.0002783960505456531
2021-04-30,sh.600150,24.757759456982686,0.08032261947858624,0.00035297258677335013
2021-04-30,sh.600196,24.97327936833724,0.12329018063873984,0.0005443526894378841
2021-04-30,sh.600256,24.16812750640735,0.11786751372557311,0.00019972219552488006
2021-04-30,sh.600276,25.905077246001447,0.05944351632809228,8.343818411058581e-05
2021-04-30,sh.600309,25.675466510219184,0.07966218644304106,0.00019679890812793283
2021-04-30,sh.600332,24.7400012702974,0.09228584592019276,0.00018357677831276934
2021-04-30,sh.600340,24.55756738071782,0.3012271501346868,-0.00010048224924347999
2021-04-30,sh.600346,25.865624913453274,0.0444899214787702,-0.00021764737770668454
2021-04-30,sh.600372,24.43156851835288,0.08238250338023853,0.00021428211034745515
2021-04-30,sh.600406,25.332490692431392,0.055661738974753835,-0.00011437131573635635
2021-04-30,sh.600436,25.19947354767206,0.1052853244344814,0.0004697265094866289
2021-04-30,sh.600438,24.938650031705826,0.11680942639739415,0.0005211284189258029
2021-04-30,sh.600485,23.858329757633005,-0.1668032838022179,-7.90120551696873e-06
2021-04-30,sh.600518,22.38882440741068,0.05751351320706661,0.0017192393172298342
2021-04-30,sh.600519,26.507873725025156,0.0990628459618055,0.00037413737198034933
2021-04-30,sh.600547,24.697389391742597,0.10436908964637699,0.000370078360878252
2021-04-30,sh.600570,24.945926186296834,0.06010918171379321,7.275250841510953e-05
2021-04-30,sh.600585,25.706876515891473,0.12469810294183561,-1.3434708358321334e-05
2021-04-30,sh.600588,25.015029255681753,0.08949370789565084,0.0003582078304881251
2021-04-30,sh.600606,24.974555300721825,0.17296723892509502,8.299728428745533e-05
2021-04-30,sh.600637,24.624132937904953,0.08480232542706792,3.866409541630439e-05
2021-04-30,sh.600690,26.013554329335058,0.012861666864977153,-0.0003419044320654286
2021-04-30,sh.600703,25.021318428800694,0.09253537709045455,0.0003599592511347793
2021-04-30,sh.600745,25.231196169736936,0.0664243629362756,9.237819080540365e-05
2021-04-30,sh.600795,24.63940104007791,0.07345298619031318,0.0002261230053868384
2021-04-30,sh.600809,25.302878511124657,0.10495244950225796,0.00045906737657570206
2021-04-30,sh.600837,25.217693897676153,0.10705282661097747,0.00019481769646524479
2021-04-30,sh.600887,25.763062525729943,0.050755011169785307,-5.534100194392964e-05
2021-04-30,sh.600893,23.670499040724412,0.24695324945046074,0.0015385630247868082
2021-04-30,sh.600900,26.03047779173429,0.06507938893800226,-3.6483588881942656e-05
2021-04-30,sh.600918,24.9629780058089,0.08492693026024245,0.0002170074859137348
2021-04-30,sh.600919,24.792854134907785,0.20274082924271836,0.00028538812229148924
2021-04-30,sh.600958,24.27400258910485,0.1619801699624364,0.0007530708626108792
2021-04-30,sh.600999,25.02626415215225,0.12371790995334442,0.00036285171247978364
2021-04-30,sh.601006,25.2206166962727,0.1132659241889622,-3.1355418012980276e-05
2021-04-30,sh.601012,25.562426548596658,0.0721986272464703,8.647619493831786e-05
2021-04-30,sh.601066,25.005234234133315,0.147450721702757,0.0006318914595422992
2021-04-30,sh.601088,25.680295793381777,0.13505600884967406,0.0001294747168230245
2021-04-30,sh.601111,25.33631714816677,0.0267571190375354,8.789992226484675e-05
2021-04-30,sh.601118,24.39275132376636,0.061612878493222265,0.00018619437974242616
2021-04-30,sh.601127,24.21018376565893,0.15128027038710812,0.0008605675193840243
2021-04-30,sh.601138,26.149587860620606,0.032115177480318516,-0.000371411651902086
2021-04-30,sh.601166,25.72232692047421,0.16280818669883165,0.00021851349941953978
2021-04-30,sh.601169,25.086699139434298,0.190079966223776,9.772226280225303e-05
2021-04-30,sh.601186,25.33481336182981,0.14860349221541058,-5.246126714212657e-05
2021-04-30,sh.601198,24.28762142819269,0.11122012270736538,0.0003761446242719625
2021-04-30,sh.601211,25.158682983621674,0.11426546230777941,0.0002849624434341384
2021-04-30,sh.601225,25.015828369898912,0.13558282342418906,0.0001904896816634691
2021-04-30,sh.601229,25.113705383318703,0.18261999996489509,0.0001393762731810646
2021-04-30,sh.601236,24.595022530774084,0.09235702690980056,0.00030518746337415215
2021-04-30,sh.601288,26.32891786342806,0.17203054642291724,5.9905216239816326e-05
2021-04-30,sh.601318,26.57535036141646,0.09138350157663556,-5.242715721938928e-05
2021-04-30,sh.601319,25.713707728022904,0.08931683234668489,4.592716757420892e-05
2021-04-30,sh.601328,25.757433688529186,0.1864968159365863,4.790785852072768e-05
2021-04-30,sh.601336,25.286586189037457,0.1111155808108464,0.00015941662081792488
2021-04-30,sh.601360,25.36187968308723,0.04463789794973361,-0.00012114738621439195
2021-04-30,sh.601377,24.20347144158181,0.16294082735157006,0.000801333876961383
2021-04-30,sh.601390,25.408799967533945,0.15126830037029051,-1.468134308420207e-05
2021-04-30,sh.601398,26.593958173736034,0.15636993461943693,1.9779885389531007e-05
2021-04-30,sh.601601,25.660312200175802,0.11080662180321488,0.00015278644032099464
2021-04-30,sh.601628,26.04846071817074,0.11705069077700542,0.0003523367286619835
2021-04-30,sh.601633,25.490586840057233,0.0967981177204588,0.0003733747250621704
2021-04-30,sh.601658,25.589154637382162,0.17120554698802054,0.00035409992421214803
2021-04-30,sh.601668,25.643926152534156,0.16025882131939817,-5.1336170621974995e-05
2021-04-30,sh.601669,24.95405499879415,0.11764290159591033,6.286200814685272e-05
2021-04-30,sh.601688,25.167379877474197,0.12236169807433078,0.0003172657211609854
2021-04-30,sh.601766,25.491859556415385,0.0826585140881701,3.671443162857241e-05
2021-04-30,sh.601788,24.67972405330081,0.10511348206088125,0.0004466062637425931
2021-04-30,sh.601800,25.325944913249995,0.12772097533047183,-1.1363533172828688e-05
2021-04-30,sh.601816,25.915773051273455,0.044652866381593465,-9.527628812648132e-05
2021-04-30,sh.601818,25.490969359819196,0.1675558663410024,2.1389600123481604e-05
2021-04-30,sh.601857,25.926613681085374,0.06998976456494405,0.00030557728621666427
2021-04-30,sh.601878,24.204569722968518,0.13482772721676187,0.000615135933506938
2021-04-30,sh.601881,24.852565756583253,0.13026736210923662,0.0004779683035876858
2021-04-30,sh.601888,25.957060197908515,0.07549483833922108,0.00024180517805655205
2021-04-30,sh.601899,25.75568638148011,0.05753176273239999,5.397519311231039e-05
2021-04-30,sh.601901,24.8173316442549,0.09366956940154295,0.00035138390714532764
2021-04-30,sh.601919,24.708503574124023,0.153366716332222,0.0006056005907798967
2021-04-30,sh.601939,26.506550205831147,0.1536388331833045,9.415231507617792e-05
2021-04-30,sh.601985,25.203501864512827,0.07287461369364336,-1.886918234021923e-05
2021-04-30,sh.601988,26.240045450905765,0.17461703223469097,7.359317185559627e-05
2021-04-30,sh.601989,25.25348265494232,0.04436694166630536,5.708185255021185e-05
2021-04-30,sh.601995,24.82273746545195,0.16632111076173772,0.0008929132479517826
2021-04-30,sh.601998,25.617290493956965,0.1661601340724943,3.9361262356599795e-05
2021-04-30,sh.603160,24.558193935189383,0.11578481768940371,0.0004342698848613544
2021-04-30,sh.603259,25.67985131325426,0.06899127800899377,0.00018691271258427649
2021-04-30,sh.603288,25.676198726425937,0.07722305095230861,0.00020389301592547374
2021-04-30,sh.603501,25.69761296972465,0.04070483562395525,-2.9017660787271936e-05
2021-04-30,sh.603799,24.156176420606712,0.168020434992885,0.0009826117158922697
2021-04-30,sh.603986,25.19322744890325,0.037679553947169146,-7.350917927256538e-05
2021-04-30,sh.603993,25.428771505073627,0.048347534254762986,-1.2720134855573215e-05
2021-04-30,sh.688012,24.746710716050504,0.08932937809438966,0.00039964132891114464
2021-04-30,sh.688111,25.51065189409475,0.05613263417616375,0.00013721103273646657
2021-04-30,sh.688256,24.46623372115201,0.043837775612289916,0.00021765626331638022
2021-04-30,sh.688599,24.36740253567726,0.10792248919977494,0.0004049417544827794
2021-04-30,sh.688981,25.792560067712802,0.057978187342799484,0.0001470180153335123
2021-05-31,sh.600000,25.899709214557113,0.14152816153311173,-0.00011649094634014656
2021-05-31,sh.600009,25.4241648776308,0.036917528394992044,-0.00010817824434733442
2021-05-31,sh.600010,25.412670603586395,0.011605727556525003,-0.00021649883775198627
2021-05-31,sh.600015,25.336715287246797,0.16420210968964738,-0.00015421512545400902
2021-05-31,sh.600016,25.652456186980594,0.19361922860086306,-9.799270195280077e-05
2021-05-31,sh.600018,25.2525544451823,0.09362200933313644,4.712590599640713e-05
2021-05-31,sh.600019,25.45799902579521,0.08246113768627539,2.402412319881431e-05
2021-05-31,sh.600028,25.98014766543846,0.05063288401125087,3.8810091098695274e-05
2021-05-31,sh.600029,25.550467435619346,-0.023408508724976157,-0.00021841427122895734
2021-05-31,sh.600030,26.04477927218811,0.04427709642235463,-0.00015639000923731828
2021-05-31,sh.600031,25.84608142393619,0.05837054535171275,-8.291380560390273e-05
2021-05-31,sh.600036,26.83339731408629,0.04719337529404822,-0.0002677032538554288
2021-05-31,sh.600048,25.90632882285627,0.09429458907934557,-0.0004163588149471785
2021-05-31,sh.600050,25.398404002786737,0.06651064016706121,2.095314411174806e-05
2021-05-31,sh.600089,24.38691976200261,0.11707438182369558,0.0003441520962391418
2021-05-31,sh.600100,24.480458542848027,0.037957291682995324,-3.331077409391814e-05
2021-05-31,sh.600104,25.409577310480163,0.12734972758144658,0.00028968562638419736
2021-05-31,sh.600109,25.07093206116615,0.03724232216969353,-0.00019075327925969447
2021-05-31,sh.600111,25.434000289592024,0.018093684546127392,-0.00021397002826104643
2021-05-31,sh.600150,25.333331740609786,0.014748477830459045,-0.0001619552672413119
2021-05-31,sh.600196,25.46778892477544,0.06849407601842851,0.0001305877338084923
2021-05-31,sh.600256,24.302266479087603,0.10180761956029807,9.673492264763894e-05
2021-05-31,sh.600276,26.214239814783337,0.022051317721659136,-0.00020584278895806066
2021-05-31,sh.600309,25.923643652571712,0.05139573571244801,-1.7648253013496538e-05
2021-05-31,sh.600332,24.710945825472383,0.09780719542281495,0.00023740598433324276
2021-05-31,sh.600340,24.58188998848782,0.28523311121789824,-0.0001366611054340624
2021-05-31,sh.600346,25.758017196691593,0.056247352916988326,-0.00014114493264246163
2021-05-31,sh.600372,24.57097860120032,0.0679981275932129,0.00010838131536813471
2021-05-31,sh.600406,25.555392527871682,0.026754631480618296,-0.00034549503881374277
2021-05-31,sh.600436,25.115367507351063,0.12315589660291174,0.0006121352606354403
2021-05-31,sh.600438,25.26155224801058,0.08374783093765265,0.00027236567364913674
2021-05-31,sh.600485,23.897400444288266,-0.15491922821207707,-2.395168331276957e-06
2021-05-31,sh.600518,24.306684137307663,-0.14770776623954412,3.634107093748194e-05
2021-05-31,sh.600519,27.19412783095318,0.018233896619498785,-0.0002471108487363424
2021-05-31,sh.600547,25.515261257847964,0.00638180785021962,-0.0003803234557313121
2021-05-31,sh.600570,25.063274232920694,0.04649890355687135,-3.1374079555214624e-05
2021-05-31,sh.600585,26.170297302507482,0.0665106259074807,-0.0004659523097933778
2021-05-31,sh.600588,25.74346599125533,0.0036367345877187235,-0.00030710421129490865
2021-05-31,sh.600606,25.326041691528474,0.12735449995033674,-0.0002474710651365065
2021-05-31,sh.600637,24.885676251142183,0.052324815029184235,-0.00020956590357954928
2021-05-31,sh.600690,26.161688174713397,-0.010085934638092528,-0.0005322476342875591
2021-05-31,sh.600703,24.85990918834423,0.11848097002730822,0.0005651646436357423
2021-05-31,sh.600745,24.941909508246557,0.10400892343176317,0.0003875701516783578
2021-05-31,sh.600795,24.904262265284363,0.044040163608686365,-1.2655523116017294e-06
2021-05-31,sh.600809,25.966141799176494,0.028685851170591713,-0.000129670806620449
2021-05-31,sh.600837,25.52356216995968,0.06992942400170896,-7.683030588630506e-05
2021-05-31,sh.600887,25.982326737804936,0.02270337234633943,-0.00027496194729789805
2021-05-31,sh.600893,25.491797971294613,0.0384329375882273,-6.699498132993703e-05
2021-05-31,sh.600900,25.859370005289826,0.08637335348987657,0.00012790167256596707
2021-05-31,sh.600918,25.368634720511913,0.03669452987371785,-0.00015056078762812951
2021-05-31,sh.600919,25.246623193422835,0.14129013686884734,-0.00011984840368603795
2021-05-31,sh.600958,25.362735990421772,0.03265413879425153,-0.0002188195388728358
2021-05-31,sh.600999,25.73995541459997,0.036750638932156535,-0.0002873245757794694
2021-05-31,sh.601006,25.350210401681906,0.0970519408054071,-0.00016003368478264882
2021-05-31,sh.601012,24.847396739767277,0.1631341497761587,0.000797768087141002
2021-05-31,sh.601066,26.086370161578664,0.019555612600222358,-0.00033939271664321286
2021-05-31,sh.601088,25.937171336868158,0.10231480193617544,-0.00010216908710944722
2021-05-31,sh.601111,25.73747863951767,-0.021161836626095443,-0.0002902847374092089
2021-05-31,sh.601118,24.864543771260127,0.0058606301263529476,-0.00024874691509374106
2021-05-31,sh.601127,24.795831170966323,0.09129675227236839,0.0003930704701956304
2021-05-31,sh.601138,25.7353071148002,0.08186708335727533,-1.690152758209778e-05
2021-05-31,sh.601166,26.268556468904553,0.09251074606655181,-0.0002850277046909496
2021-05-31,sh.601169,25.25129672758707,0.16721375970553265,-4.785458737539038e-05
2021-05-31,sh.601186,25.393977222600412,0.14171495012462945,-0.00011531898307170222
2021-05-31,sh.601198,24.8902783515456,0.03976932487845354,-0.00016326594322403978
2021-05-31,sh.601211,25.66137520225141,0.05329116082835575,-0.00016791269384724435
2021-05-31,sh.601225,25.263076783361974,0.10426314994574616,-2.433846280722513e-05
2021-05-31,sh.601229,25.422069181906764,0.14157147379008944,-0.00014242282145572054
2021-05-31,sh.601236,24.871022179755602,0.061072331686278486,7.12908129967423e-05
2021-05-31,sh.601288,26.458373064247972,0.1546652060370794,-5.743454896553537e-05
2021-05-31,sh.601318,26.927918633289636,0.04705630634512082,-0.00040143724842885164
2021-05-31,sh.601319,25.924280456960272,0.06322174775032964,-0.00015170033688701012
2021-05-31,sh.601328,25.837039992960293,0.1751267419308866,-2.0774518015967667e-05
2021-05-31,sh.601336,25.86444377514232,0.03927116301336111,-0.0003817948752489006
2021-05-31,sh.601360,25.25235362144076,0.05711987696645476,-2.833958835419971e-05
2021-05-31,sh.601377,25.614719917902498,-0.005311890733441668,-0.00047961630028492424
2021-05-31,sh.601390,25.5134141121839,0.13813286640812816,-0.00011683416656642367
2021-05-31,sh.601398,26.68917817994843,0.14370336349105964,-6.564475856378688e-05
2021-05-31,sh.601601,26.305668905526193,0.030412600058406618,-0.00045547066264210907
2021-05-31,sh.601628,26.734174865440462,0.03422490403735464,-0.0002704017238914562
2021-05-31,sh.601633,25.27076881882442,0.13007072852067508,0.0006374274794554259
2021-05-31,sh.601658,26.402890021949997,0.06733582102172722,-0.0003938691370175037
2021-05-31,sh.601668,25.624886630063173,0.16329478805293476,-3.77114429479086e-05
2021-05-31,sh.601669,25.07205982535737,0.10272631860448467,-4.224719950590157e-05
2021-05-31,sh.601688,25.80027445592512,0.04430300815684889,-0.0002638338080632794
2021-05-31,sh.601766,25.530248557578854,0.07818646003139001,5.727712211146556e-06
2021-05-31,sh.601788,24.946730470309703,0.0778114659064246,0.0002415386351601023
2021-05-31,sh.601800,25.387482613503103,0.11999425347500242,-7.145339819530523e-05
2021-05-31,sh.601816,26.161946634546688,0.012894973137298302,-0.00034403274847700013
2021-05-31,sh.601818,25.596338632105045,0.15355983057106343,-7.508477368929847e-05
2021-05-31,sh.601857,25.67681875004258,0.10744067463114539,0.0005902510070214896
2021-05-31,sh.601878,24.97247323195786,0.045828977204664875,-5.894862418891122e-05
2021-05-31,sh.601881,25.488373552217244,0.05382856328158013,-8.788136661228008e-05
2021-05-31,sh.601888,26.637700816424907,-0.005726584015092281,-0.0003888082539576584
2021-05-31,sh.601899,26.348333609354455,-0.0159227652736411,-0.0005159548870121969
2021-05-31,sh.601901,25.542174981748772,0.008199869756267991,-0.0003089569214183273
2021-05-31,sh.601919,23.80895927023156,0.2711854289439262,0.0015602337374713677
2021-05-31,sh.601939,26.7847895566392,0.11765097524287804,-0.00016324289238778264
2021-05-31,sh.601985,25.303570136455107,0.06025545103468755,-0.00011751930206337031
2021-05-31,sh.601988,26.406199043104003,0.1523133985909832,-7.67786332474e-05
2021-05-31,sh.601989,25.36245050780168,0.03180359520958111,-4.103682778537102e-05
2021-05-31,sh.601995,25.870036639531143,0.045929817732261104,-2.403630634495951e-05
2021-05-31,sh.601998,25.797355926735193,0.14269700806870445,-0.0001289849671025273
2021-05-31,sh.603160,25.00461348030931,0.06493433893715181,5.4618470645393844e-05
2021-05-31,sh.603259,25.43153620501214,0.10320293368012963,0.00045470551832307865
2021-05-31,sh.603288,26.15440354871122,0.020228778514258736,-0.00023505435030756868
2021-05-31,sh.603501,25.409671013205408,0.07656107629194461,0.0002496903198379851
2021-05-31,sh.603799,24.873101493470784,0.09209796157007749,0.00039750015804668973
2021-05-31,sh.603986,23.65905525187772,0.22935321220493798,0.0014162994189144127
2021-05-31,sh.603993,25.849328769308993,-0.004457965328066679,-0.0004233826903001696
2021-05-31,sh.688012,24.165201853762397,0.16818410547492202,0.0010144506829666432
2021-05-31,sh.688111,25.612352915698096,0.04526073120896801,5.308234317798895e-05
2021-05-31,sh.688256,24.11131697034191,0.0936650444792924,0.0005937369412062597
2021-05-31,sh.688599,22.75047829134279,0.31608627293786823,0.0020358843166636575
2021-05-31,sh.688981,25.545431498294935,0.09067189283616052,0.000402326807784064
2021-06-30,sh.600000,25.980863587164965,0.13275666299237102,-0.0002087435050343442
2021-06-30,sh.600009,26.055164465219697,-0.04376596046972964,-0.0007379365923253326
2021-06-30,sh.600010,22.025333112892305,0.43326577260568866,0.0030635859950040776
2021-06-30,sh.600015,25.437894740013594,0.15462942458275053,-0.00027158630397214757
2021-06-30,sh.600016,25.928217786788153,0.16121495501073252,-0.00037777114835766816
2021-06-30,sh.600018,25.08995488282463,0.1143266301036541,0.00021415778005486315
2021-06-30,sh.600019,25.366197896709743,0.09425715085480472,0.00011890990169282053
2021-06-30,sh.600028,26.36079818323028,0.0036790351027881224,-0.0003258632865849891
2021-06-30,sh.600029,25.73404093782527,-0.05215331567883072,-0.00042526003312435477
2021-06-30,sh.600030,26.20761693024641,0.02217111461748518,-0.00033777988986308347
2021-06-30,sh.600031,26.313206509825452,-0.0009550704612134031,-0.0005485823364308523
2021-06-30,sh.600036,26.990798085159845,0.025924790528147702,-0.000456171540033687
2021-06-30,sh.600048,26.070665705608636,0.07947367121451962,-0.0006334332134198217
2021-06-30,sh.600050,25.61095189754613,0.04018414662518437,-0.0001821965875362171
2021-06-30,sh.600089,24.13403848141931,0.15187891258121233,0.0006366202433363524
2021-06-30,sh.600100,24.87060075541331,-0.010701659522824772,-0.00041187222002090463
2021-06-30,sh.600104,26.280382214202994,0.019300738750154922,-0.000521551569618738
2021-06-30,sh.600109,25.437714129805105,-0.010918671633243407,-0.0005743310497510512
2021-06-30,sh.600111,20.297769162428548,0.6597348623811351,0.004774042179984749
2021-06-30,sh.600150,25.552037801576134,-0.015465612494243275,-0.00039493756540534043
2021-06-30,sh.600196,25.10179288210452,0.11647491360489791,0.000506810467257823
2021-06-30,sh.600256,23.65497359812559,0.1835629147681748,0.0007436849496353637
2021-06-30,sh.600276,26.740888201475453,-0.04705697773597489,-0.0007465069332865007
2021-06-30,sh.600309,25.75594160518105,0.07247129343350525,0.00014628766401425286
2021-06-30,sh.600332,25.427814525567143,0.010267796666909357,-0.0004303899739073467
2021-06-30,sh.600340,25.085372930593344,0.17698161001722912,-0.0006456881140794651
2021-06-30,sh.600346,25.181727614326547,0.1275664049860346,0.00040368375864757375
2021-06-30,sh.600372,24.726656035461353,0.05020588255652742,-2.682705359602161e-05
2021-06-30,sh.600406,23.855753633734285,0.23718889032083448,0.0012680187704201694
2021-06-30,sh.600436,26.52391221999611,-0.044322410613023694,-0.0006865272551556499
2021-06-30,sh.600438,25.597699894212955,0.045736610650905486,-1.9091766794152212e-05
2021-06-30,sh.600518,24.502140389573746,-0.1172476180333889,-0.00014639264447871027
2021-06-30,sh.600519,27.610865801133055,-0.03762995582028911,-0.0006863318317264531
2021-06-30,sh.600547,25.398794065825363,0.015960386906908472,-0.0003183673962760854
2021-06-30,sh.600570,25.646339474634566,-0.027064986363547372,-0.0006040086343913888
2021-06-30,sh.600585,26.158489686861476,0.07171912204867982,-0.0005186577712760401
2021-06-30,sh.600588,25.103282566229066,0.07889379668698893,0.0002759879466486691
2021-06-30,sh.600606,25.53143151004332,0.10544624034972386,-0.00048009817599021116
2021-06-30,sh.600637,24.829674530532877,0.058057396784423766,-0.0001813930221718334
2021-06-30,sh.600690,25.689717717144553,0.042430341502122035,-0.00014570036814782688
2021-06-30,sh.600703,24.268440329200175,0.20138317429818767,0.0012144631735714526
2021-06-30,sh.600745,24.905502434801175,0.11358595839949694,0.00047266171598743826
2021-06-30,sh.600795,25.07914181457078,0.022330214399403414,-0.000170017255185901
2021-06-30,sh.600809,26.226895715459605,-0.005958877975575566,-0.00040023218407013857
2021-06-30,sh.600837,25.519327039752998,0.07004897628139059,-8.111289203244413e-05
2021-06-30,sh.600887,26.029440341154682,0.013444016789215696,-0.0003569577054623008
2021-06-30,sh.600893,25.321264535749588,0.05911802240058418,9.339215426041339e-05
2021-06-30,sh.600900,26.20124938406417,0.044792860721318904,-0.00018712563995508237
2021-06-30,sh.600918,25.750064799452083,-0.013087478645506995,-0.0005429114019308809
2021-06-30,sh.600919,25.564321797002886,0.10305836233495103,-0.0004448306308727891
2021-06-30,sh.600958,24.652314134664625,0.11935257109298576,0.00044502998356773767
2021-06-30,sh.600999,25.811342290695148,0.025559665286873576,-0.00039599314595420405
2021-06-30,sh.601006,25.319655913404215,0.10149036352562686,-0.0001498319553206686
2021-06-30,sh.601012,25.901301796691726,0.03982817212085074,-0.00013387928694972204
2021-06-30,sh.601066,26.36455730436847,-0.019021273863580435,-0.0006495525862434725
2021-06-30,sh.601088,25.998155307589492,0.09493262184308668,-0.0001730903416792864
2021-06-30,sh.601111,25.996761346634468,-0.0606517241797499,-0.0005814837182614785
2021-06-30,sh.601118,24.847951867982154,0.003547022114697568,-0.00026501026760613006
2021-06-30,sh.601127,25.74829633886157,-0.021633737992047514,-0.00048560160350397797
2021-06-30,sh.601138,26.017616691433837,0.04640398199341866,-0.00029296229675468616
2021-06-30,sh.601166,26.47807390999322,0.06841941703366886,-0.0005272368948636438
2021-06-30,sh.601169,25.444980905271194,0.14346197886306422,-0.00024097561289269587
2021-06-30,sh.601186,25.317189551131776,0.15286349119435932,-5.394593652275986e-05
2021-06-30,sh.601198,24.87351286128855,0.04008134008689027,-0.00016745065090549517
2021-06-30,sh.601211,25.679657249769914,0.0497737841676638,-0.00020694712585973875
2021-06-30,sh.601225,25.19680028713558,0.11259321957787113,3.914422661930728e-05
2021-06-30,sh.601229,25.578973792148812,0.12405111457327915,-0.0003137532057710341
2021-06-30,sh.601236,24.977286628685683,0.04828634009828214,-2.6678330723192665e-05
2021-06-30,sh.601288,26.52610130391178,0.1469524996565067,-0.00013006518115980743
2021-06-30,sh.601318,27.099365745716916,0.025255576852565922,-0.0006228670866883608
2021-06-30,sh.601319,26.262262788204595,0.02000064708446342,-0.0005003093895018123
2021-06-30,sh.601328,26.079194161104326,0.14472167486312593,-0.0002572313764711234
2021-06-30,sh.601336,25.885174569125816,0.03524087615706495,-0.0004529893010968178
2021-06-30,sh.601360,25.32156940457595,0.048286661294185816,-9.752373842716874e-05
2021-06-30,sh.601377,25.36061439550544,0.020308920246093584,-0.0002988903549270599
2021-06-30,sh.601390,25.238408520505068,0.17409151433648792,0.00013792127703065462
2021-06-30,sh.601398,26.895407553048873,0.11815974984625296,-0.00027078496462531104
2021-06-30,sh.601601,26.1743304096276,0.04535702040089909,-0.00038952184554709657
2021-06-30,sh.601628,27.02751931776009,-0.005070368376030712,-0.0005917283656808194
2021-06-30,sh.601633,24.547185953790958,0.23026353272258748,0.001424144862109373
2021-06-30,sh.601658,26.051053057799344,0.11351748071794032,-0.00010369217304035874
2021-06-30,sh.601668,25.751175612430337,0.14785253080583458,-0.00016416866541445145
2021-06-30,sh.601669,23.957343856198342,0.24272472281716506,0.0010424719807593076
2021-06-30,sh.601688,25.782326072845184,0.04502172772877541,-0.0002869063701294923
2021-06-30,sh.601766,25.68738343776411,0.05858748073078118,-0.00014529513607118512
2021-06-30,sh.601788,25.771951276824364,-0.022328208514365733,-0.0005335746982166805
2021-06-30,sh.601800,25.271283016225162,0.13501703897959833,3.3953645310231275e-05
2021-06-30,sh.601816,26.119011624074375,0.0139702864915707,-0.00034535851231196264
2021-06-30,sh.601818,25.8177030078377,0.12653093351643996,-0.0002976567848889585
2021-06-30,sh.601857,26.80528441651538,-0.023310138619126092,-0.0004372632338162635
2021-06-30,sh.601878,25.477027362903808,-0.01830116460054952,-0.0005594081954409342
2021-06-30,sh.601881,25.70132238601409,0.025975445351766047,-0.00031320089287917915
2021-06-30,sh.601888,26.95093225092782,-0.051441662813971084,-0.0007459195422926574
2021-06-30,sh.601899,25.492187782045225,0.08380090898058566,0.00024803579643754197
2021-06-30,sh.601901,25.44201570716714,0.01615125557195643,-0.00025071515999275997
2021-06-30,sh.601919,26.533355137781903,-0.057240188799732056,-0.0009257392417663826
2021-06-30,sh.601939,26.935401955225114,0.10024597010623255,-0.00033044804551521487
2021-06-30,sh.601985,25.276909184933338,0.06278832171416993,-0.00010574864471425252
2021-06-30,sh.601988,26.446338868892628,0.14824258353680295,-0.00012402277482234634
2021-06-30,sh.601989,25.60432155543768,0.0007972331439760061,-0.000281934521433698
2021-06-30,sh.601995,26.422801148112416,-0.023900521115592446,-0.0005677489362378313
2021-06-30,sh.601998,25.90271151686822,0.13121841692860048,-0.0002469436452494849
2021-06-30,sh.603160,25.384091656969208,0.018145187044359662,-0.00030687795479480707
2021-06-30,sh.603259,26.123491781728784,0.023311933262667547,-0.00016295106076084817
2021-06-30,sh.603288,26.312755163716474,-0.002972507753921133,-0.0004201717562785803
2021-06-30,sh.603501,25.94289326990864,0.013669193289574999,-0.00023754109288156246
2021-06-30,sh.603799,24.769161482219175,0.11122937233943073,0.0005482079720690848
2021-06-30,sh.603986,24.44269977649792,0.14983926009775606,0.0008115447170994818
2021-06-30,sh.603993,24.0673870557926,0.2129551478883682,0.0012587078971396893
2021-06-30,sh.688012,23.844129340699396,0.2230080299689142,0.0014440894171383943
2021-06-30,sh.688111,26.285262135857344,-0.03870365982772622,-0.0005997850465243334
2021-06-30,sh.688256,25.842230991620973,-0.11076069017105186,-0.0010220070514996354
2021-06-30,sh.688599,22.633198376160063,0.35366643355251315,0.0023665258446685725
2021-06-30,sh.688981,25.788715449035582,0.06561221557568837,0.0002106634605032817
2021-07-30,sh.600000,25.3736436916905,0.15807342069919755,-1.185786816712557e-05
2021-07-30,sh.600009,24.9217071367942,0.10797382538416313,0.0004421270130502994
2021-07-30,sh.600010,24.18168438341358,0.18810361468964387,0.001156986889541745
2021-07-30,sh.600015,25.299652748628038,0.19767490803853882,6.317368080129536e-05
2021-07-30,sh.600016,25.39141463457747,0.20605169416879082,-2.9080765236321053e-05
2021-07-30,sh.600018,24.878718242419637,0.1479861112994514,0.00047592385881572145
2021-07-30,sh.600019,24.30454074699075,0.21224153158076514,0.0010364614384502863
2021-07-30,sh.600028,25.127592020208755,0.07567391946976174,0.00023403300123828178
2021-07-30,sh.600029,25.093886334226966,0.036550194688395175,0.0002645773991902894
2021-07-30,sh.600030,24.797251749351467,0.14006347501802915,0.0005790560149566696
2021-07-30,sh.600031,25.168416781733697,0.09486462247111636,0.0001965968640761729
2021-07-30,sh.600036,25.183099207840254,0.1075749449386806,0.0001788127197038766
2021-07-30,sh.600048,24.587160416176353,0.25885191455222056,0.0007615716323287754
2021-07-30,sh.600050,25.318100774563682,0.07005541133539822,5.010894876529299e-05
2021-07-30,sh.600089,23.046485873837995,0.3613762284715164,0.0022658577996887337
2021-07-30,sh.600100,25.19094275148196,0.05963405604791629,0.00013512089477763173
2021-07-30,sh.600104,25.181099766458537,0.10950261509961104,0.00017993848994335288
2021-07-30,sh.600109,25.287289867515472,0.07424281856079054,8.796048171518404e-05
2021-07-30,sh.600111,24.56788437616834,0.1462999586082362,0.0007811154715252214
2021-07-30,sh.600150,23.069046794863894,0.3233125180159956,0.0022397026501625723
2021-07-30,sh.600196,26.23498284770135,-0.05757426261968451,-0.0008467508103757474
2021-07-30,sh.600256,23.296678304193474,0.3475919333826477,0.0020193205649300964
2021-07-30,sh.600276,26.016556895720868,-0.03236405082560141,-0.0006322416586533141
2021-07-30,sh.600309,25.614023100042772,0.022081027869785705,-0.0002455918824233234
2021-07-30,sh.600332,25.449634000696133,0.05545568923883627,-7.896870935448903e-05
2021-07-30,sh.600340,25.850776237707382,0.20008733075501356,-0.00046599746824656213
2021-07-30,sh.600346,25.767026558711272,0.02615433186599548,-0.00038498676676018635
2021-07-30,sh.600372,24.6845455735283,0.13863057518486077,0.0006608420438659754
2021-07-30,sh.600406,24.944442706551573,0.12720946916015347,0.0004127209227155237
2021-07-30,sh.600436,25.576602377794806,0.017890231817198177,-0.0002027063856781988
2021-07-30,sh.600438,23.835523040822434,0.2404550611022637,0.0014952121804516737
2021-07-30,sh.600518,24.86877708987669,-0.037233212577621716,0.0004758705757622714
2021-07-30,sh.600519,25.652857269488276,0.015039281094989712,-0.00027672897604249174
2021-07-30,sh.600547,25.287777124916104,0.06730769996844521,8.095500316431065e-05
2021-07-30,sh.600570,25.79695215722094,-0.0023702290327051595,-0.00041196022595505665
2021-07-30,sh.600585,24.897742021491258,0.19748377983144227,0.00045940012340729984
2021-07-30,sh.600588,25.62347824069362,0.012524084058561855,-0.00024016199999393054
2021-07-30,sh.600606,25.268847455954717,0.17956942480200566,9.634966723335751e-05
2021-07-30,sh.600637,25.3435129486006,0.08420960256677722,2.1989802381281344e-05
2021-07-30,sh.600690,25.012028131335843,0.10582219733877048,0.0003472911141393386
2021-07-30,sh.600703,25.935510577524244,-0.02632548081779444,-0.0005564019625513731
2021-07-30,sh.600745,25.03707272452695,0.09554212451844622,0.0003323368068368864
2021-07-30,sh.600795,25.086491717091167,0.07917935706453692,0.00027209226723379275
2021-07-30,sh.600809,25.493429237026156,0.029999898421201196,-0.0001205847397239664
2021-07-30,sh.600837,24.81333231333893,0.150066571874188,0.0005411751375529318
2021-07-30,sh.600887,25.312168324339215,0.06629410892858961,5.405164138411814e-05
2021-07-30,sh.600893,24.475253890290244,0.15823536757467943,0.0008642168331223363
2021-07-30,sh.600900,25.31470084159075,0.0752095496565596,4.942160048369409e-05
2021-07-30,sh.600905,25.76279696691609,0.0048292644201859275,-0.00038227082745399685
2021-07-30,sh.600918,25.09375550274028,0.09239823623753038,0.0002774393868883563
2021-07-30,sh.600919,25.279884438025196,0.17171849661670424,8.91316727521581e-05
2021-07-30,sh.600958,23.98778491342848,0.2370456585713574,0.0013603161648151978
2021-07-30,sh.600999,25.021255960564755,0.12102635355141744,0.00034644077612345153
2021-07-30,sh.601006,25.260500926204095,0.13403463785129632,0.00010326128241502881
2021-07-30,sh.601012,25.227089012624937,0.07478882664399544,0.0001380058734959268
2021-07-30,sh.601066,25.107429497220352,0.09113837729765871,0.00020714689032903162
2021-07-30,sh.601088,24.71859281939153,0.19821307988038123,0.0006301104074880408
2021-07-30,sh.601111,25.004913484623724,0.05949377884956007,0.00035287462867169135
2021-07-30,sh.601118,25.25507894135128,0.05193529976433112,0.00011130003927755939
2021-07-30,sh.601127,24.315231746886674,0.17290845960053527,0.0010273316446676804
2021-07-30,sh.601138,25.29485949331952,0.09321920365492796,7.111452693039745e-05
2021-07-30,sh.601166,25.205394473305905,0.15673921963991894,0.00015961648444684135
2021-07-30,sh.601169,25.338156810501946,0.17764103775513296,2.4831164397453804e-05
2021-07-30,sh.601186,25.117314715532874,0.19117586111881923,0.00024400514551630332
2021-07-30,sh.601198,25.0863482812393,0.09719752233867365,0.00027673560897383535
2021-07-30,sh.601211,24.891933227574697,0.13636263752926864,0.0004664448517829922
2021-07-30,sh.601225,24.527161807839448,0.21295247920471816,0.0008196271374237314
2021-07-30,sh.601229,25.350424383703633,0.1672365472557134,2.209514872717188e-05
2021-07-30,sh.601236,25.15271722156097,0.08403309566041366,0.00025132025093915365
2021-07-30,sh.601288,25.343480135782055,0.16736281876246606,2.8663622993356454e-05
2021-07-30,sh.601318,25.646026562624137,0.07000826510852937,-0.0002748303581771277
2021-07-30,sh.601319,25.299761849785504,0.09277236816737706,6.56282719179853e-05
2021-07-30,sh.601328,25.259007214377576,0.1905659918808052,9.929482871251318e-05
2021-07-30,sh.601336,25.233906109143245,0.10976038777065505,0.0001265407348176784
2021-07-30,sh.601360,25.394562988791108,0.05714276683160697,-2.8650780875092424e-05
2021-07-30,sh.601377,24.872475325563304,0.12190459957397601,0.0004912080557408357
2021-07-30,sh.601390,25.125178570951377,0.18671181665758424,0.00023606797846532855
2021-07-30,sh.601398,25.357400062583025,0.15124669714364455,-1.3471418946336532e-05
2021-07-30,sh.601601,25.3415176971977,0.09849969603565323,2.3762890924323127e-05
2021-07-30,sh.601628,25.26919552400389,0.08295501931948948,9.283538128916161e-05
2021-07-30,sh.601633,25.046984891040672,0.08694620257972253,0.00030958176733840296
2021-07-30,sh.601658,25.0212849836658,0.17037830058653053,0.00033850816170475305
2021-07-30,sh.601668,25.09539874759348,0.20312060654838882,0.0002656450736515241
2021-07-30,sh.601669,24.34762854366992,0.23674834401193792,0.0009959943408951154
2021-07-30,sh.601688,24.758812066866003,0.16389371409915204,0.0006375479779836591
2021-07-30,sh.601766,24.679603799543994,0.16385602210903588,0.0006733667183159666
2021-07-30,sh.601788,25.188045944539123,0.07106599584636288,0.00019274174475780777
2021-07-30,sh.601800,24.957920814466206,0.18243377359532945,0.0004027083690031786
2021-07-30,sh.601816,25.428861067958437,0.04826686297049448,-7.863781368958736e-05
2021-07-30,sh.601818,25.325012982071566,0.16846399510875681,2.8452017549412933e-05
2021-07-30,sh.601857,25.173128742431633,0.05733929230869168,0.00018993850959342056
2021-07-30,sh.601878,24.937923876740346,0.10926394722911445,0.0004326516321036101
2021-07-30,sh.601881,25.082185464105777,0.10906560472027647,0.0003329821268467896
2021-07-30,sh.601888,25.58022104485826,0.016618728219121526,-0.0002166213758703002
2021-07-30,sh.601899,25.066568982596444,0.08989088088076456,0.0002953968372925831
2021-07-30,sh.601901,25.484711740110768,0.03249872716954622,-0.00012358267352146276
2021-07-30,sh.601919,24.726356005246153,0.14220264725351722,0.0006253057320676872
2021-07-30,sh.601939,25.323233088638286,0.14819193291715044,4.242242757439928e-05
2021-07-30,sh.601985,24.84942545669902,0.14173068437026756,0.000508177416724402
2021-07-30,sh.601988,25.33168014142031,0.1683491694919279,3.2343930063122124e-05
2021-07-30,sh.601989,24.829445802537723,0.1056871081213554,0.0005337824860516546
2021-07-30,sh.601995,25.21555899795254,0.07071446273801478,0.00016806137442355423
2021-07-30,sh.601998,25.34056940749724,0.1659419135322831,2.3097164171751195e-05
2021-07-30,sh.603160,25.858439688107694,-0.004031470278690469,-0.0004793433767574879
2021-07-30,sh.603259,25.81301704403468,-0.01094687984225283,-0.00042937807778200854
2021-07-30,sh.603288,26.026636291625987,-0.031538002389050496,-0.0006423224624943308
2021-07-30,sh.603501,26.12859506720386,-0.050892848630429866,-0.0007396329834809921
2021-07-30,sh.603799,25.11768229930048,0.07497742302270549,0.00026628055420795056
2021-07-30,sh.603986,26.640189044632944,-0.1140234695362391,-0.0012404866753526244
2021-07-30,sh.603993,24.886917070157896,0.11162634600522983,0.00047068496297168364
2021-07-30,sh.688012,26.44549619735735,-0.09250748100561809,-0.001009639967922482
2021-07-30,sh.688111,26.281640584407395,-0.071804860631965,-0.0008572094401564976
2021-07-30,sh.688256,25.812914938512286,-0.03488270441045331,-0.00043191231173566935
2021-07-30,sh.688599,24.266869576314903,0.1883360999494893,0.0010807700460054685
2021-07-30,sh.688981,25.90495943713666,-0.021967447875853766,-0.0004704339381033338
2021-08-31,sh.600000,25.783039807785737,0.16816675454735924,-3.789424992577152e-05
2021-08-31,sh.600009,25.168568473128236,0.04020443178940577,7.582905960754004e-05
2021-08-31,sh.600010,26.211102224523376,-0.025529067616112122,-0.0005040387239903692
2021-08-31,sh.600015,25.17244539105362,0.20908550508545995,-3.423857255245224e-05
2021-08-31,sh.600016,25.565939646296407,0.15159243406016104,-8.118617836208749e-05
2021-08-31,sh.600018,25.08205706539297,0.1398642768895324,0.0003354815222307877
2021-08-31,sh.600019,26.19757869378705,0.03666178494337384,-0.000530030309886855
2021-08-31,sh.600028,25.713455183729188,0.20262561704271081,0.0003012014313051608
2021-08-31,sh.600029,25.330741750823762,0.003422664716738799,-3.9824709823626855e-06
2021-08-31,sh.600030,25.934765257186065,0.0642016241838754,-7.015861776280588e-05
2021-08-31,sh.600031,25.82680961633046,0.06657491679565414,-0.00012335757190314834
2021-08-31,sh.600036,26.38679379499022,0.10882318683477657,9.807850501405686e-05
2021-08-31,sh.600048,24.570609973308404,0.271443495824789,0.0008353227210860064
2021-08-31,sh.600050,25.493193898641305,0.05768156164900969,-8.085595440793518e-05
2021-08-31,sh.600089,25.167214479836428,0.07119840870241087,-2.830530198437925e-05
2021-08-31,sh.600100,24.442095390056434,0.03420877613475284,-1.971297593183222e-05
2021-08-31,sh.600104,25.761526453146796,0.09541602016412744,-5.9500198281434054e-05
2021-08-31,sh.600109,24.635148751329503,0.0874745258177706,0.0001292843651698466
2021-08-31,sh.600111,26.60776314821338,-0.06631175100431791,-0.0008667209973750573
2021-08-31,sh.600150,25.19095712409883,0.06537205370349203,0.00015563739013633296
2021-08-31,sh.600196,26.225832247995253,-0.028203102697830967,-0.0006497166777198912
2021-08-31,sh.600256,23.284226419996553,0.258510404498494,0.0014291466163040528
2021-08-31,sh.600276,25.46043131992012,0.10311351092720503,0.00039444281308669487
2021-08-31,sh.600309,25.913611229815476,0.07354064124485887,1.6756943779835607e-05
2021-08-31,sh.600332,24.89125230965995,0.08716521044295462,2.578718172276624e-05
2021-08-31,sh.600340,24.18345760008728,-0.220258254051629,0.0002048537336045376
2021-08-31,sh.600346,25.626537547194665,0.08710610234891125,-3.216542740557844e-05
2021-08-31,sh.600372,25.428725870238864,-0.022891736109755853,-0.0005776941870301992
2021-08-31,sh.600406,25.368542275798614,0.07296258432936471,7.852999793972012e-05
2021-08-31,sh.600436,25.36839736286483,0.08659681259727112,0.0003164798007153576
2021-08-31,sh.600438,26.409329678365516,-0.026694690491895295,-0.0006076211398646932
2021-08-31,sh.600518,23.44316503883471,-0.12434137044925858,0.0009337617678899254
2021-08-31,sh.600519,26.125375872939,0.1359384374310613,0.0006288824012592992
2021-08-31,sh.600547,24.8999002866377,0.08003436078518264,0.00031730163774695836
2021-08-31,sh.600570,24.30183607818812,0.13458678928799167,0.0005361439030234482
2021-08-31,sh.600585,25.54861673172113,0.14812356845169897,6.252266393985991e-05
2021-08-31,sh.600588,25.43881952038682,0.03966761945914685,-0.00011534233214999118
2021-08-31,sh.600606,24.789973428287148,0.220572855373615,0.00019224237270378964
2021-08-31,sh.600637,24.665614346160005,0.06683727876735483,-3.868541859485373e-05
2021-08-31,sh.600690,25.88786783265512,0.052350596278784134,-0.0001340316414971921
2021-08-31,sh.600703,26.071624016595102,-0.01666331026233646,-0.00047784505935482587
2021-08-31,sh.600745,26.35938327047086,-0.05554149299323291,-0.0008036602183664227
2021-08-31,sh.600795,23.751225154502368,0.2384249637603125,0.0011472061951820472
2021-08-31,sh.600809,25.411838573945282,0.11203309283559411,0.0004985329630247631
2021-08-31,sh.600837,25.744174564403014,0.06198561215502167,-0.00014120187936130744
2021-08-31,sh.600887,25.230532551422442,0.11529055671851168,0.0003865380380730877
2021-08-31,sh.600893,26.468945129602865,-0.060423518495696105,-0.0008076695067001149
2021-08-31,sh.600900,25.51086241770582,0.1395515816744827,0.0004929902091820713
2021-08-31,sh.600905,24.274939826521265,0.21614079038780953,0.0012480053197865676
2021-08-31,sh.600918,25.251312135624183,0.04866907007364237,-0.00010474007575875623
2021-08-31,sh.600919,25.54982120966043,0.11317457727660869,-0.0003407670887165492
2021-08-31,sh.600958,25.284054175645508,0.06526173419930947,4.311731149766705e-05
2021-08-31,sh.600999,25.49868475044315,0.0819594109861474,-1.5595173355063915e-05
2021-08-31,sh.601006,25.06150797702235,0.14581937486235352,0.00010550265840675958
2021-08-31,sh.601012,26.25511762567383,0.016662978636480294,-0.0003002531181454451
2021-08-31,sh.601066,25.32446917394938,0.11169734079144777,0.00036792540179126054
2021-08-31,sh.601088,25.39810907695288,0.17752033136271061,0.00047763245611467817
2021-08-31,sh.601111,25.277135118281045,-0.003388959253457391,8.609008776505405e-05
2021-08-31,sh.601118,24.45536831150302,0.05772158609327051,9.976294824292828e-05
2021-08-31,sh.601127,26.12334816779553,-0.06572982051305384,-0.0007632081702906746
2021-08-31,sh.601138,25.657914572661596,0.09287694923116036,3.135112661149269e-05
2021-08-31,sh.601166,25.939340433515735,0.15953589282458364,-7.7050756845355e-05
2021-08-31,sh.601169,25.173711819178873,0.19842083268963345,2.796554593763913e-06
2021-08-31,sh.601186,25.17229611298061,0.19657226031346742,0.00011413258523131699
2021-08-31,sh.601198,24.65601207715843,0.07472723127643464,5.362494442032755e-05
2021-08-31,sh.601211,25.49927902302078,0.09116610126437162,-1.8464273945730966e-05
2021-08-31,sh.601225,25.063231037694674,0.16675284725472178,0.0002866971608837295
2021-08-31,sh.601229,25.175238982124235,0.18843211378667174,4.337672035957295e-05
2021-08-31,sh.601236,25.210407041885627,0.02173091814279869,-0.0002773117907100786
2021-08-31,sh.601288,26.415750329680073,0.18112274167851722,-3.611200217326015e-05
2021-08-31,sh.601318,26.468285870660374,0.11513752197994512,-0.00012750966024278852
2021-08-31,sh.601319,25.76326176366047,0.09270437162970825,-6.876361080428013e-05
2021-08-31,sh.601328,25.751801707274492,0.21362219687385053,4.568677842736411e-05
2021-08-31,sh.601336,25.43856959118642,0.11080748576922753,-5.112026148292366e-05
2021-08-31,sh.601360,25.259323528113356,0.05319548280217192,-1.9620604236975008e-05
2021-08-31,sh.601377,25.120810104901615,0.07633024183229892,-2.0976190367562728e-05
2021-08-31,sh.601390,25.42806281056477,0.15250663379594856,4.561830046071768e-06
2021-08-31,sh.601398,26.594337596307778,0.17363155032913102,2.167995471172585e-05
2021-08-31,sh.601601,25.62542085701399,0.11795001169175161,0.00010574421008797914
2021-08-31,sh.601628,26.24378966970986,0.09518852802884581,0.00011428571834496784
2021-08-31,sh.601633,27.001795094291353,-0.05035533990300339,-0.0007392768899101584
2021-08-31,sh.601658,26.066307490306116,0.128264918820785,-4.492783445218853e-05
2021-08-31,sh.601668,25.613249457519913,0.1910896254793363,-1.46406158665549e-05
2021-08-31,sh.601669,23.919230901774768,0.26069652634405693,0.0013205934693281643
2021-08-31,sh.601688,25.35045041448315,0.10359200110234892,0.00011289937710197082
2021-08-31,sh.601766,25.919313520891414,0.03607182242340558,-0.00030821059526244497
2021-08-31,sh.601788,25.255608262969222,0.046265946764986216,-0.00010031174795827741
2021-08-31,sh.601800,24.89293698516751,0.20018810636328876,0.0004499711682117377
2021-08-31,sh.601816,25.740292654385975,0.05286604960659618,0.00022186531309064224
2021-08-31,sh.601818,25.47953655702588,0.19461907579624366,9.153159368231311e-06
2021-08-31,sh.601857,25.421199935208506,0.22612340817228743,0.0008997043026988084
2021-08-31,sh.601878,24.938951317700262,0.06202848697787245,3.937057851969664e-06
2021-08-31,sh.601881,25.257683709530998,0.09025486698835365,7.164308623465145e-05
2021-08-31,sh.601888,25.551727549622143,0.11758978526145458,0.0005035647280381596
2021-08-31,sh.601899,26.19717181547266,0.016023228374241583,-0.00034076410723337254
2021-08-31,sh.601901,25.317481047030636,0.032993692300772384,-9.395826166522551e-05
2021-08-31,sh.601919,26.16775297041817,0.11926077158530526,-0.00039823432154473867
2021-08-31,sh.601939,26.49798749056959,0.17427853081048694,6.348878118924311e-05
2021-08-31,sh.601985,24.104602194005572,0.2306164752646267,0.0011579432577899403
2021-08-31,sh.601988,26.303497756545045,0.1889734767690235,2.147875935082568e-05
2021-08-31,sh.601989,25.316520389044857,0.041904709743939214,-1.4468374836254915e-06
2021-08-31,sh.601995,25.599647408630073,0.08544094843139019,0.00019134434683403965
2021-08-31,sh.601998,25.66531276742784,0.1847638819730068,-5.012940559550521e-05
2021-08-31,sh.603160,24.73722459611704,0.0852601605827112,0.00021883755363099385
2021-08-31,sh.603259,25.438529773027813,0.11589524521354655,0.0005444288182841916
2021-08-31,sh.603288,25.27943053029484,0.12563741346412952,0.0005664447031797997
2021-08-31,sh.603501,25.562650835573777,0.05335441217813697,-6.144889055438482e-08
2021-08-31,sh.603799,26.44491708479782,-0.07514976298108264,-0.0009569083539930248
2021-08-31,sh.603986,25.553529453928164,0.021121996430686546,-0.00019444869873251497
2021-08-31,sh.603993,26.435673952006063,-0.05606830219367756,-0.0008481722981632928
2021-08-31,sh.688012,25.65768349457501,0.00591064608689687,-0.00030771361342156906
2021-08-31,sh.688111,24.910202952053076,0.1081451585377855,0.0004977497709821465
2021-08-31,sh.688256,25.021122547644687,-0.021788049778333124,-0.0003749283601316723
2021-08-31,sh.688599,25.87778443471202,-0.008919906542100411,-0.000437141392648962
2021-08-31,sh.688981,26.129716217984395,0.04460973940839912,5.594826314771674e-05
2021-09-30,sh.600000,25.78456191589203,0.1683573511512196,-4.208546300757524e-05
2021-09-30,sh.600009,24.538563771742027,0.12093458540245673,0.000701945702264401
2021-09-30,sh.600010,25.9627991962047,-0.0033786578799686467,-0.00034491342397879497
2021-09-30,sh.600015,25.10912802185477,0.21762568052044454,2.496650798361464e-05
2021-09-30,sh.600016,25.520740475312383,0.15814178963524028,-4.4485648547928644e-05
2021-09-30,sh.600018,25.726552253935047,0.05954204694370263,-0.00025202362690229747
2021-09-30,sh.600019,26.111208264683807,0.04892292788766023,-0.0005228742132749577
2021-09-30,sh.600028,26.247634556763778,0.13104315001720285,-0.00018091425339945909
2021-09-30,sh.600029,24.838239301749784,0.0656096333785439,0.00047862489896369177
2021-09-30,sh.600030,25.77914232427043,0.08326399857217258,7.413810317746412e-05
2021-09-30,sh.600031,26.064757316317756,0.03606160693005884,-0.00037063770827236296
2021-09-30,sh.600036,26.253902570908345,0.12576684947839017,0.00024248000142795673
2021-09-30,sh.600048,25.94000701078038,0.08952205856604979,-0.00040007692292891154
2021-09-30,sh.600050,25.439220527831623,0.06377834287732752,-3.756452161739183e-05
2021-09-30,sh.600089,24.690721548305675,0.1307351800885948,0.0004313718189448145
2021-09-30,sh.600100,24.74920569278553,-0.003732565559337972,-0.00031539960471211047
2021-09-30,sh.600104,25.472155462924814,0.1317425132705668,0.00021695955129247502
2021-09-30,sh.600109,25.031840510926752,0.03896257922703861,-0.00023933546633639804
2021-09-30,sh.600111,25.043570909134516,0.11500895750045911,0.0005285270049736625
2021-09-30,sh.600150,25.787960912347444,-0.006583088141737942,-0.00040319760636477826
2021-09-30,sh.600196,25.642457258747914,0.036082022554301436,-0.00017326600698071545
2021-09-30,sh.600256,25.806473838526525,-0.04751421072421094,-0.0008734020144224921
2021-09-30,sh.600276,26.005607573314308,0.04017065133908117,-8.639032163427926e-05
2021-09-30,sh.600309,25.96068142552419,0.06764402329634632,-2.8977066926811177e-05
2021-09-30,sh.600332,25.01811978316273,0.07144775201976689,-9.298466170291826e-05
2021-09-30,sh.600340,24.73923381471284,-0.244285349249769,-0.0003102975576204326
2021-09-30,sh.600346,26.177958282897674,0.017795186668024057,-0.0005736032855158579
2021-09-30,sh.600372,24.474211621838702,0.08834044459839185,0.0002727096211730413
2021-09-30,sh.600406,25.16172916914798,0.09998811932878351,0.00029286973243377137
2021-09-30,sh.600436,25.403680464652272,0.0871698129356439,0.0003239928231615656
2021-09-30,sh.600438,25.235095117160537,0.1117365787167968,0.0004509939247294213
2021-09-30,sh.600518,24.245976879835293,-0.16835675393267654,0.00026316375973123996
2021-09-30,sh.600519,26.87016503242606,0.05043214050792084,-1.98200875267876e-05
2021-09-30,sh.600547,25.21954257636105,0.04541296234045446,4.70059285769974e-05
2021-09-30,sh.600570,24.584394727282568,0.1052854022357367,0.0003309139003092694
2021-09-30,sh.600585,25.888648145235617,0.10470205722155596,-0.00025935178215063045
2021-09-30,sh.600588,25.54265764043504,0.02599291733046275,-0.00022215984878208543
2021-09-30,sh.600606,25.500381396179865,0.12658172612974034,-0.00047476517608006924
2021-09-30,sh.600637,24.6961122221436,0.06280274373847859,-7.156567505594403e-05
2021-09-30,sh.600690,25.593407862605247,0.08817663312040551,0.00013679908185946737
2021-09-30,sh.600703,25.29870617460176,0.07241440171331613,0.00021044282533570758
2021-09-30,sh.600745,24.78284854561169,0.12900158315884802,0.0006174392526212589
2021-09-30,sh.600795,25.60760099211335,0.010587097755247965,-0.0005315035497457347
2021-09-30,sh.600809,26.157235718493997,0.02553259900302545,-0.0001667028192533285
2021-09-30,sh.600837,25.48762235681889,0.0933694585443573,8.691237975605249e-05
2021-09-30,sh.600887,25.16141949353279,0.12802538011595388,0.000504316041068181
2021-09-30,sh.600893,25.101443786163923,0.09672372934870842,0.0004071547184847065
2021-09-30,sh.600900,26.220475057131754,0.05428953592540791,-0.0001370094233664887
2021-09-30,sh.600905,25.765688180258344,0.0432243601741202,-6.477738614254965e-05
2021-09-30,sh.600918,25.27231786376385,0.044967862165926124,-0.0001378292087434606
2021-09-30,sh.600919,24.839790432076235,0.20848835584554998,0.000303893770328022
2021-09-30,sh.600958,25.66993196133873,0.017258544181295743,-0.00032849109105100537
2021-09-30,sh.600999,25.774214702497456,0.047579503312568605,-0.0002803597621341041
2021-09-30,sh.601006,25.140540192999417,0.13505126118129185,4.3378092609459886e-05
2021-09-30,sh.601012,25.227982301533235,0.1417182586608066,0.0006630539260688659
2021-09-30,sh.601066,26.083925733556985,0.020399786074729837,-0.00032519759913470474
2021-09-30,sh.601088,26.420032068253214,0.04820869264815294,-0.00045928157018306723
2021-09-30,sh.601111,24.85397516936,0.05295641769072208,0.0005125983544857771
2021-09-30,sh.601118,24.44408759015124,0.060917757624812344,0.00012550006555194778
2021-09-30,sh.601127,24.717502317762975,0.09418494281039574,0.0004981542653107451
2021-09-30,sh.601138,25.797164870503124,0.07557932188893181,-9.870485717658952e-05
2021-09-30,sh.601166,25.825478621819105,0.17451814767744855,2.882519081039218e-05
2021-09-30,sh.601169,25.132980792469496,0.2031044949160357,4.48140454836025e-05
2021-09-30,sh.601186,25.54159303101926,0.14758739647750344,-0.00022949728610071829
2021-09-30,sh.601198,24.86301543355273,0.04946342861651741,-0.00013893455167903582
2021-09-30,sh.601211,25.581420206808083,0.08090365355081378,-9.675229978917043e-05
2021-09-30,sh.601225,25.981998120211458,0.049583277510148495,-0.0005731026326445038
2021-09-30,sh.601229,25.2445488479474,0.17864589428201108,-1.7577327033910123e-05
2021-09-30,sh.601236,25.0952171690275,0.03277874537254968,-0.00020071862251016653
2021-09-30,sh.601288,26.386960925879198,0.18529732187086048,-1.1310032868342805e-05
2021-09-30,sh.601318,26.179789055636324,0.15226717265504228,0.0001388942964115315
2021-09-30,sh.601319,25.726627010660287,0.09727741439185016,-4.06495500293052e-05
2021-09-30,sh.601328,25.812101932446193,0.20423263666567773,-4.436891746388215e-06
2021-09-30,sh.601336,25.48297275533733,0.10539563734089147,-0.00010003928652520266
2021-09-30,sh.601360,25.201536531317306,0.06037012159968216,3.5985547084255436e-05
2021-09-30,sh.601377,25.349174585708543,0.04744478762946991,-0.0002489045071761411
2021-09-30,sh.601390,25.723055777106403,0.1152148695736327,-0.00028089594913751975
2021-09-30,sh.601398,26.623127777405823,0.16944123174402373,-2.2239034106999426e-06
2021-09-30,sh.601601,25.72519199320033,0.10543372252700675,2.3670457346698038e-05
2021-09-30,sh.601628,26.385292915135466,0.0781878598530133,-7.90095983959273e-06
2021-09-30,sh.601633,24.99507365681879,0.18897052294576044,0.0011085446371049917
2021-09-30,sh.601658,25.772359855846375,0.1655500180035264,0.00023637113325947624
2021-09-30,sh.601668,25.72289089300999,0.17732296094065889,-0.00012170245003278364
2021-09-30,sh.601669,25.557867045306036,0.06123539696094879,-0.0001279557997091194
2021-09-30,sh.601688,25.756530970073882,0.05322821226296225,-0.0002657752738218004
2021-09-30,sh.601728,25.794430877845524,0.09348360566579136,7.573824756054014e-05
2021-09-30,sh.601766,25.7403325715677,0.056298988118986246,-0.00017415055943690552
2021-09-30,sh.601788,25.228975703691095,0.048555607063211444,-8.580154076626311e-05
2021-09-30,sh.601800,25.820765757753495,0.07989139853615274,-0.00039688991313946393
2021-09-30,sh.601816,25.875615624424103,0.03598074408380525,9.075295480773815e-05
2021-09-30,sh.601818,25.474912069935655,0.19418061309899615,1.9463999634368594e-05
2021-09-30,sh.601857,26.778165099832897,0.05540370130424432,-0.0003188252473325753
2021-09-30,sh.601878,24.989334435324643,0.05587198547962887,-4.32959294493938e-05
2021-09-30,sh.601881,25.55146007738529,0.05375380927793005,-0.0002062885924660458
2021-09-30,sh.601888,26.016595909802426,0.0658531951059278,0.00011313599240179686
2021-09-30,sh.601899,25.666050966216602,0.07867684814376961,0.00013084321544295287
2021-09-30,sh.601901,25.15147996073324,0.05175860490138952,4.7681480696280964e-05
2021-09-30,sh.601919,25.612525992974852,0.2092626590637131,5.4819335997444993e-05
2021-09-30,sh.601939,26.610437417373156,0.15891868384727295,-3.640170144771075e-05
2021-09-30,sh.601985,25.616214377959633,0.04792831693545298,-0.0001841499384706943
2021-09-30,sh.601988,26.33160001388052,0.18489797497646626,-2.750227164869705e-06
2021-09-30,sh.601989,25.58563590512228,0.00870339669303316,-0.0002597820556170806
2021-09-30,sh.601995,26.446310368394546,-0.018261605274888293,-0.0006073010816340108
2021-09-30,sh.601998,25.653951991745316,0.18675492020025714,-4.223748209806793e-05
2021-09-30,sh.603160,25.291218351940447,0.0186168850607787,-0.0002920847489917305
2021-09-30,sh.603259,26.438666046479725,-0.0015759246628744283,-0.00036368410948505077
2021-09-30,sh.603288,25.707400552194816,0.07954292735250133,0.00022022371332656212
2021-09-30,sh.603501,25.2093804093199,0.09781841990622617,0.0003459449551425344
2021-09-30,sh.603799,25.027627479856783,0.08700066435665746,0.0002783501487421517
2021-09-30,sh.603986,24.69278743543562,0.12616343589426743,0.0006196285896962297
2021-09-30,sh.603993,25.48199247953396,0.050971532025534026,-4.303058236122392e-05
2021-09-30,sh.688012,25.20990308002132,0.05728474189380636,8.926573064491476e-05
2021-09-30,sh.688111,25.324629690609182,0.063528218610423,0.0001551371541490861
2021-09-30,sh.688256,24.726172281641993,0.00700475091043605,-0.0001394242042123133
2021-09-30,sh.688599,23.646732492271425,0.2643091872322584,0.0016816094184383343
2021-09-30,sh.688981,26.103117911835795,0.047477196868827926,7.760591685600369e-05
2021-10-29,sh.600000,25.562778075333412,0.1488015599906209,-0.00019416869742817396
2021-10-29,sh.600009,26.0682964798095,-0.056441144755356554,-0.0006774858189960106
2021-10-29,sh.600010,25.274947936887763,0.06366157783648736,0.00017645110688306104
2021-10-29,sh.600015,25.375292600478126,0.21337966646334192,-8.054275777901276e-06
2021-10-29,sh.600016,25.381969571936544,0.16055611151268462,-2.5709733166200488e-05
2021-10-29,sh.600018,25.959787132015503,0.020317581446561997,-0.000557067975772389
2021-10-29,sh.600019,25.70357859128632,0.07663794519826475,-0.00030733757555957643
2021-10-29,sh.600028,25.567715062649146,0.12994501249240833,-0.00018945434800559638
2021-10-29,sh.600029,25.634106670972958,-0.029744390197528586,-0.00026293284223807904
2021-10-29,sh.600030,25.688452365777213,0.033579248949770844,-0.00031225472347415486
2021-10-29,sh.600031,25.55551848426031,0.06028324103578909,-0.00018226872705856656
2021-10-29,sh.600036,25.694011900846604,0.053654166956461344,-0.0003183323896747592
2021-10-29,sh.600048,24.99588007662571,0.18745377751939188,0.00036152727137244247
2021-10-29,sh.600050,25.521214660425407,0.04973987541705156,-0.00014674013717462666
2021-10-29,sh.600089,25.95537334520882,0.0050177490162728045,-0.0005463187988119186
2021-10-29,sh.600100,25.24325610584472,0.04762960615052168,8.403834880009524e-05
2021-10-29,sh.600104,25.443138927324075,0.09437651108245972,-7.3631733072648e-05
2021-10-29,sh.600109,25.410022817690933,0.06437188601376098,-4.1730085466105386e-05
2021-10-29,sh.600111,25.142751894503643,0.07755583065328808,0.0002372581617289513
2021-10-29,sh.600150,25.146919449859617,0.07088217315900061,0.00019924120048799826
2021-10-29,sh.600196,24.930873380205934,0.11347918076268025,0.00042864316962212346
2021-10-29,sh.600256,25.7573143608198,0.01791939810207506,-0.0003645320439677068
2021-10-29,sh.600276,25.310970475959447,0.05838815910359349,5.528523018341478e-05
2021-10-29,sh.600309,25.72840734125653,0.02980460314348319,-0.00032325007067222596
2021-10-29,sh.600332,25.348405867194682,0.08596771234551735,1.993547084830777e-05
2021-10-29,sh.600340,25.770141113733715,-0.25418158538675617,-0.0003872594963087238
2021-10-29,sh.600346,25.540590056778292,0.07038250335859127,-0.00016463751439862605
2021-10-29,sh.600372,24.827412504399852,0.12131087595784391,0.0005291170352331072
2021-10-29,sh.600406,25.142497323565127,0.09036165604768952,0.00021800578753904156
2021-10-29,sh.600436,25.07171257675226,0.08279478347866304,0.0002899687008420534
2021-10-29,sh.600438,26.19054813216192,-0.0480710700515633,-0.0007918125621189042
2021-10-29,sh.600518,25.340478016405765,-0.20023275026685974,1.5267646346210587e-05
2021-10-29,sh.600519,25.166456650303513,0.07850317174468964,0.00019848523128899992
2021-10-29,sh.600547,25.536713078135964,0.018521748386591527,-0.00016212408114819356
2021-10-29,sh.600570,25.655849402630125,0.02376276519627818,-0.00030307867087534635
2021-10-29,sh.600585,25.56558278023025,0.11311410073918712,-0.00019393224602744891
2021-10-29,sh.600588,25.294492847125053,0.05592494565185764,1.0618239432440914e-05
2021-10-29,sh.600606,25.391115885637486,0.18468436248679865,-2.2907371249902798e-05
2021-10-29,sh.600637,25.323613014144744,0.07734532436313844,4.1530373069008944e-05
2021-10-29,sh.600690,25.379205502134273,0.06957149596706118,-7.891021030383194e-06
2021-10-29,sh.600703,25.221982579333673,0.0640544073632578,0.0001454280698572145
2021-10-29,sh.600745,24.93879167463075,0.10351133577747536,0.0004192044056593492
2021-10-29,sh.600795,25.71880961952511,0.03509934100237345,-0.00034087453324046797
2021-10-29,sh.600809,25.275741281346583,0.05981523564461961,9.990947078915473e-05
2021-10-29,sh.600837,25.540248937456052,0.06533103402208597,-0.00013113936023165893
2021-10-29,sh.600887,25.71679484603116,0.019629028973034854,-0.0003386704454320865
2021-10-29,sh.600893,25.052822869045436,0.08507478006999841,0.00031656212269767515
2021-10-29,sh.600900,25.68623837577052,0.03217621314037766,-0.00030898229960123175
2021-10-29,sh.600905,25.67407644302265,0.014872835807333937,-0.00028526406914327284
2021-10-29,sh.600918,24.914617661585012,0.1199078043144842,0.00044497046914471016
2021-10-29,sh.600919,25.621024257538348,0.14035562963803613,-0.00022596693878043885
2021-10-29,sh.600958,25.300011688264558,0.07028816293821076,8.391441453100345e-05
2021-10-29,sh.600999,25.41263850494076,0.07361514631937585,-7.788343345080753e-05
2021-10-29,sh.601006,25.53588690769764,0.10893933847357447,-0.00015969145490808253
2021-10-29,sh.601012,25.7771616667495,0.005056905928951819,-0.0003997463653164556
2021-10-29,sh.601066,25.416518001844036,0.05592981315102899,-4.888449104107162e-05
2021-10-29,sh.601088,25.448118250965248,0.09760115028011118,-7.516186615465589e-05
2021-10-29,sh.601111,25.616087258596572,-0.04432129240298602,-0.00024391968493204204
2021-10-29,sh.601118,25.34609996381547,0.047663160625957435,2.2420524255307073e-05
2021-10-29,sh.601127,25.27253413800357,0.04203016407803383,9.25522942644651e-05
2021-10-29,sh.601138,25.441585808729133,0.07906115655813789,-7.16270123651999e-05
2021-10-29,sh.601166,25.507072291060258,0.15029867815842413,-0.00015952695665095193
2021-10-29,sh.601169,25.42439773142964,0.19019920148975034,-5.554900039361086e-05
2021-10-29,sh.601186,25.45270598193014,0.16618921747580745,-8.483297258344958e-05
2021-10-29,sh.601198,25.038982808151104,0.10794305828567856,0.0003158550886257827
2021-10-29,sh.601211,25.551473943829226,0.06782694426777387,-0.00019844842790847327
2021-10-29,sh.601225,25.571278525300706,0.09884591815512116,-0.0001899925010287537
2021-10-29,sh.601229,25.454161463617254,0.1708728052732002,-7.802778430208727e-05
2021-10-29,sh.601236,25.392029701100917,0.055115584025084596,-2.7007487986854532e-05
2021-10-29,sh.601288,25.420328091641526,0.18048099608473428,-4.87660681451574e-05
2021-10-29,sh.601318,25.484346658016214,0.11972350887275506,-0.00011419419319551397
2021-10-29,sh.601319,25.659037285980908,0.0662197998675256,-0.00028218119819724545
2021-10-29,sh.601328,25.340386220928927,0.20735609734314253,1.9853917994487624e-05
2021-10-29,sh.601336,25.502891451261824,0.10184804780538001,-0.00012762849969108576
2021-10-29,sh.601360,25.40694721267467,0.050877008085598065,-3.784135135658491e-05
2021-10-29,sh.601377,25.616658171139214,0.052034008551625946,-0.00021321464141819618
2021-10-29,sh.601390,25.34616828687856,0.15390091440980347,1.9961161541761624e-05
2021-10-29,sh.601398,25.45441542713953,0.15933199802714232,-8.08423008230615e-05
2021-10-29,sh.601601,25.424499930645936,0.09557183893557625,-5.302432537761623e-05
2021-10-29,sh.601628,25.41350593880809,0.0742281289214666,-3.869535125845039e-05
2021-10-29,sh.601633,25.831960135746243,-0.00862183093858819,-0.00042810934067205933
2021-10-29,sh.601658,25.61126985423953,0.10609748232900823,-0.0002259846899149997
2021-10-29,sh.601668,25.398103198250226,0.1890638747195065,-3.0394656455085617e-05
2021-10-29,sh.601669,26.132880812738613,-0.018560825031581837,-0.0007485222311823339
2021-10-29,sh.601688,25.393813097239278,0.08285589853367911,-3.536402022200287e-05
2021-10-29,sh.601728,25.47616201895698,0.070654398921226,-0.00010180197939613556
2021-10-29,sh.601766,25.28704192216158,0.0887399141540401,7.813895002313281e-05
2021-10-29,sh.601788,25.574492569063853,0.03350010374802851,-0.00020288653217363542
2021-10-29,sh.601800,25.559766494352886,0.10568357507935858,-0.00019630699633367047
2021-10-29,sh.601816,25.447345831607645,0.04363759346655741,0.00015029942930407678
2021-10-29,sh.601818,25.480319032342926,0.174870126957218,-0.00013071152466724513
2021-10-29,sh.601857,25.91016918816612,0.03070649730517127,-0.0005108926832383176
2021-10-29,sh.601878,25.31684938062523,0.0682188081989427,5.2723951237115426e-05
2021-10-29,sh.601881,25.172705987716036,0.10705200544641744,0.00020820561007068065
2021-10-29,sh.601888,26.264272678573956,-0.06028762567567722,-0.0008678472805014023
2021-10-29,sh.601899,25.493377968555798,0.04738009929051208,-0.00011254815406821803
2021-10-29,sh.601901,25.57084767509172,0.029196956344186877,-0.00012777797570012105
2021-10-29,sh.601919,25.19094275148196,0.2537342442443447,0.0004006699568461981
2021-10-29,sh.601939,25.489735666082417,0.14854996721014405,-0.00011703806895721946
2021-10-29,sh.601985,25.392945148377677,0.07011747899954351,-1.1587268513933394e-05
2021-10-29,sh.601988,25.381969571936544,0.18489797497646626,-2.750227164869705e-06
2021-10-29,sh.601989,25.35472946374025,0.04102164073616994,-8.446630498743804e-06
2021-10-29,sh.601995,25.42568044322827,0.05098472007230784,-6.878003464302516e-05
2021-10-29,sh.601998,25.415089703487983,0.18466650565330128,-5.847885205869671e-05
2021-10-29,sh.603160,25.101475472185438,0.0895831852483311,0.00025981235293332845
2021-10-29,sh.603259,25.21881314677011,0.06459650427842498,0.00015093158364714912
2021-10-29,sh.603288,25.53359422477142,0.030382639990243702,-0.0001620904280804037
2021-10-29,sh.603501,25.29180686193525,0.0636338660057888,8.009544377739845e-05
2021-10-29,sh.603799,24.760806798541925,0.13007365790676895,0.0006133240764898027
2021-10-29,sh.603986,25.80132678712669,-0.006313704826351019,-0.0004106315456327896
2021-10-29,sh.603993,25.444726415527334,0.0469990177416893,-7.39243885032322e-05
2021-10-29,sh.688012,25.28979616101421,0.05517695027692213,7.287366734520819e-05
2021-10-29,sh.688111,25.693109025051555,0.004536417612023003,-0.0003036355861841824
2021-10-29,sh.688256,24.401091001613384,0.1480083877607538,0.0009571455526007028
2021-10-29,sh.688599,25.63017809803778,0.01512155915733955,-0.00025629532517473954
2021-10-29,sh.688981,25.435242196323333,0.042156360144955926,3.6226355571837173e-05
2021-11-30,sh.600000,25.722675069596264,0.18021634055304853,-8.987414694577926e-06
2021-11-30,sh.600009,24.9449797483083,0.06809325870323553,0.00029291451216141145
2021-11-30,sh.600010,25.619730613565356,0.03493460519950172,-5.5066109723581076e-05
2021-11-30,sh.600015,25.182526433480245,0.20704560362162217,-4.060742677771123e-05
2021-11-30,sh.600016,25.489284469547844,0.1623920842355044,-1.627350834067939e-05
2021-11-30,sh.600018,24.799566320621402,0.17535569720138316,0.0005359184036088305
2021-11-30,sh.600019,25.077254583404343,0.184906801193426,0.00036701802293237945
2021-11-30,sh.600028,25.844391894239692,0.18729690101639077,0.00016455252350622678
2021-11-30,sh.600029,24.950282576896928,0.05721566615121746,0.00039712454077486684
2021-11-30,sh.600030,25.420061714262417,0.12655490410583986,0.0003947002842155337
2021-11-30,sh.600031,25.46889771925689,0.10835985511068133,0.00013804732737768814
2021-11-30,sh.600036,26.56582589075326,0.08643073074731383,-7.14845582622921e-05
2021-11-30,sh.600048,25.05656203063289,0.20093079827313254,0.0004562782765113349
2021-11-30,sh.600050,25.340803474347247,0.07458606951875107,3.653157164579837e-05
2021-11-30,sh.600089,25.372175972210705,0.043779103827137116,-0.00026222888446214636
2021-11-30,sh.600100,24.185414441671334,0.064284820797011,0.00021637913743773052
2021-11-30,sh.600104,25.60274236696653,0.11541538105905078,0.0001112147536529855
2021-11-30,sh.600109,24.522269334682054,0.10058780419288074,0.00022370609539875343
2021-11-30,sh.600111,26.238912733865256,-0.024245918269041808,-0.0005433202482971522
2021-11-30,sh.600150,25.25259527931955,0.057810540372796045,9.687792086510307e-05
2021-11-30,sh.600196,25.985238743856023,-0.0038148243835332968,-0.00047460912107826625
2021-11-30,sh.600256,24.348428403184876,0.12359199129882067,0.00036596630881567324
2021-11-30,sh.600276,25.890458816765012,0.054565759264643056,2.5465710171532178e-05
2021-11-30,sh.600309,25.65511806138079,0.10307160131143636,0.00021630191153018015
2021-11-30,sh.600332,24.31273601655623,0.15974983050258534,0.0005893647355344052
2021-11-30,sh.600340,23.9907046464581,-0.16280952697121703,0.00032547851883517293
2021-11-30,sh.600346,25.164357719899325,0.14375989993846314,0.00031367526810494126
2021-11-30,sh.600372,24.501637684716925,0.09589313333926298,0.0003496333695647896
2021-11-30,sh.600406,25.674396703813798,0.041796674198581636,-0.0001381590846752239
2021-11-30,sh.600436,25.915184618290333,0.03276374022068657,-9.387528911692847e-05
2021-11-30,sh.600438,25.633037770855726,0.055750585608992737,1.0107219926241664e-06
2021-11-30,sh.600518,25.64244887073702,-0.33853732946317294,-0.0010581642577937337
2021-11-30,sh.600519,26.656777913319843,0.07996495176116267,0.00021471742733602926
2021-11-30,sh.600547,25.320900047604713,0.030991829869939452,-6.483250402751164e-05
2021-11-30,sh.600570,24.728853088947467,0.08801193433359449,0.00019939227889630322
2021-11-30,sh.600585,25.155056278883492,0.20156597117831526,0.00039884582829184125
2021-11-30,sh.600588,24.996914533562943,0.09348813693836977,0.0003019700531976067
2021-11-30,sh.600606,24.74015530038404,0.23488254243576534,0.00020089349534870455
2021-11-30,sh.600637,23.87245463214716,0.16622183603267415,0.0007327132174612406
2021-11-30,sh.600690,25.395667482074003,0.11435269562746246,0.0003494667446063576
2021-11-30,sh.600703,25.303877211764235,0.07762622539949629,0.00025431650502058187
2021-11-30,sh.600745,25.361870374904065,0.07126478712208609,0.0001838989329089539
2021-11-30,sh.600795,24.01990950008094,0.2050676488437107,0.0008984875655755803
2021-11-30,sh.600809,25.91182424789513,0.05537067330796989,6.437989386800818e-05
2021-11-30,sh.600837,25.403076984570582,0.10355983116987422,0.00015683934313174555
2021-11-30,sh.600887,25.489246852743324,0.08843100176750655,0.00020287722568682843
2021-11-30,sh.600893,25.669936386907278,0.036548146655058796,-5.5045835687008545e-05
2021-11-30,sh.600900,25.422615690147442,0.1509034733568625,0.0005839338232433353
2021-11-30,sh.600905,25.157499451930466,0.11464742417461596,0.0004809192556434036
2021-11-30,sh.600918,25.33931770742641,0.03999507873172632,-0.00016315473977394996
2021-11-30,sh.600919,25.187634447021733,0.16400754266906875,-2.992908212724447e-05
2021-11-30,sh.600958,25.111067435505017,0.08438834187910658,0.00018141468982484665
2021-11-30,sh.600999,25.360243339791282,0.09784013957172613,8.793559068082573e-05
2021-11-30,sh.601006,24.98946751634926,0.15477057212942819,0.00017745422050074246
2021-11-30,sh.601012,26.002743309589846,0.04723052519406833,-6.507895988971417e-05
2021-11-30,sh.601066,25.55405058390671,0.08294201528356407,0.00014461718943417938
2021-11-30,sh.601088,25.313142775225757,0.18850027067055775,0.0005492391178151889
2021-11-30,sh.601111,24.88790725539342,0.056774913185737574,0.0005136741291265805
2021-11-30,sh.601118,24.615841505758407,0.04209923287408095,-1.954408283728433e-05
2021-11-30,sh.601127,25.866656845818387,-0.038452089482495816,-0.0005461475120429749
2021-11-30,sh.601138,25.437666425470074,0.1201356244163454,0.0002330520033471351
2021-11-30,sh.601166,25.67029273328134,0.195038247145846,0.00017256088936964706
2021-11-30,sh.601169,25.144127210658223,0.20127963154621015,3.6164370377263e-05
2021-11-30,sh.601186,25.02573749275149,0.21854585395402523,0.00023565640158248533
2021-11-30,sh.601198,24.871033415098328,0.050515054597553344,-0.00012034363559934927
2021-11-30,sh.601211,25.223577483349732,0.12510141763726826,0.00022158088673329297
2021-11-30,sh.601225,25.189206596328408,0.15576859645015795,9.373630840115639e-05
2021-11-30,sh.601229,25.233713541392444,0.1817605575287265,-1.7802063962207008e-05
2021-11-30,sh.601236,24.63145816200399,0.0885585225835635,0.00022577763892177137
2021-11-30,sh.601288,26.343078707489852,0.19166678443237406,2.6532147102047173e-05
2021-11-30,sh.601318,26.17249833252297,0.15278859081967378,0.00015248540907583817
2021-11-30,sh.601319,25.59820815673976,0.1135238133646547,4.34923163343181e-05
2021-11-30,sh.601328,25.803624390042494,0.20377440266246527,1.1377514434089826e-05
2021-11-30,sh.601336,25.265291893705193,0.13371208247452898,8.437005176068442e-05
2021-11-30,sh.601360,25.016645533502537,0.08390917652709022,0.00021980326619112754
2021-11-30,sh.601377,24.428578745960845,0.16057342934545382,0.0005819935011223171
2021-11-30,sh.601390,25.07034975103271,0.20051145644586865,0.0003243680092442778
2021-11-30,sh.601398,26.581497774700704,0.1758339271993912,2.9972127137040757e-05
2021-11-30,sh.601601,25.756119400361513,0.10154810915989135,-7.429608435747808e-06
2021-11-30,sh.601628,26.312385738819245,0.08714089134045652,5.917766577289553e-05
2021-11-30,sh.601633,26.89666192385578,-0.04243579471704442,-0.0006828628017778832
2021-11-30,sh.601658,26.001755885105705,0.13674687284948805,1.2372245127658134e-05
2021-11-30,sh.601668,25.30464166135164,0.23293893861298307,0.0002701544109795717
2021-11-30,sh.601669,24.451494486105794,0.19469267279700225,0.0008283663198370602
2021-11-30,sh.601688,25.01206841271073,0.14554359216000595,0.0004263362171935222
2021-11-30,sh.601728,25.836974411354717,0.08809581265181826,3.3056253676872257e-05
2021-11-30,sh.601766,25.567135515384663,0.07755690818825518,-1.4555278692217136e-05
2021-11-30,sh.601788,24.995448273219694,0.07471366020091309,0.00010703986169693637
2021-11-30,sh.601800,24.543754349178624,0.24538840968719464,0.0007739249348157338
2021-11-30,sh.601816,25.465573534584447,0.08487567615956353,0.0004658885043695692
2021-11-30,sh.601818,25.558085645138174,0.18475639075360922,-6.75478561538421e-05
2021-11-30,sh.601857,26.165168705390897,0.13295944734612325,0.00016074765896640695
2021-11-30,sh.601878,24.73024373721345,0.08875457322456451,0.00021375146292895548
2021-11-30,sh.601881,25.05993535148913,0.11536786701681567,0.00027133678405754204
2021-11-30,sh.601888,25.765745684343802,0.08549681734251899,0.00024311497280723188
2021-11-30,sh.601899,25.97352392248053,0.040313006938344574,-0.0001665009464920715
2021-11-30,sh.601901,25.071634798284492,0.059140367287317266,9.92836610983998e-05
2021-11-30,sh.601919,25.1662982184157,0.2646315452984757,0.0004930847335080403
2021-11-30,sh.601939,26.50208309829084,0.1747461913994,5.191982841303851e-05
2021-11-30,sh.601985,24.592379073657348,0.17486507569833315,0.0007891617687004285
2021-11-30,sh.601988,26.33160001388052,0.18489797497646626,-2.750227164869705e-06
2021-11-30,sh.601989,25.282431900049,0.04315388603418108,8.967243059729083e-06
2021-11-30,sh.601995,25.646135697977574,0.0740914063224603,8.417739860811473e-05
2021-11-30,sh.601998,25.530598346371963,0.20340330290492425,7.17471473601121e-05
2021-11-30,sh.603160,25.080333144940578,0.044770912882461364,-8.947785211837133e-05
2021-11-30,sh.603259,26.70874081838292,-0.038926410144702606,-0.0006563651660335717
2021-11-30,sh.603288,26.19832681947675,0.018996969016506285,-0.0002490489168768961
2021-11-30,sh.603501,25.099846603548272,0.117433113719382,0.0005094115809105709
2021-11-30,sh.603799,25.972471084188822,-0.020088604814732333,-0.000534750493688681
2021-11-30,sh.603986,24.717228581425868,0.12522153812312392,0.0006142971717664554
2021-11-30,sh.603993,25.63614901278092,0.030429399887447833,-0.00020583835089364573
2021-11-30,sh.688012,26.130539244090418,-0.05520954020746016,-0.0007839324442608267
2021-11-30,sh.688111,25.54184901800803,0.0336167594426237,-7.896595584051913e-05
2021-11-30,sh.688256,24.739088166739464,0.020087561462381096,-5.765360032697684e-05
2021-11-30,sh.688599,25.242241676032243,0.08170082766991815,0.00027569316095516026
2021-11-30,sh.688981,26.171619695504774,0.03796036731527363,2.3300447278819204e-06
2021-12-31,sh.600000,25.785566901310606,0.1721395376236437,-6.925345683250682e-05
2021-12-31,sh.600009,24.985794402642284,0.0686578847483684,0.00029144324123164236
2021-12-31,sh.600010,26.07836137322342,-0.02443903350609708,-0.0005200995737084137
2021-12-31,sh.600015,25.13216894536339,0.21414264716089232,5.0902644882021666e-06
2021-12-31,sh.600016,25.519509368258774,0.15844610350496036,-4.45337919207022e-05
2021-12-31,sh.600018,25.278022473634255,0.11517897784326384,0.00013442341547358189
2021-12-31,sh.600019,25.556069486686575,0.1218053635076651,-5.48152174881452e-05
2021-12-31,sh.600028,26.079708919000637,0.15499214637621103,-4.279003574555244e-05
2021-12-31,sh.600029,25.14048048436813,0.04363390040458649,0.0002635598196627397
2021-12-31,sh.600030,25.935429041090774,0.06499090976015529,-5.712140323744931e-05
2021-12-31,sh.600031,26.082085407734358,0.03194186530965706,-0.00044105034314179613
2021-12-31,sh.600036,26.460049036651377,0.09958609021863257,2.4047361547006772e-05
2021-12-31,sh.600048,25.583303427261672,0.1309027113266097,9.609776130701112e-07
2021-12-31,sh.600050,25.606083105162813,0.041711689174064946,-0.0002162551534617505
2021-12-31,sh.600089,25.49812337854276,0.02629351018452917,-0.0004233516425415281
2021-12-31,sh.600100,24.794099675896398,-0.007068141990798943,-0.00034360586531261293
2021-12-31,sh.600104,26.106599193729764,0.0522816007839692,-0.0003644232223813382
2021-12-31,sh.600109,25.1192969985419,0.027710620497077093,-0.0003285972993008718
2021-12-31,sh.600111,26.305569136841772,-0.041584705428564295,-0.000687190691149933
2021-12-31,sh.600150,26.07312091408987,-0.0431443236144288,-0.0006877160290540901
2021-12-31,sh.600196,25.936300028601824,-0.003788586817310563,-0.0004926148816571975
2021-12-31,sh.600256,25.211045212693936,0.01784915625615978,-0.0004301944335404734
2021-12-31,sh.600276,26.65978215831085,-0.04146572748508537,-0.0007205302855338494
2021-12-31,sh.600309,26.284306483260654,0.025460086464963706,-0.00037202121489796145
2021-12-31,sh.600332,25.565977587906072,0.005889033849928796,-0.0005602223738011279
2021-12-31,sh.600340,24.69965315940044,-0.29304569878562026,-0.00032430802445942926
2021-12-31,sh.600346,25.433057170602794,0.11024492922674417,9.252539001700686e-05
2021-12-31,sh.600372,25.802536402933768,-0.062430730568826975,-0.0008747346138328202
2021-12-31,sh.600406,26.00453280336915,-0.001160464655192997,-0.0004770757684107498
2021-12-31,sh.600436,26.508369084500803,-0.043032363964723375,-0.0006839825212129138
2021-12-31,sh.600438,26.273107277547314,-0.024575283831963918,-0.000623564909522929
2021-12-31,sh.600518,24.29776770360487,-0.23712618207881483,9.354489189031172e-05
2021-12-31,sh.600519,27.21777166047886,0.012627381674967866,-0.00030382192097932293
2021-12-31,sh.600547,25.27239011466008,0.03613258813336261,-2.467426414596415e-05
2021-12-31,sh.600570,25.217118698363613,0.029498241373320258,-0.0002470838568189645
2021-12-31,sh.600585,25.733547716494254,0.12460233562017563,-0.00011392074757955985
2021-12-31,sh.600588,25.533244572977026,0.031760831134751984,-0.00017403589393231948
2021-12-31,sh.600606,24.962661106398855,0.20123702548728564,1.139719476886687e-05
2021-12-31,sh.600637,25.172947525345542,0.009402816855889187,-0.00044661377803576434
2021-12-31,sh.600690,26.09290069305539,0.03012771090658744,-0.0002856770064732774
2021-12-31,sh.600703,26.566040747187202,-0.07674867439773544,-0.0009441042732182199
2021-12-31,sh.600745,26.238596914070722,-0.03585596752245629,-0.0006466201966521755
2021-12-31,sh.600795,25.703434483126006,-0.002053210376727621,-0.000637250817348311
2021-12-31,sh.600809,26.474542448209714,-0.014259213519241573,-0.0004761109710678219
2021-12-31,sh.600837,25.79672857997207,0.054727603965078454,-0.00021011894975310225
2021-12-31,sh.600887,26.0447943113779,0.02106234285725153,-0.0003118589431623574
2021-12-31,sh.600893,26.516766059264615,-0.07059589423866888,-0.0008886754864832992
2021-12-31,sh.600900,26.237152478379723,0.05320842990567633,-0.0001380017007928244
2021-12-31,sh.600905,26.036956343455753,0.010405947856821293,-0.0003177327646026949
2021-12-31,sh.600918,25.649166894197723,-0.000695953062774507,-0.00048632979612545107
2021-12-31,sh.600919,24.66062786601051,0.23086737639740113,0.0004796792426947659
2021-12-31,sh.600958,25.946413196689008,-0.018552734372776283,-0.0006112174955297928
2021-12-31,sh.600999,25.72202495036051,0.05323618703663304,-0.0002475884071282386
2021-12-31,sh.601006,25.082297551473406,0.14181018742217955,0.00011104913669478922
2021-12-31,sh.601012,26.644931422241456,-0.03408221399961747,-0.0006990195471024799
2021-12-31,sh.601066,26.101387427248365,0.015935912044355335,-0.000369041207826015
2021-12-31,sh.601088,25.954071301269426,0.10673909674012247,-7.309568556213937e-06
2021-12-31,sh.601111,25.13050726523947,0.04115247685681971,0.0003425118300697857
2021-12-31,sh.601118,24.928170134501567,0.002770905341227467,-0.0003254481795018213
2021-12-31,sh.601127,26.111088914233555,-0.08058351627107443,-0.0008612487817268903
2021-12-31,sh.601138,25.978007888404434,0.053287715929606766,-0.0002628479738462291
2021-12-31,sh.601166,25.549809040004536,0.20670178224039565,0.00031736308107587716
2021-12-31,sh.601169,25.160092435092533,0.19802980849744625,2.7217541267269565e-05
2021-12-31,sh.601186,25.191032682737557,0.19254287712780793,0.00010659556039579785
2021-12-31,sh.601198,25.092710368109675,0.021607782456665073,-0.00035046580102394195
2021-12-31,sh.601211,25.572374493992548,0.08208382906594153,-8.627919830893932e-05
2021-12-31,sh.601225,25.198989798077605,0.15349163328777818,9.71604230793837e-05
2021-12-31,sh.601229,25.274520707580912,0.17686378745557882,-5.901674417797918e-05
2021-12-31,sh.601236,25.319138620143598,0.005127883567211167,-0.00041443169895703975
2021-12-31,sh.601288,26.36138857940921,0.18850820572827792,1.3660657316200122e-05
2021-12-31,sh.601318,26.398245542172663,0.12323987471497251,-4.6265157687916e-05
2021-12-31,sh.601319,25.78208620689517,0.09038080323269818,-0.00012878195361268725
2021-12-31,sh.601328,25.734878454595354,0.2115634249064806,8.276083059984463e-05
2021-12-31,sh.601336,25.508502030954748,0.1027104119811009,-0.0001407826196367983
2021-12-31,sh.601360,25.960131437442165,-0.03155164290888124,-0.0006714055040050862
2021-12-31,sh.601377,25.55556364666285,0.021614891183194457,-0.0004484570491556276
2021-12-31,sh.601390,25.182929325605954,0.18199064247986957,0.00025760967828253404
2021-12-31,sh.601398,26.60360805480442,0.17232232333793202,1.3683254202989514e-05
2021-12-31,sh.601601,25.88004135018792,0.0859897538159609,-0.00012789558729732923
2021-12-31,sh.601628,26.706207326348256,0.03812833594338786,-0.0003165366988403725
2021-12-31,sh.601633,26.74543967237283,-0.03489095711377066,-0.0006375426662036794
2021-12-31,sh.601658,25.63523592206249,0.18263985592244558,0.0003721872839003112
2021-12-31,sh.601668,25.483295057313686,0.20390441275955404,0.00013218704241855838
2021-12-31,sh.601669,25.149066262255133,0.1113557664108695,0.0002482120884900646
2021-12-31,sh.601688,25.674817289960675,0.06432494466146893,-0.0001643436375335893
2021-12-31,sh.601728,26.034284088869896,0.06355267049032828,-0.00015394056296179318
2021-12-31,sh.601766,25.733796669964935,0.05663080304853438,-0.0001772952940328607
2021-12-31,sh.601788,25.43879907447999,0.020468386811031025,-0.0003099252749150166
2021-12-31,sh.601800,25.260612331629186,0.1492542213486103,0.00016982557151725008
2021-12-31,sh.601816,25.585334010145914,0.07316572893278721,0.0003813325976201975
2021-12-31,sh.601818,25.497278577676582,0.1931777481817099,-1.2563393219343203e-05
2021-12-31,sh.601857,26.261368413822513,0.1204991608259654,8.711510670028304e-05
2021-12-31,sh.601878,25.232400372892958,0.028255011081324034,-0.00024759308085021135
2021-12-31,sh.601881,25.607533613740628,0.04820697849631811,-0.00022903807018129525
2021-12-31,sh.601888,26.274200703286773,0.02489337783178626,-0.00022128094408401316
2021-12-31,sh.601899,25.76093647714151,0.06516909917678346,1.8944376830805912e-05
2021-12-31,sh.601901,25.356008197080506,0.0239960756420015,-0.0001727619396355113
2021-12-31,sh.601919,26.005494717918296,0.15048992016233875,-0.00029060708358898373
2021-12-31,sh.601939,26.49255814352301,0.17485392462733723,6.962426791639259e-05
2021-12-31,sh.601985,26.065046380136838,-0.0037959090695063036,-0.0005536848996769628
2021-12-31,sh.601988,26.28229988363674,0.1910881379540449,4.538998866631539e-05
2021-12-31,sh.601989,25.538346768074348,0.01179258156716885,-0.00023510722669064813
2021-12-31,sh.601995,26.20168663962328,0.005597763949248102,-0.0004438511620267187
2021-12-31,sh.601998,25.619590631464366,0.18995021543113758,-2.3022993507784855e-06
2021-12-31,sh.603160,25.661414673114955,-0.02917837451609724,-0.0006670206403186307
2021-12-31,sh.603259,26.384879660096278,-0.009397717667264799,-0.0004349515867398347
2021-12-31,sh.603288,26.233922263912834,0.011041069181613364,-0.00031611173632785003
2021-12-31,sh.603501,26.379878902723398,-0.036425124502388245,-0.0006761282604158238
2021-12-31,sh.603799,25.74498042581949,0.00019993148969665864,-0.00039054137992919097
2021-12-31,sh.603986,26.210599800875524,-0.05350743519442144,-0.000768260003404692
2021-12-31,sh.603993,25.687475034564134,0.02146895424646285,-0.0002823543678739564
2021-12-31,sh.688012,25.46237567666363,0.01501238806441113,-0.0002458969651812347
2021-12-31,sh.688111,25.75785864641811,0.005221439635902506,-0.0003005361680508059
2021-12-31,sh.688256,25.317992378460943,-0.05377255049567703,-0.0006305783623297348
2021-12-31,sh.688599,26.164265072350812,-0.029667129616797377,-0.0005875593247938092
2021-12-31,sh.688981,26.339237531438542,0.01565609171091556,-0.00017290757370689365
2022-01-28,sh.600000,25.39090925072629,0.1776571573112546,-2.6343536108596395e-05
2022-01-28,sh.600009,25.243486882853073,0.04763080744673328,0.00012791797650659598
2022-01-28,sh.600010,24.835770479385236,0.1202711729645098,0.0006052957668833075
2022-01-28,sh.600015,25.381969571936544,0.21161407612317618,-1.4574154032124667e-05
2022-01-28,sh.600016,25.35290409566524,0.16451609992328278,2.6719018115918114e-06
2022-01-28,sh.600018,25.36870983672988,0.10047891961011948,2.0102681328489875e-05
2022-01-28,sh.600019,25.285855326539394,0.1417841567627543,0.00010055765764136121
2022-01-28,sh.600028,25.25636601815316,0.17522638327738133,0.00011456939649070376
2022-01-28,sh.600029,25.587106539526633,-0.01816436839530934,-0.00021703851172146565
2022-01-28,sh.600030,25.576038733013057,0.04629905296658124,-0.00020248591522001398
2022-01-28,sh.600031,25.480894175386236,0.07458747275277809,-0.00010940015008550834
2022-01-28,sh.600036,25.33689967538417,0.10040010146217758,3.037783735115048e-05
2022-01-28,sh.600048,25.35323733042504,0.13239647085055123,1.2577780941657612e-05
2022-01-28,sh.600050,25.270512741095647,0.08212868394851405,9.806336427959324e-05
2022-01-28,sh.600089,25.073579414051007,0.12120037902207326,0.0003147286254982816
2022-01-28,sh.600100,25.280371330555774,0.04326074628982677,4.7796356753057286e-05
2022-01-28,sh.600104,25.492769368940756,0.08344170941416997,-0.0001220944888383961
2022-01-28,sh.600109,25.46179676159286,0.058096981992281076,-9.22859120236781e-05
2022-01-28,sh.600111,24.165659910263777,0.19997100937454845,0.001191361503355727
2022-01-28,sh.600150,25.093800014565637,0.07757577214083727,0.00025111086223611007
2022-01-28,sh.600196,25.39345999142964,0.05658966286558645,-2.305988257689738e-05
2022-01-28,sh.600256,24.508964232654314,0.18303624746553226,0.0008544473848007028
2022-01-28,sh.600276,25.461833977065893,0.03935083058152376,-9.20288127694124e-05
2022-01-28,sh.600309,25.196821254910052,0.09847774354162706,0.00019582906366336414
2022-01-28,sh.600332,25.29283544470455,0.0874667387296136,7.419845391299328e-05
2022-01-28,sh.600340,25.599062470692406,-0.27824419267543843,-0.00022020592546844248
2022-01-28,sh.600346,25.178170643016884,0.12268301783230678,0.00018925503545089912
2022-01-28,sh.600372,25.151549742535327,0.07738616320754567,0.0002126059727753381
2022-01-28,sh.600406,25.344378222625657,0.06286904330901683,2.0874664255784638e-05
2022-01-28,sh.600436,25.33914211932897,0.048625569885647715,2.8831137196340388e-05
2022-01-28,sh.600438,24.823383256875214,0.125452698236856,0.0005431861863157926
2022-01-28,sh.600518,25.723709111126396,-0.2938949225026958,-0.000358946935275493
2022-01-28,sh.600519,25.574408593845995,0.025994337614114897,-0.00019986857657671914
2022-01-28,sh.600547,24.978990307323865,0.0884865592118153,0.00038247680384129493
2022-01-28,sh.600570,25.78824111220954,0.0056748794053860935,-0.00043235551947386387
2022-01-28,sh.600585,25.277469263982287,0.15048972728602764,8.740264675019896e-05
2022-01-28,sh.600588,25.765313036693765,-0.0036117644512796837,-0.0004491246746621089
2022-01-28,sh.600606,25.424980269088582,0.19257389634942956,-5.597500657387602e-05
2022-01-28,sh.600637,25.418028420196382,0.060316500889500295,-5.066366379538935e-05
2022-01-28,sh.600690,25.675630745576722,0.028627743747463477,-0.00029734208589710906
2022-01-28,sh.600703,25.320234403485966,0.0510134727958728,4.948787665467212e-05
2022-01-28,sh.600745,25.041188180987408,0.08833728401922593,0.0003192170447336539
2022-01-28,sh.600795,25.11039708642065,0.11244941672851844,0.0002532235049029605
2022-01-28,sh.600809,25.148620400128475,0.07577041049343873,0.00022403950103916498
2022-01-28,sh.600837,25.46055775864919,0.07488936881441369,-5.332312468352407e-05
2022-01-28,sh.600887,25.23879264390717,0.07763308712813397,0.0001280855056017886
2022-01-28,sh.600893,25.19939639346525,0.06597703222065532,0.0001734371235178347
2022-01-28,sh.600900,25.165887910751717,0.09655831226880313,0.00019912556076333513
2022-01-28,sh.600905,25.234015281645892,0.0698353952162753,0.00014444350328795532
2022-01-28,sh.600918,25.433939179278777,0.053849906524574255,-6.213265256985095e-05
2022-01-28,sh.600919,25.341978774797305,0.17516824993905894,4.651326967834684e-05
2022-01-28,sh.600958,25.385033251586982,0.060156198179255785,8.932056942896851e-07
2022-01-28,sh.600999,25.573417426425767,0.054870361715329705,-0.0002348796106032902
2022-01-28,sh.601006,25.268228726820404,0.1406040794391741,0.00010166936772458532
2022-01-28,sh.601012,24.9766199773134,0.10491680129499062,0.0003819604886157519
2022-01-28,sh.601066,25.485797362314692,0.04840484733221396,-0.00011653387349122362
2022-01-28,sh.601088,24.93167390583456,0.16285939047617015,0.0004291317760010215
2022-01-28,sh.601111,25.43449241528508,-0.011453278293379276,-6.659733491760504e-05
2022-01-28,sh.601118,25.24187758692704,0.060588231243158555,0.00012419079733650266
2022-01-28,sh.601127,25.431205130955384,0.022139197425135065,-6.238554888275333e-05
2022-01-28,sh.601138,25.361668213172788,0.0879105909866043,6.410312886632979e-06
2022-01-28,sh.601166,25.16772768649616,0.18798872289658752,0.00017183367919491456
2022-01-28,sh.601169,25.365225095628798,0.1948169435674027,2.231444499064061e-06
2022-01-28,sh.601186,25.4192810849002,0.17212468342705425,-5.21944836139504e-05
2022-01-28,sh.601198,25.485008242070347,0.05128408921467799,-0.00011967643124841083
2022-01-28,sh.601211,25.582399908591285,0.06377733606354984,-0.00022864677852278678
2022-01-28,sh.601225,24.875355693663863,0.203948372422802,0.0004895569271610882
2022-01-28,sh.601229,25.403358675385125,0.18079806969454,-2.842026443901201e-05
2022-01-28,sh.601236,25.67902256743177,0.01891020574372078,-0.00030724809706557046
2022-01-28,sh.601288,25.356570011591348,0.18848651056707932,1.3491936436575998e-05
2022-01-28,sh.601318,25.322539582031403,0.13482176766757167,4.380594843502814e-05
2022-01-28,sh.601319,25.315874891829495,0.11374353050752767,5.290740375789075e-05
2022-01-28,sh.601328,25.350246914290228,0.20223635348332092,1.0225223215978644e-05
2022-01-28,sh.601336,25.320804666416034,0.12726480842620527,5.0174217647344365e-05
2022-01-28,sh.601360,25.37476816402258,0.05395633201797222,-6.419398925755765e-06
2022-01-28,sh.601377,25.57798471898055,0.05671966571191335,-0.00017545108329676708
2022-01-28,sh.601390,25.388013197227682,0.1461782649846369,-2.089923792741474e-05
2022-01-28,sh.601398,25.381969571936544,0.1692640084758994,-1.0100923704966013e-05
2022-01-28,sh.601601,25.356202462736395,0.10419264154316626,1.366626610015089e-05
2022-01-28,sh.601628,25.215563744072686,0.09870865043583824,0.0001545897360129469
2022-01-28,sh.601633,25.70651950968066,0.0077896823242527,-0.000305620033180673
2022-01-28,sh.601658,25.40872498069874,0.13115494307969167,-2.8205213886462983e-05
2022-01-28,sh.601668,25.461489733940336,0.17503980183670087,-9.228985822887426e-05
2022-01-28,sh.601669,25.820390620481493,0.02242609319314183,-0.00044338418740843774
2022-01-28,sh.601688,25.654881007214623,0.04813004031416004,-0.0002902896252997803
2022-01-28,sh.601728,25.418115100120083,0.07754538461803516,-4.512076603370429e-05
2022-01-28,sh.601766,25.40134655611741,0.07512391887361407,-3.34763686774125e-05
2022-01-28,sh.601788,25.494223419113982,0.044310739467808676,-0.00012450592376418907
2022-01-28,sh.601800,25.25291842812288,0.14070274314223555,0.0001033216671739129
2022-01-28,sh.601816,25.300087424922737,0.061947953982279785,0.0002931653619783666
2022-01-28,sh.601818,25.381969571936544,0.19033437512724982,-3.4675992358667715e-05
2022-01-28,sh.601857,24.82034582725202,0.18044274176146857,0.0005532897347967493
2022-01-28,sh.601878,25.619773728161114,0.0288361909109264,-0.0002430733093134797
2022-01-28,sh.601881,25.51468712198451,0.06149102231267489,-0.00012572952422755317
2022-01-28,sh.601888,25.45585651916843,0.0432592955902167,-7.845122408615959e-05
2022-01-28,sh.601899,24.8196399613434,0.13285605846222034,0.0005453384056730256
2022-01-28,sh.601901,25.468915549934504,0.0425790659668052,-2.8244070192467245e-05
2022-01-28,sh.601919,25.055493833504546,0.25638561639304813,0.0005320042498995861
2022-01-28,sh.601939,25.356866834500227,0.1675348558640379,1.2704676101972038e-05
2022-01-28,sh.601985,25.19534585195343,0.09072103778336095,0.00018136298802526015
2022-01-28,sh.601988,25.369804086722663,0.18642548283096574,9.129033214184251e-06
2022-01-28,sh.601989,25.26891288227975,0.05171318260163831,7.535089159652529e-05
2022-01-28,sh.601995,25.478002708265844,0.047257075740257753,-0.00011987128164846206
2022-01-28,sh.601998,25.42239037764717,0.1818100128072742,-6.560775877757495e-05
2022-01-28,sh.603160,25.283536241912557,0.06713977969189708,8.203503863991448e-05
2022-01-28,sh.603259,25.413176131001876,0.04153435020608758,-3.8858503402174796e-05
2022-01-28,sh.603288,25.282983435455467,0.062312956759485685,8.262408743175574e-05
2022-01-28,sh.603501,25.50604172800197,0.03391524054486364,-0.00012909898715045165
2022-01-28,sh.603799,24.43578495372216,0.17009308065909612,0.0009306989329476465
2022-01-28,sh.603986,24.997948670637,0.09335140190602692,0.00037384500099341334
2022-01-28,sh.603993,24.771201033809994,0.13283852862342005,0.0005837545483134336
2022-01-28,sh.688012,25.085254094686956,0.08168432504656865,0.0002726033469801282
2022-01-28,sh.688111,25.846588698813225,-0.014448130559114397,-0.000453504249493009
2022-01-28,sh.688256,25.34570475158078,0.03178024532450974,3.475630990148286e-05
2022-01-28,sh.688599,24.776622922375665,0.12010187528904331,0.0005771777341663478
2022-01-28,sh.688981,25.266644627890557,0.06371705244503592,0.00020085722556817918
2022-02-28,sh.600000,25.899148275925103,0.15916400028206948,-0.00018824227581383347
2022-02-28,sh.600009,25.575147744904694,0.002838151657805793,-0.00022817909724559264
2022-02-28,sh.600010,26.083134916602106,-0.027061729601080692,-0.0005444000106537711
2022-02-28,sh.600015,25.2017173905935,0.20482817279046073,-6.0213301811688794e-05
2022-02-28,sh.600016,25.588039566150282,0.14969166306418508,-0.00011020135238397702
2022-02-28,sh.600018,25.572504425840002,0.07837386614900908,-0.0001347698854582048
2022-02-28,sh.600019,25.74194794077831,0.09824016496917132,-0.00023224607785953582
2022-02-28,sh.600028,26.06452592303801,0.1555941605143245,-1.6556352894148218e-05
2022-02-28,sh.600029,25.837663818525282,-0.04225655420812435,-0.0004086920945699163
2022-02-28,sh.600030,26.249217936309872,0.023603385235531016,-0.0003953136531055683
2022-02-28,sh.600031,25.968801340391995,0.04443850402118872,-0.0004040189751355861
2022-02-28,sh.600036,26.736155157249303,0.06509737820467289,-0.0002347576634854065
2022-02-28,sh.600048,25.159456373872086,0.18380698661582903,0.0004207351902774741
2022-02-28,sh.600050,25.627470253347887,0.03806974052198393,-0.0002509996518203207
2022-02-28,sh.600089,24.989447013886338,0.08926702802360346,4.997365115126917e-05
2022-02-28,sh.600100,24.572244213887142,0.01673640085995516,-0.00015444847364915048
2022-02-28,sh.600104,25.912896135151055,0.0764799405139747,-0.0002388859484850364
2022-02-28,sh.600109,24.94217219677393,0.04634759725151788,-0.00020981747577969564
2022-02-28,sh.600111,26.43453379655617,-0.05380904055289337,-0.0007780595301691881
2022-02-28,sh.600150,26.132471176757257,-0.058095426025525754,-0.0008059657201292317
2022-02-28,sh.600196,24.40317641930303,0.18257077707392375,0.0009344021199178995
2022-02-28,sh.600256,24.233943523292048,0.14305839564890122,0.0005647178802016271
2022-02-28,sh.600276,26.124407997604,0.013618245281177957,-0.00031260765180607153
2022-02-28,sh.600309,26.407824609779325,0.008313299705214883,-0.0005235635579326006
2022-02-28,sh.600332,24.73826353165454,0.10660049020701455,0.000180615135438991
2022-02-28,sh.600340,23.41596836243579,-0.15951507657699174,0.0008561679289126005
2022-02-28,sh.600346,26.19715705969979,0.014897885922870072,-0.000614402867049643
2022-02-28,sh.600372,24.693274420443284,0.06585541936628968,0.00010673322244456848
2022-02-28,sh.600406,25.880484603420587,0.009083921188401789,-0.0004166489129608548
2022-02-28,sh.600436,26.184554290641774,-0.013540837325915975,-0.0004608148741176504
2022-02-28,sh.600438,25.63178088315417,0.053767094995294806,-2.02263455077495e-05
2022-02-28,sh.600518,24.50435518733762,-0.2853117200907541,-0.00013916572263868399
2022-02-28,sh.600519,27.001086106105554,0.032885204751570696,-0.0001583419990789456
2022-02-28,sh.600547,25.173466032400587,0.05485965547373546,0.00011982220941920426
2022-02-28,sh.600570,25.473572222331484,-0.01033932719031068,-0.0005823114062663978
2022-02-28,sh.600585,25.707429657419695,0.1278817395797613,-8.841718410571893e-05
2022-02-28,sh.600588,26.377362887701693,-0.08196911727464928,-0.001064189292248553
2022-02-28,sh.600606,24.055254405624307,0.31561560813146194,0.0008951996448332201
2022-02-28,sh.600637,24.882551785709857,0.04107262840129948,-0.00022876214084383432
2022-02-28,sh.600690,26.08403177069867,0.025739349391385835,-0.0003547623845838685
2022-02-28,sh.600703,26.090959658326703,-0.03327876126457538,-0.0006154854651208844
2022-02-28,sh.600745,26.67930846694446,-0.09697141249770386,-0.0011270211027539555
2022-02-28,sh.600795,25.40448773372282,0.03296472426947419,-0.00040245861930529933
2022-02-28,sh.600809,26.43231791034833,-0.013258197636583563,-0.0004727204287748031
2022-02-28,sh.600837,25.828511161649168,0.04939429432669946,-0.00028356346512868955
2022-02-28,sh.600887,25.963630535436675,0.029236171086795652,-0.0002560021260820881
2022-02-28,sh.600893,25.915793030740268,-0.008533264768936233,-0.0004131795380059004
2022-02-28,sh.600900,26.309808769583803,0.04477877008869819,-0.0001987322628928654
2022-02-28,sh.600905,26.207591966115626,-0.013650192336307848,-0.0005097050270473613
2022-02-28,sh.600918,25.266591152871598,0.041213032398719755,-0.00018720159520391227
2022-02-28,sh.600919,24.983908100664095,0.18242308599956966,0.00022825683166540015
2022-02-28,sh.600941,25.108194079003425,0.12378822214359982,0.0003825421045294227
2022-02-28,sh.600958,25.616849695034134,0.015526373982151065,-0.00037935215046706135
2022-02-28,sh.600999,25.78859058982646,0.0425932608905071,-0.0003654138006005367
2022-02-28,sh.601006,25.203571099407267,0.12525162355772435,2.294546715318091e-05
2022-02-28,sh.601012,26.15638019455513,0.02231806185065599,-0.00027283750941634787
2022-02-28,sh.601066,26.028246991336637,0.02003286371734915,-0.00036079377974914024
2022-02-28,sh.601088,25.339744566103526,0.18382779890445433,0.0006482352585919976
2022-02-28,sh.601111,25.82939329355753,-0.03827967913471046,-0.0003013863848018956
2022-02-28,sh.601118,24.70159643885498,0.028115035194290712,-0.0001298328288730361
2022-02-28,sh.601127,25.2855932585217,0.0022376298520704746,-0.00018968315939828676
2022-02-28,sh.601138,26.033339552419623,0.04534243991666298,-0.0003486063564663193
2022-02-28,sh.601166,26.225384324520395,0.11444875817820152,-0.00027021618049210357
2022-02-28,sh.601169,25.151900649134063,0.1976617527495737,4.285396389631188e-05
2022-02-28,sh.601186,25.478486772074785,0.15478410681622584,-0.0001629564689120868
2022-02-28,sh.601198,24.88573306084259,0.043135364648833115,-0.00020812581223830017
2022-02-28,sh.601211,25.703754048203752,0.06478660862716185,-0.0002484669981803872
2022-02-28,sh.601225,24.794254054572153,0.19958259530913203,0.0005675212862809716
2022-02-28,sh.601229,25.40010821886789,0.16273455072045298,-0.00019133153575019517
2022-02-28,sh.601236,24.587344949935613,0.08829782988870798,0.00020403228943768962
2022-02-28,sh.601288,26.26757231790261,0.19917868933628974,0.00011186753280708855
2022-02-28,sh.601318,26.539965488377494,0.10527369984184039,-0.0001812726290848866
2022-02-28,sh.601319,25.69520640487341,0.10134505642907322,-5.1272522770803534e-05
2022-02-28,sh.601328,25.599468905713202,0.22519152069089957,0.00023266486141648642
2022-02-28,sh.601336,25.63727817706117,0.08690925463944492,-0.0002764234172151462
2022-02-28,sh.601360,25.361019008040817,0.034329328017908375,-0.00018189610715552075
2022-02-28,sh.601377,25.215330385857243,0.06118265567417306,-0.0002084175983508521
2022-02-28,sh.601390,25.60607988408688,0.1259869250000762,-0.00012139465854639077
2022-02-28,sh.601398,26.5424596458374,0.17956998554317333,7.654629953195798e-05
2022-02-28,sh.601601,26.248598738571353,0.03970082976018446,-0.0005001797001662361
2022-02-28,sh.601628,26.699644278645035,0.03790374707727435,-0.0003318605255485829
2022-02-28,sh.601633,26.876550492543345,-0.06624112205916485,-0.0009046194067094437
2022-02-28,sh.601658,26.191493603901538,0.1102659174944675,-0.00012706699798734983
2022-02-28,sh.601668,25.384093728675104,0.2149063648514388,0.0002377644941520596
2022-02-28,sh.601669,25.56846251111991,0.05739962452167065,-0.00018801656138002184
2022-02-28,sh.601688,25.70150763250011,0.05899551939161063,-0.0002462652937225601
2022-02-28,sh.601728,25.971328983071082,0.07050888099073138,-0.00011673899928050426
2022-02-28,sh.601766,25.795083600406187,0.04773813215671956,-0.0002618039260635233
2022-02-28,sh.601788,25.322312227032345,0.030220975057576017,-0.0002518897373035542
2022-02-28,sh.601800,25.455933459923557,0.12313815557977564,2.053763037292388e-05
2022-02-28,sh.601816,26.066438121114434,0.016126377920115648,-5.7112532614239386e-05
2022-02-28,sh.601818,25.567946560838074,0.1837782383083062,-7.86363690907381e-05
2022-02-28,sh.601857,26.58915848494468,0.07897157246155147,-0.0001541624343228295
2022-02-28,sh.601878,25.262444875077193,0.018909287427687174,-0.0003413852529119747
2022-02-28,sh.601881,25.377762355576042,0.07481898302334683,-5.422655216484045e-05
2022-02-28,sh.601888,26.721772691107315,-0.03524721110530046,-0.0006974802666191468
2022-02-28,sh.601899,25.81677021298718,0.06421020640933423,3.5497801010367263e-05
2022-02-28,sh.601901,25.307457353434902,0.02586156522172664,-0.00016828860394611466
2022-02-28,sh.601919,25.889681997969735,0.1727219801704539,-0.0002100092857265251
2022-02-28,sh.601939,26.42816520536247,0.18121261749701412,0.0001464644829628185
2022-02-28,sh.601985,25.08085008778701,0.11595950936787164,0.0003513180429359814
2022-02-28,sh.601988,26.133584165103454,0.20843605816042118,0.00019854575596794816
2022-02-28,sh.601989,25.576355740428088,0.005310016061447376,-0.00028511728142475567
2022-02-28,sh.601995,25.76533011685558,0.0543144723052504,-8.938535958279641e-05
2022-02-28,sh.601998,25.241401807288238,0.23780451611337766,0.00036487047966119113
2022-02-28,sh.603160,25.735471905556064,-0.04631152573770872,-0.0008223450712012684
2022-02-28,sh.603259,25.5764658031179,0.08467330985867892,0.0002900583968368775
2022-02-28,sh.603288,26.33432632520989,-0.0046821193844874265,-0.0004433928088923689
2022-02-28,sh.603501,26.37984812962266,-0.048491101252139235,-0.0007905867699939123
2022-02-28,sh.603799,26.16638313741173,-0.047040975579832195,-0.0007483498150028376
2022-02-28,sh.603986,25.657516074002064,0.008160859047170774,-0.00029516005413460477
2022-02-28,sh.603993,25.948768198662624,-0.007872824169614628,-0.0005012552393340078
2022-02-28,sh.688012,25.575248428905923,0.0015122461343003712,-0.00035043953703869576
2022-02-28,sh.688111,25.79182137833805,-0.011615819036689679,-0.0004398449872238088
2022-02-28,sh.688256,25.332170399159914,-0.0691626545998815,-0.0007316554452033278
2022-02-28,sh.688599,26.460932540139844,-0.06811470678154291,-0.0008873127080543662
2022-02-28,sh.688981,26.39382695337691,0.006501047968301282,-0.0002474927845355725
2022-03-31,sh.600000,25.68651274317457,0.1897795966687745,-3.8490936624936985e-06
2022-03-31,sh.600009,25.302643186548085,0.03263170622909492,7.614964604293046e-06
2022-03-31,sh.600010,25.95002803960669,-0.01931935597616377,-0.0005041700577654312
2022-03-31,sh.600015,25.22309429804425,0.2035144710607139,-8.719574760839547e-05
2022-03-31,sh.600016,25.60795669638857,0.14858195301826055,-0.00014101941244770358
2022-03-31,sh.600018,25.09131950906014,0.13861539032496176,0.0003158419490053505
2022-03-31,sh.600019,25.62508706236662,0.11491971394604593,-0.0001509990300539782
2022-03-31,sh.600028,26.037284845791017,0.15914076829485913,8.914936513044248e-06
2022-03-31,sh.600029,25.191532715920655,0.028039105202135664,0.00016710314715887787
2022-03-31,sh.600030,26.020313614146815,0.04931199014613716,-0.00022549645430727146
2022-03-31,sh.600031,25.73066468797382,0.0738589543755642,-0.00022650764610418643
2022-03-31,sh.600036,27.030457085792335,0.027710076401992315,-0.0005524703539397765
2022-03-31,sh.600048,25.57312539935127,0.12954182316491364,7.162269372499376e-05
2022-03-31,sh.600050,25.4002601049468,0.06441499974536395,-6.218139781477805e-05
2022-03-31,sh.600089,25.216086220771846,0.06098628994881043,-0.00016651828449001333
2022-03-31,sh.600100,25.436377906501196,-0.09382597867354486,-0.0010121520642997167
2022-03-31,sh.600104,25.88304724653525,0.0805630474139532,-0.00024062072487446146
2022-03-31,sh.600109,25.2432474792804,0.006910065602886234,-0.0005305278517953971
2022-03-31,sh.600111,26.19850223686074,-0.037245480064984904,-0.0006645051849707129
2022-03-31,sh.600150,25.571816626408296,-0.002016662921608306,-0.0003744060772563305
2022-03-31,sh.600196,26.216445619715607,-0.035099690066140235,-0.0007242278903874144
2022-03-31,sh.600256,24.57898990613874,0.10453609135618759,0.0002974276755415706
2022-03-31,sh.600276,26.525608584812243,-0.040971700480822465,-0.000745789089056939
2022-03-31,sh.600309,25.80142907359734,0.08104440200005174,-8.90799038264694e-06
2022-03-31,sh.600332,25.241356582806404,0.04454018224194042,-0.0002855653168782129
2022-03-31,sh.600340,25.22155817015936,-0.3680785279269764,-0.0008036969210978193
2022-03-31,sh.600346,25.459007013451078,0.10676982251034704,1.8500678677553456e-05
2022-03-31,sh.600372,25.189729121736125,0.005177023558085775,-0.0003624479133935724
2022-03-31,sh.600406,25.351314773798475,0.07086195892857994,4.361686505875819e-05
2022-03-31,sh.600436,25.792179913663027,0.028194647946649977,-0.00014119617542578082
2022-03-31,sh.600438,25.75093590552419,0.03857957381328444,-0.00013897377064191793
2022-03-31,sh.600518,24.692994157626465,-0.3061044985001117,-0.00033875872603215013
2022-03-31,sh.600519,26.59163223666521,0.08225038838501404,0.00022160897587028395
2022-03-31,sh.600547,25.734108365080036,-0.013287134238173279,-0.00041052913476649253
2022-03-31,sh.600570,25.372537412972807,-0.0041907452636717885,-0.0005623859774801232
2022-03-31,sh.600585,25.576981573019143,0.1449944774250716,2.9048623715377794e-05
2022-03-31,sh.600588,25.824316862510543,-0.030108468711625105,-0.0006774990514663963
2022-03-31,sh.600606,25.515438005891422,0.11455307718850123,-0.00042258754241205666
2022-03-31,sh.600637,25.02071258001153,0.021758281661760484,-0.00039290218720351076
2022-03-31,sh.600690,25.225059935054638,0.1305708968542942,0.0004359312828880062
2022-03-31,sh.600703,26.247972959853385,-0.06330491042256736,-0.0008566900664996833
2022-03-31,sh.600745,26.075886064413147,-0.04096023808919705,-0.0007142738970155369
2022-03-31,sh.600795,24.202480665856356,0.18203279759479718,0.0007163522689276913
2022-03-31,sh.600809,25.63160208428899,0.07980970679277585,0.0002424292971875247
2022-03-31,sh.600837,25.92667333007554,0.036095152740955254,-0.00042205619467239997
2022-03-31,sh.600887,25.518028370652452,0.08237340752565221,0.0001454930334687084
2022-03-31,sh.600893,26.034752918585337,-0.030308733736855678,-0.000586919010908497
2022-03-31,sh.600900,25.96929649582721,0.08582771286855977,0.000108259505814326
2022-03-31,sh.600905,25.806808926257734,0.02929141581745988,-0.00019133617079665992
2022-03-31,sh.600918,25.48172962846297,0.012344202187809378,-0.0004212421128125701
2022-03-31,sh.600919,25.089927884750576,0.16627762877022106,0.00015324968793525542
2022-03-31,sh.600941,25.578208149660178,0.0624904207444692,-0.00010496748692012588
2022-03-31,sh.600958,25.73343746171732,-0.0030803328034152144,-0.0005470329781216072
2022-03-31,sh.600999,25.859872869032454,0.03212563409630023,-0.0004791852363670739
2022-03-31,sh.601006,25.35598527860933,0.1059521308520915,-0.00012159996909983774
2022-03-31,sh.601012,26.074838900932008,0.029189726664434527,-0.00022893773366475812
2022-03-31,sh.601066,25.899333066395762,0.032611376474633164,-0.0002831976780316453
2022-03-31,sh.601088,25.96942315793715,0.1060505507080792,0.00011396520416414192
2022-03-31,sh.601111,25.34730458713296,0.013696263969536784,0.00012974453796201865
2022-03-31,sh.601118,24.8675965738119,0.005357287058351701,-0.00030777416135655916
2022-03-31,sh.601127,25.44651334898505,-0.02177720949522355,-0.000370719309362237
2022-03-31,sh.601138,25.875516955959984,0.06406960171049919,-0.00024124942483038224
2022-03-31,sh.601166,25.988711672784728,0.14715824248135345,-7.110884334763154e-05
2022-03-31,sh.601169,25.22615506452953,0.18699927235119163,-2.213368440932772e-05
2022-03-31,sh.601186,24.934312304572124,0.22615014253980018,0.00034843310896375153
2022-03-31,sh.601198,25.254964411039616,-0.005025665618792502,-0.0005944880324838906
2022-03-31,sh.601211,25.718373850664637,0.0624607456802392,-0.00029228711912610803
2022-03-31,sh.601225,25.279523016945586,0.1360814749152952,0.00016445064118080112
2022-03-31,sh.601229,25.27111849926003,0.18344935418501443,-9.045664232312659e-05
2022-03-31,sh.601236,25.328434411109324,-0.0022392167741096675,-0.0004910498061616087
2022-03-31,sh.601288,26.43463090052771,0.1756033899421234,-3.514569168086171e-05
2022-03-31,sh.601318,26.647422618486075,0.09301923530281611,-0.0003089417867223161
2022-03-31,sh.601319,25.813336424126653,0.08656215135116445,-0.0001719244296255719
2022-03-31,sh.601328,25.914439487142094,0.17994463614767586,-4.230112369379897e-05
2022-03-31,sh.601336,25.91143890095625,0.05415738231281111,-0.000580986749970231
2022-03-31,sh.601360,25.8392616202476,-0.02787331021732277,-0.0006718218867468485
2022-03-31,sh.601377,25.526698822849067,0.02141985443691162,-0.0005432546065552007
2022-03-31,sh.601390,24.827836774589993,0.22484842886071854,0.0006241773246340223
2022-03-31,sh.601398,26.63497923279761,0.16644374670357137,-2.405553773880784e-06
2022-03-31,sh.601601,26.024408539285105,0.06856862205721904,-0.0003510175490633938
2022-03-31,sh.601628,26.434856376247826,0.06923181733520556,-0.00011841339319062155
2022-03-31,sh.601633,26.14900934174239,0.011102963552733491,-0.0003343404320237888
2022-03-31,sh.601658,26.03222413765083,0.13115148831413126,1.1541080422160034e-05
2022-03-31,sh.601668,25.095376369836845,0.2461331147976376,0.0005521573297193628
2022-03-31,sh.601669,25.12510249962921,0.11202492319263348,0.00022137823665452288
2022-03-31,sh.601688,25.828945049498678,0.042175273086254336,-0.00040122911317975427
2022-03-31,sh.601728,25.950436425791676,0.07262036582472185,-0.00011076967094002973
2022-03-31,sh.601766,25.75065858638763,0.0518323377584629,-0.00025247046572828154
2022-03-31,sh.601788,25.372065661745665,0.021249465219569663,-0.00033305901441167565
2022-03-31,sh.601800,24.945173372318827,0.1870953238218488,0.0005249972601817357
2022-03-31,sh.601816,25.900776268217246,0.0330329564093285,6.730356069115513e-05
2022-03-31,sh.601818,25.642207309335664,0.17551543813307297,-0.00015703237426292895
2022-03-31,sh.601857,26.499477623294872,0.09016686955914667,-8.821759056047276e-05
2022-03-31,sh.601878,25.34175474613424,0.005199289543016267,-0.0004648982652628954
2022-03-31,sh.601881,25.563422043857734,0.051194618563250395,-0.00024330668997952633
2022-03-31,sh.601888,25.50666290332763,0.10751262096083086,0.00038718510181530376
2022-03-31,sh.601899,25.951797276345996,0.04771549118344938,-9.115834679732909e-05
2022-03-31,sh.601901,25.391268604841514,0.01236853472243167,-0.0002810037685827157
2022-03-31,sh.601919,25.654515798454394,0.21901813385657984,-4.018641346709267e-05
2022-03-31,sh.601939,26.74283773211393,0.13933411088126618,-0.00014019411846598676
2022-03-31,sh.601985,25.941580895590732,0.010904642754569524,-0.000444430664471941
2022-03-31,sh.601988,26.412407512554612,0.1693394159921646,-4.7651651716892084e-05
2022-03-31,sh.601989,25.540169160999714,0.005278208362642381,-0.00028423116480560197
2022-03-31,sh.601995,26.064934462265935,0.01600744190681619,-0.0003904320078973251
2022-03-31,sh.601998,25.736754163871883,0.16770843038646305,-6.940740559505912e-05
2022-03-31,sh.603160,25.547401399292337,-0.033183372720354834,-0.0007601284252559256
2022-03-31,sh.603259,26.227254875511928,0.00735300002186591,-0.00030725452496773765
2022-03-31,sh.603288,25.703196099702623,0.06821960785955895,0.00011215391657228132
2022-03-31,sh.603501,26.292302370158183,-0.04911553475556421,-0.0008221789596034779
2022-03-31,sh.603799,25.873293653013697,-0.021954827686344464,-0.0005746046964251741
2022-03-31,sh.603986,25.74700971987449,-0.00775083034726437,-0.0004233106655020715
2022-03-31,sh.603993,25.759368935885497,0.009319923740112299,-0.0003860541351308556
2022-03-31,sh.688012,25.5559312571467,-0.0015479959022761253,-0.00037805355499349885
2022-03-31,sh.688111,25.256511395669623,0.048331511031182224,2.0526240924498287e-05
2022-03-31,sh.688256,25.171234608974576,-0.06653429238544115,-0.0006829313745098976
2022-03-31,sh.688599,25.94760167024302,-0.019242180717704754,-0.0005187245296340633
2022-03-31,sh.688981,26.5215803687341,-0.014533591573226215,-0.0004190727874747167
2022-04-29,sh.600000,25.424101843891457,0.1827194358672009,-5.8755186768878015e-05
2022-04-29,sh.600009,25.30511276464101,0.04036320827615194,6.77420046503636e-05
2022-04-29,sh.600010,25.122029390531495,0.08739964288882189,0.0003257718447752345
2022-04-29,sh.600015,25.47163701065975,0.20159388525766214,-0.0001021319319085684
2022-04-29,sh.600016,25.2702115064177,0.1774416061205874,8.341893177543859e-05
2022-04-29,sh.600018,25.179115747661957,0.12439301136108229,0.0002052360739364714
2022-04-29,sh.600019,25.416884137859963,0.1308143290788535,-2.7388358441858032e-05
2022-04-29,sh.600028,25.27803035725207,0.17000627267437274,9.341476759004079e-05
2022-04-29,sh.600029,25.38775285644591,0.0036748291124093085,-2.23751450570736e-05
2022-04-29,sh.600030,25.362877977568395,0.07903545725779958,5.659676345410258e-06
2022-04-29,sh.600031,25.279447710179586,0.11421112746562809,8.730676053569717e-05
2022-04-29,sh.600036,25.404563921635045,0.0941602809293931,-3.5694430662427047e-05
2022-04-29,sh.600048,25.923434371613183,0.05035508043835773,-0.0005442038846110856
2022-04-29,sh.600050,25.424687014335273,0.06566200744667391,-5.248355623909573e-05
2022-04-29,sh.600089,24.776783762597233,0.16013385146792586,0.0006045413835597825
2022-04-29,sh.600100,25.133811520251,0.06087082775668011,0.0001909079644782555
2022-04-29,sh.600104,25.089723345319012,0.14641064925839203,0.00027146882369461064
2022-04-29,sh.600109,25.400195680693333,0.07099657084819705,-3.213415755013999e-05
2022-04-29,sh.600111,25.008191950947637,0.09560421068764359,0.00036865223093295984
2022-04-29,sh.600150,24.671430657758915,0.13144915297402615,0.0006635428760383223
2022-04-29,sh.600196,25.310250385256865,0.06550863824369273,5.819200013776381e-05
2022-04-29,sh.600256,24.6649336765032,0.15657744211823388,0.0007021475297531136
2022-04-29,sh.600276,25.27485717905614,0.06656974206099399,9.054886739297513e-05
2022-04-29,sh.600309,25.079210727775667,0.12213801281074842,0.00031067249576530897
2022-04-29,sh.600332,25.13334611111361,0.11082641089706036,0.0002299353840970262
2022-04-29,sh.600340,24.968464729516818,-0.213871345497312,0.0003955553557439774
2022-04-29,sh.600346,24.910059077007546,0.16239075890072166,0.00045105857614548576
2022-04-29,sh.600372,24.58055211312971,0.15081587419446463,0.0007701693906153576
2022-04-29,sh.600406,25.11765539709439,0.09640512344641206,0.00024226324276380894
2022-04-29,sh.600436,25.33838006024174,0.050153483015477354,2.9575266851857876e-05
2022-04-29,sh.600438,24.92193477004262,0.11392166230395137,0.0004469533550654725
2022-04-29,sh.600518,25.3965965561042,-0.26762791306334943,-3.9530558036917296e-05
2022-04-29,sh.600519,25.432032980840603,0.04593102394593599,-6.084272197380156e-05
2022-04-29,sh.600547,25.53304127845732,0.019115338783978975,-0.00015853867015343923
2022-04-29,sh.600570,25.18256167905843,0.08857894935961251,0.00015907372203572922
2022-04-29,sh.600585,25.676416327049324,0.10240588832213593,-0.000302158143988007
2022-04-29,sh.600588,25.317936944729027,0.05543019610382344,-1.2274274502956483e-05
2022-04-29,sh.600606,26.127518253467645,0.07348313648425911,-0.0007419839487486092
2022-04-29,sh.600637,25.166546366716577,0.09734168495031624,0.00019490161711407217
2022-04-29,sh.600690,25.457413422348196,0.06368166654887514,-8.425889552055813e-05
2022-04-29,sh.600703,24.917726678807593,0.10375616942655413,0.0004425255551338248
2022-04-29,sh.600745,25.5042643234192,0.03378813621315094,-0.00013296402117236422
2022-04-29,sh.600795,24.66001650570102,0.17903101103052288,0.0006930077053666456
2022-04-29,sh.600809,25.375059397430867,0.04901317657981926,2.928072959134126e-06
2022-04-29,sh.600837,25.348739649893773,0.09754907233035003,5.586417082062245e-05
2022-04-29,sh.600887,25.42789609695894,0.05639106355435049,-5.656879448461968e-05
2022-04-29,sh.600893,25.207843417108467,0.06640188714852065,0.0001651888381825876
2022-04-29,sh.600900,25.166878224647153,0.0973874806079513,0.0001981585465905281
2022-04-29,sh.600905,25.130068777585258,0.08551962163953955,0.0002459443941706341
2022-04-29,sh.600918,25.36120087065981,0.06765376893573209,8.894297233269027e-06
2022-04-29,sh.600919,25.64287652934682,0.11477185039723195,-0.0002473050787824974
2022-04-29,sh.600941,25.306740578549615,0.08534933202311087,7.280374892707148e-05
2022-04-29,sh.600958,25.3081001082252,0.07703514823423271,7.601629578946791e-05
2022-04-29,sh.600999,25.34370116621677,0.09238329720548483,-1.0568025791839778e-05
2022-04-29,sh.601006,25.35374783821966,0.12392361921593628,1.816231692991295e-05
2022-04-29,sh.601012,24.760240957671773,0.13491147049671223,0.0005932486263017968
2022-04-29,sh.601066,25.23390355287143,0.08567001045480008,0.00012943347574650868
2022-04-29,sh.601088,24.993598906541443,0.1388012418539165,0.0003686637227801751
2022-04-29,sh.601111,25.2946401437592,0.006009387537384378,6.99645464089989e-05
2022-04-29,sh.601118,25.17968428416497,0.06871101957968712,0.0001849208401054623
2022-04-29,sh.601127,24.05993781201942,0.1900476275218795,0.0012766191224923879
2022-04-29,sh.601138,25.425404954543655,0.0879123682365242,-5.582685506399233e-05
2022-04-29,sh.601166,25.534317325491394,0.13236799357320006,-0.0001861309804406948
2022-04-29,sh.601169,25.505354744729377,0.17253750091554287,-0.00013460128836984936
2022-04-29,sh.601186,25.596267050193365,0.1524125033111397,-0.00022501639151100103
2022-04-29,sh.601198,25.40480757273295,0.06609856895015662,-4.1362692266053016e-05
2022-04-29,sh.601211,25.410291821417346,0.09225403563471266,-6.058798391360372e-05
2022-04-29,sh.601225,24.997537411639296,0.16254439458614317,0.00037024985342969216
2022-04-29,sh.601229,25.428307136572457,0.18829382222040605,-5.2781747872729594e-05
2022-04-29,sh.601236,25.851861438322594,-0.00030665445241258305,-0.0004760204817947558
2022-04-29,sh.601288,25.41882383596682,0.1740408742681931,-4.7297204016654534e-05
2022-04-29,sh.601318,25.412339602798117,0.12710233260548992,-4.388129214583773e-05
2022-04-29,sh.601319,25.124494576656517,0.13950226400299745,0.00023978499683340498
2022-04-29,sh.601328,25.507767394433596,0.16692039975234868,-0.00014358917594354463
2022-04-29,sh.601336,25.58737989502317,0.10184451991885482,-0.00021012913199773176
2022-04-29,sh.601360,25.340660396869637,0.06197080371104896,2.6885893862382194e-05
2022-04-29,sh.601377,25.56675039804227,0.070124868029661,-0.0001644810791200786
2022-04-29,sh.601390,25.652754715277656,0.10865939209433029,-0.00027941201984868925
2022-04-29,sh.601398,25.476341160164704,0.1536048584835054,-0.00010225217367470265
2022-04-29,sh.601601,25.300642133523574,0.12243809285503256,6.791939335825199e-05
2022-04-29,sh.601628,25.470593578170455,0.07231448133711413,-9.443985470311762e-05
2022-04-29,sh.601633,24.102907497395307,0.21614678846336985,0.0012602628153871337
2022-04-29,sh.601658,25.493145466386476,0.11544076471132796,-0.00011063948701079762
2022-04-29,sh.601668,25.84288261285025,0.11537817060300545,-0.000464709472871085
2022-04-29,sh.601669,25.357748341710458,0.08463543751645972,8.373222613370835e-06
2022-04-29,sh.601688,25.390417066163707,0.08964684965552391,-3.204788965319883e-05
2022-04-29,sh.601728,25.401296743818744,0.0831736289749368,-2.8698105520056785e-05
2022-04-29,sh.601766,25.37452574038983,0.08335957894306253,-7.286582737508819e-06
2022-04-29,sh.601788,25.325813777711144,0.06921214190978572,3.994144067674937e-05
2022-04-29,sh.601800,25.814650848535116,0.062342137808784705,-0.0004451945299294309
2022-04-29,sh.601816,25.1526541513037,0.08058748365715376,0.0004371298825105145
2022-04-29,sh.601818,25.46445842622375,0.18089140386425367,-0.00011522408075959273
2022-04-29,sh.601857,25.18632686176837,0.12670293416640113,0.00019591936062903384
2022-04-29,sh.601878,25.19829848409835,0.08664365906846457,0.00016848562808388805
2022-04-29,sh.601881,25.560204417807114,0.06059822133772044,-0.00017017590670396305
2022-04-29,sh.601888,25.49123834376718,0.043195688592853,-0.00011300059878886992
2022-04-29,sh.601899,25.724943942342982,0.015889454033030867,-0.0003386659331116023
2022-04-29,sh.601901,25.295976289199228,0.06658430958902817,0.00014062634244770746
2022-04-29,sh.601919,25.142301925602425,0.28169421206770656,0.0004472385450460531
2022-04-29,sh.601939,25.4377063336825,0.14884450089580661,-6.623286258354298e-05
2022-04-29,sh.601985,25.313429944862,0.07654628153412306,6.60571320216617e-05
2022-04-29,sh.601988,25.428522326501106,0.16926791507063715,-4.820770651010636e-05
2022-04-29,sh.601989,25.29773125415305,0.04789700804406361,4.72105472399508e-05
2022-04-29,sh.601995,25.279666540194007,0.07570103724119025,7.379850970695634e-05
2022-04-29,sh.601998,25.665959884821948,0.13761423403605078,-0.0003034466567137111
2022-04-29,sh.603160,25.299453598940445,0.0731085533304426,6.649217903700076e-05
2022-04-29,sh.603259,25.670377482952915,0.009570596501915829,-0.0002900085213386315
2022-04-29,sh.603288,25.60700120176617,0.02373855747975291,-0.00023377031408816708
2022-04-29,sh.603501,25.044771421971802,0.09792238223432106,0.0003213187293749434
2022-04-29,sh.603799,24.826160167109112,0.12259048928947341,0.0005495083167227966
2022-04-29,sh.603986,24.814831435950687,0.11774465748887744,0.0005526539241467289
2022-04-29,sh.603993,25.30967851556946,0.06641219307834104,5.7946156652991527e-05
2022-04-29,sh.688012,25.008204155931182,0.09179189324569159,0.00034784048455240507
2022-04-29,sh.688111,25.045033736035254,0.08802164444153737,0.00032919203787745976
2022-04-29,sh.688256,25.03838492917991,0.06433769116763029,0.00033484563028304755
2022-04-29,sh.688599,24.390386735783302,0.1701717439893435,0.0009543267050195253
2022-04-29,sh.688981,25.082904456573015,0.08825135571228274,0.0003802744291403931
2022-05-31,sh.600000,25.663704377939393,0.19329335108377158,1.4747073070877545e-05
2022-05-31,sh.600009,24.861019254797736,0.08981760270749971,0.0004507106985226176
2022-05-31,sh.600010,24.636921578292238,0.14070936020456098,0.000727330580735084
2022-05-31,sh.600015,24.957509694831664,0.24191355987180663,0.00015059695715334795
2022-05-31,sh.600016,25.370159817865364,0.17860068087165581,8.990289197117899e-05
2022-05-31,sh.600018,25.726709491918413,0.0597831305645854,-0.00023951554987137495
2022-05-31,sh.600019,25.512335397375576,0.1309699081938062,-6.689604145939794e-05
2022-05-31,sh.600028,26.137704915275393,0.1448460019268225,-7.357099403427616e-05
2022-05-31,sh.600029,24.9284967925025,0.06565791034285545,0.0004470574338704834
2022-05-31,sh.600030,25.420184478630713,0.12332392405484102,0.00033386885459932243
2022-05-31,sh.600031,24.91516690660218,0.1762579049284054,0.0005536548838175072
2022-05-31,sh.600036,26.15851527858216,0.13715380943038857,0.00021850326258636784
2022-05-31,sh.600048,25.123666869155123,0.18882231561685836,0.00044602046644951897
2022-05-31,sh.600050,25.31311824649459,0.07456997793817849,1.0443938631974942e-05
2022-05-31,sh.600089,24.15992248530259,0.1956013680886582,0.0009131129175474897
2022-05-31,sh.600100,24.255130757625153,0.03681694882255117,2.4359633464923632e-05
2022-05-31,sh.600104,25.520840092697554,0.12596329066195805,0.00011849104809052007
2022-05-31,sh.600109,24.274694603778258,0.12442971191673141,0.0003388721783499312
2022-05-31,sh.600111,25.37847202379246,0.06008653768078616,8.441252657770667e-05
2022-05-31,sh.600150,25.184061679953945,0.05115937110902553,4.0690576847581466e-05
2022-05-31,sh.600196,25.31363025044695,0.06960770285791863,6.122966945469642e-05
2022-05-31,sh.600256,24.848710304908135,0.08045644485245854,0.00015708462383036702
2022-05-31,sh.600276,24.839756775894536,0.161439808243636,0.0008055667702260038
2022-05-31,sh.600309,25.237233659453167,0.15327966001075136,0.0005766369285375791
2022-05-31,sh.600332,24.791450288137124,0.1007364364772017,0.0001473304722554067
2022-05-31,sh.600340,24.483722118686288,-0.31481097624879006,-0.00015152097163516765
2022-05-31,sh.600346,25.60586513409151,0.08870152393937968,-6.342020336832713e-05
2022-05-31,sh.600372,25.0768755175126,0.024234357981008217,-0.0002068282744133259
2022-05-31,sh.600406,25.61184707949623,0.041509375812876594,-0.0001697658271023264
2022-05-31,sh.600436,25.078022259975405,0.11648361250786315,0.0005444301668112181
2022-05-31,sh.600438,24.429346920427914,0.20813910252965853,0.001189356229469495
2022-05-31,sh.600518,24.574970694579218,-0.32772829782566204,-0.0002690045664751302
2022-05-31,sh.600519,26.306871621391476,0.12043490132973234,0.000523242055169118
2022-05-31,sh.600547,25.212101638550845,0.042214668709541894,2.2911118338208083e-05
2022-05-31,sh.600570,24.459016203762964,0.10665027058294103,0.0002792496557272906
2022-05-31,sh.600585,25.49822211829161,0.15772201438182093,7.190803044315253e-05
2022-05-31,sh.600588,24.669563452009438,0.10608265397056095,0.00037076393713594683
2022-05-31,sh.600606,24.809971953385237,0.23336432130891835,0.00010073285955207662
2022-05-31,sh.600637,24.724932404540112,0.05725415143140134,-0.00012985143742647403
2022-05-31,sh.600690,25.423126016962783,0.10859668186459348,0.0002886746641053181
2022-05-31,sh.600703,24.57394160206381,0.13869403365777472,0.0007069182077585496
2022-05-31,sh.600745,23.96761720638287,0.21106783918798255,0.0012248215219519674
2022-05-31,sh.600795,24.80297495552093,0.114349665189218,0.00030412779179785716
2022-05-31,sh.600809,25.17030287774378,0.14136146027098656,0.000725473447624284
2022-05-31,sh.600837,25.130199153393963,0.1354405758269209,0.00029680820435560955
2022-05-31,sh.600887,25.500013384429884,0.08583352075773328,0.0001775582482818639
2022-05-31,sh.600893,24.79188767975343,0.11843953898445374,0.0005645140660505667
2022-05-31,sh.600900,26.277095095864677,0.05009482721901058,-0.0001494085306463557
2022-05-31,sh.600905,25.568134317045985,0.05980860234564569,4.725771495411581e-05
2022-05-31,sh.600918,24.814499531530235,0.09209278756259343,0.00017517410194758666
2022-05-31,sh.600919,24.81286012907704,0.20261983685958762,0.0004076945163215685
2022-05-31,sh.600941,25.667739129094514,0.049564700791847036,-0.00021058812545229254
2022-05-31,sh.600958,24.747510865153192,0.11608163625879359,0.0003458014603446516
2022-05-31,sh.600999,24.920785081955184,0.1486842220058388,0.0003817340180412454
2022-05-31,sh.601006,25.29652209678297,0.11386849948083395,-7.50411756029247e-05
2022-05-31,sh.601012,25.217860031422422,0.1410718661844897,0.0006531256429704711
2022-05-31,sh.601066,24.520218596985973,0.2044855895738712,0.0010453094401464238
2022-05-31,sh.601088,26.235856956495944,0.07462366962556516,-8.190803423528063e-05
2022-05-31,sh.601111,24.781871159793265,0.09122593308598723,0.0007120094407935941
2022-05-31,sh.601118,24.47747000475489,0.052492517030943216,5.783513665899305e-05
2022-05-31,sh.601127,23.13842412120106,0.28331782001673783,0.0019803288646638557
2022-05-31,sh.601138,25.43256327853542,0.11917390419718317,0.0001543227631252628
2022-05-31,sh.601166,25.68188239154526,0.18832258860439466,0.0002037937793379082
2022-05-31,sh.601169,25.09810973358523,0.20622243371325766,8.553770740055292e-05
2022-05-31,sh.601186,25.34416965858656,0.1720099215046611,-3.425296990709248e-05
2022-05-31,sh.601198,24.24649626553079,0.11621069905858715,0.0003040306314664015
2022-05-31,sh.601211,25.228155426389833,0.12368238355471683,0.00014692925876724135
2022-05-31,sh.601225,25.086525759878725,0.15932407987796854,0.0004224970516944449
2022-05-31,sh.601229,25.086469145351202,0.20997005197004484,7.263671271734207e-05
2022-05-31,sh.601236,24.08112507372523,0.14331920719620994,0.0005942336235301102
2022-05-31,sh.601288,26.414443830711136,0.1794077462937041,-2.3424526126190505e-05
2022-05-31,sh.601318,25.95800607682895,0.18261307149907952,0.0003194306610970357
2022-05-31,sh.601319,25.35475271144648,0.144051399341066,0.0002864153706887352
2022-05-31,sh.601328,25.818814915820013,0.19528008295922147,3.1580574101328894e-05
2022-05-31,sh.601336,24.681652488722612,0.21671327099844176,0.000509812167661535
2022-05-31,sh.601360,24.915523100285505,0.07994538950037233,0.00013900998503569054
2022-05-31,sh.601377,24.323905115766696,0.1718691206955178,0.0005259352762361599
2022-05-31,sh.601390,25.771327581426153,0.1032852662785951,-0.00025524092900350417
2022-05-31,sh.601398,26.5424596458374,0.17956998554317333,7.654629953195798e-05
2022-05-31,sh.601601,25.23554539589921,0.16858801558526654,0.00038234899653482755
2022-05-31,sh.601628,25.35203658475003,0.20423476200730195,0.0009123568984262631
2022-05-31,sh.601633,25.457238584391327,0.1073030821127057,0.00043585592252386196
2022-05-31,sh.601658,25.932770438093428,0.1443851809515798,9.580580948127275e-05
2022-05-31,sh.601668,25.639999026328915,0.17685284080185532,2.659071881858508e-05
2022-05-31,sh.601669,25.37303230399015,0.08241492929818722,1.292179450161799e-05
2022-05-31,sh.601688,25.13869415664043,0.12789273680161178,0.00021870899950903123
2022-05-31,sh.601728,25.801841231419278,0.09075379540190781,1.8198180719347633e-05
2022-05-31,sh.601766,25.37048703134439,0.09837122505817793,8.700535450894864e-05
2022-05-31,sh.601788,23.638101884735796,0.23599479779004112,0.0013230818396194786
2022-05-31,sh.601800,25.565476772023715,0.10897808963311334,-7.251464841510864e-05
2022-05-31,sh.601816,25.64489683858706,0.06610448687275426,0.00032627001829775836
2022-05-31,sh.601818,25.378811110692993,0.21382343265371828,7.278183302753964e-05
2022-05-31,sh.601857,26.58921811687463,0.07892103092285459,-0.0001636183253376068
2022-05-31,sh.601878,24.16528573194582,0.14974573906638367,0.0006427165561474857
2022-05-31,sh.601881,24.89820107679151,0.13275864626375525,0.00034851186843434323
2022-05-31,sh.601888,24.749555145486866,0.20589870317623116,0.0011617957019944038
2022-05-31,sh.601899,26.006013530956384,0.035869278622634684,-0.00020257464755055592
2022-05-31,sh.601901,24.738307586019566,0.09096858519953141,0.00032052387319337196
2022-05-31,sh.601919,25.535509856679496,0.2354231507037382,7.127172533071315e-05
2022-05-31,sh.601939,26.535797973417665,0.168190489568145,3.72987864003704e-05
2022-05-31,sh.601985,25.63908863134256,0.04526944036435571,-0.00020311187475461568
2022-05-31,sh.601988,26.271550822437064,0.188872455120146,7.779786123605494e-05
2022-05-31,sh.601989,25.199117028125436,0.04497337704160103,2.529428958563511e-05
2022-05-31,sh.601995,25.068117622586026,0.13818156483659846,0.0005450048093087311
2022-05-31,sh.601998,25.566395244345582,0.19608468206408897,5.280164306525884e-05
2022-05-31,sh.603160,24.407146681801468,0.10239974841322014,0.0002529694741599878
2022-05-31,sh.603259,25.476044739156578,0.09246500159660145,0.0003458439079680199
2022-05-31,sh.603288,25.14550277748218,0.1368455793621136,0.0006430895984935671
2022-05-31,sh.603501,25.16902211304708,0.08446284149033229,0.00019416589996596215
2022-05-31,sh.603799,24.059944202466646,0.20403141874304268,0.0011792190462140842
2022-05-31,sh.603986,25.33363437209252,0.04517558464844315,-1.0708004653042721e-05
2022-05-31,sh.603993,24.576289502822018,0.1539778965577765,0.0007261114497078307
2022-05-31,sh.688012,25.139298803088742,0.050265081184738235,2.452346628876492e-05
2022-05-31,sh.688111,25.465760638566252,0.027247721368930902,-0.00013919170703979383
2022-05-31,sh.688256,23.87546355805508,0.08645375475401118,0.0005246556824709101
2022-05-31,sh.688599,25.398348444846267,0.05461924092044068,5.967354315986908e-05
2022-05-31,sh.688981,25.765187111745714,0.07674910264302785,0.00028427833164249873
2022-06-30,sh.600000,25.863927482410496,0.16739623354656719,-0.00017647977335676887
2022-06-30,sh.600009,25.728313736987133,-0.010751575168433822,-0.0003387693365744126
2022-06-30,sh.600010,25.534202981396298,0.03578767985853709,-6.863223732041758e-05
2022-06-30,sh.600015,25.213604731451394,0.20471821530706893,-7.798341144892037e-05
2022-06-30,sh.600016,25.584904840038835,0.14978929768409865,-0.00010464933439475563
2022-06-30,sh.600018,25.664990447418006,0.06691451477441354,-0.0002132124956152907
2022-06-30,sh.600019,25.645388246027565,0.11505815224785207,-0.00020670754295199102
2022-06-30,sh.600028,26.033992756049575,0.15880538326751514,1.8911372943131142e-05
2022-06-30,sh.600029,25.930910646487774,-0.04898540953355504,-0.00047368130991859496
2022-06-30,sh.600030,26.178055515569476,0.030443665060374277,-0.00036208820474333084
2022-06-30,sh.600031,25.965425950315794,0.044845511833928986,-0.0004018269699290453
2022-06-30,sh.600036,26.92621236336129,0.04057557890766642,-0.0005011926329151355
2022-06-30,sh.600048,25.69888597536364,0.11397843798632512,-5.784448002679028e-05
2022-06-30,sh.600050,25.35945508525,0.0689276057095284,-3.1989023011569756e-05
2022-06-30,sh.600089,25.52146423582717,0.030438624302849472,-0.00030938381111478833
2022-06-30,sh.600100,24.326048610439912,0.02944567330640316,-3.4914030771658406e-05
2022-06-30,sh.600104,25.876378740747477,0.0811272985281913,-0.00021138330375057454
2022-06-30,sh.600109,24.865920688972405,0.05249080440960548,-0.00019358870192622433
2022-06-30,sh.600111,25.87617963417243,-0.0012605150892419092,-0.0003909619461679533
2022-06-30,sh.600150,24.39288133394418,0.1516539816398071,0.0008226058267194696
2022-06-30,sh.600196,25.414515115562693,0.05777292013933173,-2.76581626125411e-05
2022-06-30,sh.600256,25.32069972120907,0.02293779998786627,-0.00028359383843644344
2022-06-30,sh.600276,25.948362584570514,0.031866998361391084,-0.00017855715073558073
2022-06-30,sh.600309,26.398640322255957,0.010869255954716356,-0.000487937580149702
2022-06-30,sh.600332,25.30645662865825,0.037052246139365926,-0.00033470672514217644
2022-06-30,sh.600340,24.622488069633473,-0.35546041884579294,-0.0003064643854317245
2022-06-30,sh.600346,25.891729243242025,0.05271656497809565,-0.00034975008822416557
2022-06-30,sh.600372,24.881562078573598,0.04588812564646716,-4.268198497122184e-05
2022-06-30,sh.600406,25.129268939652945,0.10036885001476524,0.0002805420969637176
2022-06-30,sh.600436,26.350787022503155,-0.035155193152288655,-0.0006293650353531632
2022-06-30,sh.600438,26.17017137546204,0.0034219289368253025,-0.0003732516330315036
2022-06-30,sh.600518,24.589827057385175,-0.3546334315259261,-0.0003170600034710668
2022-06-30,sh.600519,27.1924269718271,0.016241775551911974,-0.0002750263983004362
2022-06-30,sh.600547,25.295765952399556,0.03230212554153925,-5.429217643242758e-05
2022-06-30,sh.600570,24.91589197411222,0.05234213249614721,-0.00012669326282291422
2022-06-30,sh.600585,25.89471958575973,0.10693272597988643,-0.0003038828463130658
2022-06-30,sh.600588,25.33205627380519,0.02908198798318034,-0.00022020776676253336
2022-06-30,sh.600606,25.3320341132245,0.16431670660307585,-0.00039402258621610274
2022-06-30,sh.600637,24.739158030506456,0.054525871847483726,-0.00015920055194430213
2022-06-30,sh.600690,26.134298353580338,0.021910816310656042,-0.0003674999711218367
2022-06-30,sh.600703,25.754278335417737,0.0005655855013865507,-0.0003584560354836562
2022-06-30,sh.600745,26.110387318282708,-0.04285051163116518,-0.0007256029234444173
2022-06-30,sh.600795,25.26412156341013,0.058918473793453156,-0.00010583910503012556
2022-06-30,sh.600809,26.593754259818134,-0.0273378214080615,-0.000576008895012895
2022-06-30,sh.600837,25.50974461228915,0.08807814888392544,-3.873423818831428e-05
2022-06-30,sh.600887,26.02011192311134,0.02260560052576184,-0.000305755092027976
2022-06-30,sh.600893,25.09518080810303,0.08863570525106385,0.0003387574700203666
2022-06-30,sh.600900,25.861579798542024,0.10097219703403418,0.00023768554245917476
2022-06-30,sh.600905,25.628937630515274,0.05279621264998099,-5.865533120412039e-06
2022-06-30,sh.600918,25.20724232610434,0.04450660359224092,-0.00018412418757767838
2022-06-30,sh.600919,25.232241986433895,0.14547766350907493,4.870708479735721e-05
2022-06-30,sh.600941,25.630971988453993,0.0558652213616844,-0.00014020223373222864
2022-06-30,sh.600958,25.624832355592467,0.008733089572399447,-0.000467395760475577
2022-06-30,sh.600999,25.549199039070768,0.0710735791620291,-0.00017784950535838884
2022-06-30,sh.601006,25.258952519893434,0.11896150903736989,-4.716603735765528e-05
2022-06-30,sh.601012,26.273811546374876,0.016530484917913826,-0.00029646734334659624
2022-06-30,sh.601066,26.111506297736,0.014189873556300914,-0.0003846304715652157
2022-06-30,sh.601088,26.47933266442243,0.04369930319042758,-0.00032923744586566515
2022-06-30,sh.601111,26.2517185110526,-0.07507479886822946,-0.0006349962972892419
2022-06-30,sh.601118,24.787176254449165,0.01472404193548453,-0.00023530401168104617
2022-06-30,sh.601127,25.615530566389896,0.003980836114755429,-0.0002266100614037523
2022-06-30,sh.601138,25.546456901902594,0.10513760042049886,6.492452408522254e-05
2022-06-30,sh.601166,26.363029649026302,0.09952647031651492,-0.00043026071167016607
2022-06-30,sh.601169,25.270923089209123,0.18213644621509306,-7.013122534507634e-05
2022-06-30,sh.601186,25.462449019275933,0.15752478059734312,-0.00015221534408089743
2022-06-30,sh.601198,24.80103837773618,0.04902992257298156,-0.00019627725007048344
2022-06-30,sh.601211,25.452054679337568,0.09571882775172827,-4.834658493762661e-05
2022-06-30,sh.601225,25.724470405601302,0.07937206875535376,-0.00014663535593075364
2022-06-30,sh.601229,25.295509412535324,0.18165505128677417,-0.00012093661280693685
2022-06-30,sh.601236,24.911945019891373,0.04506922872179888,-0.00014181869934814793
2022-06-30,sh.601288,26.34009841581069,0.18900363947855642,4.755771318610747e-05
2022-06-30,sh.601318,26.711144909193752,0.08515711339447442,-0.0003735117232218309
2022-06-30,sh.601319,25.885454449637848,0.07734064529035205,-0.0001936844170843421
2022-06-30,sh.601328,25.888170394010675,0.18536480603973993,-2.9231688512406917e-05
2022-06-30,sh.601336,25.652223908698293,0.08946249437649621,-0.00037331384008506673
2022-06-30,sh.601360,25.590576340234538,-0.0030926780638936835,-0.0005002919085304179
2022-06-30,sh.601377,25.22581641681923,0.058639011358711385,-0.0002912403232813131
2022-06-30,sh.601390,25.592505606037975,0.12812207830283012,-0.00011367447137571073
2022-06-30,sh.601398,26.727762373408734,0.15479382287752058,-9.300572850826669e-05
2022-06-30,sh.601601,26.0760133439586,0.06185164975715432,-0.00038858405233467433
2022-06-30,sh.601628,26.71841370940501,0.037406257062023086,-0.0003126508912349926
2022-06-30,sh.601633,26.207579867651155,0.01858711702806716,-0.0002433948860488603
2022-06-30,sh.601658,26.372125542052043,0.08847320168188183,-0.00032036325508942777
2022-06-30,sh.601668,25.885657997646657,0.14524171315697743,-0.00020783490308380978
2022-06-30,sh.601669,25.655772409649284,0.0470944814709436,-0.0002594295915398576
2022-06-30,sh.601688,25.667877206072827,0.061916594491202986,-0.0002667885792916488
2022-06-30,sh.601728,25.854499252348553,0.08425815151873757,-2.9507647596240678e-05
2022-06-30,sh.601766,25.524286316363355,0.07953898575363999,-4.985038885690796e-05
2022-06-30,sh.601788,25.306823799833985,0.039438087378285455,-0.00015464027841591117
2022-06-30,sh.601800,25.98156471146795,0.05692051520984785,-0.00048548512982420094
2022-06-30,sh.601816,26.015954340936,0.021056955339026767,-2.1246255188783427e-05
2022-06-30,sh.601818,25.6406622173542,0.1781904323132681,-0.00016882086288493408
2022-06-30,sh.601857,26.46409204843911,0.09462287696977406,-6.437867283917459e-05
2022-06-30,sh.601878,25.141169171013058,0.03353375648934704,-0.00023020244697829174
2022-06-30,sh.601881,25.558788892252903,0.05124443319802294,-0.00025271887713167353
2022-06-30,sh.601888,26.431181597312627,0.008177697419592775,-0.0003453739526914121
2022-06-30,sh.601899,25.935730604440597,0.04245651824948349,-0.00016113248343986686
2022-06-30,sh.601901,25.099195688839973,0.04883437664849367,2.0193598101343125e-06
2022-06-30,sh.601919,25.419113712952615,0.256178601285881,0.0001656755724993762
2022-06-30,sh.601939,26.679609776105444,0.14935160771560346,-9.664118373944953e-05
2022-06-30,sh.601985,25.704197691584064,0.035391516144579166,-0.0002943585844237543
2022-06-30,sh.601988,26.337616649166247,0.17895404802109793,2.3884196455500214e-05
2022-06-30,sh.601989,25.218401185579346,0.043611964894367874,1.4424391315072257e-05
2022-06-30,sh.601995,25.901030908632045,0.03927427565419848,-0.00019771003326393626
2022-06-30,sh.601998,25.7328553648755,0.17343594303722631,-9.935367217030959e-05
2022-06-30,sh.603160,24.938514947343368,0.038149966865073874,-0.00023160923724340753
2022-06-30,sh.603259,26.267690436751092,-0.0018072315597798122,-0.00038219732022376696
2022-06-30,sh.603288,26.220717364820278,0.010222548296540832,-0.00032642377124507784
2022-06-30,sh.603501,26.06534155918247,-0.0257071202111393,-0.0006548965310096785
2022-06-30,sh.603799,25.84150225841585,-0.005604491741388565,-0.00042509285436379164
2022-06-30,sh.603986,25.955354284337407,-0.03303374522178747,-0.0006190745190536328
2022-06-30,sh.603993,25.599983500371057,0.03368289386576452,-0.00018396997927381392
2022-06-30,sh.688012,25.03980948541911,0.06340430424874334,0.0001271812861360365
2022-06-30,sh.688111,25.723600285351452,-0.007331649920954031,-0.0004098643198929488
2022-06-30,sh.688256,24.69528145186609,-0.005513070145279478,-0.00021057118054150075
2022-06-30,sh.688599,24.461624275383766,0.17336943909613123,0.0009840514765198792
2022-06-30,sh.688981,26.414724411942068,-0.0021535523519321947,-0.0003245751328110385
2022-07-29,sh.600000,25.376791700130635,0.18847427863224056,-1.2558137787703533e-05
2022-07-29,sh.600009,25.029231823459074,0.07615996304926768,0.0003371321256609235
2022-07-29,sh.600010,25.797803082012692,0.0016518914992440098,-0.0003341025044420152
2022-07-29,sh.600015,25.36728545111198,0.21471551462545485,-2.3551552771899778e-07
2022-07-29,sh.600016,25.423278747003447,0.15475302136442382,-6.604700192584724e-05
2022-07-29,sh.600018,25.294906260186767,0.10618244013713171,9.216983584370446e-05
2022-07-29,sh.600019,25.60738507044978,0.11419666187611602,-0.00021340725870779234
2022-07-29,sh.600028,25.235628552721423,0.17370948859215823,0.0001348189588496478
2022-07-29,sh.600029,25.35847497861724,0.012722446864993867,6.213894176325499e-06
2022-07-29,sh.600030,25.29406008815401,0.08637176181478474,7.285844505196846e-05
2022-07-29,sh.600031,25.66655196988866,0.0591362002534947,-0.00029068985974536253
2022-07-29,sh.600036,25.384113361460972,0.10299996923421353,-1.57250233651178e-05
2022-07-29,sh.600048,25.239902684918803,0.1372641493014541,0.00012324593270600408
2022-07-29,sh.600050,25.261764675884297,0.08674894991002093,0.00010660560839329466
2022-07-29,sh.600089,25.41206672911099,0.06819008082750216,-1.579489081962895e-05
2022-07-29,sh.600100,25.348330780606894,0.0315480383133547,-1.856416961983348e-05
2022-07-29,sh.600104,25.5491454305149,0.08552997723985502,-0.00017714415622206128
2022-07-29,sh.600109,25.315553760433215,0.08387932166197472,5.051634031952911e-05
2022-07-29,sh.600111,25.530514100762215,0.030832136954220456,-0.0001413809251894511
2022-07-29,sh.600150,25.111914677613367,0.07589317730244083,0.0002334223939802524
2022-07-29,sh.600196,25.68509799234777,0.021745899192263315,-0.0003078363373114103
2022-07-29,sh.600256,24.248814700733966,0.2019386703282574,0.001108476219067457
2022-07-29,sh.600276,25.449077959768385,0.044594996071798725,-7.95729141173827e-05
2022-07-29,sh.600309,25.1632481010357,0.10300761876119244,0.0002286123213475318
2022-07-29,sh.600332,25.593274172504316,0.05190844949136321,-0.0002191716676020796
2022-07-29,sh.600340,25.50983130428649,-0.33316484406085023,-0.00013307415546280269
2022-07-29,sh.600346,25.564524191979487,0.07351428156563239,-0.00018800853651602744
2022-07-29,sh.600372,25.51098824351836,0.03358323069043125,-0.0001383757980597003
2022-07-29,sh.600406,25.6048380925254,0.034275680224550645,-0.00023345720647831745
2022-07-29,sh.600436,25.31497836036196,0.052513711285993546,5.242638058033281e-05
2022-07-29,sh.600438,25.446938824601702,0.04296897546781101,-6.569860698302471e-05
2022-07-29,sh.600518,25.604100272409948,-0.3450013295534211,-0.00024215220709415227
2022-07-29,sh.600519,25.331357759691425,0.05642368046512522,3.746385147759062e-05
2022-07-29,sh.600547,25.462126084955923,0.027801641927081337,-8.929194191993712e-05
2022-07-29,sh.600570,25.26027405279217,0.07933017025859629,8.318973499965283e-05
2022-07-29,sh.600585,25.449055672245198,0.1357020806816364,-8.014674280777331e-05
2022-07-29,sh.600588,25.518993195323937,0.030574566071200515,-0.00020860015133100952
2022-07-29,sh.600606,25.516496209470475,0.1962941159142553,-0.0001453377952763197
2022-07-29,sh.600637,25.322937243205857,0.08042193051852087,4.219024473039225e-05
2022-07-29,sh.600690,25.142823791908153,0.09783180422622109,0.00022292919166601286
2022-07-29,sh.600703,25.14606900515492,0.07488984918750254,0.00021955557879909282
2022-07-29,sh.600745,25.590078665637645,0.022579702043541233,-0.00021675935670960065
2022-07-29,sh.600795,24.849178794301967,0.1378877106352154,0.0005082959539911236
2022-07-29,sh.600809,25.12379212454115,0.07865474554649224,0.0002482836265532279
2022-07-29,sh.600837,25.325622795667552,0.10314476042054957,7.843714063399635e-05
2022-07-29,sh.600887,25.391411998500818,0.05922846860493616,-2.094307979593227e-05
2022-07-29,sh.600893,25.668984093498445,0.008416005856175648,-0.00028510229857869803
2022-07-29,sh.600900,25.366227800868334,0.0708590855155187,3.4991901610756287e-06
2022-07-29,sh.600905,25.477623868556677,0.041536181566319476,-9.343355493126129e-05
2022-07-29,sh.600918,25.28724790212567,0.07861169193584025,8.110732890247873e-05
2022-07-29,sh.600919,25.355864468248427,0.14345207081344286,3.2954273456686565e-05
2022-07-29,sh.600941,25.006056078827704,0.1210090129449419,0.00036641385993748223
2022-07-29,sh.600958,25.37762375120696,0.06987888768380936,8.12837821273276e-06
2022-07-29,sh.600999,25.414424605029488,0.08370356312424108,-7.962751086687672e-05
2022-07-29,sh.601006,25.13343172525301,0.1550248915883387,0.0002332949175306976
2022-07-29,sh.601012,26.011548267712325,-0.02617952777126191,-0.0006286184089093049
2022-07-29,sh.601066,25.23357496315674,0.08033261363211533,0.0001297543345293719
2022-07-29,sh.601088,25.08230899379996,0.12230118996993757,0.000282040772173129
2022-07-29,sh.601111,25.12486811550977,0.03689008097879437,0.0002357422439852895
2022-07-29,sh.601118,25.390341810090415,0.04230879599083465,-2.0780416957510688e-05
2022-07-29,sh.601127,26.100338289134065,-0.05891905660425745,-0.0007157756006988282
2022-07-29,sh.601138,25.481210236366355,0.08260369566998703,-0.00011031917178162443
2022-07-29,sh.601166,25.52158853955153,0.13251639856417544,-0.00017370167245745214
2022-07-29,sh.601169,25.418028420196382,0.18481125347169275,-4.932954385366345e-05
2022-07-29,sh.601186,25.346216929928907,0.1795600662738918,1.9150646154437788e-05
2022-07-29,sh.601198,25.33618230115593,0.07756642545080256,2.5647990441180565e-05
2022-07-29,sh.601211,25.293519338263874,0.10880679837471213,5.3437121382349535e-05
2022-07-29,sh.601225,24.813476638872938,0.16894714078569592,0.0005499801154637301
2022-07-29,sh.601229,25.41350593880809,0.19227727007678214,-3.832878696951822e-05
2022-07-29,sh.601236,25.53540365075648,0.041830210066068844,-0.00016700819076103345
2022-07-29,sh.601288,25.381969571936544,0.18143406514433208,-1.1310032868342805e-05
2022-07-29,sh.601318,25.22846263742866,0.1506307433362002,0.00013566948704070314
2022-07-29,sh.601319,25.115764737760756,0.13417491544425386,0.0002483094434532268
2022-07-29,sh.601328,25.41451619471653,0.1823687155386916,-5.2531954416980746e-05
2022-07-29,sh.601336,25.21047430441658,0.1577703420687498,0.0001579087695262698
2022-07-29,sh.601360,25.41757707466674,0.05503734528718249,-4.822111806356281e-05
2022-07-29,sh.601377,25.37215140361957,0.09937249137864763,2.5539465363611386e-05
2022-07-29,sh.601390,25.40148065289375,0.13836070017841734,-3.4049836500998574e-05
2022-07-29,sh.601398,25.381969571936544,0.1654542290368201,-1.0100923704966013e-05
2022-07-29,sh.601601,25.236742962414553,0.12857488097675895,0.00013031516946292017
2022-07-29,sh.601628,25.00025619357342,0.12452109540253664,0.00036483161366854586
2022-07-29,sh.601633,25.49211538802007,0.03750657704785198,-9.626032883915911e-05
2022-07-29,sh.601658,25.526243407244838,0.11128496132658214,-0.00014295871230717095
2022-07-29,sh.601668,25.307383561399075,0.17944889249762236,5.8190563838363e-05
2022-07-29,sh.601669,25.138273928128054,0.1090875822906188,0.00022268392700775148
2022-07-29,sh.601688,25.281453363927213,0.10578255391105465,7.435215670553044e-05
2022-07-29,sh.601728,25.341439815267126,0.09187793022716402,2.9750532347997855e-05
2022-07-29,sh.601766,25.351451553535856,0.08790931289028728,1.5244723565066514e-05
2022-07-29,sh.601788,25.098184540904363,0.09303989857552364,0.0002622151047660738
2022-07-29,sh.601800,25.414415866039647,0.11235514459330546,-5.437612143339505e-05
2022-07-29,sh.601816,25.398137894220795,0.049174627663600354,0.00019742178623086064
2022-07-29,sh.601818,25.42085717467194,0.19055684121625033,-7.264866260481794e-05
2022-07-29,sh.601857,25.280762093022624,0.11623622631393031,0.00010370596500173062
2022-07-29,sh.601878,25.30116573696922,0.07188341138629029,6.803859618604547e-05
2022-07-29,sh.601881,24.858545720772334,0.14995912819727386,0.000514974435659327
2022-07-29,sh.601888,25.639861630096014,0.019396426260848212,-0.0002581271338716539
2022-07-29,sh.601899,25.436693820653396,0.05582109407840814,-5.719764889237063e-05
2022-07-29,sh.601901,25.164546242588962,0.08315976866713293,0.00026896415371178083
2022-07-29,sh.601919,25.25045464723374,0.2788039475379116,0.00034163039885422265
2022-07-29,sh.601939,25.415714050671628,0.1560230636594298,-4.475800550854761e-05
2022-07-29,sh.601985,25.260117548238377,0.08842991656390661,0.00011811521517982103
2022-07-29,sh.601988,25.40653908129006,0.17244426431351578,-2.6741674597077513e-05
2022-07-29,sh.601989,25.351976474082115,0.04101673675850773,-5.758412117405653e-06
2022-07-29,sh.601995,25.419086254121126,0.056680853893158745,-6.234099106890598e-05
2022-07-29,sh.601998,25.27850714264053,0.1958412904038877,7.489024707875387e-05
2022-07-29,sh.603160,25.454693473935734,0.05698962735744961,-8.509527217104006e-05
2022-07-29,sh.603259,25.53289843694277,0.027308943987357434,-0.00015576402919495174
2022-07-29,sh.603288,25.47791459074139,0.03834471173044417,-0.00010772080296272615
2022-07-29,sh.603501,25.791153857143904,0.006104237085976821,-0.00040750310829802905
2022-07-29,sh.603799,25.811037598324848,-0.003946302456644818,-0.0004121972988920442
2022-07-29,sh.603986,25.45507357414761,0.037244950101458583,-7.252484444093658e-05
2022-07-29,sh.603993,25.709760558506403,0.014555333419164443,-0.00033272291058735295
2022-07-29,sh.688012,25.324966042406274,0.05200514106854693,3.853124933131783e-05
2022-07-29,sh.688111,25.274197685277127,0.058926725490590665,0.00010541976947413585
2022-07-29,sh.688256,25.499673632893572,0.006700183598137482,-0.00011559005107225593
2022-07-29,sh.688599,25.902876328262806,-0.02036213176453021,-0.0005225776168218386
2022-07-29,sh.688981,25.370717484340368,0.05234228008009655,9.923295506650452e-05
2022-08-31,sh.600000,25.79872787674923,0.1640389773523902,-0.00012976434774267606
2022-08-31,sh.600009,25.295775588803394,0.040358587097186274,8.117520544357996e-05
2022-08-31,sh.600010,25.630032594721964,0.0023837644772456146,-0.0003264395947773273
2022-08-31,sh.600015,25.222352684552007,0.21408288273077797,-8.894719123667258e-05
2022-08-31,sh.600016,25.70695118836522,0.13661843896838546,-0.00023201400296267744
2022-08-31,sh.600018,25.31795607102278,0.1260097173665628,9.030057936385374e-05
2022-08-31,sh.600019,25.41533138713969,0.113295327691661,-6.410315244008126e-05
2022-08-31,sh.600028,25.920823328178194,0.14769884756775434,0.00014565796434276977
2022-08-31,sh.600029,25.282848257209636,-0.03247555218086684,9.726870167262543e-05
2022-08-31,sh.600030,26.25489982333753,0.02976400245001671,-0.00042052178638108827
2022-08-31,sh.600031,25.918450561286583,0.0016208841149715075,-0.00045265160097247744
2022-08-31,sh.600036,26.50551208310611,0.1074311071007501,-0.00015574081057722895
2022-08-31,sh.600048,25.516171948484292,0.13327285818255052,0.00013429822839976344
2022-08-31,sh.600050,25.561965130540585,0.048561417987698495,-0.00021856652076008586
2022-08-31,sh.600089,25.622612663009278,0.06350006431872676,-0.0004545832942292682
2022-08-31,sh.600100,24.810997239340516,-0.06875701473162701,-0.0004420837819791129
2022-08-31,sh.600104,25.908047080911427,0.05680531078939746,-0.00029130342503033035
2022-08-31,sh.600109,25.205256554501062,0.014589567299401543,-0.0005424948505034025
2022-08-31,sh.600111,25.84151902080074,0.012157187652606094,-0.0004428355144451204
2022-08-31,sh.600150,25.76426458408555,-0.004913705956827011,-0.0003650807638632089
2022-08-31,sh.600196,26.36003193379913,-0.06777781335446259,-0.0009976898753168663
2022-08-31,sh.600256,25.215297996157503,0.097660626652606,-8.149011625225211e-05
2022-08-31,sh.600276,25.69878420470291,0.05456561936011628,3.161146557928008e-05
2022-08-31,sh.600309,25.688317507673364,0.0992445571782984,0.00013049359264798185
2022-08-31,sh.600332,25.07339371895054,0.06512379954584313,-0.00018131848263187053
2022-08-31,sh.600340,24.707422258800108,-0.4109095851731155,-0.0004476696818018712
2022-08-31,sh.600346,25.916442168427647,0.04275422087902471,-0.0004504540192880729
2022-08-31,sh.600372,24.8512052261501,0.0500559826032064,-4.0473808988891945e-05
2022-08-31,sh.600406,25.888499677850024,0.015736200623363283,-0.000358810991251933
2022-08-31,sh.600436,26.063486005419477,-0.006652732864181235,-0.00042023944838255107
2022-08-31,sh.600438,26.14908823464156,0.028083084704843705,-0.0003857915911850672
2022-08-31,sh.600518,25.203817886637037,0.13091179196168803,-0.00048630074516266877
2022-08-31,sh.600519,26.993144855007046,0.04014922302365177,-0.00011232021782435329
2022-08-31,sh.600547,25.396452319016305,0.03044002264747516,-0.00016842580695472398
2022-08-31,sh.600570,24.96626146023381,0.04969309900928731,-8.363361868033274e-06
2022-08-31,sh.600585,25.914721411284148,0.08918349242829446,-0.00037305150097355003
2022-08-31,sh.600588,25.634754350638957,-0.017319401123356906,-0.0005297541611405059
2022-08-31,sh.600606,25.281148322547295,0.017904401680252882,-0.00039311891129277515
2022-08-31,sh.600637,24.905181514314798,0.029660811646942085,-0.000322774331238637
2022-08-31,sh.600690,25.911167328357628,0.051483333835258265,-0.00016977307363336445
2022-08-31,sh.600703,26.346650430774186,-0.07555029486342058,-0.0009587442358599306
2022-08-31,sh.600745,26.230551478174544,-0.06827033338923874,-0.0009761190731063592
2022-08-31,sh.600795,25.414816519061738,-0.009077424644454754,-0.0002502771094791136
2022-08-31,sh.600809,25.829356148033174,0.06559730643606132,0.00011613301909704242
2022-08-31,sh.600837,25.770154859227723,0.038013775067167195,-0.00036716134532560027
2022-08-31,sh.600887,25.99172894763475,0.026844506757866503,-0.000296857830771754
2022-08-31,sh.600893,25.780816201983665,0.003866022750960013,-0.0003485428157344469
2022-08-31,sh.600900,26.346511500400787,0.044526860297347134,-0.00019630547228911743
2022-08-31,sh.600905,25.899782086288038,0.024115759672229245,-0.00028602423273240557
2022-08-31,sh.600918,25.429601142550375,0.011517598350487573,-0.00048779480583457127
2022-08-31,sh.600919,25.185011833470842,0.18400383478037147,0.00010208477134134063
2022-08-31,sh.600941,26.210924822107195,0.14079211732393698,0.00035298891980391336
2022-08-31,sh.600958,25.59245937779026,0.01058482936155393,-0.00043927547724869134
2022-08-31,sh.600999,25.6519776020102,0.054255822958421025,-0.0003357064342433574
2022-08-31,sh.601006,25.060613277031447,0.13766333272055825,0.00016785716407603234
2022-08-31,sh.601012,26.262469138086786,0.023109284795817142,-0.0002468172322385185
2022-08-31,sh.601066,26.18908206908253,0.0033410712683442645,-0.0004947330827319174
2022-08-31,sh.601088,25.984856971276812,0.12701002489494478,0.00015274741644735046
2022-08-31,sh.601111,25.499387478058672,-0.051016121399062,4.165491512436402e-05
2022-08-31,sh.601118,24.702912283108105,0.022464905721069447,-0.00018466881964038389
2022-08-31,sh.601127,25.660804027770084,-0.028972052508307228,-0.0004027601994647667
2022-08-31,sh.601138,25.935308828402427,0.05930944836949585,-0.00031833680391378803
2022-08-31,sh.601166,25.986206086930487,0.1784728312684027,-0.0001322208666794238
2022-08-31,sh.601169,25.21925762601446,0.19537418170545923,-3.143652799885473e-05
2022-08-31,sh.601186,25.541230783518394,0.15235810094749985,-0.0002415534709483919
2022-08-31,sh.601198,25.091889079277003,0.01084616328967447,-0.0005521149281673343
2022-08-31,sh.601211,25.730360795488664,0.059581535344719466,-0.00030836356889810037
2022-08-31,sh.601225,25.483266169022432,0.1675069762109315,0.00013101518937234786
2022-08-31,sh.601229,25.197640163825348,0.2008220128810431,-4.9146160444101866e-05
2022-08-31,sh.601236,25.383228031591088,-0.009076130718279632,-0.0004403356594688143
2022-08-31,sh.601288,26.395149602699863,0.19210796754292805,4.659238968605399e-06
2022-08-31,sh.601318,26.50549800566716,0.09190838267081403,-0.0002018730355650401
2022-08-31,sh.601319,25.692725216455994,0.09725472042712716,1.1313136205343951e-06
2022-08-31,sh.601328,25.841150203546327,0.2025175289794393,1.890647372233397e-05
2022-08-31,sh.601336,25.49382046900293,0.06808389408151824,-0.000263979488932692
2022-08-31,sh.601360,25.437207901103484,-0.014086965136054716,-0.00042464905178863526
2022-08-31,sh.601377,25.32888236309632,0.030394537422174128,-0.0004808946639114253
2022-08-31,sh.601390,25.81864298644012,0.1127160272949082,-0.0003466039245898659
2022-08-31,sh.601398,26.65718523283134,0.17518596322604807,-3.2114714642623146e-05
2022-08-31,sh.601601,25.769319705235905,0.08785821424993165,-0.0001301681571229369
2022-08-31,sh.601628,26.297464648598474,0.07517592818845145,8.857278035351688e-05
2022-08-31,sh.601633,26.535583463616135,-0.025559356348423087,-0.0006311468563986077
2022-08-31,sh.601658,26.022929875874496,0.15198462844146987,-4.867493087267733e-05
2022-08-31,sh.601668,25.66319805989961,0.1849966822391212,-7.011800098158928e-06
2022-08-31,sh.601669,25.762905625312015,0.03782636032614776,-0.00037142143683458574
2022-08-31,sh.601688,25.689787038457023,0.05314766776988527,-0.00032667452770573983
2022-08-31,sh.601728,25.693704530157486,0.1099269455624236,0.00018620336332035136
2022-08-31,sh.601766,25.727457052185553,0.04561230798304512,-0.00024832921429938324
2022-08-31,sh.601788,25.857991836400572,-0.021952255269513082,-0.0006845839705683649
2022-08-31,sh.601800,25.870731131302644,0.06710203922604133,-0.0004392684653848122
2022-08-31,sh.601816,25.83000224959003,0.03066517870195474,7.762618014752566e-05
2022-08-31,sh.601818,25.544961387283358,0.20405577362337946,-8.268298492390507e-05
2022-08-31,sh.601857,26.40451244093682,0.11424290516290314,-1.9334464434046852e-05
2022-08-31,sh.601878,25.39506878195314,0.0024712075685636714,-0.0005058590096522441
2022-08-31,sh.601881,25.666710660691077,0.052400219482536994,-0.0003462976391501789
2022-08-31,sh.601888,25.947066606719464,0.05745234026458833,3.9469003392369526e-05
2022-08-31,sh.601899,26.155445538370365,0.03764608051686658,-0.000410201451612337
2022-08-31,sh.601901,25.28021106255334,0.02971428175451088,-0.0002269113178357269
2022-08-31,sh.601919,26.354258756500712,0.36116254238838497,-0.0008150329894765927
2022-08-31,sh.601939,26.576532247088462,0.17473944693206075,-9.437523982516384e-06
2022-08-31,sh.601985,25.723214758755617,0.0400998320387494,-0.0003070231967069865
2022-08-31,sh.601988,26.303401124044807,0.1957543267104577,4.5326527617361455e-05
2022-08-31,sh.601989,25.656635801828347,-0.010923863782830445,-0.00040308350984236195
2022-08-31,sh.601995,26.353554514990094,-0.018734051775632685,-0.0006787428821604688
2022-08-31,sh.601998,25.594249856726904,0.20836273644515801,5.344162740008606e-05
2022-08-31,sh.603160,25.293425840926762,-0.029093101229348425,-0.0006049268347383747
2022-08-31,sh.603259,26.565087299111912,-0.04092731344276443,-0.0007411415346017228
2022-08-31,sh.603288,25.785597847276943,0.06420577773813504,8.896554030363008e-05
2022-08-31,sh.603501,25.798864725852944,-0.0014265215701723954,-0.0005468485570368829
2022-08-31,sh.603799,25.930934268699502,-0.005110800335790769,-0.0005264999132210197
2022-08-31,sh.603986,25.943166921145902,-0.030899773268059233,-0.0007163256364016492
2022-08-31,sh.603993,25.50782232214544,0.05455470531441413,-0.00016003467368074897
2022-08-31,sh.688012,25.68256283115034,-0.012036410865377767,-0.00047001442507328114
2022-08-31,sh.688111,24.820513020486672,0.1006106870826187,0.0004125458504795535
2022-08-31,sh.688256,24.20746486473264,0.0348993593747577,0.00020962627394442953
2022-08-31,sh.688599,25.940883966118857,-0.0012820105714284602,-0.0003912941596445961
2022-08-31,sh.688981,26.16102527545851,0.02941512808643558,-0.000209561315166456
2022-09-30,sh.600000,25.877313788319988,0.15671132389954529,-0.00022219719658338164
2022-09-30,sh.600009,25.684560330898957,-0.006715530258305083,-0.00028683306686832583
2022-09-30,sh.600010,25.431351883940597,0.022045252911601337,-0.0001755783841231445
2022-09-30,sh.600015,25.310450026945244,0.205702881684307,-0.00018553387341148754
2022-09-30,sh.600016,25.557416398096557,0.15934510372793653,-0.00011534232021768545
2022-09-30,sh.600018,25.69953830752245,0.07783300672985034,-0.00026895115871240576
2022-09-30,sh.600019,25.558907582863952,0.09550292020381342,-0.00021075592854641754
2022-09-30,sh.600028,26.298464132798102,0.09929895180273199,-0.00020230279074221036
2022-09-30,sh.600029,25.516787549750102,-0.05732088136012642,-0.00011623462355768316
2022-09-30,sh.600030,25.838891169875733,0.07980530947171957,-6.987216426902003e-05
2022-09-30,sh.600031,25.511847967648954,0.04719162641713971,-0.00011732425632347932
2022-09-30,sh.600036,27.097978172543307,0.03409383558484119,-0.0007541693424463517
2022-09-30,sh.600048,26.565239785919996,0.0011356872428556625,-0.0008707215327907335
2022-09-30,sh.600050,25.309967954091384,0.07869287834206698,-8.097141169333033e-07
2022-09-30,sh.600089,25.302345040127346,0.10724562924137547,-0.00020732721251148895
2022-09-30,sh.600100,23.9815314073667,0.021420669166890394,0.0003129251005882583
2022-09-30,sh.600104,25.72900330789601,0.07868885577321987,-0.00015486854540211378
2022-09-30,sh.600109,24.585660661899258,0.0885594751077064,2.4679470268487514e-06
2022-09-30,sh.600111,25.665808701456253,0.030157867652402144,-0.0003329951766832106
2022-09-30,sh.600150,24.713018737206248,0.12085529478373581,0.0006124545130431684
2022-09-30,sh.600196,24.757131478765437,0.12089868413668123,0.00041545305978509623
2022-09-30,sh.600256,25.702741327378796,0.0367627911494488,-0.0005719585031709767
2022-09-30,sh.600276,25.206613809545352,0.11704063118020785,0.0005183612902881572
2022-09-30,sh.600309,26.336857972303587,0.01869645120894936,-0.0004837071411222773
2022-09-30,sh.600332,24.729542314559563,0.10762240178264633,0.00013166177849444102
2022-09-30,sh.600340,24.65976105031919,-0.4673913924278096,-0.0004633864452239402
2022-09-30,sh.600346,25.757868264067504,0.06272539021230915,-0.00035733083323771065
2022-09-30,sh.600372,24.823930927017813,0.053187381166711824,-1.6741891642876396e-05
2022-09-30,sh.600406,25.556871273926273,0.05332019910011718,-8.317583307657547e-05
2022-09-30,sh.600436,26.122870979677,-0.020717548522640433,-0.0005370976459654154
2022-09-30,sh.600438,25.94585463543427,0.05137465518484923,-0.000245307397689887
2022-09-30,sh.600518,24.623007728414027,0.21706516575494478,1.5312414697863775e-05
2022-09-30,sh.600519,27.9279017550784,-0.07855648525041134,-0.001038331301939904
2022-09-30,sh.600547,25.175455747085408,0.05593535399098391,2.5903790545503025e-05
2022-09-30,sh.600570,24.13382032930261,0.15463027871548868,0.0008081073900487935
2022-09-30,sh.600585,26.08828509660149,0.07128700134438432,-0.0005925808477099299
2022-09-30,sh.600588,23.641740504565373,0.22486128939839878,0.0013517638131266237
2022-09-30,sh.600606,25.069116971688373,0.04080848621484937,-0.00023908938928142884
2022-09-30,sh.600637,24.589772545167165,0.06652303294551191,-5.899373794108274e-05
2022-09-30,sh.600690,26.332095998512145,-0.0026714276454009728,-0.0006020125265598559
2022-09-30,sh.600703,25.275260075479697,0.04254129214005144,-5.7881579680373354e-05
2022-09-30,sh.600745,25.076862674799226,0.0631795238431549,2.0452804849086636e-06
2022-09-30,sh.600795,24.862496677836077,0.054846322839213826,0.00025656422103543033
2022-09-30,sh.600809,26.847933496927055,-0.06054518166887152,-0.0008622716127980222
2022-09-30,sh.600837,25.495260476139016,0.07057896673170302,-0.00014290510059534933
2022-09-30,sh.600887,26.54347010962019,-0.04548347044152429,-0.0008748569881344334
2022-09-30,sh.600893,24.80684064862141,0.12095860727240632,0.0005578386419761769
2022-09-30,sh.600900,26.53554743401684,0.01906528446126883,-0.0004068165765303167
2022-09-30,sh.600905,25.61011598578013,0.05720784996061723,-4.231973424953608e-05
2022-09-30,sh.600918,25.097498980160104,0.04885200970153768,-0.00022002482173345266
2022-09-30,sh.600919,25.559197020700935,0.13526950755960607,-0.00025066636394171333
2022-09-30,sh.600941,26.693436704718398,0.08122798200999963,-7.197633197171549e-05
2022-09-30,sh.600958,25.077786176817774,0.0707761960158596,5.289191594271894e-06
2022-09-30,sh.600999,25.309486475957627,0.09627403078831899,-3.601206075152282e-05
2022-09-30,sh.601006,25.471218387431563,0.08561234082752758,-0.00020944652493436777
2022-09-30,sh.601012,25.982215340341817,0.05508857805759475,-5.5834812309643765e-06
2022-09-30,sh.601066,25.55827098809058,0.07758315939466634,5.310047007175397e-05
2022-09-30,sh.601088,26.595807501464137,0.050166299245327124,-0.0004233448739996519
2022-09-30,sh.601111,25.852655972186845,-0.09291142700209915,-0.00029578331045915717
2022-09-30,sh.601118,24.705180901669173,0.019418339390224068,-0.00021032390117988262
2022-09-30,sh.601127,25.825424968457874,-0.0588515564073977,-0.0006181191947926693
2022-09-30,sh.601138,25.721660658206236,0.08603298351861323,-0.00015195854025009916
2022-09-30,sh.601166,26.2372694939932,0.14942936412198865,-0.00039068318900228107
2022-09-30,sh.601169,25.26265058946535,0.19039079963081265,-7.617864181089695e-05
2022-09-30,sh.601186,25.330476090938685,0.1841878549167899,-6.696081761971994e-05
2022-09-30,sh.601198,24.434292374118424,0.08897074153303383,3.338465383302129e-05
2022-09-30,sh.601211,25.53006577627792,0.08436403458432372,-0.00015122845421377892
2022-09-30,sh.601225,26.112453058425125,0.08689404778542532,-0.00046657241260393973
2022-09-30,sh.601229,25.32787280766794,0.18553342711484144,-0.00018129678611656863
2022-09-30,sh.601236,24.896746256668745,0.04526668994200516,-3.5966381986121845e-05
2022-09-30,sh.601288,26.54152914938676,0.17342038787669523,-0.00013656623532354238
2022-09-30,sh.601318,26.702470013302435,0.0680269108344826,-0.00042005181450756454
2022-09-30,sh.601319,25.82984410553942,0.08006591929600526,-0.00013080854787391466
2022-09-30,sh.601328,26.01665207655818,0.1796512279794656,-0.00014822070022220974
2022-09-30,sh.601336,25.714415452510703,0.040286119936483296,-0.0005121501140947837
2022-09-30,sh.601360,24.621268045507254,0.08081948016864271,0.000314087247431067
2022-09-30,sh.601377,24.803554559525264,0.09495062253295924,-3.166350329674467e-05
2022-09-30,sh.601390,25.60379547209912,0.14526926552312247,-0.00018309047289916943
2022-09-30,sh.601398,26.80083508363207,0.1576760344643437,-0.00017574041564975162
2022-09-30,sh.601601,25.879471628519266,0.07405867178996543,-0.00025286145524747004
2022-09-30,sh.601628,27.024063511423908,-0.014812562313052016,-0.0006063603258025221
2022-09-30,sh.601633,25.623141251819764,0.08039148672984817,0.0001693504372319598
2022-09-30,sh.601658,26.464536240748938,0.097156444824532,-0.0004853343980564902
2022-09-30,sh.601668,25.963455014710192,0.14713739231591766,-0.0002992554722638094
2022-09-30,sh.601669,25.308851975294512,0.09318004398244682,2.2052096211700023e-05
2022-09-30,sh.601688,25.40410397520667,0.08818083522839218,-8.716435791959279e-05
2022-09-30,sh.601728,25.826781975770107,0.0942348460982441,8.2146424656305e-05
2022-09-30,sh.601766,25.406259681054248,0.08427518838554027,3.3085933693334683e-05
2022-09-30,sh.601788,24.832656196311323,0.09951087008855096,0.0002196330910403794
2022-09-30,sh.601800,25.596501006616908,0.10457428049995168,-0.00023150765254435288
2022-09-30,sh.601816,25.778569932632845,0.03567239864893442,0.00011610883968296454
2022-09-30,sh.601818,25.603986316505456,0.19860535635633325,-0.000148900020130452
2022-09-30,sh.601857,26.645057534671842,0.08406620817293604,-0.00025520663766503217
2022-09-30,sh.601878,24.4841216271102,0.1118350684093293,0.0003141665475217883
2022-09-30,sh.601881,25.273139215529202,0.10141874045376459,-8.51986971144396e-06
2022-09-30,sh.601888,26.725383294635257,-0.039554255823311346,-0.0007137158323087666
2022-09-30,sh.601899,25.649243128707145,0.10003627901068532,2.7693651714788354e-05
2022-09-30,sh.601901,25.160480688939256,0.04209015158524461,-0.00013893890024604044
2022-09-30,sh.601919,25.314024177458712,0.5787591593114715,7.694475311792665e-05
2022-09-30,sh.601939,26.69911273397178,0.1593481449633531,-0.00012913398454103285
2022-09-30,sh.601985,25.25810200722308,0.09663538481777734,0.00010556943803454266
2022-09-30,sh.601988,26.47070967056861,0.17336768016400145,-0.00011008077017046644
2022-09-30,sh.601989,25.127688884288315,0.04851728956104674,6.183457573339922e-05
2022-09-30,sh.601995,25.575178605212564,0.07208865471839371,-1.2496792005403267e-05
2022-09-30,sh.601998,25.859832544608963,0.1733118053349445,-0.00019725095958420867
2022-09-30,sh.603160,24.511276360595943,0.05961294216842661,7.122611063461586e-05
2022-09-30,sh.603259,25.453247976481872,0.08819101998995227,0.00023538783658144554
2022-09-30,sh.603288,26.955195347814804,-0.08122678691664881,-0.0010396059306410647
2022-09-30,sh.603501,25.491774585849363,0.03197847498302897,-0.0003235754093050263
2022-09-30,sh.603799,25.909018557209823,-0.008353727278786055,-0.0005782541593719178
2022-09-30,sh.603986,25.576880538834484,0.006496480821780018,-0.00046250487327194166
2022-09-30,sh.603993,25.78822542240867,0.018194343443453068,-0.00045410222857777266
2022-09-30,sh.688012,25.04025318042027,0.061297770004197775,9.238455346439477e-05
2022-09-30,sh.688041,26.345016068184645,-0.0704471093182511,-0.0010331910213483364
2022-09-30,sh.688111,23.638334159071686,0.25532457035901,0.0016207285177678643
2022-09-30,sh.688256,24.280622458329912,0.031320075916708455,0.0001669864219875946
2022-09-30,sh.688599,25.36231043503511,0.06544280344502248,0.00012047005838151546
2022-09-30,sh.688981,25.51164497349555,0.10822698628513487,0.00039410599591454935
2022-10-31,sh.600000,25.306120301613362,0.23343733382147525,0.000306997505546359
2022-10-31,sh.600009,25.210808945455728,0.04695307069093494,0.0001371005745104693
2022-10-31,sh.600010,24.75443476613464,0.1043900524456295,0.0004637095302234798
2022-10-31,sh.600015,24.753488299372698,0.28202404868961595,0.00033445421527240367
2022-10-31,sh.600016,25.193553633959294,0.20695410144855225,0.0002268224291783032
2022-10-31,sh.600018,25.195905757439398,0.14189599809703934,0.00018732493766067528
2022-10-31,sh.600019,24.683412812885983,0.20655286981702403,0.0006175089420785625
2022-10-31,sh.600028,25.654500742983668,0.18139346189764136,0.0004008071015396156
2022-10-31,sh.600029,24.82505162913663,0.025468509895665327,0.0005458083794665787
2022-10-31,sh.600030,25.217414788206522,0.15763868770237482,0.000531060856420471
2022-10-31,sh.600031,24.723977336349037,0.14495592641064087,0.0006384565792467955
2022-10-31,sh.600036,25.080631648192494,0.29618154014872844,0.0011049500426845039
2022-10-31,sh.600048,24.778913636988825,0.23060235203909216,0.0007438507240763724
2022-10-31,sh.600050,24.04841936418936,0.2371684596056894,0.0012325128986004402
2022-10-31,sh.600089,24.853061264977537,0.16577627608258275,0.00020213876574001093
2022-10-31,sh.600100,24.21527923876632,0.003871120102272571,0.00013088015460519767
2022-10-31,sh.600104,25.173860805966086,0.14822602428018528,0.00036806380679794596
2022-10-31,sh.600109,24.176858868946823,0.14084400117494458,0.00041737209773688353
2022-10-31,sh.600111,24.97925011303304,0.113703657482801,0.00029197814700785145
2022-10-31,sh.600150,25.63687612482252,0.014648590341536122,-0.00021265267392750614
2022-10-31,sh.600196,24.79070169881982,0.12091701814855083,0.00043686402430938065
2022-10-31,sh.600256,24.848035203782075,0.14735098617355044,0.00017584386613845072
2022-10-31,sh.600276,25.855244837029808,0.042973368004502126,-4.877201221221172e-05
2022-10-31,sh.600309,25.361944152456545,0.13830324174377465,0.0004016941761003777
2022-10-31,sh.600332,24.575019291879464,0.12758060830001186,0.0003015462863473371
2022-10-31,sh.600340,23.063203745073203,-0.3314783233258245,0.0010309704842358352
2022-10-31,sh.600346,25.00004218962872,0.15866020596432992,0.0003348023596556809
2022-10-31,sh.600372,24.958530319122662,0.0363136815536168,-0.00014791006956780755
2022-10-31,sh.600406,25.141974052368646,0.10465603484416454,0.0003126447274767813
2022-10-31,sh.600436,25.05327700208575,0.10515583024482703,0.0004306032217399401
2022-10-31,sh.600438,25.646170021147427,0.0879122784329945,9.959080243645124e-06
2022-10-31,sh.600518,22.903451691293103,0.43177982313620145,0.001699776688717226
2022-10-31,sh.600519,26.022021087874414,0.14550622133188448,0.0006629723840358909
2022-10-31,sh.600547,24.533232644323537,0.13707748503591943,0.0006578383410433193
2022-10-31,sh.600570,25.256478185623788,0.02541001471151586,-0.00018712024949456724
2022-10-31,sh.600585,24.744382044478655,0.24907359433094664,0.0006361810117249295
2022-10-31,sh.600588,25.502168609028143,0.01132657390849881,-0.0003045940627684691
2022-10-31,sh.600606,23.632108954269984,0.21924714108162027,0.0011334151786440742
2022-10-31,sh.600637,24.115636001912307,0.1256334266445792,0.00039675424294463254
2022-10-31,sh.600690,24.968148202564205,0.16401800168605493,0.000644559610058362
2022-10-31,sh.600703,25.056450862351188,0.06936278200430418,0.0001498785188619706
2022-10-31,sh.600745,24.5303370980035,0.13198274564554519,0.0005378585113007955
2022-10-31,sh.600795,25.03750856424448,0.03866873187717912,0.00012039330905386347
2022-10-31,sh.600809,25.457441852144974,0.1004051215158014,0.00036612457174616144
2022-10-31,sh.600837,25.164199048150124,0.11165553740140316,0.00016780374635252002
2022-10-31,sh.600887,24.98985420845792,0.14071864944956272,0.0005116168806385486
2022-10-31,sh.600893,25.71603350321381,0.015232679705538085,-0.00025771983756684444
2022-10-31,sh.600900,25.889718838598363,0.09671100958371065,0.000167437168128566
2022-10-31,sh.600905,25.409472360800525,0.08197353883183442,0.0001483720730028083
2022-10-31,sh.600918,24.629021284588806,0.10635109379631663,0.00021934582237730492
2022-10-31,sh.600919,24.994052724682728,0.21135927524900974,0.0002658062438072561
2022-10-31,sh.600941,26.25317243874656,0.136294618246035,0.0003497879052022498
2022-10-31,sh.600958,24.54975855820763,0.13740090512080883,0.0005253177574064897
2022-10-31,sh.600999,25.063937803795007,0.12726519836102995,0.0002100492012692361
2022-10-31,sh.601006,24.985965221475578,0.14711234197732742,0.0002377116801173004
2022-10-31,sh.601012,26.16080321686156,0.03273480819068017,-0.00017925678319038338
2022-10-31,sh.601066,25.4862140457766,0.08726827160656299,0.00013264678983735797
2022-10-31,sh.601088,25.76837150626297,0.1547689224928749,0.00032547528593393667
2022-10-31,sh.601111,25.218576011686036,-0.02625338790830621,0.00028457045908066817
2022-10-31,sh.601118,24.121431658081985,0.08954470474967016,0.00033265790026114356
2022-10-31,sh.601127,24.785014837928525,0.05643093488865397,0.0003100672082827446
2022-10-31,sh.601138,25.125821864004564,0.16095291770459036,0.0004111708402247698
2022-10-31,sh.601166,25.152544382390364,0.2960049503203158,0.000618544090514243
2022-10-31,sh.601169,24.95741748955028,0.23039208081793294,0.00021348596614088802
2022-10-31,sh.601186,24.590812758716865,0.2783585608383814,0.0006482444425347677
2022-10-31,sh.601198,24.414419650763776,0.09329516732089123,7.661094319302188e-05
2022-10-31,sh.601211,25.17063202938642,0.12945079747026994,0.00018340603414780394
2022-10-31,sh.601225,25.504991162037264,0.17037212668936957,5.983778352441576e-05
2022-10-31,sh.601229,24.868012593100506,0.24842947450689506,0.000244673446666754
2022-10-31,sh.601236,24.37066814786922,0.11019739641387191,0.00046557847867806146
2022-10-31,sh.601288,26.228854743548133,0.21589723015644507,0.00015137490056547738
2022-10-31,sh.601318,25.311337094610284,0.2454196046332774,0.0008809121079368908
2022-10-31,sh.601319,25.25176804795101,0.15244880444151546,0.00041781997507405377
2022-10-31,sh.601328,25.631501281356673,0.23167652730052662,0.00020956414393064318
2022-10-31,sh.601336,24.291058268959663,0.21976026679592578,0.0008083116925041798
2022-10-31,sh.601360,25.100315151662112,0.02609789801311488,-0.00011195863151510131
2022-10-31,sh.601377,24.369012356482017,0.14951208198900198,0.00039265495871986943
2022-10-31,sh.601390,24.73733751276426,0.25724407313324427,0.0006400467236564398
2022-10-31,sh.601398,26.468595191618082,0.20318044537232338,0.00012570260250241794
2022-10-31,sh.601601,24.557130520344767,0.2403696857934369,0.001006105013016167
2022-10-31,sh.601628,24.99005077165989,0.23363747769365975,0.0012952369688274705
2022-10-31,sh.601633,25.467384580656894,0.10211481419660909,0.0003447616069909695
2022-10-31,sh.601658,25.344090781951156,0.24689464397589725,0.0005407317059388654
2022-10-31,sh.601668,24.736778906518644,0.3082386750781001,0.0008590849550554928
2022-10-31,sh.601669,25.031220778467063,0.12817997507388618,0.0002980302110960265
2022-10-31,sh.601688,25.00590230139853,0.13808126355070272,0.00029558835043063774
2022-10-31,sh.601728,25.545644641954137,0.13007261475400264,0.0003692533714521654
2022-10-31,sh.601766,24.97795491238063,0.13836171710043205,0.00045752018908176007
2022-10-31,sh.601788,24.536918791170486,0.138877140460967,0.0005396904357487857
2022-10-31,sh.601800,24.012286740758018,0.30550523034538624,0.0012857059267816378
2022-10-31,sh.601816,25.325846275704567,0.09171113013406149,0.0005516565779587796
2022-10-31,sh.601818,25.079481733944107,0.2686621837813806,0.0003456364514741478
2022-10-31,sh.601857,26.008471826821072,0.16507795426679595,0.00033292081010660214
2022-10-31,sh.601878,24.67642816949293,0.09068347417256216,0.00016878902353892865
2022-10-31,sh.601881,24.898202823396154,0.14849757960318066,0.00035813734737561847
2022-10-31,sh.601888,25.03071347829157,0.16255903832182478,0.0008375238547542895
2022-10-31,sh.601899,24.78611877873786,0.20848498034888918,0.0008754675006695644
2022-10-31,sh.601901,24.7499001813849,0.09214050241747679,0.00024530112949433443
2022-10-31,sh.601919,24.926461127732722,0.6387420665930588,0.00046460578662475284
2022-10-31,sh.601939,26.38396668054503,0.2013968240346579,0.00016241132700661504
2022-10-31,sh.601985,25.258005225138838,0.0972768967620568,0.00012046011137765566
2022-10-31,sh.601988,26.185426797759423,0.21142503827910042,0.00015568314807721766
2022-10-31,sh.601989,25.08956353042864,0.055027227998624334,0.00011178181432892209
2022-10-31,sh.601995,25.196685753207863,0.119835046464903,0.00036034358947131557
2022-10-31,sh.601998,25.03663716967251,0.2817981771299481,0.0005813078889888697
2022-10-31,sh.603160,24.32510739621611,0.08401957580360332,0.0002626672262871787
2022-10-31,sh.603259,25.65331178600282,0.06597314308739942,7.109821704438983e-05
2022-10-31,sh.603288,25.068338738139026,0.13945618258352413,0.0006428758139378063
2022-10-31,sh.603501,24.72479175119393,0.12572780042985537,0.00038233136381474094
2022-10-31,sh.603799,24.69569113393768,0.13798697486147574,0.0005253095201538971
2022-10-31,sh.603986,24.205021348374494,0.17401299624104904,0.0008133018221145497
2022-10-31,sh.603993,24.807945882408124,0.1381073193743089,0.00044027744864471495
2022-10-31,sh.688012,25.589650310944798,-0.006125012491799517,-0.00043016534450354596
2022-10-31,sh.688041,25.57645919172311,0.009918186999921558,-0.00041695990329517255
2022-10-31,sh.688111,25.949997701641863,-0.013487660094333026,-0.00045659428581323733
2022-10-31,sh.688256,24.62309014361708,-0.007201374001379546,-0.00014400345153833658
2022-10-31,sh.688599,25.62533413639315,0.034338163503987065,-0.00011900930587770855
2022-10-31,sh.688981,26.03057228123869,0.04742966332306806,-6.42958267537206e-05
2022-11-30,sh.600000,25.64511061909812,0.18386016276611683,1.686917916572218e-05
2022-11-30,sh.600009,25.226891539889046,0.04777540740682453,0.00014023566711407744
2022-11-30,sh.600010,25.439326644865787,0.02572973451980516,-0.00014510290337792708
2022-11-30,sh.600015,25.187408089078716,0.21615495246241648,-4.5417219327732255e-05
2022-11-30,sh.600016,25.55118741377948,0.1575993237603086,-9.088703974355778e-05
2022-11-30,sh.600018,25.501739178088172,0.10285705782392399,-8.556195018010254e-05
2022-11-30,sh.600019,25.44499766196545,0.10831749180730929,-4.843678802517059e-05
2022-11-30,sh.600028,26.2739768742709,0.1013383556053858,-0.0001518144212351034
2022-11-30,sh.600029,25.396747042901577,-0.02589108431516024,5.7178611974534586e-05
2022-11-30,sh.600030,25.841040931503578,0.08206412624500802,-8.953453711711661e-06
2022-11-30,sh.600031,25.503171860509305,0.05421510353695519,-4.220858090700348e-05
2022-11-30,sh.600036,26.106764147185686,0.15756031721083136,0.00023237025215272833
2022-11-30,sh.600048,25.992303813687315,0.07400192259697509,-0.00034932902251401415
2022-11-30,sh.600050,25.408963693329216,0.07511620620690704,4.6497941715276274e-05
2022-11-30,sh.600089,25.32811032129635,0.10426905593760916,-0.00023633158793195092
2022-11-30,sh.600100,24.701058436874774,-0.0512881362132836,-0.000319806164643705
2022-11-30,sh.600104,25.80496156956073,0.06957410463763147,-0.00019988259894548782
2022-11-30,sh.600109,24.934183182005423,0.050150173173809515,-0.0002557032818069586
2022-11-30,sh.600111,25.48527293621416,0.05238378739031472,-0.00016392927372984562
2022-11-30,sh.600150,25.827473896688897,-0.012726432741876584,-0.0004258289717321261
2022-11-30,sh.600196,25.50047097735409,0.03653717575487886,-0.00019947267537778537
2022-11-30,sh.600256,25.61185959432738,0.050480488865979056,-0.0005504588825934433
2022-11-30,sh.600276,25.938715866688522,0.03198517426234017,-0.0001347936917111909
2022-11-30,sh.600309,25.711057604227197,0.09661930369631129,0.00011338835100524876
2022-11-30,sh.600332,24.877815194616346,0.09097463373913614,4.613554111366249e-05
2022-11-30,sh.600340,24.653406325394858,-0.4101208323855968,-0.000400109472204982
2022-11-30,sh.600346,25.687451899925254,0.07160109845961052,-0.0002920462034298766
2022-11-30,sh.600372,25.198583007220876,0.004414432579011751,-0.0003998066221611119
2022-11-30,sh.600406,25.825902899277498,0.022233888686743974,-0.0003135953644956768
2022-11-30,sh.600436,25.05938281884198,0.11035606636666923,0.0004791876950724544
2022-11-30,sh.600438,26.039859810122657,0.03842940341761724,-0.0003764926066621892
2022-11-30,sh.600518,25.54740178856141,0.06947666989477526,-0.0006938866762097677
2022-11-30,sh.600519,26.44737355865411,0.09976868663430358,0.00033027305684922445
2022-11-30,sh.600547,25.538466403756143,0.019562731709636544,-0.0002420742843881025
2022-11-30,sh.600570,25.033243291988377,0.05102750542645661,1.02869937879962e-05
2022-11-30,sh.600585,25.652472913190664,0.12634267935669694,-0.00017076488030939746
2022-11-30,sh.600588,25.027770113299155,0.06692834616701832,0.00012707965222755614
2022-11-30,sh.600606,25.447455695815865,0.0007628764495904439,-0.0005062754620443609
2022-11-30,sh.600637,24.601493180529353,0.06774481387621328,-2.696031429561211e-05
2022-11-30,sh.600690,25.735461488177606,0.07195916026800654,-2.4169058027144543e-05
2022-11-30,sh.600703,25.429238351164322,0.024915692269397063,-0.00019284100354502565
2022-11-30,sh.600745,25.33628653484093,0.03676547037793926,-0.00018073244029756988
2022-11-30,sh.600795,25.408878348888496,-0.005064924985116223,-0.00022468257971791148
2022-11-30,sh.600809,25.463967581231973,0.10448578515314952,0.00040711068970263834
2022-11-30,sh.600837,25.52079447803752,0.06802041170131677,-0.00015230224975503845
2022-11-30,sh.600887,25.31420825233633,0.1041617740739118,0.00026016150512365814
2022-11-30,sh.600893,25.720862683762345,0.010920080050261433,-0.0002940525216352974
2022-11-30,sh.600900,26.12996265848664,0.06787399366093212,-4.455108396777476e-05
2022-11-30,sh.600905,25.682147401406137,0.049363499400033074,-9.813214033957028e-05
2022-11-30,sh.600918,25.24418846380227,0.032015457455637115,-0.00034226819470865627
2022-11-30,sh.600919,25.35531825788137,0.16113648119383064,-5.355705601575392e-05
2022-11-30,sh.600941,26.982552577419412,0.046088955170117955,-0.000316624863643016
2022-11-30,sh.600958,25.182542817484517,0.06325628034609303,-2.401360791116445e-05
2022-11-30,sh.600999,25.45884000629804,0.07880551463028473,-0.00013798672948066377
2022-11-30,sh.601006,25.370489654697252,0.09816529693074237,-0.00010535211237425746
2022-11-30,sh.601012,26.25400714008877,0.018802218355566558,-0.00029318415459661566
2022-11-30,sh.601066,25.784448654614263,0.051205739834177214,-0.0001391120092164086
2022-11-30,sh.601088,26.509908627050656,0.06105436771931885,-0.0003565833144086883
2022-11-30,sh.601111,25.51463377933499,-0.05062115708398432,3.381948484513386e-05
2022-11-30,sh.601118,24.553980478761623,0.04038805484176224,-4.582408480134254e-05
2022-11-30,sh.601127,25.92708305748347,-0.07964315259177188,-0.0007637868795996687
2022-11-30,sh.601138,25.603816228053155,0.1008809184396387,-2.0571404846846534e-06
2022-11-30,sh.601166,25.925454891769235,0.18317238146489845,-5.634703780717315e-05
2022-11-30,sh.601169,25.20253314096682,0.193960109183279,3.451998242153819e-06
2022-11-30,sh.601186,25.528421367607823,0.14754784992667747,-0.00018628960599084528
2022-11-30,sh.601198,24.918111661175068,0.03237866986495393,-0.0003859640368752203
2022-11-30,sh.601211,25.52536976010332,0.08502382779570661,-0.00013534555959329663
2022-11-30,sh.601225,25.867745242996328,0.12389801599464284,-0.00028681941900606965
2022-11-30,sh.601229,25.202307155920177,0.19920027788167996,-4.8771628754473174e-05
2022-11-30,sh.601236,25.100619036389716,0.02341272197940572,-0.00019534748068414089
2022-11-30,sh.601288,26.37441754417081,0.19379565536509882,3.0015989165869775e-05
2022-11-30,sh.601318,26.163920818733043,0.1342193937237222,0.000154761523763979
2022-11-30,sh.601319,25.88783530801119,0.07351081265195222,-0.000149030745855105
2022-11-30,sh.601328,25.873107439034666,0.19568105878119546,2.401810409439703e-06
2022-11-30,sh.601336,25.064060893944664,0.12202953383726553,0.00015346080447219753
2022-11-30,sh.601360,25.176790508179216,0.014768628058338895,-0.00019991610784280106
2022-11-30,sh.601377,24.95519773141,0.07702776185518669,-0.00012633116225327397
2022-11-30,sh.601390,25.694443661338905,0.12715082683870238,-0.0002144112621172578
2022-11-30,sh.601398,26.587252185526157,0.1853948286947356,2.7172974709521137e-05
2022-11-30,sh.601601,25.70130613326478,0.09705853759621363,9.006198887917872e-06
2022-11-30,sh.601628,26.392180348199496,0.07031354400799808,7.58702870856918e-05
2022-11-30,sh.601633,26.1544883026916,0.020137079823553866,-0.000281105754504123
2022-11-30,sh.601658,25.84082327011992,0.17547033406441398,0.0001237040948301938
2022-11-30,sh.601668,26.025452290258375,0.1297555989454727,-0.0002950734877426112
2022-11-30,sh.601669,25.66803499856372,0.04954747871989242,-0.00028386872914178623
2022-11-30,sh.601688,25.490224424863584,0.07813910845623859,-0.00013441505264430122
2022-11-30,sh.601728,26.117360503007365,0.06060916194074494,-0.0001405612996228783
2022-11-30,sh.601766,25.696449441038688,0.05137470914989302,-0.000185081495661545
2022-11-30,sh.601788,25.486946016343087,0.024953335122385366,-0.0003183268959294797
2022-11-30,sh.601800,25.914690550750485,0.059822182038349284,-0.0004238786763195581
2022-11-30,sh.601816,25.779708428199196,0.04077435785545872,0.00015738921085980517
2022-11-30,sh.601818,25.399373049248965,0.21797163427012595,7.947882405575597e-05
2022-11-30,sh.601857,26.60021789225981,0.0894351478375711,-0.0002010636246019558
2022-11-30,sh.601878,25.160822662080935,0.031675388545779025,-0.000279862185443588
2022-11-30,sh.601881,25.564715587296725,0.06522090128900251,-0.0002457169256529985
2022-11-30,sh.601888,25.651873993263425,0.09503575522708523,0.0003326363629394962
2022-11-30,sh.601899,25.735691225225874,0.09209446469601107,5.371854702919842e-05
2022-11-30,sh.601901,25.273253566357884,0.029469935622168236,-0.00023220846813144788
2022-11-30,sh.601919,25.588632503238482,0.5000492033955709,-0.00012462527804578253
2022-11-30,sh.601939,26.555933962740696,0.17642288028223588,1.6828604512136528e-05
2022-11-30,sh.601985,25.550619070361094,0.06129265868595566,-0.00014855535515123156
2022-11-30,sh.601988,26.37106770803056,0.18430275808478164,-3.3936983852441663e-06
2022-11-30,sh.601989,25.414448690535632,0.0168240748394769,-0.00018631060180486673
2022-11-30,sh.601995,25.68048905208135,0.06268140085383975,-6.189218753067379e-05
2022-11-30,sh.601998,25.75664288085323,0.17769537336053426,-4.859442098570956e-05
2022-11-30,sh.603160,24.763252987838733,0.03266996413951855,-0.00013116990124878837
2022-11-30,sh.603259,25.59781807728504,0.07390106459544739,0.00013540553818215155
2022-11-30,sh.603288,25.3296995917348,0.11461755635009824,0.0004680414870549805
2022-11-30,sh.603501,25.376052111032617,0.046949537396100076,-0.00020355833981896995
2022-11-30,sh.603799,25.73224914989861,0.012747885190368402,-0.0004197317587598922
2022-11-30,sh.603986,25.090107210466815,0.07042720661992068,4.8167792110829865e-05
2022-11-30,sh.603993,25.41660036293135,0.06451281215987202,-9.746679703442638e-05
2022-11-30,sh.688012,25.11793730192343,0.046562910301143595,-2.833391364062421e-05
2022-11-30,sh.688041,25.385964111753978,0.029477221583834708,-0.00026770083363883304
2022-11-30,sh.688111,25.305916378892174,0.05986134403663247,0.00010978457391236759
2022-11-30,sh.688256,24.996373610837793,-0.057447758260388754,-0.0005261944583084115
2022-11-30,sh.688599,25.544505758963297,0.042893139697522266,-5.4477557414203005e-05
2022-11-30,sh.688981,25.914010006255385,0.06112148655376495,3.923252700692374e-05
2022-12-30,sh.600000,25.335496749986273,0.18577288963249067,3.1744245380757596e-05
2022-12-30,sh.600009,25.200233539052526,0.05162244725016686,0.00017015367234923372
2022-12-30,sh.600010,25.147023638743516,0.07183274246878596,0.00021343511269203568
2022-12-30,sh.600015,25.367483502837935,0.22247765074525655,3.753708978010854e-06
2022-12-30,sh.600016,25.338385398822474,0.17245814886797767,2.4668406901697058e-05
2022-12-30,sh.600018,25.38900915045918,0.11149976686147385,-1.8348553708830266e-05
2022-12-30,sh.600019,24.985209355596265,0.16231941192895866,0.0003715301982029545
2022-12-30,sh.600028,25.244019666208526,0.13637247538996072,0.00012064207045887521
2022-12-30,sh.600029,25.51551778659363,-0.05216285701151696,-0.00014713407130237063
2022-12-30,sh.600030,25.098760009072024,0.1154808515635492,0.00025092473932340287
2022-12-30,sh.600031,24.97274728829907,0.10886072995072754,0.0003827644382716165
2022-12-30,sh.600036,24.983456877953742,0.17654525650296687,0.0003800140344530854
2022-12-30,sh.600048,25.23289614439834,0.1358091817791058,0.00013133922608283318
2022-12-30,sh.600050,24.752650108026653,0.1466419888015662,0.0006027460767115849
2022-12-30,sh.600089,25.157320074062735,0.16365017156185585,0.00022546880937616309
2022-12-30,sh.600100,25.050537721863783,0.02483852916432249,0.00027222252911774405
2022-12-30,sh.600104,25.222838946817603,0.11349669588305301,0.00014169855652299161
2022-12-30,sh.600109,24.880751581124755,0.13083570642451567,0.0003717792253923297
2022-12-30,sh.600111,24.784709810430282,0.14757641711568256,0.000576373325267287
2022-12-30,sh.600150,25.14069654898069,0.07043048389241285,0.00022087321189866104
2022-12-30,sh.600196,25.512109884533814,0.0438602643488082,-0.00014252182178320897
2022-12-30,sh.600256,24.881862929219682,0.18738267049348684,0.000514214308593889
2022-12-30,sh.600276,25.02293462393744,0.0924713544989602,0.0003356006714003674
2022-12-30,sh.600309,25.22129850526509,0.10018100077032777,0.0001410872769445983
2022-12-30,sh.600332,25.321399421989497,0.09085008535868967,4.5166942073890036e-05
2022-12-30,sh.600340,24.88774067661416,-0.2976736138000198,0.0004743801643253282
2022-12-30,sh.600346,24.900277459066874,0.16776368439859007,0.0004557996382313341
2022-12-30,sh.600372,24.908841130390662,0.11282192513190287,0.00044326650985764384
2022-12-30,sh.600406,25.07538438698302,0.09927769792439664,0.00028556585607174
2022-12-30,sh.600436,25.090840561465367,0.0848719452396382,0.0002810004913159517
2022-12-30,sh.600438,25.028271806258708,0.13448539336027698,0.0003705242496737296
2022-12-30,sh.600518,25.43323050281502,0.14901798913055764,-7.530259540652285e-05
2022-12-30,sh.600519,25.12346646573153,0.08794928637019313,0.00023835488251837508
2022-12-30,sh.600547,25.258365448419543,0.06485664082327787,0.00011017145913538872
2022-12-30,sh.600570,24.75389858493314,0.12398268562359488,0.0005776513965370547
2022-12-30,sh.600585,25.101887933535508,0.18148616167630757,0.0002580799094262654
2022-12-30,sh.600588,25.329089725988258,0.04760901518345414,-2.3164657434655175e-05
2022-12-30,sh.600606,25.19275137070726,0.08763753135240848,0.00016933916271262575
2022-12-30,sh.600637,25.359358234005185,0.07340603331648973,1.7066365891928615e-05
2022-12-30,sh.600690,25.191400180499517,0.09723412428631902,0.00017239155392671785
2022-12-30,sh.600703,25.01394237588593,0.09414986202118253,0.00034558551071899534
2022-12-30,sh.600745,24.964446787654378,0.11061333913743522,0.00039357430310028673
2022-12-30,sh.600795,25.646077412528232,-0.011136008826260785,-0.00027189673021774894
2022-12-30,sh.600809,25.29544048267748,0.06200274811168445,7.672478875817839e-05
2022-12-30,sh.600837,25.10079147007147,0.11652445756553369,0.00022490837378535608
2022-12-30,sh.600887,25.190374952868165,0.09304350665851578,0.00017369596375024486
2022-12-30,sh.600893,25.10901441019479,0.07946145733054943,0.00023898622186648217
2022-12-30,sh.600900,25.419560921247427,0.06804749033533909,-4.3201819435936534e-05
2022-12-30,sh.600905,25.315436210324357,0.0699243750744343,6.17675256674488e-05
2022-12-30,sh.600918,25.088745318341502,0.10171535769704787,0.0001997802542880904
2022-12-30,sh.600919,25.314934243947313,0.17719721300978575,7.134548674884612e-05
2022-12-30,sh.600941,24.910341737372622,0.14457096586628726,0.0004492588889455388
2022-12-30,sh.600958,24.591457975689764,0.16198498034743497,0.0007437886202389017
2022-12-30,sh.600999,25.102154265035978,0.12093193529763038,0.000189625805191983
2022-12-30,sh.601006,25.370714676933286,0.11129233716745665,-3.2645659705490265e-06
2022-12-30,sh.601012,24.85803902900917,0.12087917268256058,0.0005006570787425578
2022-12-30,sh.601066,24.869144427653325,0.13134900804063937,0.0004841533624466801
2022-12-30,sh.601088,25.277171096305185,0.11948167919734998,9.779945308486192e-05
2022-12-30,sh.601111,25.47772112206804,-0.06896119537608814,-0.00010880897339288052
2022-12-30,sh.601118,25.21031957508319,0.06621205547819894,0.00015500632447311698
2022-12-30,sh.601127,25.293607810615637,0.027824141803272126,7.197443487780693e-05
2022-12-30,sh.601138,25.246837270492186,0.11630069533395018,0.00011786076643466447
2022-12-30,sh.601166,25.37555831281587,0.18691071706290077,-2.727441351778325e-05
2022-12-30,sh.601169,25.434300916684872,0.18518887867737752,-6.476089553602253e-05
2022-12-30,sh.601186,25.294434735248842,0.1806546954702769,7.117868615774187e-05
2022-12-30,sh.601198,25.075200788700055,0.10121921818134103,0.00014940132683032706
2022-12-30,sh.601211,25.19387452019702,0.12213654159323092,0.00015327592884975544
2022-12-30,sh.601225,25.185717640657977,0.18574729074688098,0.00019417558005285256
2022-12-30,sh.601229,25.33108449672722,0.21033316565055815,3.7807613498013735e-05
2022-12-30,sh.601236,24.995896254689626,0.10398914086744632,0.0004312864561321013
2022-12-30,sh.601288,25.381969571936544,0.18887898945842838,-8.220380179211394e-06
2022-12-30,sh.601318,25.063642826708204,0.15266261241925144,0.00029819240463746174
2022-12-30,sh.601319,25.43237942733428,0.08459828319213374,-6.280470838895924e-05
2022-12-30,sh.601328,25.294732263409173,0.20463464389508074,7.203285589346764e-05
2022-12-30,sh.601336,25.25199948123402,0.11530823750833888,0.00010119002305467064
2022-12-30,sh.601360,25.11756558595785,0.07194417391785152,0.00024473181627686607
2022-12-30,sh.601377,24.6222837670476,0.1845874524829213,0.000710148707551392
2022-12-30,sh.601390,25.28731509525446,0.16472278794726,7.778174209252182e-05
2022-12-30,sh.601398,25.399292774383955,0.17882901682785746,-2.38886211682191e-05
2022-12-30,sh.601601,25.185734143233724,0.11820746177016908,0.00017347905332152302
2022-12-30,sh.601628,25.69388055221004,0.01848475200038255,-0.0003271965210990878
2022-12-30,sh.601633,25.214445665486956,0.07600327723593023,0.00015335951092437962
2022-12-30,sh.601658,25.22737311373161,0.1779488536665419,0.0001429792688474916
2022-12-30,sh.601668,25.305817667255194,0.1754397351543918,6.020700893001214e-05
2022-12-30,sh.601669,25.413826647623733,0.08014433262911147,-4.5920365539701604e-05
2022-12-30,sh.601688,25.31410449861234,0.09857766640792238,2.4533361902469537e-05
2022-12-30,sh.601728,24.65526329647554,0.16816833275905207,0.00069591452768111
2022-12-30,sh.601766,25.20541528945881,0.09555792514935285,0.00015852650981973665
2022-12-30,sh.601788,25.121585645976822,0.0955941540876058,0.00023103897437069118
2022-12-30,sh.601800,25.148482930254033,0.14175704110481563,0.000213319700176227
2022-12-30,sh.601816,25.381969571936544,0.04173176135858315,0.00016483483247669697
2022-12-30,sh.601818,25.381969571936544,0.20534287368041704,-1.8733656402514068e-05
2022-12-30,sh.601857,25.23069653648027,0.13274971561191873,0.00013578899928602315
2022-12-30,sh.601878,25.116975165918227,0.09850488353673391,0.0002398634380022935
2022-12-30,sh.601881,25.17560156172609,0.12110843214805805,0.00018891424764114168
2022-12-30,sh.601888,25.446875248430363,0.0425495128043164,-7.554336472711612e-05
2022-12-30,sh.601899,24.70908441927172,0.16841968585832634,0.0006472913872638588
2022-12-30,sh.601901,25.052014154787717,0.09874599966804097,0.0003065438534443937
2022-12-30,sh.601919,25.257761031939452,0.5325694767615224,0.00012828130686911527
2022-12-30,sh.601939,25.395323514853374,0.1713686895199764,-2.247728049096354e-05
2022-12-30,sh.601985,25.356908672395953,0.08259316821393134,1.7096361888384555e-05
2022-12-30,sh.601988,25.310593592232333,0.191766369549133,5.4649986098573326e-05
2022-12-30,sh.601989,25.241944488543567,0.05385628045687159,0.00010168478338667898
2022-12-30,sh.601995,25.204512376133785,0.08815973069186893,0.0001362499780089842
2022-12-30,sh.601998,25.329130325917227,0.18902175866892357,3.948963032408473e-05
2022-12-30,sh.603160,25.241189219935624,0.06694764448515197,0.00013540384422578325
2022-12-30,sh.603259,24.81345842495095,0.12712992626310535,0.0005493605339408713
2022-12-30,sh.603288,25.394248153369745,0.051090638752730184,-2.6000355672634196e-05
2022-12-30,sh.603501,24.549586211271357,0.17585100396160655,0.0007988941713501418
2022-12-30,sh.603799,24.699473386353354,0.15039208101177926,0.0006507119951046559
2022-12-30,sh.603986,24.93881206273826,0.11820296471518482,0.0004197146018693274
2022-12-30,sh.603993,24.45664405043786,0.19183903876425826,0.0008927352464185835
2022-12-30,sh.688012,25.11808988286514,0.0815665822155442,0.00024388578831985308
2022-12-30,sh.688041,25.11118442859543,0.07851196303901337,0.00011363695107358457
2022-12-30,sh.688111,25.143052946765096,0.07378703002971362,0.00021808310041844485
2022-12-30,sh.688256,24.86247035308745,0.0737210424601214,0.0004938908609109321
2022-12-30,sh.688599,24.933302432263037,0.10464333022443024,0.00042574687453523634
2022-12-30,sh.688981,25.31618014193208,0.06591487043341075,7.651014560334629e-05
2023-01-31,sh.600000,25.78354255669801,0.16491035284639532,-0.00010826630502055949
2023-01-31,sh.600009,25.53686919120192,0.01517662795316485,-0.00012015755547093712
2023-01-31,sh.600010,25.3010762203021,0.044576046509736456,2.0104821957010413e-06
2023-01-31,sh.600015,25.14145242951112,0.22260809311173718,-3.3460644385997925e-06
2023-01-31,sh.600016,25.558321545018572,0.1572624180379799,-0.0001020322591489101
2023-01-31,sh.600018,25.421787330797624,0.11313993099270032,-1.836145043310799e-05
2023-01-31,sh.600019,25.214079395885918,0.13666969035620932,0.00022169001048790425
2023-01-31,sh.600028,26.015367229831597,0.13384693240497086,9.963177998818353e-05
2023-01-31,sh.600029,25.17199488641959,8.407442778754493e-05,0.0002687146551835844
2023-01-31,sh.600030,26.030133585973452,0.06016120780468763,-0.00015592169550519952
2023-01-31,sh.600031,25.265758613526646,0.08842076503891261,0.00023668254499845586
2023-01-31,sh.600036,26.79206794661862,0.06863698786260507,-0.00035650665643929987
2023-01-31,sh.600048,25.773653649512042,0.10242780146384611,-0.00016357476362884946
2023-01-31,sh.600050,25.517962602679553,0.06772068122295827,2.3325650505146342e-05
2023-01-31,sh.600089,25.025227635360555,0.1426458418669856,5.440334987801568e-05
2023-01-31,sh.600100,23.452623644557868,0.10648367334946358,0.0009034378564408431
2023-01-31,sh.600104,25.606479996478647,0.09440621508785811,-1.1244235597459506e-05
2023-01-31,sh.600109,25.026838788815716,0.041601852852859826,-0.00030378684264702134
2023-01-31,sh.600111,25.373661080488883,0.06964579610408478,-4.305444126968228e-06
2023-01-31,sh.600150,25.34963819026353,0.04375873637046533,1.3143678492514084e-05
2023-01-31,sh.600196,25.304032711875962,0.05763886585477315,-4.997077425101118e-05
2023-01-31,sh.600256,24.78903348950641,0.15491199257274854,0.00023059943479161065
2023-01-31,sh.600276,25.730156195042667,0.061368458359660344,9.719471630683697e-05
2023-01-31,sh.600309,25.583919513906686,0.11439792513674885,0.000274857732089789
2023-01-31,sh.600332,24.794048604229403,0.10212710473385594,0.00014366635921921872
2023-01-31,sh.600340,24.389748884341934,-0.37397835882394015,-0.00013747040373472843
2023-01-31,sh.600346,25.39636817460929,0.10799709508549953,1.2677457080712537e-05
2023-01-31,sh.600372,24.973780507330215,0.03307778702072838,-0.0001759290372069798
2023-01-31,sh.600406,25.53543392964151,0.05842408434326436,-3.327927535723572e-05
2023-01-31,sh.600436,25.677552048475583,0.04358213678863077,-2.7726603759850368e-05
2023-01-31,sh.600438,25.643171047206714,0.08793938688810055,-1.8102584740427652e-06
2023-01-31,sh.600518,24.755245291114658,0.18325038176757213,-2.524771190023374e-05
2023-01-31,sh.600519,26.94330767468205,0.044985223445263,-7.774493169812122e-05
2023-01-31,sh.600547,25.438795037512726,0.030347379350587858,-0.00016076508390387717
2023-01-31,sh.600570,25.388246060515204,0.016062991552173195,-0.0002548579519150375
2023-01-31,sh.600585,25.346689553996566,0.1635189771708545,0.0001417963272477696
2023-01-31,sh.600588,25.45691509874864,0.017184153450303247,-0.00025900887321906143
2023-01-31,sh.600606,24.909571458814153,0.06478972978178577,-2.715463454533745e-05
2023-01-31,sh.600637,24.286827177329126,0.10725452376300057,0.00028030234878235447
2023-01-31,sh.600690,25.65880670120685,0.08296831233002384,7.343116692065024e-05
2023-01-31,sh.600703,25.18974480509451,0.05735066349451805,6.220276749745129e-05
2023-01-31,sh.600745,25.487878294186306,0.020356668755023608,-0.00030001435047394677
2023-01-31,sh.600795,25.165019753373603,0.014810735697086519,-5.098701363365925e-05
2023-01-31,sh.600809,26.06851566218833,0.035307549494196705,-0.00011982182675899109
2023-01-31,sh.600837,25.5140292113576,0.06982936064346466,-0.00012432573198350183
2023-01-31,sh.600887,25.899755209549483,0.0348929092273677,-0.00025224497001689774
2023-01-31,sh.600893,25.399706300825766,0.05094368062978124,1.6970801161523687e-05
2023-01-31,sh.600900,26.01385212797397,0.0818565930181673,5.8832456325206444e-05
2023-01-31,sh.600905,25.685201378717107,0.04862875273522917,-0.00010534144440079555
2023-01-31,sh.600918,24.951112334314125,0.06892267005499675,-5.467226879034305e-05
2023-01-31,sh.600919,25.41163893818826,0.15397519238224916,-0.00010789420107281493
2023-01-31,sh.600941,26.466362908171256,0.1114537099952454,0.00020272247453633426
2023-01-31,sh.600958,25.498145608791937,0.03161708488864314,-0.0002384594946622487
2023-01-31,sh.600999,25.513133034743948,0.07299701652102798,-0.00016323623088599056
2023-01-31,sh.601006,25.215630849771955,0.11779602357304758,3.5053135539195574e-05
2023-01-31,sh.601012,26.295465086056055,0.015995935958989668,-0.00030902354675111526
2023-01-31,sh.601066,25.735209828628864,0.06082018095205046,-4.516663039083476e-05
2023-01-31,sh.601088,26.164352459084025,0.10492632922676284,-5.495850252686306e-05
2023-01-31,sh.601111,25.27484854190002,-0.022511816965189987,0.00026185718042370305
2023-01-31,sh.601118,24.513117654371992,0.04756958475207884,1.1438672917688596e-05
2023-01-31,sh.601127,25.35821774196149,-0.026270959021174947,-0.0003084659218246154
2023-01-31,sh.601138,25.599860849595917,0.10153373042114666,2.064621051456474e-05
2023-01-31,sh.601166,26.051302816826382,0.16775223866452493,-0.00018144578075952034
2023-01-31,sh.601169,25.14461418365186,0.20207776207080297,5.5434586161002845e-05
2023-01-31,sh.601186,25.24475163999312,0.184890157332476,7.851475012545409e-05
2023-01-31,sh.601198,24.574592897308612,0.07598921056902933,-4.464501486640303e-05
2023-01-31,sh.601211,25.42252887000411,0.0980218603183831,-2.5249068070970154e-05
2023-01-31,sh.601225,25.469274906285637,0.1758280316060749,8.703260759064994e-05
2023-01-31,sh.601229,25.17247483205872,0.2026068185166171,-1.8008289808736418e-05
2023-01-31,sh.601236,24.674354112218694,0.07821789309218129,0.0002342323784389113
2023-01-31,sh.601288,26.392920614256365,0.19058256687093256,1.7007739801049206e-05
2023-01-31,sh.601318,26.603292202391028,0.07829231393401619,-0.00021281204045829976
2023-01-31,sh.601319,25.672477253912042,0.10004166061252208,3.631201700363377e-05
2023-01-31,sh.601328,25.863866961044184,0.19441326076623242,2.4690213019118528e-05
2023-01-31,sh.601336,25.282346804518827,0.09507994913986642,-1.9824541064118238e-05
2023-01-31,sh.601360,22.958449477176444,0.2943108681597102,0.0019739658568905306
2023-01-31,sh.601377,25.19327294939963,0.0497830997686322,-0.00028169610979675774
2023-01-31,sh.601390,25.250090495061038,0.18457265354003854,0.00020430778487197745
2023-01-31,sh.601398,26.6419444747712,0.17816364707727533,-2.3966934264675443e-05
2023-01-31,sh.601601,25.493053232433137,0.12380214654600352,0.00024080082602752546
2023-01-31,sh.601628,26.271928680106193,0.0827642558079347,0.00016392988119955153
2023-01-31,sh.601633,25.429231902857012,0.10964659424381532,0.0004109455836680174
2023-01-31,sh.601658,26.240096518037262,0.12141548979514855,-0.00022928978358336714
2023-01-31,sh.601668,25.65369872530941,0.1804524718013852,3.88531516656701e-05
2023-01-31,sh.601669,25.26450083137931,0.09884869928967349,6.884967253506245e-05
2023-01-31,sh.601688,25.498709272789576,0.07698166633746975,-0.00014645018469744512
2023-01-31,sh.601728,25.419165327754936,0.1522173761913031,0.000610323464349036
2023-01-31,sh.601766,25.27425823287861,0.10433155204919692,0.00022626482172861864
2023-01-31,sh.601788,25.237778225102325,0.05557995725351977,-8.32426246655281e-05
2023-01-31,sh.601800,25.16768478678259,0.15433269730280907,0.0002772644759867142
2023-01-31,sh.601816,25.748146624833037,0.044614428354589765,0.00018721709745918365
2023-01-31,sh.601818,25.623356649938483,0.18718304537666663,-0.0001263435036798781
2023-01-31,sh.601857,26.356171279421226,0.12023945724585786,3.067495820570406e-05
2023-01-31,sh.601878,25.0003813502185,0.05161263479735459,-0.00012594372810556973
2023-01-31,sh.601881,25.3889402712936,0.08720981452058589,-8.001927927318592e-05
2023-01-31,sh.601888,26.30180725680009,0.017187995232208653,-0.00026667525966302114
2023-01-31,sh.601899,26.012767651487483,0.06132561609504974,-0.0001280713533422277
2023-01-31,sh.601901,25.046888167658658,0.05894519207734374,2.1904216257497125e-07
2023-01-31,sh.601919,25.398791561287286,0.5202115052129259,5.879224872486925e-05
2023-01-31,sh.601939,26.56451635078829,0.17509324226669942,1.0191842098381211e-05
2023-01-31,sh.601985,25.3773014059282,0.08233349257317496,4.779692981465393e-06
2023-01-31,sh.601988,26.38231659087185,0.18115398900564317,-3.647024227696151e-06
2023-01-31,sh.601989,25.163325300414037,0.04799183074488846,5.621444088952816e-05
2023-01-31,sh.601995,25.48829201681378,0.08826411873863592,0.0001449856847363536
2023-01-31,sh.601998,25.81802967409432,0.16967067751468237,-0.00010659948174555149
2023-01-31,sh.603160,24.512419877820875,0.06421564802806938,0.00011423066618140501
2023-01-31,sh.603259,26.2577902845499,-0.0004182350639744675,-0.0004218522075901928
2023-01-31,sh.603288,25.74886588583336,0.0680367654162514,0.00011738288350319917
2023-01-31,sh.603501,25.583082139675124,0.025824664547755838,-0.00033396017470436193
2023-01-31,sh.603799,25.722797578403956,0.0158516581475891,-0.0003859789943433173
2023-01-31,sh.603986,25.533759606517556,0.019981144107369272,-0.0003225658312213657
2023-01-31,sh.603993,25.273465297059754,0.08835337814948616,0.000138079726932551
2023-01-31,sh.688012,25.120280059630062,0.049723345355601675,5.62766219522867e-07
2023-01-31,sh.688041,24.5095657856028,0.14166860140137644,0.0006062335061048053
2023-01-31,sh.688111,25.35185174352545,0.05967158867543996,0.00011136318076311502
2023-01-31,sh.688256,23.136823166809265,0.17406013763108005,0.0012793359929571366
2023-01-31,sh.688599,26.06131323035408,-0.01649524862445284,-0.0005097102312743119
2023-01-31,sh.688981,25.93958958510302,0.05901505229630706,2.6298938235227318e-05
2023-02-28,sh.600000,25.668336618693065,0.18137771637904854,-8.522798328819613e-06
2023-02-28,sh.600009,25.592232368837557,0.005954836632801386,-0.00018946398297342538
2023-02-28,sh.600010,25.6153442419982,0.005409629798753077,-0.00030247609515428705
2023-02-28,sh.600015,25.034403906135918,0.2358204498031899,0.00010212007805923906
2023-02-28,sh.600016,25.41646211618611,0.17663609377180095,2.5167629676264815e-05
2023-02-28,sh.600018,25.25834262913065,0.13368444015149125,0.00014032091171572032
2023-02-28,sh.600019,25.68298835143127,0.07767819036007072,-0.00020556618423961043
2023-02-28,sh.600028,25.37263827657629,0.21406703603128505,0.0007421317450523206
2023-02-28,sh.600029,25.51603388255476,-0.03292301820445867,-3.06672620780446e-05
2023-02-28,sh.600030,25.90956943486008,0.07440882745348303,-5.584034583456742e-05
2023-02-28,sh.600031,25.88792104428432,0.013437152255976317,-0.0003382358007794717
2023-02-28,sh.600036,26.69289649368596,0.08256656722968267,-0.00030820869718427025
2023-02-28,sh.600048,25.839088297570346,0.09508915420072618,-0.0002477499740296708
2023-02-28,sh.600050,25.458984172642403,0.07549850857044045,8.556193810245997e-05
2023-02-28,sh.600089,25.05507244163524,0.13845974726060478,3.164298394425699e-05
2023-02-28,sh.600100,23.337565726421765,0.14695580753614548,0.0011286754116049448
2023-02-28,sh.600104,25.776888409299215,0.07301503619671465,-0.00017731839591272205
2023-02-28,sh.600109,24.97083963835922,0.04675903542852849,-0.00027451345851223257
2023-02-28,sh.600111,25.759625876874775,0.02120643256214,-0.0003808531591061773
2023-02-28,sh.600150,25.459060462036973,0.030489006978094563,-9.00115881577343e-05
2023-02-28,sh.600196,25.410074653319302,0.04394561682098527,-0.0001581319998374483
2023-02-28,sh.600256,25.562349871865067,0.056512749294867916,-0.000498024520982266
2023-02-28,sh.600276,25.918856293314857,0.03934311199689737,-7.236796501690907e-05
2023-02-28,sh.600309,26.2218310951585,0.036329263163283484,-0.0003108390175543293
2023-02-28,sh.600332,24.796716309672753,0.10268624135413477,0.00016159183787560109
2023-02-28,sh.600340,24.66476549972073,-0.422281128789444,-0.00042351791319323744
2023-02-28,sh.600346,25.736781764144876,0.06523960003580398,-0.00031611763044453066
2023-02-28,sh.600372,24.723197002980257,0.062412249209418555,4.738902109836116e-05
2023-02-28,sh.600406,25.389675567955152,0.07650617903226264,0.00010645273280031833
2023-02-28,sh.600436,25.945662716735495,0.009547140938448162,-0.0002927919110238217
2023-02-28,sh.600438,25.880130728826202,0.058108098046318814,-0.00023679379573456042
2023-02-28,sh.600518,24.893830910693953,0.16584946279834192,-0.0001605727425777582
2023-02-28,sh.600519,26.856370249370762,0.05504460058862,-1.3971211016954038e-06
2023-02-28,sh.600547,24.657982527214397,0.12619874904290768,0.0005812729092536394
2023-02-28,sh.600570,24.386212697955017,0.1383175261033846,0.000693535318565698
2023-02-28,sh.600585,25.826395076386195,0.10165473914431356,-0.000306148068626623
2023-02-28,sh.600588,24.940566889999698,0.0788594646454231,0.0002200532854666817
2023-02-28,sh.600606,25.185125667180348,0.030076050382455165,-0.00029778806711804756
2023-02-28,sh.600637,24.13156309351739,0.12920549402109843,0.0004684603967465586
2023-02-28,sh.600690,26.27840953128992,0.00589419073742066,-0.000520140792360866
2023-02-28,sh.600703,24.90834337810615,0.09380528076810184,0.00034698710352088283
2023-02-28,sh.600745,25.058259862082338,0.07070087200660453,7.990776858150856e-05
2023-02-28,sh.600795,25.246428978916825,0.0037507002712528076,-0.00013542508055818789
2023-02-28,sh.600809,26.07458238493951,0.03292244000556602,-0.00014088217798942813
2023-02-28,sh.600837,25.566966102414014,0.06272229039010556,-0.00018605155654720273
2023-02-28,sh.600887,25.78687625173816,0.04666175440502207,-0.00017487239321498885
2023-02-28,sh.600893,25.676544663984366,0.016871433912239497,-0.00024746855777381914
2023-02-28,sh.600900,26.073585012549046,0.07486949716639064,9.117676947320883e-06
2023-02-28,sh.600905,25.640461323300716,0.05311302749704476,-7.543231808449199e-05
2023-02-28,sh.600918,25.133695239200485,0.046321841747972825,-0.0002287383452132653
2023-02-28,sh.600919,25.368252743304886,0.16157722748212736,-8.09023049714005e-05
2023-02-28,sh.600941,26.276834190398503,0.13635823626203594,0.00041545659922564006
2023-02-28,sh.600958,25.404340519577367,0.04085804189196678,-0.00017567152636854746
2023-02-28,sh.600999,25.471707960579998,0.07779219952736524,-0.00013349391049800828
2023-02-28,sh.601006,25.05134715186252,0.13830702202679399,0.00020198636824866366
2023-02-28,sh.601012,26.27330074279397,0.014775726334785896,-0.00032873026990794485
2023-02-28,sh.601066,25.86348236708409,0.04442010017119359,-0.00017423487735789922
2023-02-28,sh.601088,26.082972803294684,0.1152781888398958,1.775297647903947e-05
2023-02-28,sh.601111,25.73381677250657,-0.0687172516365265,-0.00015077228970430563
2023-02-28,sh.601118,24.483925098396583,0.05161225090227085,4.313202288948023e-05
2023-02-28,sh.601127,24.995238614616945,0.011629817410521076,5.190639934979081e-06
2023-02-28,sh.601138,22.656332518393807,0.4711767261624047,0.0028995191496527513
2023-02-28,sh.601166,25.88370934777312,0.1923984763341957,-3.787627566803088e-05
2023-02-28,sh.601169,25.163927415575465,0.197983196297012,4.568064988856386e-05
2023-02-28,sh.601186,24.935117704008174,0.22204352275179134,0.0003930550382907396
2023-02-28,sh.601198,24.779955826157835,0.05134111652278192,-0.00023134099898312446
2023-02-28,sh.601211,25.410083497678023,0.09959140172877765,-1.2412701359018276e-05
2023-02-28,sh.601225,25.503275508400097,0.1701637373562155,6.494274314404727e-05
2023-02-28,sh.601229,25.159077546811826,0.204458235393127,-5.741977297410639e-06
2023-02-28,sh.601236,24.851812853307948,0.05821048877180397,8.431385937946954e-05
2023-02-28,sh.601288,26.19124464712266,0.21532574932756346,0.00021728284926891595
2023-02-28,sh.601318,26.573039830765218,0.0822947110702893,-0.00021064897544137746
2023-02-28,sh.601319,25.744725451174013,0.09109132478006984,-2.7644828531413455e-05
2023-02-28,sh.601328,25.7466433966726,0.20824434123773622,0.0001441633812113509
2023-02-28,sh.601336,25.369991950812423,0.0840879383633558,-0.00010462379455009255
2023-02-28,sh.601360,22.889825729059762,0.3303398442639627,0.002252239552301206
2023-02-28,sh.601377,25.083176061947217,0.06228265442008511,-0.0002086330758798913
2023-02-28,sh.601390,24.980494914762755,0.21547686722673906,0.0004958477732642846
2023-02-28,sh.601398,26.482346094426013,0.19856691968190862,0.00012961087583866993
2023-02-28,sh.601601,26.02368860381173,0.05809093809245555,-0.00024406902133776028
2023-02-28,sh.601628,26.748391921887023,0.025117145737516847,-0.0002771198631659703
2023-02-28,sh.601633,26.62984576177109,-0.03593426604513837,-0.0007083886857941217
2023-02-28,sh.601658,25.874245029847646,0.1705321360492787,9.759308075462842e-05
2023-02-28,sh.601668,25.594751504285508,0.18684402792157728,0.00010341340713296754
2023-02-28,sh.601669,25.387625022649537,0.08372024863595215,-4.037472904340305e-05
2023-02-28,sh.601688,25.326281457320388,0.09831207954240861,7.790193996679101e-06
2023-02-28,sh.601728,25.828278299088254,0.10598074894518451,0.0002874908567093291
2023-02-28,sh.601766,25.274878864957795,0.10614466342308324,0.0002565981303758144
2023-02-28,sh.601788,25.26420596552905,0.05162288309653232,-0.00011709831611170061
2023-02-28,sh.601800,24.96324697321122,0.1791090891893239,0.0005142559802122206
2023-02-28,sh.601816,25.56906397878199,0.06746803058739449,0.00036505436650185194
2023-02-28,sh.601818,25.460433226611222,0.21065120681584365,1.8219613300115557e-05
2023-02-28,sh.601857,25.90961984237041,0.17616931373292227,0.0004723536625917783
2023-02-28,sh.601878,24.96702074870245,0.05472188910664089,-0.00010781807121153922
2023-02-28,sh.601881,25.142598014681248,0.11803258308901998,0.00015147615039607575
2023-02-28,sh.601888,26.27806728931602,0.016436528393215286,-0.00027857692857593955
2023-02-28,sh.601899,25.552356826240946,0.11831326467718323,0.00030551172932012036
2023-02-28,sh.601901,25.065294755576478,0.05682975848190628,-1.564850015930376e-05
2023-02-28,sh.601919,25.37166447166634,0.5261561797903679,9.212245030318586e-05
2023-02-28,sh.601939,26.387331363885362,0.19696752674298157,0.0001858120216093909
2023-02-28,sh.601985,25.18669639910212,0.10633720464247173,0.0001925142242620177
2023-02-28,sh.601988,26.220968482161062,0.20117350717903,0.00015541886040660588
2023-02-28,sh.601989,25.198136307244635,0.04524037007969968,3.4212485423578474e-05
2023-02-28,sh.601995,25.970670785837086,0.029534626581756616,-0.00030241492040456304
2023-02-28,sh.601998,25.318553581954365,0.23450958441000172,0.0003683920703679374
2023-02-28,sh.603160,24.430225524290346,0.07619316622452398,0.00020971951688384093
2023-02-28,sh.603259,25.916116756497313,0.03667142464701582,-0.00014695534313537536
2023-02-28,sh.603288,26.15899888234047,0.018344393128318176,-0.00026592961613022885
2023-02-28,sh.603501,24.984458788829112,0.09788956283452452,0.00020603734113178981
2023-02-28,sh.603799,25.5512479759725,0.03340902898657708,-0.00027037702194456154
2023-02-28,sh.603986,24.559499804175797,0.13865097234509305,0.000585758732277898
2023-02-28,sh.603993,25.38849113206838,0.07524734268205922,4.517402470105696e-05
2023-02-28,sh.688012,23.630057690422856,0.23704897426988342,0.001457628484574883
2023-02-28,sh.688041,23.54609711528762,0.2735815353280264,0.0016385786910448734
2023-02-28,sh.688111,23.147353781017575,0.3384672210095111,0.002280546531479621
2023-02-28,sh.688256,20.046149912609167,0.5893060063405192,0.004444600580696004
2023-02-28,sh.688599,26.06468602695554,-0.02480580401300249,-0.0005840877783366134
2023-02-28,sh.688981,25.232129129061896,0.1480162544365693,0.000718977148571439
2023-03-31,sh.600000,25.459908505122623,0.20743902200586378,0.00019568102072746547
2023-03-31,sh.600009,25.51716554505837,0.01165843816346232,-0.00014101377054049203
2023-03-31,sh.600010,25.420544083011766,0.025003298227497882,-0.00015193463882763418
2023-03-31,sh.600015,24.899206812077296,0.2492818276566243,0.00024887663234939966
2023-03-31,sh.600016,25.270259731394663,0.19419925935225213,0.00017362400226340758
2023-03-31,sh.600018,25.3051327757267,0.12738669449323,0.00011441554055714151
2023-03-31,sh.600019,25.341734961621473,0.12060677304807121,0.00010175517012244974
2023-03-31,sh.600028,25.511625557724898,0.19515896506186367,0.0006978690580607004
2023-03-31,sh.600029,25.557174786871506,-0.03859664786050687,-7.26978098773997e-05
2023-03-31,sh.600030,25.77537148619683,0.0910622138885516,7.116423151383834e-05
2023-03-31,sh.600031,25.6449310903067,0.03966321837025065,-0.00014570137657885375
2023-03-31,sh.600036,26.417601994742885,0.1190324462758716,-8.088692774061403e-05
2023-03-31,sh.600048,25.625601162836844,0.12358770542619912,-7.13784603503655e-05
2023-03-31,sh.600050,25.557871717020777,0.06411742569544256,1.7779848780130538e-06
2023-03-31,sh.600089,24.932318633563543,0.15364675286710147,0.0001548937454745545
2023-03-31,sh.600100,24.44961741296784,0.035590492734453825,0.00017888794355293093
2023-03-31,sh.600104,25.649341475966597,0.08871435778316313,-7.503670848364898e-05
2023-03-31,sh.600109,24.607950401931927,0.09080812041035376,5.8514113686553345e-05
2023-03-31,sh.600111,25.456859596593123,0.05586074939465906,-0.00013767922458817584
2023-03-31,sh.600150,24.968372654125766,0.09081397698333432,0.0003790133296698734
2023-03-31,sh.600196,25.32420435884031,0.053161946688794405,-9.363966770243185e-05
2023-03-31,sh.600256,24.932574465246507,0.13997459499794734,4.1747242058414123e-05
2023-03-31,sh.600276,25.34040375250244,0.11110024563745072,0.00048478248705295554
2023-03-31,sh.600309,26.022856401254685,0.05909448297693669,-0.00015745521407640054
2023-03-31,sh.600332,24.95555863774829,0.08381947961716706,2.9297850761586557e-05
2023-03-31,sh.600340,24.519761785396028,-0.4566861119115774,-0.0003405466800825258
2023-03-31,sh.600346,25.477913524337197,0.09813967669011914,-0.00010519376572026013
2023-03-31,sh.600372,25.27831008953356,-0.006423093484627579,-0.00048594735479757595
2023-03-31,sh.600406,25.666226001814966,0.04312144602561444,-0.00014785201826811594
2023-03-31,sh.600436,25.77266907609255,0.026736943666523863,-0.00016397980153106995
2023-03-31,sh.600438,25.485978013334343,0.10697161334720652,0.00011193910543687744
2023-03-31,sh.600518,24.68250486592294,0.1955294621106649,2.7441639159018325e-05
2023-03-31,sh.600519,26.99392087868636,0.03794194197228133,-0.00013402929979221357
2023-03-31,sh.600547,24.714527289601634,0.12700535014603045,0.0005990367312006341
2023-03-31,sh.600570,25.493378579105638,0.009831845485150842,-0.00029911573507232736
2023-03-31,sh.600585,25.669696597739645,0.12471508053558963,-0.00019342437009566213
2023-03-31,sh.600588,25.810275323385646,-0.0256016790024612,-0.0005914702577860129
2023-03-31,sh.600606,24.921202847532424,0.06043299028620533,-7.915446804232311e-05
2023-03-31,sh.600637,24.635542272381482,0.07024433623974369,3.557205946215994e-05
2023-03-31,sh.600690,25.516465924906164,0.097294456262171,0.0001513898128180239
2023-03-31,sh.600703,25.919164793458553,-0.027940617434213624,-0.0005942804910150079
2023-03-31,sh.600745,25.349549334008312,0.03523602201312548,-0.0001921786163289016
2023-03-31,sh.600795,25.045907062636488,0.02612908388050529,4.395556932877512e-05
2023-03-31,sh.600809,26.250165784475147,0.00895517627325755,-0.00033036889413412253
2023-03-31,sh.600837,25.212071987823997,0.10648044374014308,0.00014200498046962323
2023-03-31,sh.600887,25.542209256152212,0.07584482621955063,4.2072853383081004e-05
2023-03-31,sh.600893,25.367290927836105,0.052185522020980195,2.434462628016243e-05
2023-03-31,sh.600900,25.980248621447174,0.08671387599447644,0.00010233030068783713
2023-03-31,sh.600905,25.59771039823545,0.05769366573204625,-4.339051717449902e-05
2023-03-31,sh.600918,24.536302118466725,0.1198640490127407,0.00033531045298806027
2023-03-31,sh.600919,24.897920347063618,0.22235785016747334,0.00036668179951237817
2023-03-31,sh.600941,26.302963761433997,0.13560484725593114,0.0004436368544001553
2023-03-31,sh.600958,24.879466055903634,0.10503918123386535,0.0003168233871431705
2023-03-31,sh.600999,25.364708370399764,0.09098460044329694,-3.5692811292071246e-05
2023-03-31,sh.601006,25.034776120135124,0.14002898799918453,0.00024611427491391696
2023-03-31,sh.601012,26.417941996141945,-0.007537024728785216,-0.0005141792611718614
2023-03-31,sh.601066,25.728510715598578,0.0597437352807879,-6.386835178603904e-05
2023-03-31,sh.601088,25.987388054604967,0.12721964246370276,0.00011404417279804458
2023-03-31,sh.601111,25.593855941147513,-0.05698196616163417,-3.246299254854464e-05
2023-03-31,sh.601118,24.564605043918956,0.04235355552498806,-2.8291873216267073e-05
2023-03-31,sh.601127,25.84516410643019,-0.09459458060922976,-0.0008221514455155223
2023-03-31,sh.601138,26.17243063752963,0.04112297830159649,-0.0002485730656875814
2023-03-31,sh.601166,25.805224896098366,0.20236051045982775,3.818382978499573e-05
2023-03-31,sh.601169,24.942238541083235,0.2244248583859252,0.00026998355742521407
2023-03-31,sh.601186,24.199142682733573,0.30805396967007037,0.0011630949347363527
2023-03-31,sh.601198,24.716951097226296,0.05835272617751208,-0.0001807390144994362
2023-03-31,sh.601211,25.23198958948851,0.12197794129479081,0.00016387688331015205
2023-03-31,sh.601225,25.71791682856253,0.14222079731861353,-0.00013641832440925282
2023-03-31,sh.601229,24.98420430128635,0.22624621386087584,0.0001658326846717891
2023-03-31,sh.601236,25.05214950207235,0.033446578603659925,-0.00010733299685173285
2023-03-31,sh.601288,26.077286647254635,0.22487688891479213,0.00035766847889141053
2023-03-31,sh.601318,25.831428814347802,0.1758247816313097,0.0004864403700330552
2023-03-31,sh.601319,24.991034472269195,0.18568989458943475,0.0007064393707712989
2023-03-31,sh.601328,25.59033557067167,0.2243999459331362,0.0003172820976825462
2023-03-31,sh.601336,24.249184319154494,0.2246564785505632,0.0009792048238959172
2023-03-31,sh.601360,25.769293621259166,-0.0008546139106394152,-0.00032477649561641687
2023-03-31,sh.601377,24.508693635166985,0.13362173097877705,0.0003282082081863783
2023-03-31,sh.601390,24.251605836075814,0.3016956457959581,0.0012711633308239308
2023-03-31,sh.601398,26.42134535894048,0.20344198390299334,0.0002070135051671978
2023-03-31,sh.601601,24.993352716299622,0.18659993261459504,0.0007310101827491489
2023-03-31,sh.601628,25.807059895984843,0.1401700343042792,0.0006069838750909096
2023-03-31,sh.601633,25.953386745564938,0.03913545391476745,-0.0001508473709375324
2023-03-31,sh.601658,25.301301496967433,0.2409666497075232,0.0006709006669337882
2023-03-31,sh.601668,25.23185640192909,0.23028380730225467,0.0004731627116590937
2023-03-31,sh.601669,25.062705504195232,0.12441211383990754,0.00027348834149470763
2023-03-31,sh.601688,25.00690426229231,0.13855600751172345,0.00032619647692839587
2023-03-31,sh.601728,25.962359762286233,0.09198860864104319,0.00019506562036021127
2023-03-31,sh.601766,25.0530288866317,0.1362740994226134,0.0005079401099221843
2023-03-31,sh.601788,25.174843306665522,0.06185289475754055,-4.248746076278648e-05
2023-03-31,sh.601800,24.935026069050593,0.18208123443627822,0.0006075364522213137
2023-03-31,sh.601816,25.649433048469774,0.06059402078643153,0.00031250632787839224
2023-03-31,sh.601818,25.265997668911915,0.23403467310664627,0.00021297111996103742
2023-03-31,sh.601857,25.216601136020795,0.262289255057686,0.0012095720456164957
2023-03-31,sh.601878,24.8076998484273,0.07384955524186484,3.578134642078396e-05
2023-03-31,sh.601881,25.059438468092004,0.128760294628814,0.0002540289238970539
2023-03-31,sh.601888,26.424222468856186,-0.005765977176386883,-0.00045808045827360166
2023-03-31,sh.601899,25.782930759388105,0.09150480889430082,0.00012059308384203065
2023-03-31,sh.601901,25.0491148347827,0.05886132201292642,1.5074571068621114e-07
2023-03-31,sh.601919,25.443041254731195,0.507850269778278,3.361842619283234e-05
2023-03-31,sh.601939,26.379043013786067,0.19457485856171136,0.00021920824018201274
2023-03-31,sh.601985,25.117889146846377,0.11617919288690176,0.0002855910703487218
2023-03-31,sh.601988,26.095708769253584,0.21354713758597066,0.0002998942958699804
2023-03-31,sh.601989,24.46293573261051,0.13878409389075994,0.0007612417208175756
2023-03-31,sh.601995,25.351977609741677,0.10439284523550287,0.00026508244975206614
2023-03-31,sh.601998,25.016784963383614,0.2648676608593861,0.0007112158233317382
2023-03-31,sh.603160,25.001263362779145,0.0074964540997217305,-0.0003204966044860965
2023-03-31,sh.603259,26.31792233928899,-0.0156272553293436,-0.000558456370927183
2023-03-31,sh.603288,26.157194054499623,0.014938481100948364,-0.0002988801041096833
2023-03-31,sh.603501,25.23260719196992,0.06868083534263747,-7.861246663345746e-06
2023-03-31,sh.603799,25.45955681984131,0.04239800132780031,-0.0002159462179963802
2023-03-31,sh.603986,25.665150850950617,0.006198137083309796,-0.00042010216883090325
2023-03-31,sh.603993,25.472230451907766,0.06525386891808065,-2.9203671245555035e-05
2023-03-31,sh.688012,24.440541192235635,0.15404649205174936,0.0008307896250675146
2023-03-31,sh.688041,24.749969078088295,0.14602848763187445,0.0006568985288925225
2023-03-31,sh.688111,26.001989661159833,0.009069734093825749,-0.00026975505013587776
2023-03-31,sh.688256,23.72434187953751,0.1902077750684229,0.0012411043619769146
2023-03-31,sh.688599,25.603091767785656,0.024229540334771038,-0.00021601745801694383
2023-03-31,sh.688981,25.18345037125189,0.16232746263453207,0.0008524767461920971
2023-04-28,sh.600000,25.505625326248662,0.16499755283243472,-0.00013438161148462944
2023-04-28,sh.600009,25.878987411987335,-0.03355461956750268,-0.0004926307417640639
2023-04-28,sh.600010,25.36131498440309,0.04507818319930022,4.1855310013680164e-06
2023-04-28,sh.600015,25.368917020092486,0.21758243148263817,2.3539189634500844e-06
2023-04-28,sh.600016,25.04023003274669,0.2124822604787169,0.0003158088887450388
2023-04-28,sh.600018,25.68375003760856,0.07330717966411061,-0.0003061548911664406
2023-04-28,sh.600019,25.708850870292057,0.0644350983417619,-0.000335085758582565
2023-04-28,sh.600028,25.57804963540613,0.07899452883853506,-0.00020552897070758743
2023-04-28,sh.600029,26.099843081357296,-0.12153645878886474,-0.0007177115863403004
2023-04-28,sh.600030,25.555440593970594,0.0568357458798866,-0.0001950112412555058
2023-04-28,sh.600031,25.75862378184199,0.008941312330570855,-0.00038462225682910024
2023-04-28,sh.600036,25.527412292484605,0.10999843902945775,-0.00015114340729343025
2023-04-28,sh.600048,25.698158491373885,0.09123567889076156,-0.000322976608191281
2023-04-28,sh.600050,25.74129864623176,0.017258088462951016,-0.0003626419207447017
2023-04-28,sh.600089,25.4185791197382,0.12991783517658387,-2.9643434434846747e-05
2023-04-28,sh.600100,25.318562476713364,0.013938625603231072,1.0503757123493069e-05
2023-04-28,sh.600104,25.568328952372937,0.07320350614018559,-0.0001956628936944478
2023-04-28,sh.600109,25.626173225606824,0.037493936121373875,-0.00035610442670267096
2023-04-28,sh.600111,25.57620150398801,0.048297670336970175,-0.00019649645759225364
2023-04-28,sh.600150,24.959774178286708,0.09319610937578893,0.00039753891097146283
2023-04-28,sh.600196,25.44363361497017,0.05547431481366687,-7.565663542756003e-05
2023-04-28,sh.600256,26.20339518120559,0.03479467118694744,-0.0007762254432665445
2023-04-28,sh.600276,25.62150334966263,0.01676077847253163,-0.00024888516065971894
2023-04-28,sh.600309,25.72345608733242,0.03443160046089196,-0.00034925573558802856
2023-04-28,sh.600332,25.109047615481664,0.11252308349382509,0.0002525226173404574
2023-04-28,sh.600340,25.313930930649875,-0.40541062312410725,5.8217149887566424e-05
2023-04-28,sh.600346,25.384348771260015,0.10949526174526285,-1.688263119536085e-05
2023-04-28,sh.600372,25.49506323238786,0.03945439419016525,-0.00012916318506623806
2023-04-28,sh.600406,25.19199797511278,0.08421087000821566,0.00017169590737878471
2023-04-28,sh.600436,24.93587210484493,0.10341318835025229,0.00043232290997577806
2023-04-28,sh.600438,25.652915965555785,0.061791260535129754,-0.00023942352323388534
2023-04-28,sh.600518,24.974138895450537,0.239961882795087,0.00037298768203344765
2023-04-28,sh.600519,25.663010025683082,0.01807986245198899,-0.00028849450505843277
2023-04-28,sh.600547,25.44779100069101,0.04035964687278558,-7.479736194474979e-05
2023-04-28,sh.600570,25.90855284568415,-0.02240737529510968,-0.0005498366049771217
2023-04-28,sh.600585,25.63649433289565,0.11564666010843681,-0.0002639484771655909
2023-04-28,sh.600588,25.672823349016433,0.004315063125532315,-0.0003588110486142913
2023-04-28,sh.600606,25.249137948929885,0.08530587611559264,0.00011427922611212442
2023-04-28,sh.600637,25.33172597018445,0.07133428982707388,4.404850848783242e-05
2023-04-28,sh.600690,25.734091071810646,0.03185429492225609,-0.0003575311158137067
2023-04-28,sh.600703,24.96546249576983,0.0990002652174137,0.0003929247749505195
2023-04-28,sh.600745,25.57289386841754,0.034158617848272184,-0.00020055746987788253
2023-04-28,sh.600795,25.167718358247566,0.04557800369937625,0.00019520767709316515
2023-04-28,sh.600809,25.966431386264585,-0.022948375116269168,-0.0005784793001502636
2023-04-28,sh.600837,25.32519730760511,0.08896409563035383,5.782270076742813e-06
2023-04-28,sh.600887,25.47734681139244,0.05673731828074823,-0.00010652413178544796
2023-04-28,sh.600893,25.72644240268756,0.002260706886850067,-0.0003639151634207476
2023-04-28,sh.600900,25.273731226114528,0.08631095789351438,9.919685098500037e-05
2023-04-28,sh.600905,25.37503389863195,0.06373239671877216,3.572028739140881e-06
2023-04-28,sh.600918,25.71410197548652,0.023916476479503068,-0.0004108632530934399
2023-04-28,sh.600919,25.523363752223915,0.15821113089345457,-0.0001321801726035208
2023-04-28,sh.600941,25.557435522042727,0.05507816022690686,-0.00018261032322486646
2023-04-28,sh.600958,25.669783824363478,0.024545540307475244,-0.00030916679458062036
2023-04-28,sh.600999,25.39811474701638,0.08279641434177869,-9.93714329407678e-05
2023-04-28,sh.601006,25.41126153243853,0.10287123856341075,-4.2857450728588045e-05
2023-04-28,sh.601012,26.03418541171529,-0.024721031090534404,-0.0006478173863868861
2023-04-28,sh.601066,25.368597155185636,0.06750003868413659,-3.548434323152083e-06
2023-04-28,sh.601088,25.49184800011485,0.09817579695421993,-0.00011182661549273727
2023-04-28,sh.601111,26.063202474941296,-0.14031249603888116,-0.0006805153472519514
2023-04-28,sh.601118,25.511038582446016,0.02816464315164953,-0.0001386374822957677
2023-04-28,sh.601127,25.85822853678311,-0.050516634584948344,-0.0004793621130391339
2023-04-28,sh.601138,24.931899446812434,0.1277851183830115,0.00042538885470496063
2023-04-28,sh.601166,25.526047914243065,0.17504789748040905,-0.00017422335375852363
2023-04-28,sh.601169,25.389900236348122,0.18695635631419366,-2.1404857247822736e-05
2023-04-28,sh.601186,25.858969046385575,0.09676533894023444,-0.00048007347986790623
2023-04-28,sh.601198,25.445148310274163,0.05435328701981711,-0.00021184221242047719
2023-04-28,sh.601211,25.46152798317651,0.08700802731810763,-0.00010808028688603737
2023-04-28,sh.601225,25.92173294221546,0.09231592282831978,-0.0005245230379188616
2023-04-28,sh.601229,25.447814292067072,0.1951272837158141,-7.617580832669973e-05
2023-04-28,sh.601236,25.532334969180077,0.03534989233031171,-9.253113558776424e-05
2023-04-28,sh.601288,25.272053345881325,0.19162983213336215,9.910977938592993e-05
2023-04-28,sh.601318,25.730306399527745,0.06791190797805449,-0.0003527861652694425
2023-04-28,sh.601319,25.44240582484793,0.08551687025181696,-7.259520869655909e-05
2023-04-28,sh.601328,25.19300049102007,0.2056378215579549,0.00017137112245551426
2023-04-28,sh.601336,25.58129564550262,0.07040928843471216,-0.0002203585883158057
2023-04-28,sh.601360,25.857451886325933,-0.02052446031925527,-0.00047774672514136295
2023-04-28,sh.601377,25.71760661935515,0.04520437769915596,-0.00035940381196887435
2023-04-28,sh.601390,25.948469992122092,0.0652282254676642,-0.0005678177578614714
2023-04-28,sh.601398,25.29436261379677,0.18692629138865047,7.857278315038328e-05
2023-04-28,sh.601601,25.786669775988354,0.03945522590833501,-0.0004133179980940994
2023-04-28,sh.601628,25.541973776695688,0.039120947013286805,-0.0001788637494954562
2023-04-28,sh.601633,25.979568460832578,-0.01781718482977579,-0.0005937617709700631
2023-04-28,sh.601658,25.634397870394384,0.12197694462599212,-0.00025446916663311795
2023-04-28,sh.601668,25.765321231575694,0.11948781330174549,-0.0003884855331019133
2023-04-28,sh.601669,25.900133814713357,0.02227948253985758,-0.0005207858855329113
2023-04-28,sh.601688,25.521097697499957,0.0737760934927518,-0.00017758978099316182
2023-04-28,sh.601728,25.719111718222496,0.02281317887311378,-0.000342904079517663
2023-04-28,sh.601766,25.355080194747067,0.07255232184502254,1.2382862585876141e-05
2023-04-28,sh.601788,25.213354020937853,0.08550208534845237,0.00014142969027233166
2023-04-28,sh.601800,25.917684347541044,0.03480890411546326,-0.0005377842434187314
2023-04-28,sh.601816,25.14659095746692,0.07115984121455932,0.00039467554986591694
2023-04-28,sh.601818,25.4407060552348,0.19686565891851093,-7.608821042013675e-05
2023-04-28,sh.601857,25.567782325184258,0.0818909168961966,-0.00019336596524638413
2023-04-28,sh.601878,25.462890284738837,0.05665830372345142,-9.791312357979978e-05
2023-04-28,sh.601881,25.17971555894663,0.11987089514078877,0.0001848970429573772
2023-04-28,sh.601888,26.26652685352201,-0.05949311895736761,-0.0008759105236042583
2023-04-28,sh.601899,26.008980386630945,-0.003985062401050787,-0.0006220211301133587
2023-04-28,sh.601901,25.39270995745394,0.055481187261790965,-2.61361900368117e-05
2023-04-28,sh.601919,25.608668078131792,0.4759624375102185,-0.0002143697339466093
2023-04-28,sh.601939,25.328352750415473,0.1719063598219266,4.2917821681747615e-05
2023-04-28,sh.601985,25.305697268986922,0.08808464732148596,6.710288318838642e-05
2023-04-28,sh.601988,25.14638345908904,0.2026304793246899,0.00021499664668742
2023-04-28,sh.601989,25.341109409642105,0.041523009316015984,4.8529762299795555e-06
2023-04-28,sh.601995,25.42038278534833,0.06072192144409407,-7.454151563955397e-05
2023-04-28,sh.601998,25.410885994483376,0.16822769846365787,-4.034252246609164e-05
2023-04-28,sh.603160,25.441362455240828,0.04098501004777657,-6.0059792555065734e-05
2023-04-28,sh.603259,25.522804924752382,0.037756506259771415,-0.0001432967355364882
2023-04-28,sh.603288,25.919749498338707,-0.015955334755470063,-0.0005391379080744219
2023-04-28,sh.603501,25.026036138461432,0.11259494827851323,0.0003336539739254065
2023-04-28,sh.603799,25.797643146047278,0.015951152268982416,-0.0004216204508651697
2023-04-28,sh.603986,25.30122112177119,0.06868254142756507,6.583216312623563e-05
2023-04-28,sh.603993,25.83609325488682,0.010597683038233705,-0.00045425881022905494
2023-04-28,sh.688012,25.549986018842727,0.024349594887848075,-0.00017784886227446256
2023-04-28,sh.688041,25.438666030801603,0.03505374933872851,-0.00020613979054944084
2023-04-28,sh.688111,25.451994348026787,0.033008018678812624,-8.358964694315371e-05
2023-04-28,sh.688256,25.311306875235925,0.03777023398355018,5.561439100503244e-05
2023-04-28,sh.688599,26.138380869045793,-0.04455907472225165,-0.0007509789424831763
2023-04-28,sh.688981,25.820270786701315,-0.0007450785273746818,-0.0004157204492789617
2023-05-31,sh.600000,25.741531809852493,0.1703891302084727,-6.857070037983971e-05
2023-05-31,sh.600009,25.38596607721708,0.01482104191795229,-0.0001002553848563678
2023-05-31,sh.600010,25.34735331614844,0.03226703204071979,-9.621679643042968e-05
2023-05-31,sh.600015,25.19315738887837,0.2046620412053432,-3.1439800356239164e-06
2023-05-31,sh.600016,25.533177842504802,0.15308549517532122,-1.5795250374852958e-05
2023-05-31,sh.600018,25.42334027378154,0.11308316320569729,-2.540511753312789e-05
2023-05-31,sh.600019,25.535918804633628,0.09653626322524014,-0.0001168726547548404
2023-05-31,sh.600028,26.18604563046878,0.11077939156758002,9.970969199012616e-05
2023-05-31,sh.600029,25.53010581775166,-0.06754874300129099,-0.00015723286358872675
2023-05-31,sh.600030,25.914501245820908,0.07310058184258061,-7.505233616768349e-05
2023-05-31,sh.600031,24.942954890742968,0.12147814518259764,0.00047076202725091203
2023-05-31,sh.600036,26.260971328213273,0.140398355168862,4.315349437818072e-05
2023-05-31,sh.600048,25.302137228980907,0.16768159758722018,0.00019391655025926497
2023-05-31,sh.600050,25.615035639516012,0.05319243237021148,-0.00010129606197860548
2023-05-31,sh.600089,25.113109978893288,0.13002209503260317,-7.0224153357845585e-06
2023-05-31,sh.600100,24.86678094217786,-0.009419287081354852,-0.00019058465628188874
2023-05-31,sh.600104,25.342578710358513,0.1269840751056959,0.00019145486044635742
2023-05-31,sh.600109,24.808356404885366,0.0649592520760709,-0.00014708499126750394
2023-05-31,sh.600111,25.232410352261876,0.08153880993644463,3.7866004532989455e-05
2023-05-31,sh.600150,24.942283985864556,0.10703250479328685,0.0005062041809778334
2023-05-31,sh.600196,25.258845022504037,0.059900242880014845,-4.840663326668538e-05
2023-05-31,sh.600256,24.612853939785623,0.19190302026746897,0.0002356733548446968
2023-05-31,sh.600276,25.675229965565435,0.0724972065352868,0.00018800953959786928
2023-05-31,sh.600309,25.55550053949506,0.11477932355264536,0.00023319299290573643
2023-05-31,sh.600332,25.386299159903725,0.03182388836108902,-0.00035136654112113606
2023-05-31,sh.600340,24.207777127051983,-0.45742839945325886,-7.347744155569252e-05
2023-05-31,sh.600346,25.719861261570056,0.06797748535370034,-0.0003539646986468993
2023-05-31,sh.600372,24.627771633380345,0.06736894676453177,6.790094005026338e-05
2023-05-31,sh.600406,25.44238065115096,0.07173590188427052,7.663402316094933e-05
2023-05-31,sh.600436,25.86224004808125,0.019202686895288285,-0.00021854895354593521
2023-05-31,sh.600438,25.528208510518404,0.1014143094794807,4.5588692798561335e-05
2023-05-31,sh.600518,25.37095684978657,0.09993023114089056,-0.0005875664032049258
2023-05-31,sh.600519,26.61238110701105,0.0805157292733974,0.00018437294926249308
2023-05-31,sh.600547,25.67027087103113,0.014372393054094101,-0.00026783639112635524
2023-05-31,sh.600570,24.93923973460143,0.06633406993224428,0.00013193667423707405
2023-05-31,sh.600585,25.41297148981918,0.16319364823390203,-1.2400994223304301e-06
2023-05-31,sh.600588,25.04780419925827,0.05591478546282551,3.967793819836029e-05
2023-05-31,sh.600606,25.095482769585686,0.03913310257039035,-0.00024093041524864793
2023-05-31,sh.600637,24.923624221044555,0.03498331146112368,-0.00023388103370140586
2023-05-31,sh.600690,25.30833438106232,0.12205991340746293,0.0003280834085714066
2023-05-31,sh.600703,25.768890127516993,-0.012780012758275075,-0.00048028594988213817
2023-05-31,sh.600745,25.191615472448238,0.05067419655862509,-8.768611750743679e-05
2023-05-31,sh.600795,25.371148935349343,-0.00881883140003889,-0.00023892253651335284
2023-05-31,sh.600809,26.177921964963517,0.004915613744797556,-0.00038724169902588235
2023-05-31,sh.600837,25.51719370506147,0.06960344155590528,-0.0001237702588959646
2023-05-31,sh.600887,25.524388206930563,0.07772530602330846,5.424918297818427e-05
2023-05-31,sh.600893,25.12795738429352,0.07760167343666921,0.0002179764208532218
2023-05-31,sh.600900,26.19564659426778,0.0614228681936468,-7.987612013376195e-05
2023-05-31,sh.600905,25.59350640567765,0.057861568911490316,-4.376059132229252e-05
2023-05-31,sh.600918,24.921264180625315,0.07212771058989739,-3.264364255768261e-05
2023-05-31,sh.600919,25.33057942484943,0.16415308838311962,-2.8741824638791587e-05
2023-05-31,sh.600941,26.849467997850557,0.06880774254413237,-5.6306536452854746e-05
2023-05-31,sh.600958,25.251563989070224,0.05874168674702925,-4.155817706607039e-05
2023-05-31,sh.600999,25.509992238006852,0.07289524110031642,-0.0001733282645046921
2023-05-31,sh.601006,25.43509873707212,0.08962371694307027,-0.00011515062952488148
2023-05-31,sh.601012,25.701971147220377,0.06826361347195203,1.9918916978623504e-05
2023-05-31,sh.601066,25.85159208056647,0.043948079822182594,-0.00018864730264675982
2023-05-31,sh.601088,25.77432077734911,0.15395199339582583,0.00032313728628501927
2023-05-31,sh.601111,25.68090249800311,-0.10215557108219989,-0.0002173666392142923
2023-05-31,sh.601118,24.545637274724104,0.042469322528211055,-2.891934184141724e-05
2023-05-31,sh.601127,23.2233233028724,0.19636768783539654,0.001550505389710576
2023-05-31,sh.601138,24.46676154982974,0.25678051912495303,0.0014399490198768621
2023-05-31,sh.601166,25.807813030035998,0.20385923187412466,2.6022916152795726e-05
2023-05-31,sh.601169,25.348351791229174,0.16761332020020392,-9.126525299614223e-05
2023-05-31,sh.601186,25.671531021145437,0.11656019845930286,-0.00020507369906518238
2023-05-31,sh.601198,24.750994510739652,0.0530740460676115,-0.00022634253779159192
2023-05-31,sh.601211,25.51499856806348,0.08662727209647805,-9.773829991869791e-05
2023-05-31,sh.601225,25.158074567674987,0.2261280593650605,0.00031573244324714715
2023-05-31,sh.601229,25.190185894915437,0.19745921259479587,-2.0847236921916092e-05
2023-05-31,sh.601236,25.044315639194373,0.03036442477388593,-0.00014160013362528263
2023-05-31,sh.601288,26.503231185739043,0.16305269670315398,2.2077205512654853e-06
2023-05-31,sh.601318,26.291577323294934,0.11779630655523148,5.188226364977171e-05
2023-05-31,sh.601319,25.98184154726733,0.06344610730742493,-0.00018152100861385198
2023-05-31,sh.601328,26.028481764915238,0.159857043154975,-4.452539820877428e-05
2023-05-31,sh.601336,25.37411779315254,0.08560975018917218,-2.7717664840262784e-05
2023-05-31,sh.601360,25.718492782244898,-0.008600777735002077,-0.0003844675006714772
2023-05-31,sh.601377,24.87723627546977,0.0873472283277604,-3.166350329674467e-05
2023-05-31,sh.601390,25.784581891131726,0.10540940630864942,-0.00015886809193490934
2023-05-31,sh.601398,26.68811949246367,0.16449508047016229,-1.4572767607084722e-05
2023-05-31,sh.601601,25.911350788216772,0.07232299751623339,-0.00013032539241709002
2023-05-31,sh.601628,26.74884402952332,0.026984240038370168,-0.0002565888627962489
2023-05-31,sh.601633,25.273946882477208,0.11532270340697823,0.00040900607980725966
2023-05-31,sh.601658,26.229469586673027,0.11982686742080462,-0.00018651548034034478
2023-05-31,sh.601668,25.68183994514626,0.1726844727690799,4.211232833047116e-05
2023-05-31,sh.601669,25.826219836675104,0.027591068966485457,-0.0005075602311567087
2023-05-31,sh.601688,25.345925372514213,0.09670875247158017,2.3377035382752084e-05
2023-05-31,sh.601728,26.395112485182672,0.03623748193839838,-0.00024637684424177585
2023-05-31,sh.601766,25.945781487320616,0.029088099623342863,-0.00029543259145121785
2023-05-31,sh.601788,25.162551776532524,0.06487839235396553,-1.163196061364133e-05
2023-05-31,sh.601800,25.460055879313035,0.1161588030510942,9.624440856829253e-05
2023-05-31,sh.601816,26.183013179573653,-0.00031828418015013293,-0.00015961103288468997
2023-05-31,sh.601818,25.621486536202326,0.18492974571819798,-0.00011195756642480836
2023-05-31,sh.601857,26.491168761386238,0.10325135619971548,8.04923159140418e-05
2023-05-31,sh.601878,24.90531671932666,0.061346288435356985,-6.29445795224646e-05
2023-05-31,sh.601881,25.311025507561432,0.09851873102309722,6.818264622173188e-05
2023-05-31,sh.601888,26.15251597017376,0.009293537735930446,-0.0003869867916579685
2023-05-31,sh.601899,25.53505080606987,0.11897465684529084,0.0002905866429172977
2023-05-31,sh.601901,25.30297712731154,0.027051295490769116,-0.00024703879258570116
2023-05-31,sh.601919,25.32101730933417,0.5459972858950275,0.0001259310207099068
2023-05-31,sh.601939,26.73272338793693,0.14581343938600116,-8.973389960718778e-05
2023-05-31,sh.601985,25.46101127056296,0.07557296538579351,-2.1608641272296983e-06
2023-05-31,sh.601988,26.480149711184207,0.15644826238471074,-5.634657760780054e-06
2023-05-31,sh.601989,25.24455031225725,0.05422227598225189,9.915147813235298e-05
2023-05-31,sh.601995,26.24904736252168,-0.005658175575012525,-0.0005772802999315678
2023-05-31,sh.601998,26.117527266506496,0.11652714401203083,-0.00027958317617156266
2023-05-31,sh.603160,24.977277526051015,0.0048224753648365565,-0.00034915589791315136
2023-05-31,sh.603259,25.759589318481485,0.0454002903414183,-0.00011157559362677373
2023-05-31,sh.603288,25.972685677746973,0.026551905546453175,-0.00023353132957764226
2023-05-31,sh.603501,25.35447323299788,0.05665904694904321,-8.188776806245207e-05
2023-05-31,sh.603799,25.17930367559953,0.0721354554854818,-2.688428609435522e-05
2023-05-31,sh.603986,25.334778749997604,0.04356362612998503,-0.0001445172825043175
2023-05-31,sh.603993,25.32195314804556,0.07975498678069413,5.222665351957875e-05
2023-05-31,sh.688012,25.75243007299836,-0.0014371896390288214,-0.00037145233139214027
2023-05-31,sh.688041,26.65915682226793,-0.0826143153588241,-0.0011176907435477943
2023-05-31,sh.688111,25.345996596563953,0.08596663032557035,0.0003265357855113227
2023-05-31,sh.688256,26.144223255860158,-0.09117363640866094,-0.0009692182982757285
2023-05-31,sh.688599,24.89123325178764,0.09948872361030388,0.0003415329255663143
2023-05-31,sh.688981,26.353089481633965,0.019454246592890842,-0.00024953808621992594
2023-06-30,sh.600000,25.312963006830827,0.22535048193209975,0.0003425527358284144
2023-06-30,sh.600009,25.114081219210927,0.047019336281367945,0.0001527103873573402
2023-06-30,sh.600010,25.044128720979472,0.069022504582342,0.0001890834584722622
2023-06-30,sh.600015,24.930574576190825,0.23743227530412872,0.00025422392800120077
2023-06-30,sh.600016,25.264950990369098,0.1867354286077944,0.0002463994502829853
2023-06-30,sh.600018,25.28544859490888,0.13044553688053453,0.00010738588560915978
2023-06-30,sh.600019,24.883452884629612,0.17869100261055693,0.0005066231597933393
2023-06-30,sh.600028,26.41239025552324,0.08257141350694419,-0.00010640664237021995
2023-06-30,sh.600029,24.76823157096102,0.022122560949202175,0.0005676607622612723
2023-06-30,sh.600030,25.036096373745597,0.18308858940035602,0.0007760663434893983
2023-06-30,sh.600031,25.251485312339177,0.08830336883365203,0.00023038451584315628
2023-06-30,sh.600036,25.774601859312607,0.20103211679606828,0.0005249840123423329
2023-06-30,sh.600048,25.19667498007468,0.17894179454347742,0.0003238260759614641
2023-06-30,sh.600050,25.195177936484328,0.104991013757733,0.0002966275642277429
2023-06-30,sh.600089,25.081297217333105,0.13412270415334018,2.2292699176025022e-05
2023-06-30,sh.600100,25.061398114027973,-0.03750317141342524,-0.00039949433105632414
2023-06-30,sh.600104,25.133838466180677,0.15337133115633667,0.00042183467895476876
2023-06-30,sh.600109,24.305916331049502,0.1277772618990589,0.00033960246060089737
2023-06-30,sh.600111,25.17450689145324,0.08913200316451456,0.00010031678739369599
2023-06-30,sh.600150,25.48596400160737,0.047025799840433244,4.01080048465591e-05
2023-06-30,sh.600196,25.123253335273553,0.0765825523520396,7.959068286375532e-05
2023-06-30,sh.600256,24.713024619793337,0.17603158647861697,0.0001649963984457206
2023-06-30,sh.600276,26.170580782657474,0.013316412435128502,-0.00026940657423478903
2023-06-30,sh.600309,25.418783671066688,0.13331523430869358,0.00039873716447449986
2023-06-30,sh.600332,24.994931688219257,0.07852955768568691,-1.6280954519399983e-05
2023-06-30,sh.600340,23.264486534959968,-0.34761789144056643,0.0008388619394124946
2023-06-30,sh.600346,25.001106110723903,0.15948594571002636,0.0003005104092686961
2023-06-30,sh.600372,24.69100796523114,0.06050673769864799,1.7541306161138722e-05
2023-06-30,sh.600406,25.348635403647556,0.08453820990004611,0.00018005724721337495
2023-06-30,sh.600436,25.547480194939894,0.05539252053140075,5.929849502942693e-05
2023-06-30,sh.600438,25.49823185114728,0.10519829495297081,7.757131400787682e-05
2023-06-30,sh.600518,24.749729277743025,0.19151288513308024,-6.213908332865434e-05
2023-06-30,sh.600519,26.42048546915308,0.1071186673160997,0.00039745927649501207
2023-06-30,sh.600547,25.213986739255777,0.06770413239577186,0.00014222884400817663
2023-06-30,sh.600570,25.40223293039258,0.010770368169733063,-0.0002983676166844898
2023-06-30,sh.600585,24.8910351122528,0.22850143437522466,0.0005102977363084715
2023-06-30,sh.600588,25.479293214157664,0.003612239757837879,-0.00036666510217423794
2023-06-30,sh.600606,24.163035900517457,0.15410809206119888,0.0006386232920149875
2023-06-30,sh.600637,24.50227595117582,0.0855057037130729,0.0001461219244762898
2023-06-30,sh.600690,25.50753898570112,0.09934436787860482,0.00017703168187937978
2023-06-30,sh.600703,25.271646117291706,0.0422489610992302,-6.110256586246404e-05
2023-06-30,sh.600745,25.292195202498082,0.03719720105181296,-0.0001957831076948846
2023-06-30,sh.600795,25.15053669542331,0.013648184216589629,-5.437301717948796e-05
2023-06-30,sh.600809,24.643788875915757,0.19233497448906167,0.001057519457644784
2023-06-30,sh.600837,24.87882697652559,0.1492942631227233,0.0004896182231815695
2023-06-30,sh.600887,25.55765684998675,0.07415939845520984,3.0678144693915215e-05
2023-06-30,sh.600893,25.57366293804167,0.025291297166848005,-0.00018563163335811797
2023-06-30,sh.600900,26.07368791899915,0.07610884173292032,2.935389220638797e-05
2023-06-30,sh.600905,25.53241288793566,0.06509883622457294,1.0470639399185836e-05
2023-06-30,sh.600918,24.543102030650406,0.12015276343853902,0.00034373852612223124
2023-06-30,sh.600919,25.096144944449154,0.19422375318098736,0.00019554910608823118
2023-06-30,sh.600941,26.77904599696501,0.07731145790406177,6.431631447569532e-06
2023-06-30,sh.600958,24.80967933357818,0.11407205838348387,0.0003881398550138247
2023-06-30,sh.600999,24.96646564617777,0.14071407650476503,0.00034532829122437247
2023-06-30,sh.601006,25.204607124338672,0.11859914933928217,9.631007135688091e-05
2023-06-30,sh.601012,25.583048634268827,0.08351421803054909,0.00014013170807597198
2023-06-30,sh.601066,25.27859761333893,0.11418862900955751,0.0003474292863889291
2023-06-30,sh.601088,26.132596184645283,0.10840478903673369,1.5037758474930017e-05
2023-06-30,sh.601111,24.939279870692697,-0.01932732990969832,0.0004791639845479543
2023-06-30,sh.601118,24.33371153094764,0.06882204141253435,0.00017584551989895903
2023-06-30,sh.601127,24.142573967452876,0.11648022221884347,0.000826247015229922
2023-06-30,sh.601138,26.468024867391403,0.017838364249405284,-0.00035130575707411125
2023-06-30,sh.601166,25.634250967977863,0.22415970977681968,0.00020335963363384802
2023-06-30,sh.601169,24.95489147683075,0.21865842287396936,0.0002825050850439525
2023-06-30,sh.601186,25.105996877281157,0.18979008035434575,0.00032109646334269287
2023-06-30,sh.601198,24.156260659549684,0.12692870965319825,0.00034415765874446977
2023-06-30,sh.601211,25.0095373576399,0.149974261126959,0.0003867899657594138
2023-06-30,sh.601225,25.488786817863936,0.17823491950698223,3.277632737880851e-05
2023-06-30,sh.601229,24.90519964628575,0.23347849799803339,0.000256239814325025
2023-06-30,sh.601236,24.468115148439956,0.10017680135427875,0.0003942666039615403
2023-06-30,sh.601288,26.17004797211662,0.2047192184571977,0.00032893699640909564
2023-06-30,sh.601318,25.864074150895455,0.17135801131147507,0.0004778354520679182
2023-06-30,sh.601319,25.371995648823763,0.13926416292515056,0.0003911119359710885
2023-06-30,sh.601328,25.722070804509187,0.19886404097870092,0.0002504855492340307
2023-06-30,sh.601336,24.487480418593492,0.19692773699458124,0.0008377937581576492
2023-06-30,sh.601360,25.486106144770755,0.013848594113235413,-0.0002095728482844778
2023-06-30,sh.601377,24.355134201707493,0.1529027737500339,0.00047815475463767874
2023-06-30,sh.601390,25.286770215128065,0.16885420895718023,0.0003076613238491641
2023-06-30,sh.601398,26.474082634687026,0.1915010387779107,0.00019341642485869412
2023-06-30,sh.601601,25.21374386599581,0.15945724888093887,0.0005357139443860596
2023-06-30,sh.601628,26.234750809250976,0.0885982490124808,0.00021325344876965108
2023-06-30,sh.601633,25.050191728647576,0.14795640582838845,0.000680297345088937
2023-06-30,sh.601658,25.57036758459916,0.2047364001092848,0.00043273558934528135
2023-06-30,sh.601668,25.50475362770191,0.1939725247722318,0.00022245929236264632
2023-06-30,sh.601669,24.996815454302805,0.13066619250643918,0.0002319531501753612
2023-06-30,sh.601688,24.550545084084693,0.1968292997106919,0.0008086285174500471
2023-06-30,sh.601728,26.09069468474809,0.07215598035528045,1.8905307908417777e-05
2023-06-30,sh.601766,25.496086780233902,0.08268801556748104,0.00010471769842501755
2023-06-30,sh.601788,24.596391227668168,0.13608851660200894,0.0005427469039664326
2023-06-30,sh.601800,25.24609886878873,0.1430610324012049,0.0003197021368931942
2023-06-30,sh.601816,25.647315584092333,0.06132281278854888,0.00031830098527128577
2023-06-30,sh.601818,25.203343104024302,0.2399202752611124,0.00028378812583807703
2023-06-30,sh.601857,26.371791530723456,0.11852670558698211,0.00020920104874253286
2023-06-30,sh.601878,24.481301150445816,0.11416272049034881,0.0003452006438725119
2023-06-30,sh.601881,24.67792574233749,0.17832979848320746,0.0006970151968753502
2023-06-30,sh.601888,25.16603551160346,0.12844529622016684,0.0005236961888288625
2023-06-30,sh.601899,25.339745925939628,0.14534179477462306,0.0005196953112215868
2023-06-30,sh.601901,24.631101834565687,0.10849171742447203,0.0003772389646708937
2023-06-30,sh.601919,25.170829017374846,0.5514394575151417,0.0002881544430536804
2023-06-30,sh.601939,26.45864277066068,0.1814480877440927,0.00016709954190123591
2023-06-30,sh.601985,25.2356218704208,0.10391187452092886,0.00021861868653232295
2023-06-30,sh.601988,26.26112252291132,0.18381414805892476,0.00020948962888371573
2023-06-30,sh.601989,25.407733440835752,0.03607503965264636,-4.26613863983656e-05
2023-06-30,sh.601995,25.151579109675517,0.12634826063178944,0.00041663728173412385
2023-06-30,sh.601998,25.570091991551877,0.18927396554511505,0.000218032516646312
2023-06-30,sh.603160,24.00645812031579,0.12152697024638448,0.0005503251783020389
2023-06-30,sh.603259,25.071931404273837,0.13048712018939213,0.0005456241031198686
2023-06-30,sh.603288,25.761173227304123,0.05021258403929965,-5.7103089017529234e-05
2023-06-30,sh.603501,25.09756396185125,0.08823266636080136,0.00015984994305279104
2023-06-30,sh.603799,24.804443175936886,0.1191161135746167,0.000337670315386324
2023-06-30,sh.603986,24.880076301261013,0.09914683539181976,0.00028167527839085356
2023-06-30,sh.603993,24.73848520035353,0.1535412884915553,0.0006302815280790796
2023-06-30,sh.688012,25.66238378332538,0.003982923454242421,-0.000333577864288889
2023-06-30,sh.688041,26.131682751710805,-0.034770630553376314,-0.000751895331887558
2023-06-30,sh.688111,26.262349402203288,-0.023720985537201422,-0.0005247949375974582
2023-06-30,sh.688256,25.494230017733308,-0.031217266538455565,-0.00048178944094983046
2023-06-30,sh.688599,25.73902370310451,-0.00245910645722576,-0.0004413724932147505
2023-06-30,sh.688981,25.98547385186954,0.06201599909262622,7.330145846811832e-05
2023-07-31,sh.600000,26.03070525416173,0.10661771024169721,-0.0003195787186725343
2023-07-31,sh.600009,26.07508870401174,-0.04770472376249546,-0.0006331022486178645
2023-07-31,sh.600010,25.478233655450076,0.010176580446569994,-0.00020724298285444004
2023-07-31,sh.600015,25.42174318212636,0.17556996091206245,-0.0001746581860988112
2023-07-31,sh.600016,25.794797702387402,0.12329505690143672,-0.00023599280570664544
2023-07-31,sh.600018,25.5505441505643,0.0834997180804309,-0.00014364803185161061
2023-07-31,sh.600019,25.695757414821134,0.04754774959493493,-0.00022067045913426098
2023-07-31,sh.600028,26.379026461156904,0.07304413869757893,-9.119448993873296e-05
2023-07-31,sh.600029,25.834329799707834,-0.1007927502245089,-0.0003685681672412614
2023-07-31,sh.600030,26.178686632770386,0.04374765491447536,-0.0002314333094549437
2023-07-31,sh.600031,26.01547901245058,-0.0030968313169811995,-0.0004812886910767331
2023-07-31,sh.600036,26.813407567660093,0.0775454115924692,-0.000425567841285089
2023-07-31,sh.600048,25.65297124031211,0.09327351996472028,-7.853213247384805e-05
2023-07-31,sh.600050,25.527914190224724,0.0702515104124671,2.2958620896596096e-05
2023-07-31,sh.600089,25.49857407409525,0.12469382668079888,-0.00038984653244244176
2023-07-31,sh.600100,24.747173949648186,0.022425641210559497,-0.0001118000708662511
2023-07-31,sh.600104,25.910145659348036,0.05155179802660064,-0.00028178901280166707
2023-07-31,sh.600109,24.971680348715104,0.04380140615784403,-0.000159495539264216
2023-07-31,sh.600111,25.6921619471782,0.011775641486426,-0.0004025906722096062
2023-07-31,sh.600150,26.11148568654643,-0.02930404484198834,-0.0005501539559475327
2023-07-31,sh.600196,25.654426192957192,0.013548451192294572,-0.00040438047474959736
2023-07-31,sh.600256,25.159202193361512,0.13900479436209334,-0.00029380708538761775
2023-07-31,sh.600276,26.110221429578854,0.017075967941633297,-0.00024323084902216525
2023-07-31,sh.600309,26.051007113758555,0.044533035339933615,-0.00016554459182695433
2023-07-31,sh.600332,25.103169429593674,0.06885870712363379,-0.00012242307555910281
2023-07-31,sh.600340,24.843894249120332,0.003222624052974285,-0.0006020090284872392
2023-07-31,sh.600346,25.654849094599577,-0.009995632708587276,-0.00030059018003377364
2023-07-31,sh.600372,25.231162949972326,0.03797203901791676,-8.908673330625388e-05
2023-07-31,sh.600406,25.741339096894823,0.0482052231087728,-8.952253962282673e-05
2023-07-31,sh.600436,25.796715120400766,0.025228594584186956,-0.000184168031596458
2023-07-31,sh.600438,25.85287244154013,0.09172148990850085,-0.000298113041187816
2023-07-31,sh.600518,24.916799414479648,-0.03484010369904157,-0.0002302101790495041
2023-07-31,sh.600519,26.96218043448685,0.046889213306323015,-7.52377084079345e-05
2023-07-31,sh.600547,25.10721455825688,0.0823857838140853,0.0002642239786453906
2023-07-31,sh.600570,25.69528530324685,-0.00874947323715175,-0.0005409778578002189
2023-07-31,sh.600585,25.698558447856183,0.060461422353579715,-0.00021281034430305904
2023-07-31,sh.600588,25.28219324983048,0.018592822798321237,-0.0002148585464068515
2023-07-31,sh.600606,25.322157012345805,-0.012079346588234605,-0.0003653084136615004
2023-07-31,sh.600637,24.695998766752137,0.044727785744564846,-2.0868045438842065e-05
2023-07-31,sh.600690,25.819546468917856,0.06527756870849286,-0.0001033891530040589
2023-07-31,sh.600703,25.54969117803997,0.003957917369442121,-0.00029469085662728605
2023-07-31,sh.600745,25.103626324919237,0.04976347336069875,-3.738184056809537e-05
2023-07-31,sh.600795,25.287036661141723,0.04526298689308664,-0.00019170676090675116
2023-07-31,sh.600809,25.810623980122134,0.06381600665260138,4.091152931312185e-05
2023-07-31,sh.600837,25.68849474582562,0.03681154123210154,-0.0001946533445030292
2023-07-31,sh.600887,25.95501048308597,0.02475957706447477,-0.00035461983581240776
2023-07-31,sh.600893,25.501305511621215,0.03172162928942654,-0.0001266742813557186
2023-07-31,sh.600900,26.046742164055296,0.07166160987239405,7.950197103601521e-05
2023-07-31,sh.600905,25.823936998872323,0.027472391158234917,-0.00028594143582150573
2023-07-31,sh.600918,25.225796122720666,0.0284366430419278,-0.00018352987451556108
2023-07-31,sh.600919,25.38717331688434,0.18327692027794856,-1.551321549687602e-05
2023-07-31,sh.600941,26.529998171273395,0.10991517250839956,0.00025071123684423805
2023-07-31,sh.600958,25.582060270588233,0.027087229467236067,-0.0003694250058696004
2023-07-31,sh.600999,25.649452148961227,0.05026513136127796,-0.00018927724522453576
2023-07-31,sh.601006,25.35841683068875,0.09609544325229792,-2.9157096751155318e-05
2023-07-31,sh.601012,26.173739559901684,0.026432674078637843,-0.00041819555766384745
2023-07-31,sh.601066,25.77651577942261,0.04841154407320162,-9.037092976268605e-05
2023-07-31,sh.601088,26.18311365461442,0.09836087942274584,-4.3840596519006385e-05
2023-07-31,sh.601111,25.84488955427254,-0.0705926931588493,-0.00029012135386275654
2023-07-31,sh.601118,24.6953964712983,0.018164779067377304,-0.00015288635977074567
2023-07-31,sh.601127,25.919079802535656,-0.0817269231699542,-0.0007575442078782663
2023-07-31,sh.601138,26.145243103951476,0.05476591637973763,-8.284658698956381e-05
2023-07-31,sh.601166,26.099917305750527,0.16310693734331116,-0.0002066419244760743
2023-07-31,sh.601169,25.457981163153267,0.16223860094769949,-0.00016934073457941151
2023-07-31,sh.601186,26.093017955100255,0.06595717545739703,-0.0005998452992968376
2023-07-31,sh.601198,25.04139376584917,0.010284580866109436,-0.00030888163896613006
2023-07-31,sh.601211,25.73658088171093,0.050102925806873526,-0.0002554051789217856
2023-07-31,sh.601225,25.431262742601668,0.1266096525824012,7.230355670059016e-05
2023-07-31,sh.601229,25.34906702713561,0.17132647919494481,-0.00014506950303730298
2023-07-31,sh.601236,24.929836240244004,0.030858180856490176,-4.7507366927624025e-05
2023-07-31,sh.601288,26.725415894063005,0.13735325241892854,-0.0001690523748230842
2023-07-31,sh.601318,26.699449334886452,0.053902489968709395,-0.00027969730087906876
2023-07-31,sh.601319,26.118730783117677,0.053772801623930416,-0.000286709921085517
2023-07-31,sh.601328,26.20113353564203,0.140582229016052,-0.00018445641560798734
2023-07-31,sh.601336,25.802288312035845,0.040266995107355374,-0.00032553530398842553
2023-07-31,sh.601360,25.476322091422166,-0.00036309237461865096,-0.00022682771065280055
2023-07-31,sh.601377,25.303357549667904,0.03721064195886081,-0.00023873059917382282
2023-07-31,sh.601390,26.281758663842172,0.049603011007528695,-0.0006222573083090934
2023-07-31,sh.601398,26.824088980353167,0.14643278368273777,-0.00012790058774963156
2023-07-31,sh.601601,26.127799655861686,0.047181899543092716,-0.00028624272006258614
2023-07-31,sh.601628,26.61406443156399,0.03750629997837714,-0.0001264144057725022
2023-07-31,sh.601633,26.238678625314506,-0.007345793966891556,-0.00044116072326745934
2023-07-31,sh.601658,26.352810709538545,0.10571517752124643,-0.0002462267816256711
2023-07-31,sh.601668,26.07354102653992,0.11281611621909735,-0.00030241946944169467
2023-07-31,sh.601669,25.878947783618493,0.03432910728011272,-0.0005341784708870122
2023-07-31,sh.601688,25.674546938449428,0.06430715875255566,-0.000162437016996388
2023-07-31,sh.601728,25.983377991393166,0.08908572456302713,0.00012890263753582558
2023-07-31,sh.601766,25.960977121869817,0.03272088613928424,-0.00033486102576224075
2023-07-31,sh.601788,25.44592554414796,0.03612944744292875,-0.0002089442018793025
2023-07-31,sh.601800,26.35346829992718,0.004759328304883292,-0.0007159771662920265
2023-07-31,sh.601816,26.07923271509147,0.018464737877865636,-0.0001954156482572597
2023-07-31,sh.601818,25.729990846887027,0.16337917686770764,-0.00014195540262248213
2023-07-31,sh.601857,26.708182047565032,0.08947030829441892,-9.255533210383084e-05
2023-07-31,sh.601878,25.05485892335956,0.043002161813932814,-0.00015142760495211774
2023-07-31,sh.601881,26.073068821730804,-0.0009138926711897699,-0.000569761106275188
2023-07-31,sh.601888,26.31551807197166,-0.013819075265306055,-0.0005069555129252715
2023-07-31,sh.601899,26.137090851212534,0.0429060686716188,-0.0001983552645030856
2023-07-31,sh.601901,25.089498033783705,0.057450686669355044,-2.154798824526507e-05
2023-07-31,sh.601919,25.61935430352801,0.21623158714778223,-0.00013550388521404508
2023-07-31,sh.601939,26.76055976322864,0.14776993705238706,-0.00010623255452140703
2023-07-31,sh.601985,25.55437221350104,0.06853931786343115,-6.625147608529795e-05
2023-07-31,sh.601988,26.674581473986457,0.13125674049222508,-0.00016094312443466538
2023-07-31,sh.601989,25.87562619330384,-0.027216332303158855,-0.0005045300114912798
2023-07-31,sh.601995,25.743764433738512,0.05009852162322513,-8.045457204481786e-05
2023-07-31,sh.601998,26.180521819944172,0.12176984276103042,-0.0003566194855972446
2023-07-31,sh.603160,24.21362941238101,0.07434720966298916,0.0004159847731993403
2023-07-31,sh.603259,25.192913676101337,0.12763691534633348,0.0004915554786815088
2023-07-31,sh.603288,26.386872659934067,-0.021860257617872234,-0.0005857392847439532
2023-07-31,sh.603501,25.836689148238015,-0.013885694847238533,-0.00040909427989209744
2023-07-31,sh.603799,25.995036920765433,-0.03362505413542029,-0.0007748177321351046
2023-07-31,sh.603986,25.901364839889148,-0.0404237813862989,-0.0006877288027434856
2023-07-31,sh.603993,25.743594599927867,0.016119364616672335,-0.00028023847564648713
2023-07-31,sh.688012,25.040319470778243,0.08062861462702735,0.00021504866120749286
2023-07-31,sh.688041,25.357480464180107,0.060620093854798926,0.00012315565698016708
2023-07-31,sh.688111,25.771870951787147,0.029422959453847104,-0.00011540804785039127
2023-07-31,sh.688256,25.085004197342037,0.01160007198437199,-0.00013212983342024697
2023-07-31,sh.688599,25.603504992561565,0.031270026330724766,-0.00036477849369792554
2023-07-31,sh.688981,25.846946186162725,0.07683196107485385,0.00017820828922859521
2023-08-31,sh.600000,25.616862357107188,0.16262317019645212,4.297886990322844e-05
2023-08-31,sh.600009,25.460965961961506,0.016318441425250726,-0.00012579309987223035
2023-08-31,sh.600010,25.39916229967218,0.016451283134517866,-0.00015657309693682905
2023-08-31,sh.600015,25.108160570743582,0.21944518091555537,0.00010915439500689046
2023-08-31,sh.600016,25.479923981758585,0.1660782686638167,4.141789669178684e-05
2023-08-31,sh.600018,25.36900824039935,0.10623517013798012,1.6778160553117314e-05
2023-08-31,sh.600019,25.4375010645008,0.07840447970053414,3.334446572763078e-06
2023-08-31,sh.600028,26.204589594557575,0.09454744413857631,6.879223324370418e-05
2023-08-31,sh.600029,25.542591438049094,-0.08055999102185135,-0.00013288904949173167
2023-08-31,sh.600030,26.016758003601737,0.062276464042026636,-0.00010314691153158774
2023-08-31,sh.600031,25.371683137099662,0.07174776308886985,8.086689666952915e-05
2023-08-31,sh.600036,26.160485850383587,0.16362099285183243,0.00015357578980935874
2023-08-31,sh.600048,25.911494753151878,0.06081097397831909,-0.000339627031906782
2023-08-31,sh.600050,25.785618460205253,0.03824775207033066,-0.00022397428616256518
2023-08-31,sh.600089,25.028228165977364,0.19223081568418623,1.6599470869046473e-05
2023-08-31,sh.600100,24.5902875130582,0.040430370151871835,2.9289552670179773e-05
2023-08-31,sh.600104,25.48285922170868,0.10410780898211952,9.846143555895508e-05
2023-08-31,sh.600109,24.85410391064845,0.05703709415436492,-6.30538120478612e-05
2023-08-31,sh.600111,25.289855078058423,0.05789620807032491,-6.410005338678936e-05
2023-08-31,sh.600150,25.533451111868025,0.03342473921938967,-6.477433339633669e-05
2023-08-31,sh.600196,25.107773048858192,0.07801956556183437,7.445365168340685e-05
2023-08-31,sh.600256,24.22908784547342,0.26194619356880117,0.0005759152484359787
2023-08-31,sh.600276,25.55736282048113,0.0829076101185797,0.0002649496203822528
2023-08-31,sh.600309,26.09359900878602,0.03760082691042653,-0.00022758360298080958
2023-08-31,sh.600332,24.91649748928357,0.09173436242818094,4.523518269151466e-05
2023-08-31,sh.600340,24.312445013995948,0.06661551983433082,-0.00016921594388779853
2023-08-31,sh.600346,25.314341911297774,0.02662929025425799,-7.278667978079615e-06
2023-08-31,sh.600372,25.33006998285983,0.024436947595174036,-0.00019564091955483233
2023-08-31,sh.600406,25.910904696995118,0.02599754064767141,-0.0002652410369266293
2023-08-31,sh.600436,25.611316485923687,0.04587719224189031,-2.663774905372933e-05
2023-08-31,sh.600438,25.497270294223704,0.13882101379127482,9.387727523423067e-06
2023-08-31,sh.600518,24.678169952042435,-0.011320185033095079,-2.524771190023374e-05
2023-08-31,sh.600519,26.984656427004033,0.04322427279328159,-0.00010598170886091148
2023-08-31,sh.600547,25.58768387576293,0.026110360015393352,-0.00016943134050477544
2023-08-31,sh.600570,25.5314264416334,0.004978597724063949,-0.0004458977445597642
2023-08-31,sh.600585,25.417452868614664,0.09492337130725774,3.4683897529214544e-05
2023-08-31,sh.600588,25.43619479386844,-0.0032994010258046297,-0.0003842305557505764
2023-08-31,sh.600606,25.155967671004877,0.0017988055840260087,-0.0002521314670574761
2023-08-31,sh.600637,24.92942014379722,0.015143190097365561,-0.000251241815868973
2023-08-31,sh.600690,25.700973053384626,0.07954831884885773,3.210740544051311e-07
2023-08-31,sh.600703,25.301397632020127,0.030253785336004486,-8.990630497981145e-05
2023-08-31,sh.600745,25.282072294986644,0.027037864668079954,-0.00021479088280601253
2023-08-31,sh.600795,24.89659265128075,0.09262612752695856,0.0001651341360789941
2023-08-31,sh.600809,25.90850726519767,0.052137899885091765,-4.8027958154421594e-05
2023-08-31,sh.600837,25.42796645833461,0.06740188476368165,3.457793745457261e-05
2023-08-31,sh.600887,25.480785130657104,0.08116643438248024,6.089104811915445e-05
2023-08-31,sh.600893,25.574916061858897,0.02077959981817501,-0.00021325997225898514
2023-08-31,sh.600900,26.134958526081363,0.06179935660794514,6.824377423342465e-06
2023-08-31,sh.600905,25.617231522272096,0.05043569974846475,-0.00012127443738011153
2023-08-31,sh.600918,25.121707477005398,0.03895761218031814,-0.00010675079089541106
2023-08-31,sh.600919,25.307681039998176,0.19436016969879993,5.598450052613365e-05
2023-08-31,sh.600941,26.889607017479776,0.06666521190989314,-6.65889027103438e-05
2023-08-31,sh.600958,25.392619389080338,0.04784298846500119,-0.0002239732426420447
2023-08-31,sh.600999,25.496120377820585,0.06810779675527093,-6.466495968968954e-05
2023-08-31,sh.601006,25.25621042799302,0.10891158182479528,6.85946531913584e-05
2023-08-31,sh.601012,25.596220746035545,0.09645796880427367,8.853626114495029e-05
2023-08-31,sh.601066,25.85882725341515,0.03715884111160703,-0.0001809607576306757
2023-08-31,sh.601088,25.7472469036687,0.15308750627387285,0.00037814507591651513
2023-08-31,sh.601111,25.772260263419298,-0.07240500078972051,-0.0002571939432461297
2023-08-31,sh.601118,24.49905903526216,0.04024136972985287,1.980712900963889e-05
2023-08-31,sh.601127,22.992099920222532,0.2650794924377704,0.001990109147568389
2023-08-31,sh.601138,26.44421777021445,0.016497950870407466,-0.0003840576787322922
2023-08-31,sh.601166,25.76781138098161,0.20946116418251118,9.208239481890145e-05
2023-08-31,sh.601169,25.14054987720594,0.20574549531798808,0.0001192517290701491
2023-08-31,sh.601186,25.436172139605663,0.15684803517723744,-4.3326871100358247e-05
2023-08-31,sh.601198,24.754332422872956,0.04178043617598657,-7.140865653743723e-05
2023-08-31,sh.601211,25.461784419105655,0.08326613619904923,-2.0132492441619122e-05
2023-08-31,sh.601225,25.124862940033196,0.16479353404526956,0.00038337431519025786
2023-08-31,sh.601229,25.057882767743166,0.21110643375341193,0.00012153719244737342
2023-08-31,sh.601236,24.96888499359923,0.024789323204146597,-9.471830633725833e-05
2023-08-31,sh.601288,26.38455984017651,0.18280498583743515,0.0001417132194299706
2023-08-31,sh.601318,26.427319960906274,0.0871484011197977,-5.068132479769501e-05
2023-08-31,sh.601319,25.761408137559428,0.09776034773450723,2.4413911958170785e-05
2023-08-31,sh.601328,25.860751973347924,0.1863233342581637,0.00012472442236630883
2023-08-31,sh.601336,25.772889873171618,0.04221877317860727,-0.0003409555096244979
2023-08-31,sh.601360,25.681781275994005,-0.03068486859034099,-0.0004566922932445449
2023-08-31,sh.601377,25.03143676701679,0.06911947739200777,-4.576919417776435e-06
2023-08-31,sh.601390,25.501271022016528,0.15376583531461516,5.145897693755019e-05
2023-08-31,sh.601398,26.64108145616849,0.17136048826373906,3.520127884168961e-05
2023-08-31,sh.601601,25.69221388521086,0.10044793985254527,0.00010178078519923746
2023-08-31,sh.601628,26.42659788168054,0.05957221843116241,4.259445900516494e-05
2023-08-31,sh.601633,25.801239586143463,0.04088254493285995,-7.460550468255995e-05
2023-08-31,sh.601658,25.99585963922802,0.15294653162271088,7.02512788981254e-05
2023-08-31,sh.601668,25.80408542025727,0.15092823086335821,-7.924969234049829e-05
2023-08-31,sh.601669,25.12403646937206,0.1297153579990899,0.00012838727675475428
2023-08-31,sh.601688,25.52186707387796,0.08273638646206946,-3.309881431772097e-05
2023-08-31,sh.601728,26.12786097603256,0.07215504880060161,6.312761143967786e-06
2023-08-31,sh.601766,25.65113695202234,0.06918362806486691,-7.682050282522017e-05
2023-08-31,sh.601788,25.330134929644633,0.048467323326667366,-0.00012232830030196586
2023-08-31,sh.601800,25.64060877796415,0.09406216108640535,-0.0001234275624532435
2023-08-31,sh.601816,25.767826909471125,0.0539611992634588,7.44683983325144e-05
2023-08-31,sh.601818,25.504577859998598,0.19456561049010798,6.062993069268083e-05
2023-08-31,sh.601857,26.404852653833156,0.12751360205713258,0.00019304351910087847
2023-08-31,sh.601878,24.96092108444477,0.05315159325712924,-8.004121515574079e-05
2023-08-31,sh.601881,25.597117136029457,0.05409659704981811,-0.0001852646171335054
2023-08-31,sh.601888,25.84178123221881,0.038173736037965714,-0.00011459303704449772
2023-08-31,sh.601899,25.993603695651444,0.059126159019890615,-8.326751075005042e-05
2023-08-31,sh.601901,24.989887535199465,0.06989677775743786,7.504303241843696e-05
2023-08-31,sh.601919,25.480586885966765,0.24365909141061565,-1.5688986599316217e-05
2023-08-31,sh.601939,26.46180449431922,0.1868448796350279,0.00017264465358505861
2023-08-31,sh.601985,25.438013872430794,0.0827502592237879,3.9966472866018135e-05
2023-08-31,sh.601988,26.4798154942308,0.15782942435220287,8.841219723841981e-06
2023-08-31,sh.601989,25.357940668867467,0.02828075648431623,-6.523535076966773e-05
2023-08-31,sh.601995,25.81357632156045,0.040527781368625754,-0.0001577112147201797
2023-08-31,sh.601998,25.609513403786526,0.20008315689598252,0.00015409552895916933
2023-08-31,sh.603160,24.57327147414058,0.03789065586273107,0.00011746388585680593
2023-08-31,sh.603259,25.556906536053546,0.08717575225009083,0.00019887987536445215
2023-08-31,sh.603288,25.824506144992462,0.040364247794593175,-0.0001191253453216039
2023-08-31,sh.603501,25.35214993142836,0.03958364068442219,1.0909170525671597e-05
2023-08-31,sh.603799,25.325081609950388,0.04238017796324896,-0.00023400551818828703
2023-08-31,sh.603986,24.935384113252386,0.06956417753354978,0.0001579090739730268
2023-08-31,sh.603993,25.320440486293965,0.06539865742658907,9.683850365709902e-05
2023-08-31,sh.688012,25.36210320251906,0.04366979475906314,-6.765849890852133e-05
2023-08-31,sh.688041,25.844703563729922,0.0015770635316546683,-0.00033496737810365275
2023-08-31,sh.688111,25.878807979330233,0.014300774216662523,-0.00023373434531401226
2023-08-31,sh.688256,25.774423135041694,-0.07741267886294148,-0.0008210895575066756
2023-08-31,sh.688599,25.565106176840278,0.033724082833806714,-0.0003770975989241738
2023-08-31,sh.688981,26.299172548637586,0.022896256859391548,-0.0002367405956647601
2023-09-28,sh.600000,25.53021714668369,0.1358944766404957,-0.00016488723658378827
2023-09-28,sh.600009,25.449433592869244,0.02396995895045742,-6.628809064489197e-05
2023-09-28,sh.600010,25.60052392839517,0.007467524616729906,-0.0002264387976603873
2023-09-28,sh.600015,25.460832542518816,0.1942073468424065,-8.711746145209233e-05
2023-09-28,sh.600016,25.499442538533057,0.14383620860983107,-0.0001315561551073924
2023-09-28,sh.600018,25.49145893886145,0.08786014918238233,-0.0001261223540066852
2023-09-28,sh.600019,25.205594911372827,0.09821358695939877,0.00015738769239503341
2023-09-28,sh.600028,25.75974095710358,0.036438875698161184,-0.0003831117047455018
2023-09-28,sh.600029,25.345115307906266,-0.06099583420483928,1.925924371758851e-05
2023-09-28,sh.600030,25.37329197514271,0.07484710920030778,-5.386388384003329e-06
2023-09-28,sh.600031,25.71790233481543,0.017379275364138913,-0.0003419508454422431
2023-09-28,sh.600036,25.633946769319174,0.11073880172569886,-0.0002576831873224288
2023-09-28,sh.600048,25.889482294187097,0.03895279466503143,-0.0005096156854575512
2023-09-28,sh.600050,25.7264931399589,0.022167601630526043,-0.0003490278454265122
2023-09-28,sh.600089,25.59250142030384,0.16194321123318633,-0.00021894389375025355
2023-09-28,sh.600100,24.84938236711934,0.10071945320324341,0.0004981511126759156
2023-09-28,sh.600104,25.45308834090308,0.08071568732506353,-8.345651868536168e-05
2023-09-28,sh.600109,25.44266604552785,0.05444262066877451,-8.323074664829151e-05
2023-09-28,sh.600111,25.535509273114545,0.04481691730385401,-0.00016581625741846849
2023-09-28,sh.600150,25.654136330388106,0.00739779700848342,-0.00026718299694802124
2023-09-28,sh.600196,25.402999697425148,0.06405641608486319,-3.413622421149679e-05
2023-09-28,sh.600256,25.45085424344863,0.17726051783531338,-8.267592636610155e-05
2023-09-28,sh.600276,25.131025985081507,0.07871691131133346,0.00023235901722769132
2023-09-28,sh.600309,25.361539490789323,0.06750427967938927,4.97225630912114e-06
2023-09-28,sh.600332,25.574592335751067,0.05991589821447506,-0.00020221350972785736
2023-09-28,sh.600340,25.8992817184166,0.022363152620260965,-0.0005133617307503415
2023-09-28,sh.600346,25.31931732308507,0.03318119267696311,4.367475568400077e-05
2023-09-28,sh.600372,25.517362143607098,0.03068302044332326,-0.00014706589881687655
2023-09-28,sh.600406,25.32098315574944,0.06595394633155893,4.5495530176349014e-05
2023-09-28,sh.600436,25.723584937026914,0.00491378519015144,-0.0003452056549059864
2023-09-28,sh.600438,25.95993948074617,0.06360228058782659,-0.0005755800776988467
2023-09-28,sh.600518,25.36175916908123,-0.008782551016749005,-5.512811593094776e-06
2023-09-28,sh.600519,25.620177354926255,0.025696090226466448,-0.0002422964545229012
2023-09-28,sh.600547,25.564611731073455,0.02333168641999646,-0.0001910407790755101
2023-09-28,sh.600570,25.53604197435095,0.03217758341875677,-0.00023437422789720236
2023-09-28,sh.600585,25.64769405419558,0.05512577632059712,-0.0002748176162692716
2023-09-28,sh.600588,25.438514922885524,0.029389144010356257,-0.00013001534058612095
2023-09-28,sh.600606,25.642639512413474,-0.0003236125627762293,-0.0002686372792697177
2023-09-28,sh.600637,25.407266576856383,0.043946798115079795,-2.7239328097316955e-05
2023-09-28,sh.600690,25.601783394178153,0.0501414327096273,-0.00022837304123678694
2023-09-28,sh.600703,25.513612429445473,0.02243752537074932,-0.00015069249802237655
2023-09-28,sh.600745,24.85491560221693,0.11907398336828637,0.0005009638775356303
2023-09-28,sh.600795,25.36956095916141,0.07132376734178589,-5.319733178532339e-07
2023-09-28,sh.600809,25.261112206719922,0.07228537091625281,0.00010865670546521584
2023-09-28,sh.600837,25.449974022951206,0.053101240302398454,-7.663659976921239e-05
2023-09-28,sh.600887,25.255862143038364,0.08737904497947088,0.0001092058366146304
2023-09-28,sh.600893,25.564108007359398,0.02304980469909798,-0.0001956048388893963
2023-09-28,sh.600900,25.3261910410346,0.06495163864642686,3.133932771510971e-05
2023-09-28,sh.600905,25.366240973898517,0.06584148707353989,-1.4653258002167885e-06
2023-09-28,sh.600918,25.350202234490727,0.056505849386096346,2.9719917485427162e-05
2023-09-28,sh.600919,25.528565363121047,0.1726435298946282,-0.0001129034158482221
2023-09-28,sh.600941,25.55591012648391,0.05174218809617031,-0.00018264361562317602
2023-09-28,sh.600958,25.73904815098565,0.02101595167142481,-0.0004326041536587176
2023-09-28,sh.600999,25.338946568433386,0.08114948795947738,3.67588366866299e-05
2023-09-28,sh.601006,25.423222081468378,0.09314002068831345,-5.4059041041738366e-05
2023-09-28,sh.601012,25.816033905988174,0.02897873518147314,-0.0004362423080931829
2023-09-28,sh.601066,25.447651328148165,0.05033304182033416,-7.850644942931806e-05
2023-09-28,sh.601088,25.48799645460827,0.08900579257812412,-0.00012021135497543132
2023-09-28,sh.601111,25.409883940236703,-0.04480706537732462,-4.256783856034773e-05
2023-09-28,sh.601118,25.456000675612245,0.02677819657749947,-8.489448606486912e-05
2023-09-28,sh.601127,23.643403398674728,0.22563497450364,0.001683353475127458
2023-09-28,sh.601138,26.332248351470565,-0.05521049372570638,-0.000941726355999626
2023-09-28,sh.601166,25.66119322243482,0.1600714553053833,-0.0002920159324458802
2023-09-28,sh.601169,25.43880314540872,0.18171457533197935,-6.763408943554042e-05
2023-09-28,sh.601186,25.687695322345792,0.12221541530930735,-0.0003126609421547683
2023-09-28,sh.601198,25.44207874057633,0.04334285126912339,-5.925792640739967e-05
2023-09-28,sh.601211,25.322505951981224,0.09138078645552304,4.297424903775229e-05
2023-09-28,sh.601225,25.47156975447603,0.1019182729083406,-0.00010559966700332047
2023-09-28,sh.601229,25.442895583785624,0.18600441783050992,-7.367842121309834e-05
2023-09-28,sh.601236,25.35282899107539,0.04321669566012785,4.858934007620856e-05
2023-09-28,sh.601288,25.392411613411788,0.16239561198515978,-1.7008233589381586e-05
2023-09-28,sh.601318,25.530958384829464,0.0731815639534444,-0.0001592998794468442
2023-09-28,sh.601319,25.73876881963307,0.04811104034058132,-0.0003617032843854022
2023-09-28,sh.601328,25.466811158922912,0.15781110142821947,-9.701207265557502e-05
2023-09-28,sh.601336,25.7320600637539,0.0410324881610379,-0.0003501811175753615
2023-09-28,sh.601360,25.707021931186304,-0.014504073016165075,-0.0003308560278533859
2023-09-28,sh.601377,25.487365878415655,0.05514948523763527,-0.00011322001006133141
2023-09-28,sh.601390,25.806388031898138,0.09202179093480377,-0.0004287176571027176
2023-09-28,sh.601398,25.341807873954828,0.1702733533446485,2.6746750288531713e-05
2023-09-28,sh.601601,25.49241634850577,0.07141481544092705,-0.000124006626294032
2023-09-28,sh.601628,25.657736227112913,0.016600966416548943,-0.00029158823602444425
2023-09-28,sh.601633,24.838674262457072,0.11705316900358942,0.000517765050994687
2023-09-28,sh.601658,25.68451564284909,0.1042754840086542,-0.0003082580988609529
2023-09-28,sh.601668,25.61988950428391,0.12943847543343376,-0.0002463731539202791
2023-09-28,sh.601669,25.44520735582401,0.1034450780565654,-7.5913797539976e-05
2023-09-28,sh.601688,25.32966029395808,0.09138498459912439,3.416038103190915e-05
2023-09-28,sh.601728,25.680622778896932,0.03219758520157209,-0.0003044320332485749
2023-09-28,sh.601766,25.703813316036577,0.036718802125152356,-0.0003292958792120064
2023-09-28,sh.601788,25.427097242177698,0.05655396932298093,-5.943934487010085e-05
2023-09-28,sh.601800,25.808770917824308,0.05447264755531974,-0.00043131084968513813
2023-09-28,sh.601816,25.477230301184395,0.039223717308053185,-4.0143375979595634e-05
2023-09-28,sh.601818,25.50441696382867,0.16978238361335773,-0.0001321064956601305
2023-09-28,sh.601857,25.787089376540056,0.05005370892535465,-0.0004093535400930207
2023-09-28,sh.601878,25.385698872463415,0.06276489120095317,-5.279655639225956e-06
2023-09-28,sh.601881,24.992032008566134,0.1251632705140475,0.00036741307671141335
2023-09-28,sh.601888,25.785304139894222,0.0003144241714772289,-0.00040902073645635056
2023-09-28,sh.601899,25.285899346987044,0.07997198189410529,7.88481582522366e-05
2023-09-28,sh.601901,25.290531154693852,0.06961054586337277,7.281703849744136e-05
2023-09-28,sh.601919,25.397297339239657,0.24125289236089031,-3.440173164433921e-05
2023-09-28,sh.601939,25.399870214465533,0.16099726458281732,-2.8369402400513273e-05
2023-09-28,sh.601985,25.320175573069335,0.08395360759181317,4.9324780614403186e-05
2023-09-28,sh.601988,25.252344229485217,0.17158795096110363,0.00011583976610632658
2023-09-28,sh.601989,25.508175540845986,0.01580566420231394,-0.0001622527697204778
2023-09-28,sh.601995,25.444186968019693,0.05135366220920748,-7.351953154221039e-05
2023-09-28,sh.601998,25.605414655252986,0.14955103017487742,-0.0002388872560779943
2023-09-28,sh.603160,24.598816461293126,0.12085431212355971,0.000762663104844543
2023-09-28,sh.603259,25.367575112348945,0.06187933238184591,2.152403628330282e-06
2023-09-28,sh.603288,25.415612790588032,0.04953946532276084,-4.7770688957315506e-05
2023-09-28,sh.603501,24.685160227843753,0.1217410761666945,0.0006498384992976151
2023-09-28,sh.603799,25.454125720973696,0.06159287269343203,-8.45905069261e-05
2023-09-28,sh.603986,25.06171872588033,0.08657189352063559,0.00029017620835695453
2023-09-28,sh.603993,25.61731304477964,0.021021523757686164,-0.00024827757818570703
2023-09-28,sh.688012,24.86760105928014,0.11314426620396201,0.0004726368151614142
2023-09-28,sh.688041,24.825550748309343,0.11298764765997069,0.0005314604664041625
2023-09-28,sh.688111,26.230512165604555,-0.06377458068343927,-0.0008409177829070375
2023-09-28,sh.688256,25.889050943842943,-0.03749784633229729,-0.000510676300238538
2023-09-28,sh.688599,25.46804724454897,0.07028278178739072,-9.278462291570041e-05
2023-09-28,sh.688981,24.93366609041867,0.10607496959651157,0.00041013109385760734
2023-10-31,sh.600000,25.653358812185953,0.1592839052296916,-3.980836870856961e-06
2023-10-31,sh.600009,25.44049413962138,0.015189048854750725,-0.00013161315486220546
2023-10-31,sh.600010,25.411103117782854,0.008209693576808258,-0.00021695380681509597
2023-10-31,sh.600015,25.101429758258103,0.21920247564993722,0.00012098617510335674
2023-10-31,sh.600016,25.400225001043136,0.17700222785359898,0.00011142980492425604
2023-10-31,sh.600018,25.373406381303095,0.10568268622368998,2.8151381475723435e-06
2023-10-31,sh.600019,25.50552557361831,0.07123896415245752,-3.829219080364282e-05
2023-10-31,sh.600028,26.24095336853916,0.08860646574066573,-7.505500614282792e-06
2023-10-31,sh.600029,25.43067923147391,-0.07029505969635194,-3.454681799930487e-05
2023-10-31,sh.600030,25.95917951399989,0.06887896752125904,-5.782019876595296e-05
2023-10-31,sh.600031,25.647723447444033,0.03422836013849626,-0.00022193608389221107
2023-10-31,sh.600036,26.557748326583855,0.11479160147130607,-0.0002467209585711037
2023-10-31,sh.600048,25.718359195663236,0.08710504674054584,-0.0002671946613847979
2023-10-31,sh.600050,25.550445885966212,0.06238480631668105,-7.022184410036489e-05
2023-10-31,sh.600089,25.050284723515478,0.19391113964079604,-2.9108137011281376e-05
2023-10-31,sh.600100,24.80647266708618,0.02323793684084305,-0.00011035598275919346
2023-10-31,sh.600104,25.510380159389413,0.10079487904208775,7.69978744707523e-05
2023-10-31,sh.600109,24.62783882916113,0.08437127254478931,0.0001447127835486881
2023-10-31,sh.600111,25.40367554131824,0.041547668011831664,-0.0002020580194045196
2023-10-31,sh.600150,25.16664228680121,0.07387500530772112,0.00024821003988305504
2023-10-31,sh.600196,25.278372810083624,0.05724651330695631,-8.329756062500792e-05
2023-10-31,sh.600256,25.020389228264907,0.15284115713854557,-0.00013287407341331644
2023-10-31,sh.600276,25.90417543423671,0.04700020773899686,-6.5549899515200016e-06
2023-10-31,sh.600309,26.193758101136126,0.023039569685842823,-0.00035187057017576587
2023-10-31,sh.600332,24.916130841164154,0.0911474869392686,2.7743623365593135e-05
2023-10-31,sh.600340,24.051118842903815,0.09749980093007753,-8.220704540086556e-06
2023-10-31,sh.600346,25.491099133719345,0.005918393579189843,-0.00017044891264845675
2023-10-31,sh.600372,25.307884943795404,0.022498124782843423,-0.00021654513504906436
2023-10-31,sh.600406,25.716291450976602,0.048054453460626596,-0.00010195728001889819
2023-10-31,sh.600436,25.50779629324307,0.05350885223855299,2.593015014360142e-05
2023-10-31,sh.600438,25.823241958305065,0.10469606231939557,-0.000387689596640273
2023-10-31,sh.600518,24.56023696857568,0.0040957461311814936,9.252848458515148e-05
2023-10-31,sh.600519,26.601432971306135,0.08712015335672506,0.00022328501701274138
2023-10-31,sh.600547,25.48902266243904,0.033298441255387196,-0.00011871405066276913
2023-10-31,sh.600570,25.219566208931838,0.036882633740902275,-0.0002124953446740525
2023-10-31,sh.600585,25.62372704684549,0.06829093884522676,-0.0001959205584946089
2023-10-31,sh.600588,24.98962284794223,0.045969336454250505,1.438796021060227e-06
2023-10-31,sh.600606,24.96068035575223,0.016547422653631336,-0.00012925922809238494
2023-10-31,sh.600637,24.284804161551165,0.09186586732702631,0.0003406572283981312
2023-10-31,sh.600690,25.704064876818364,0.07783971148630434,-3.0250677192400758e-05
2023-10-31,sh.600703,25.457495905016025,0.007218799305181781,-0.0002688331366314563
2023-10-31,sh.600745,25.229874956988663,0.03732263801360941,-0.00012726953385466182
2023-10-31,sh.600795,24.78380900893907,0.10846840287671286,0.00029996519184040637
2023-10-31,sh.600809,26.00625661606351,0.04081842596647027,-0.0001331984638189301
2023-10-31,sh.600837,25.490033121306105,0.05936059127978134,-2.901765554364384e-05
2023-10-31,sh.600887,25.607307806366506,0.06695695351011287,-3.669233698767569e-05
2023-10-31,sh.600893,25.2576303059475,0.05477494511868215,4.558980713088325e-05
2023-10-31,sh.600900,26.133755051150683,0.06296757133190742,1.9158457249488068e-05
2023-10-31,sh.600905,25.654548584103715,0.0448101086430615,-0.00016976934484216598
2023-10-31,sh.600918,24.987598701002486,0.05476832688004903,1.407998181751604e-05
2023-10-31,sh.600919,25.47019212969357,0.1769496197865082,-0.0001187122691492356
2023-10-31,sh.600941,26.858812935933422,0.06881824676991148,-6.685806611685067e-05
2023-10-31,sh.600958,25.1625012557385,0.07195542487832463,-6.699164206241145e-05
2023-10-31,sh.600999,25.451416267396464,0.0735904967176627,-2.3423678102892444e-05
2023-10-31,sh.601006,25.32007685357231,0.10093985254811409,1.167845334276469e-05
2023-10-31,sh.601012,26.103573978311058,0.031168986155053625,-0.0004535427813449533
2023-10-31,sh.601066,25.407442608140812,0.09107773833945364,0.00022852105250777772
2023-10-31,sh.601088,26.04330012310282,0.1160749622491887,0.0001249670435318352
2023-10-31,sh.601111,25.463302029402186,-0.04470358001820868,7.574381351654034e-06
2023-10-31,sh.601118,24.627393947438918,0.02339295703740052,-0.00011092725018915404
2023-10-31,sh.601127,25.720292413826556,-0.008340463766508613,-0.00027556756351294697
2023-10-31,sh.601138,25.769133512254967,0.08833131584306064,8.095432958195962e-05
2023-10-31,sh.601166,25.9779582329528,0.18764295278795273,-0.00013620073346477023
2023-10-31,sh.601169,25.309803300728568,0.1827968688977487,-3.6286960219133716e-05
2023-10-31,sh.601186,25.561412909105105,0.14707785774046306,-0.00021093583575888553
2023-10-31,sh.601198,24.367943668977958,0.08847456724149251,0.0002885039691903256
2023-10-31,sh.601211,25.37979200233149,0.09382812372482138,6.692240690162262e-05
2023-10-31,sh.601225,25.271285530225676,0.14576572573762722,0.00027929585146238556
2023-10-31,sh.601229,25.31833320822579,0.17660929747446175,-0.0001230366705358189
2023-10-31,sh.601236,24.82959268158767,0.04077043466892207,2.9546396917584498e-05
2023-10-31,sh.601288,26.481807476633577,0.16841085670263883,6.476150259965418e-05
2023-10-31,sh.601318,26.749639872415102,0.04622266307665939,-0.00039009055305623004
2023-10-31,sh.601319,25.959424592562453,0.07228291499685144,-0.0002126433386528637
2023-10-31,sh.601328,25.869928867772767,0.18423645747217782,0.00012275083759746247
2023-10-31,sh.601336,25.577854482269714,0.06428558687663528,-0.00024461444449371553
2023-10-31,sh.601360,25.243880970300733,0.007319872558426185,-0.00013608026544719204
2023-10-31,sh.601377,25.1202497831159,0.05706855253371107,-0.0001044237209237139
2023-10-31,sh.601390,25.772325478057624,0.12469794016324931,-0.0002630423535325368
2023-10-31,sh.601398,26.638087189763528,0.17028879200172675,4.961353765856184e-05
2023-10-31,sh.601601,26.309695886265768,0.022947071528073723,-0.0005002928396343404
2023-10-31,sh.601628,26.862024226621962,0.001927854348244426,-0.0004112282117667388
2023-10-31,sh.601633,26.11420231656477,0.007950836320212776,-0.00032259515518790377
2023-10-31,sh.601658,26.19824253132151,0.13019626794656192,-0.0001574088719421918
2023-10-31,sh.601668,25.84806087525886,0.15058865378113523,-0.0001628627256277698
2023-10-31,sh.601669,25.473548845463625,0.08565297715498571,-0.00020258337125863762
2023-10-31,sh.601688,25.908657933006406,0.03433642189697587,-0.0004061992497912755
2023-10-31,sh.601728,26.207385689775577,0.059738378968762704,-0.00010922133422236214
2023-10-31,sh.601766,25.63316421186929,0.06898785119045822,-0.00011125970690223385
2023-10-31,sh.601788,25.24773887855248,0.05716632325736502,-6.220484300754255e-05
2023-10-31,sh.601800,25.64823411456623,0.09480054540435837,-0.0002044144721590149
2023-10-31,sh.601816,25.742446805038405,0.056139235348001214,8.958301021480581e-05
2023-10-31,sh.601818,25.674077879072875,0.17440542847535248,-0.00011141384264832241
2023-10-31,sh.601857,26.555356227587982,0.1086480824717315,1.7167555482259813e-05
2023-10-31,sh.601878,24.708818120042114,0.08393105318991623,0.00015510443825813194
2023-10-31,sh.601881,25.328661705573946,0.08917142004354411,0.0001016426210382432
2023-10-31,sh.601888,25.886057855336087,0.025505551624633305,-0.00022664785060229068
2023-10-31,sh.601899,26.00544510206198,0.05786142106995099,-9.168039531110087e-05
2023-10-31,sh.601901,24.56241380339216,0.1257387922487902,0.0005162160443612984
2023-10-31,sh.601919,25.390546647799052,0.2580074999920555,7.073592673182205e-05
2023-10-31,sh.601939,26.593829086684433,0.16770068946304578,6.521692114758596e-05
2023-10-31,sh.601985,25.70285565898478,0.05029689566836433,-0.00020394927048535667
2023-10-31,sh.601988,26.43272530258533,0.1617485239180123,7.397246301441731e-05
2023-10-31,sh.601989,25.357070021838712,0.025466770227734692,-8.455820370775613e-05
2023-10-31,sh.601995,25.25298147416443,0.1084948649546805,0.00036187572821067633
2023-10-31,sh.601998,25.774152381716597,0.18053853242684367,-1.3876455758046158e-05
2023-10-31,sh.603160,24.867831064752732,0.018160420649104822,-6.212562976668881e-05
2023-10-31,sh.603259,25.97249896270247,0.037545207850331025,-0.0001778079499687429
2023-10-31,sh.603288,25.652965917281247,0.06008143087855436,2.992874255771226e-05
2023-10-31,sh.603501,25.555820869351518,0.02625581462254828,-9.945820214003523e-05
2023-10-31,sh.603799,25.538550867310054,0.013119070273407418,-0.0004820728443947441
2023-10-31,sh.603986,25.63825845204962,-0.011383515736056102,-0.0004650812060660624
2023-10-31,sh.603993,25.645587569558714,0.0228370147977128,-0.00023712247180710923
2023-10-31,sh.688012,25.409528722770805,0.044100944453550076,-5.6438857108500206e-05
2023-10-31,sh.688041,24.94229379894409,0.11760145833387205,0.0005686197996461617
2023-10-31,sh.688111,25.301238282983636,0.06809334483741825,0.0001749668975913084
2023-10-31,sh.688256,23.260398244091153,0.20720787743898456,0.0014420708731349337
2023-10-31,sh.688599,25.4896294629063,0.04083583008324069,-0.0003663388528965967
2023-10-31,sh.688981,26.345121986654913,0.019974598091746953,-0.00025523980537425805
2023-11-30,sh.600000,25.798308315598767,0.14084380059114354,-0.00014337706766672377
2023-11-30,sh.600009,25.6127182327677,-0.008994881242119473,-0.00031755580527207164
2023-11-30,sh.600010,25.34566964714459,0.012541410389045465,-0.00018096663566678387
2023-11-30,sh.600015,25.36989304514583,0.18208030473330888,-0.0001240279591039446
2023-11-30,sh.600016,25.656171214596455,0.14293455183986326,-0.00012172394584722824
2023-11-30,sh.600018,25.496106807419704,0.09027380202889136,-0.00011407777588875705
2023-11-30,sh.600019,25.653565536407317,0.052472276304905974,-0.00018597885642768607
2023-11-30,sh.600028,26.173158109201577,0.09714550081398826,5.958808566204561e-05
2023-11-30,sh.600029,25.648382075215775,-0.09845971123110908,-0.00024950348324858745
2023-11-30,sh.600030,26.09740689419199,0.05119174852204589,-0.00019867785344171828
2023-11-30,sh.600031,25.372480792501793,0.06641813997491344,1.8348036218812107e-05
2023-11-30,sh.600036,26.41055769760064,0.1363409033977857,-0.00013530828192956398
2023-11-30,sh.600048,25.555278500425825,0.10903591196483511,-0.00014283971788863387
2023-11-30,sh.600050,25.420831630321512,0.07814979458099443,4.861922603761257e-05
2023-11-30,sh.600089,25.06709529027626,0.19220454313390142,-4.7621630821653204e-05
2023-11-30,sh.600100,25.05176342522755,-0.009211970392850405,-0.00036178442482484466
2023-11-30,sh.600104,25.95687790994963,0.04506902858952089,-0.00034703744731456166
2023-11-30,sh.600109,25.011784918080817,0.03796301637130709,-0.00020826481617127718
2023-11-30,sh.600111,25.281732586144738,0.054981818413246446,-0.00010839632418487878
2023-11-30,sh.600150,25.210377284592674,0.07236662966814797,0.00023762680413566206
2023-11-30,sh.600196,25.584104247061866,0.01817286534070947,-0.00039119531326499576
2023-11-30,sh.600256,24.945969776465706,0.16439096673240733,-7.608453285345407e-05
2023-11-30,sh.600276,26.129690895577543,0.018777736752128335,-0.0002259505443045422
2023-11-30,sh.600309,25.97913160931903,0.046662858304963,-0.00018929517338470454
2023-11-30,sh.600332,25.15793211315603,0.060976547691688254,-0.00020283154757533913
2023-11-30,sh.600340,24.331054422878484,0.06235087019302876,-0.00028157006836875605
2023-11-30,sh.600346,25.54361322640516,-0.0039504577214429515,-0.00024250661795736328
2023-11-30,sh.600372,24.991489337226447,0.059198821147603296,6.481513184961832e-05
2023-11-30,sh.600406,25.561207607805013,0.06649340291147024,3.764385849927066e-05
2023-11-30,sh.600436,25.711524175239216,0.028474330655861385,-0.0001680343425736143
2023-11-30,sh.600438,25.3022628041766,0.17630514257630908,6.819837323661032e-05
2023-11-30,sh.600518,24.832983390875064,-0.026597607473198795,-0.00015838159894632098
2023-11-30,sh.600519,26.966436428500653,0.04409680056031725,-0.00010308619780810552
2023-11-30,sh.600547,25.419266520634366,0.04043934322496065,-6.49081756661184e-05
2023-11-30,sh.600570,25.229050676369862,0.03395993508042621,-0.00023916414907708462
2023-11-30,sh.600585,25.485491939057752,0.08517396057467214,-8.556692046864927e-05
2023-11-30,sh.600588,24.83501718385376,0.06673932813387515,0.00016244360529182948
2023-11-30,sh.600606,25.08553499270946,-0.0013930429564480568,-0.0002667389637018895
2023-11-30,sh.600637,24.93715670504348,0.014859623773239253,-0.00025270854240152764
2023-11-30,sh.600690,25.875227719972408,0.056248305858954135,-0.00019958870895658463
2023-11-30,sh.600703,25.178206263948443,0.0378815765450901,-3.008065395315785e-05
2023-11-30,sh.600745,25.55925865770897,-0.005610189350691935,-0.0004642494513015032
2023-11-30,sh.600795,24.94496832072187,0.0911031396721431,0.0001825020440156364
2023-11-30,sh.600809,25.99021982415708,0.04128084924509547,-0.00013429530359130703
2023-11-30,sh.600837,25.60358934228926,0.044895064780774964,-0.00014240723510698005
2023-11-30,sh.600887,25.6498670945578,0.06141253558342838,-8.128672225802384e-05
2023-11-30,sh.600893,25.182610464971507,0.06514695419686331,0.00012719775399819695
2023-11-30,sh.600900,26.098810735441745,0.06786848469718744,5.887281028740514e-05
2023-11-30,sh.600905,25.66459490155236,0.04196448860578291,-0.0002003584403182316
2023-11-30,sh.600918,25.177973175657836,0.031071631173845815,-0.00016977402712965852
2023-11-30,sh.600919,25.25718534229055,0.20771959584087596,6.905728421835661e-05
2023-11-30,sh.600941,26.444823692365304,0.120410325675393,0.00033014668913471334
2023-11-30,sh.600958,25.186461822784644,0.06909666045474547,-8.814112293852464e-05
2023-11-30,sh.600999,25.545210014594172,0.06168354607122308,-0.00011743369561235229
2023-11-30,sh.601006,25.37549054822093,0.09401505691323504,-3.905734880744767e-05
2023-11-30,sh.601012,25.292069935184735,0.1316399010460262,0.00027635445190198364
2023-11-30,sh.601066,25.997352396337337,0.01976551563882384,-0.00031622673452250886
2023-11-30,sh.601088,26.22400289867231,0.09359290016171738,-3.29983968303676e-05
2023-11-30,sh.601111,25.82989122579235,-0.08980293504526654,-0.0003473554286934284
2023-11-30,sh.601118,24.616589768124573,0.022950761897757868,-0.00011363336282956712
2023-11-30,sh.601127,25.39049210569781,0.027345630079460184,1.0424771795624274e-05
2023-11-30,sh.601138,25.87394122616152,0.07584844768504617,-8.943525370626003e-06
2023-11-30,sh.601166,25.427595411533,0.2600818543111904,0.00038541998108442666
2023-11-30,sh.601169,25.2817718078865,0.18687195111956129,-1.2137674316976988e-05
2023-11-30,sh.601186,25.32240437180608,0.18115900561997128,-4.455747797770047e-06
2023-11-30,sh.601198,24.8761127123565,0.028562690933990838,-0.00017069931942594727
2023-11-30,sh.601211,25.52959797585031,0.07544788232384547,-6.857060673196941e-05
2023-11-30,sh.601225,25.34271431153423,0.1365867082591821,0.0002475841698466871
2023-11-30,sh.601229,25.140750521349226,0.2016359470662961,3.567073722335211e-05
2023-11-30,sh.601236,24.951074691610977,0.025677569855036872,-8.782714590460276e-05
2023-11-30,sh.601288,26.585302565511878,0.154338016054631,-2.687029169368697e-05
2023-11-30,sh.601318,26.356292062233628,0.09512061880102729,-5.88003817031067e-05
2023-11-30,sh.601319,25.883678573349236,0.0816450574094131,-0.00016594128655435242
2023-11-30,sh.601328,26.09282469436389,0.15397564179437911,-7.702091151396822e-05
2023-11-30,sh.601336,25.31704105629809,0.0966547451397146,-2.2422874754209575e-05
2023-11-30,sh.601360,24.958391801166048,0.040467119294559394,0.0001261025629889329
2023-11-30,sh.601377,25.140712506927663,0.053650373451847436,-0.00013708717813752877
2023-11-30,sh.601390,25.45582655089749,0.1685539289314918,1.1748522092788009e-05
2023-11-30,sh.601398,26.733498327641442,0.15731865792708533,-3.536416429557815e-05
2023-11-30,sh.601601,25.791551047339123,0.08607553582659735,-6.339436192852129e-05
2023-11-30,sh.601628,26.61921943521218,0.026862196247815953,-0.00022881665497024377
2023-11-30,sh.601633,25.98756667179778,0.019083131941189643,-0.00024199546130311526
2023-11-30,sh.601658,26.064340134196456,0.14896907649691243,-4.627615081552799e-05
2023-11-30,sh.601668,25.795989333697197,0.16003274709154364,-0.00013222206334765032
2023-11-30,sh.601669,25.329575255007235,0.1042325881186567,-8.772479883854527e-05
2023-11-30,sh.601688,25.553627942283857,0.07720668527189867,-0.00011425682743532571
2023-11-30,sh.601728,25.93599115551776,0.09302528330940653,0.00014279228756355168
2023-11-30,sh.601766,25.477951965184765,0.08793669182748123,2.7329781849308117e-05
2023-11-30,sh.601788,25.3853639794245,0.03938653884048443,-0.00020286104620986263
2023-11-30,sh.601800,25.47606112269214,0.11743473578566929,-6.222243855330209e-05
2023-11-30,sh.601816,25.88178312982879,0.03915032849405159,-4.161695176768419e-05
2023-11-30,sh.601818,25.546161606812028,0.19283991888231045,1.6135583765149332e-07
2023-11-30,sh.601857,26.654056927362667,0.09623703665154977,-7.511384143608148e-05
2023-11-30,sh.601878,24.915305462432734,0.059633645304130414,-2.6109373034833245e-05
2023-11-30,sh.601881,25.600074092714056,0.055968341405528144,-0.00014832365320617872
2023-11-30,sh.601888,25.870050357840334,0.024599568827794127,-0.00023998750632705197
2023-11-30,sh.601899,25.813999390757957,0.08117685859645499,8.494861594692774e-05
2023-11-30,sh.601901,25.444198505386257,0.02127482594760935,-0.00027866229793796623
2023-11-30,sh.601919,25.47448119191784,0.2515694495995251,6.247400777754093e-07
2023-11-30,sh.601939,26.61742036946207,0.16362078810160358,5.220009014805133e-05
2023-11-30,sh.601985,25.226954954316884,0.10863922400293884,0.00023439360651071142
2023-11-30,sh.601988,26.530881908984384,0.14834350728987777,-1.073580138084013e-05
2023-11-30,sh.601989,25.162512412757284,0.04900957296573456,9.932651678067953e-05
2023-11-30,sh.601995,25.92134519816165,0.028743806792529462,-0.00024331431737642688
2023-11-30,sh.601998,25.851810889828897,0.1706441384575923,-8.880118465411438e-05
2023-11-30,sh.603160,24.986185477952777,0.0020381830348565333,-0.00018575024444292314
2023-11-30,sh.603259,26.22729131138501,0.003568888453330435,-0.0004491867293321789
2023-11-30,sh.603288,25.7207483904107,0.0521536928054834,-3.0329947336651393e-05
2023-11-30,sh.603501,25.528944113742785,0.028358074224826058,-8.246274355782528e-05
2023-11-30,sh.603799,24.89395140804947,0.09043693764290345,8.077993991576946e-05
2023-11-30,sh.603986,25.189130532157943,0.037774888332527144,-8.924428203592452e-05
2023-11-30,sh.603993,25.39817588783303,0.05077455721412488,-2.5516648670714342e-05
2023-11-30,sh.688012,25.739055428878178,0.0023246234003061333,-0.0003817915216687094
2023-11-30,sh.688041,25.65155361711694,0.03728556602964736,-5.227186315364381e-05
2023-11-30,sh.688111,25.33792682683442,0.066390320599587,0.00016344021943672996
2023-11-30,sh.688256,25.292936743486962,-0.021412954361010483,-0.0003793846856478826
2023-11-30,sh.688599,24.853245187942242,0.11941762316891733,0.0002050284404950038
2023-11-30,sh.688981,26.127617178568904,0.043912564819007564,-7.410663061115384e-05
2023-12-29,sh.600000,25.37633086953991,0.1573999732144464,-1.462153630009693e-05
2023-12-29,sh.600009,25.37633086953991,0.0324934913860426,5.09470006011728e-06
2023-12-29,sh.600010,25.37633086953991,0.03484417818341378,-7.5204664556348895e-06
2023-12-29,sh.600015,25.37633086953991,0.19743657822167396,-4.603911179802552e-06
2023-12-29,sh.600016,25.37633086953991,0.1571282639315772,-1.1341009886455253e-05
2023-12-29,sh.600018,25.37633086953991,0.10318060719087294,-1.3702973409502985e-05
2023-12-29,sh.600019,25.37633086953991,0.07518670366197891,-9.331256128316496e-06
2023-12-29,sh.600028,25.37633086953991,0.08836172886278644,-8.722341555198684e-06
2023-12-29,sh.600029,25.37633086953991,-0.06782000865018362,-1.1221890245031793e-05
2023-12-29,sh.600030,25.37633086953991,0.07566477970414945,-8.353784848191178e-06
2023-12-29,sh.600031,25.37633086953991,0.06297668995742683,-8.415741603213158e-06
2023-12-29,sh.600036,25.37633086953991,0.15295164483850804,-6.128374878849547e-06
2023-12-29,sh.600048,25.37633086953991,0.12630531280418061,-8.53748922477157e-06
2023-12-29,sh.600050,25.37633086953991,0.07098455443136104,-7.104057587554712e-06
2023-12-29,sh.600089,25.37633086953991,0.19731742389418544,-7.859320166713786e-06
2023-12-29,sh.600100,25.37633086953991,0.03519972644589248,-1.639954901620397e-05
2023-12-29,sh.600104,25.37633086953991,0.08859960250592137,-8.504967445899825e-06
2023-12-29,sh.600109,25.37633086953991,0.06236975736849707,-1.845627904611172e-05
2023-12-29,sh.600111,25.37633086953991,0.06758497775542921,-1.038294180947305e-05
2023-12-29,sh.600150,25.37633086953991,0.04233657352858308,4.086364373808623e-06
2023-12-29,sh.600196,25.37633086953991,0.06743426274402484,-8.094850202711748e-06
2023-12-29,sh.600256,25.37633086953991,0.17290061830958553,-9.905909599533397e-06
2023-12-29,sh.600276,25.37633086953991,0.04690930591471367,-7.174428705966298e-06
2023-12-29,sh.600309,25.37633086953991,0.06978573383798627,-9.471116598272674e-06
2023-12-29,sh.600332,25.37633086953991,0.0859498837982545,-8.616662676607185e-06
2023-12-29,sh.600340,25.37633086953991,0.09820780082063808,-2.714667354394783e-06
2023-12-29,sh.600346,25.37633086953991,0.025689825651278468,-1.1997398082438067e-05
2023-12-29,sh.600372,25.37633086953991,0.04966186138147364,-9.352754065139568e-06
2023-12-29,sh.600406,25.37633086953991,0.06055351650568758,-8.549983992894546e-06
2023-12-29,sh.600436,25.37633086953991,0.049294053976651334,-6.121646924293091e-06
2023-12-29,sh.600438,25.37633086953991,0.16680253180028207,-5.7023843645453396e-06
2023-12-29,sh.600518,25.37633086953991,-0.008770439244386585,-1.974167471454196e-05
2023-12-29,sh.600519,25.37633086953991,0.05681385124396952,-4.18709501152439e-06
2023-12-29,sh.600547,25.37633086953991,0.04786113518118164,-7.1897168919700445e-06
2023-12-29,sh.600570,25.37633086953991,0.05462930384681992,-7.84207442406312e-05
2023-12-29,sh.600585,25.37633086953991,0.0949115242868745,-9.83895975529461e-06
2023-12-29,sh.600588,25.37633086953991,0.0369410490774819,-6.929432961691746e-05
2023-12-29,sh.600606,25.37633086953991,0.03180078187211365,-8.594243232094459e-06
2023-12-29,sh.600637,25.37633086953991,0.047736144094060434,2.9685358523572095e-06
2023-12-29,sh.600690,25.37633086953991,0.08085503623257134,-8.224876473280307e-06
2023-12-29,sh.600703,25.37633086953991,0.03960974918861971,-1.6640845606527254e-05
2023-12-29,sh.600745,25.37633086953991,0.05303352623713142,-8.183732875984467e-06
2023-12-29,sh.600795,25.37633086953991,0.06671747255549425,-7.142603861164374e-06
2023-12-29,sh.600809,25.37633086953991,0.058054156875914774,-3.851137181595199e-06
2023-12-29,sh.600837,25.37633086953991,0.06259894681785083,-4.72609401236399e-06
2023-12-29,sh.600887,25.37633086953991,0.07078108459399567,-8.428548244298485e-06
2023-12-29,sh.600893,25.37633086953991,0.047216469760468255,-1.2245649003028425e-05
2023-12-29,sh.600900,25.37633086953991,0.05803246519262813,-1.7620830281401063e-05
2023-12-29,sh.600905,25.37633086953991,0.06627248484836194,-1.13178302761473e-05
2023-12-29,sh.600918,25.37633086953991,0.05344304913440942,4.206026864404747e-06
2023-12-29,sh.600919,25.37633086953991,0.20343665994702184,3.574936339816557e-05
2023-12-29,sh.600941,25.37633086953991,0.0770207285133801,-7.2894300390879214e-06
2023-12-29,sh.600958,25.37633086953991,0.07034656611687932,-7.84207442406312e-05
2023-12-29,sh.600999,25.37633086953991,0.0768165615003308,2.5409896957069247e-07
2023-12-29,sh.601006,25.37633086953991,0.09797374500655301,-8.271067426660103e-06
2023-12-29,sh.601012,25.37633086953991,0.09521931506011862,-6.884434765528751e-06
2023-12-29,sh.601066,25.37633086953991,0.05928809447917424,-8.863991009779135e-06
2023-12-29,sh.601088,25.37633086953991,0.09639934367837039,-1.1172994639979287e-05
2023-12-29,sh.601111,25.37633086953991,-0.04639853531090554,-9.804191544498717e-06
2023-12-29,sh.601118,25.37633086953991,0.03664958546832864,-7.099120401824057e-06
2023-12-29,sh.601127,25.37633086953991,0.02487328959757281,-8.802347883992021e-06
2023-12-29,sh.601138,25.37633086953991,0.07593128210932804,-8.299331174507986e-06
2023-12-29,sh.601166,25.37633086953991,0.20874054717880614,-1.385571090630886e-05
2023-12-29,sh.601169,25.37633086953991,0.18757995101012187,-6.631637131285215e-06
2023-12-29,sh.601186,25.37633086953991,0.180623263937303,-8.622151869331496e-06
2023-12-29,sh.601198,25.37633086953991,0.05114786009641092,4.943054127199874e-06
2023-12-29,sh.601211,25.37633086953991,0.08303270234347097,-9.584296660971418e-06
2023-12-29,sh.601225,25.37633086953991,0.1031304423834736,-1.2601525747409038e-05
2023-12-29,sh.601229,25.37633086953991,0.1959330820734561,-8.679815840569685e-06
2023-12-29,sh.601236,25.37633086953991,0.04026792054090239,2.5640404726025607e-05
2023-12-29,sh.601288,25.37633086953991,0.15762525051918264,-1.3058312450016255e-06
2023-12-29,sh.601318,25.37633086953991,0.10161293152296487,-8.310380582025022e-06
2023-12-29,sh.601319,25.37633086953991,0.1019807770382861,-7.792634319779282e-06
2023-12-29,sh.601328,25.37633086953991,0.1627658322164528,-8.66056855553955e-06
2023-12-29,sh.601336,25.37633086953991,0.09917522475011013,-2.821382373147216e-06
2023-12-29,sh.601360,25.37633086953991,0.023230421498101284,-7.945337711572417e-06
2023-12-29,sh.601377,25.37633086953991,0.0706610024013681,-4.79738996551332e-06
2023-12-29,sh.601390,25.37633086953991,0.16591441160900017,-8.77871346710714e-06
2023-12-29,sh.601398,25.37633086953991,0.16097052430646308,-6.964001597654954e-06
2023-12-29,sh.601601,25.37633086953991,0.09285742435902236,-1.0652361616651275e-05
2023-12-29,sh.601628,25.37633086953991,0.05412412012966227,-1.680367495678676e-05
2023-12-29,sh.601633,25.37633086953991,0.04926919418966174,-7.24177921129753e-06
2023-12-29,sh.601658,25.37633086953991,0.1539777590939911,-7.324177801792352e-06
2023-12-29,sh.601668,25.37633086953991,0.17593591565946015,-8.544872612571107e-06
2023-12-29,sh.601669,25.37633086953991,0.11439950438277163,-8.657810608208055e-06
2023-12-29,sh.601688,25.37633086953991,0.09043108239032663,-1.1412147283229224e-05
2023-12-29,sh.601728,25.37633086953991,0.07372557916357383,-7.299386342880836e-06
2023-12-29,sh.601766,25.37633086953991,0.0831985387137299,-9.518313162628654e-06
2023-12-29,sh.601788,25.37633086953991,0.06420284269679924,-9.867383829332859e-06
2023-12-29,sh.601800,25.37633086953991,0.12427260485857236,-9.045083742572873e-06
2023-12-29,sh.601816,25.37633086953991,0.052008821555948326,5.838213282921907e-05
2023-12-29,sh.601818,25.37633086953991,0.19191470103224684,-7.033961499590658e-06
2023-12-29,sh.601857,25.37633086953991,0.10483361470991591,-8.25920051009162e-06
2023-12-29,sh.601878,25.37633086953991,0.06348831137496011,3.867940531710994e-06
2023-12-29,sh.601881,25.37633086953991,0.07403205404097836,-7.844149171661326e-06
2023-12-29,sh.601888,25.37633086953991,0.05421524792912778,-9.669631161347787e-06
2023-12-29,sh.601899,25.37633086953991,0.06903777166602348,-9.45572638479507e-06
2023-12-29,sh.601901,25.37633086953991,0.05569710634105343,-1.0964013814570892e-05
2023-12-29,sh.601919,25.37633086953991,0.2496980982959812,-1.3928552941306633e-05
2023-12-29,sh.601939,25.37633086953991,0.15621628924615782,-5.383882085641467e-06
2023-12-29,sh.601985,25.37633086953991,0.07779104100459841,-5.5093157417321416e-06
2023-12-29,sh.601988,25.37633086953991,0.14905150718043833,-5.229764195148358e-06
2023-12-29,sh.601989,25.37633086953991,0.03192863088241188,-3.351008889020573e-05
2023-12-29,sh.601995,25.37633086953991,0.05909712229769441,-7.259925124824037e-06
2023-12-29,sh.601998,25.37633086953991,0.18010909432292777,-1.5193265146941277e-05
2023-12-29,sh.603160,25.37633086953991,0.02636564586777259,3.441755128599512e-06
2023-12-29,sh.603259,25.37633086953991,0.06050545108090351,-6.397351491062798e-06
2023-12-29,sh.603288,25.37633086953991,0.05484332450728666,-9.412977767321167e-06
2023-12-29,sh.603501,25.37633086953991,0.03573791343885075,-2.5070546640005263e-05
2023-12-29,sh.603799,25.37633086953991,0.07894057804924262,-8.625982693433205e-06
2023-12-29,sh.603986,25.37633086953991,0.047060145133173005,-1.7033862366825828e-05
2023-12-29,sh.603993,25.37633086953991,0.05238850706061705,-1.2965138438711926e-05
2023-12-29,sh.688012,25.37633086953991,0.04831572400162609,-2.4123796718544517e-05
2023-12-29,sh.688041,25.37633086953991,0.043189050696045894,-6.361112980199471e-06
2023-12-29,sh.688111,25.37633086953991,0.0444955070825806,-6.83333428229204e-06
2023-12-29,sh.688256,25.37633086953991,0.026082302164951443,-1.0019305705709038e-05
2023-12-29,sh.688599,25.37633086953991,0.09263898042396673,-3.2261153345392274e-06
2023-12-29,sh.688981,25.37633086953991,0.05059747253801227,-2.2118839405966055e-05
