year_month,date,code,close,peTTM,return
2015-01,2015-01-30,sh.600028,6.03,10.685426,
2015-02,2015-02-27,sh.600028,6.32,11.463565,0.04809286898839149
2015-03,2015-03-31,sh.600028,6.41,16.362354,0.014240506329114
2015-04,2015-04-30,sh.600028,8.12,27.585673,0.2667706708268329
2015-05,2015-05-29,sh.600028,7.21,24.494175,-0.11206896551724133
2015-06,2015-06-30,sh.600028,7.06,23.984588,-0.020804438280166537
2015-07,2015-07-31,sh.600028,6.0,20.383502,-0.15014164305949007
2015-08,2015-08-31,sh.600028,4.95,14.824313,-0.17499999999999993
2015-09,2015-09-30,sh.600028,4.74,14.195402,-0.042424242424242364
2015-10,2015-10-30,sh.600028,5.03,27.544809,0.06118143459915615
2015-11,2015-11-30,sh.600028,4.91,26.887676,-0.02385685884691846
2015-12,2015-12-31,sh.600028,4.96,27.161482,0.010183299389002087
2016-01,2016-01-29,sh.600028,4.38,23.985341,-0.11693548387096775
2016-02,2016-02-29,sh.600028,4.35,23.821058,-0.006849315068493178
2016-03,2016-03-31,sh.600028,4.76,17.893593,0.09425287356321843
2016-04,2016-04-29,sh.600028,4.87,16.062789,0.02310924369747913
2016-05,2016-05-31,sh.600028,4.83,15.930856,-0.008213552361396315
2016-06,2016-06-30,sh.600028,4.72,15.568042,-0.022774327122153326
2016-07,2016-07-29,sh.600028,4.79,15.798924,0.014830508474576343
2016-08,2016-08-31,sh.600028,5.0,22.419764,0.04384133611691032
2016-09,2016-09-30,sh.600028,4.86,21.792011,-0.027999999999999914
2016-10,2016-10-31,sh.600028,5.01,17.096019,0.030864197530864113
2016-11,2016-11-30,sh.600028,5.12,17.471381,0.021956087824351433
2016-12,2016-12-30,sh.600028,5.41,18.460971,0.056640625
2017-01,2017-01-26,sh.600028,6.03,20.576646,0.1146025878003698
2017-02,2017-02-28,sh.600028,5.75,19.62118,-0.046434494195688236
2017-03,2017-03-31,sh.600028,5.74,14.972181,-0.0017391304347825765
2017-04,2017-04-28,sh.600028,5.78,12.30749,0.006968641114982521
2017-05,2017-05-31,sh.600028,6.27,13.350859,0.08477508650519017
2017-06,2017-06-30,sh.600028,5.93,12.626889,-0.054226475279106845
2017-07,2017-07-31,sh.600028,6.11,13.010167,0.030354131534570117
2017-08,2017-08-31,sh.600028,6.01,13.410704,-0.01636661211129309
2017-09,2017-09-29,sh.600028,5.9,13.16525,-0.01830282861896826
2017-10,2017-10-31,sh.600028,5.97,12.994537,0.011864406779660941
2017-11,2017-11-30,sh.600028,6.03,13.125135,0.01005025125628145
2017-12,2017-12-29,sh.600028,6.13,13.342799,0.016583747927031434
2018-01,2018-01-31,sh.600028,7.08,15.410606,0.15497553017944532
2018-02,2018-02-28,sh.600028,6.41,13.952258,-0.09463276836158196
2018-03,2018-03-30,sh.600028,6.48,15.347355,0.010920436817472678
2018-04,2018-04-27,sh.600028,6.91,15.709067,0.06635802469135799
2018-05,2018-05-31,sh.600028,7.05,16.02734,0.02026049204052094
2018-06,2018-06-29,sh.600028,6.49,14.754246,-0.07943262411347507
2018-07,2018-07-31,sh.600028,6.76,15.36806,0.04160246533127876
2018-08,2018-08-31,sh.600028,6.84,12.618695,0.01183431952662728
2018-09,2018-09-28,sh.600028,7.12,13.135249,0.040935672514619936
2018-10,2018-10-31,sh.600028,6.31,10.504625,-0.11376404494382031
2018-11,2018-11-30,sh.600028,5.9,9.822074,-0.06497622820919169
2018-12,2018-12-28,sh.600028,5.05,8.407029,-0.14406779661016955
2019-01,2019-01-31,sh.600028,5.73,11.120092,0.13465346534653477
2019-02,2019-02-28,sh.600028,6.01,11.663482,0.048865619546247796
2019-03,2019-03-29,sh.600028,5.74,11.015371,-0.04492512479201327
2019-04,2019-04-30,sh.600028,5.68,11.639492,-0.010452961672474004
2019-05,2019-05-31,sh.600028,5.43,11.12719,-0.04401408450704225
2019-06,2019-06-28,sh.600028,5.47,11.209159,0.007366482504604033
2019-07,2019-07-31,sh.600028,5.27,10.799317,-0.03656307129798908
2019-08,2019-08-30,sh.600028,4.98,11.41338,-0.05502846299810227
2019-09,2019-09-30,sh.600028,5.02,11.505054,0.008032128514056103
2019-10,2019-10-31,sh.600028,4.9,12.788293,-0.02390438247011939
2019-11,2019-11-29,sh.600028,4.99,13.02318,0.01836734693877551
2019-12,2019-12-31,sh.600028,5.11,13.336363,0.024048096192384794
2020-01,2020-01-23,sh.600028,4.94,12.892688,-0.03326810176125239
2020-02,2020-02-28,sh.600028,4.6,12.005337,-0.06882591093117418
2020-03,2020-03-31,sh.600028,4.43,9.313008,-0.036956521739130443
2020-04,2020-04-30,sh.600028,4.46,23.430426,0.006772009029345494
2020-05,2020-05-29,sh.600028,4.14,21.749319,-0.07174887892376691
2020-06,2020-06-30,sh.600028,3.91,20.541024,-0.05555555555555547
2020-07,2020-07-31,sh.600028,4.0,21.013835,0.023017902813299296
2020-08,2020-08-31,sh.600028,4.03,144.739536,0.007500000000000062
2020-09,2020-09-30,sh.600028,3.91,140.429674,-0.02977667493796532
2020-10,2020-10-30,sh.600028,3.9,12.485859,-0.002557544757033292
2020-11,2020-11-30,sh.600028,4.19,13.414294,0.07435897435897454
2020-12,2020-12-31,sh.600028,4.03,12.902054,-0.03818615751789978
2021-01,2021-01-29,sh.600028,3.95,12.645934,-0.01985111662531014
2021-02,2021-02-26,sh.600028,4.51,14.438775,0.14177215189873404
2021-03,2021-03-31,sh.600028,4.33,15.922681,-0.039911308203991025
2021-04,2021-04-30,sh.600028,4.28,7.327377,-0.011547344110854452
2021-05,2021-05-31,sh.600028,4.42,7.567058,0.032710280373831724
2021-06,2021-06-30,sh.600028,4.36,7.464337,-0.013574660633484115
2021-07,2021-07-30,sh.600028,3.99,6.830896,-0.08486238532110091
2021-08,2021-08-31,sh.600028,4.26,5.424634,0.06766917293233066
2021-09,2021-09-30,sh.600028,4.46,5.679312,0.04694835680751175
2021-10,2021-10-29,sh.600028,4.25,7.422432,-0.047085201793722
2021-11,2021-11-30,sh.600028,4.04,7.055676,-0.04941176470588238
2021-12,2021-12-31,sh.600028,4.23,7.387502,0.04702970297029707
2022-01,2022-01-28,sh.600028,4.19,7.317644,-0.009456264775413725
2022-02,2022-02-28,sh.600028,4.33,7.562148,0.03341288782816232
2022-03,2022-03-31,sh.600028,4.32,7.345068,-0.002309468822170868
2022-04,2022-04-29,sh.600028,4.34,6.945515,0.004629629629629539
2022-05,2022-05-31,sh.600028,4.46,7.137557,0.02764976958525356
2022-06,2022-06-30,sh.600028,4.08,6.529424,-0.08520179372197312
2022-07,2022-07-29,sh.600028,4.11,6.577435,0.007352941176470562
2022-08,2022-08-31,sh.600028,4.27,6.864432,0.038929440389294134
2022-09,2022-09-30,sh.600028,4.29,6.896583,0.004683840749414525
2022-10,2022-10-31,sh.600028,4.07,7.260401,-0.05128205128205121
2022-11,2022-11-30,sh.600028,4.53,8.080987,0.11302211302211296
2022-12,2022-12-30,sh.600028,4.36,7.70572,-0.03752759381898452
2023-01,2023-01-31,sh.600028,4.52,7.988499,0.0366972477064218
2023-02,2023-02-28,sh.600028,4.66,8.23593,0.030973451327433787
2023-03,2023-03-31,sh.600028,5.62,10.162858,0.20600858369098707
2023-04,2023-04-28,sh.600028,6.71,12.648653,0.19395017793594294
2023-05,2023-05-31,sh.600028,6.36,11.988887,-0.05216095380029806
2023-06,2023-06-30,sh.600028,6.36,11.988887,0.0
2023-07,2023-07-31,sh.600028,6.2,11.68728,-0.02515723270440251
2023-08,2023-08-31,sh.600028,6.07,12.658431,-0.020967741935483897
2023-09,2023-09-28,sh.600028,6.07,12.65498,0.0
2023-10,2023-10-31,sh.600028,5.46,10.551826,-0.10049423393739709
2023-11,2023-11-30,sh.600028,5.47,10.571152,0.001831501831501825
2023-12,2023-12-29,sh.600028,5.58,10.737449,0.02010968921389411
2024-01,2024-01-31,sh.600028,5.96,11.468674,0.06810035842293916
2024-02,2024-02-29,sh.600028,6.25,12.026713,0.04865771812080544
2024-03,2024-03-29,sh.600028,6.39,12.865994,0.022399999999999975
2024-04,2024-04-30,sh.600028,6.35,13.174618,-0.006259780907668211
2024-05,2024-05-31,sh.600028,6.45,13.382092,0.015748031496063186
2024-06,2024-06-28,sh.600028,6.32,13.112375,-0.020155038759689936
2024-07,2024-07-31,sh.600028,6.49,13.460672,0.02689873417721511
2024-08,2024-08-30,sh.600028,6.81,13.574249,0.04930662557781185
2024-09,2024-09-30,sh.600028,6.96,13.873242,0.022026431718061623
2024-10,2024-10-31,sh.600028,6.18,14.535113,-0.11206896551724144
2024-11,2024-11-29,sh.600028,6.36,14.94247,0.02912621359223322
2024-12,2024-12-31,sh.600028,6.68,15.657096,0.05031446540880502
2025-01,2025-01-27,sh.600028,6.08,14.25077,-0.08982035928143706
2025-02,2025-02-28,sh.600028,5.78,13.547607,-0.049342105263157854
2025-03,2025-03-31,sh.600028,5.73,13.812401,-0.00865051903114189
2025-04,2025-04-30,sh.600028,5.66,15.166559,-0.012216404886561949
2025-05,2025-05-30,sh.600028,5.78,15.488111,0.021201413427561766
2025-06,2025-06-30,sh.600028,5.64,15.108441,-0.02422145328719738
2025-07,2025-07-31,sh.600028,6.01,16.099597,0.06560283687943258
2025-08,2025-08-29,sh.600028,5.71,19.18129,-0.04991680532445919
2025-09,2025-09-30,sh.600028,5.29,17.760496,-0.0735551663747811
2025-10,2025-10-31,sh.600028,5.47,18.386728,0.03402646502835527
2025-11,2025-11-28,sh.600028,5.78,19.414429,0.05667276051188308
2025-12,2025-12-31,sh.600028,6.18,20.730088,0.0692041522491349
2015-01,2015-01-30,sh.600030,27.86,27.174065,
2015-02,2015-02-27,sh.600030,29.53,28.802949,0.059942569992821326
2015-03,2015-03-31,sh.600030,32.82,31.892807,0.11141212326447669
2015-04,2015-04-30,sh.600030,34.36,27.343554,0.046922608165752555
2015-05,2015-05-29,sh.600030,30.37,24.168327,-0.11612339930151339
2015-06,2015-06-30,sh.600030,26.91,23.553074,-0.11392821863681268
2015-07,2015-07-31,sh.600030,20.79,12.766227,-0.22742474916387967
2015-08,2015-08-31,sh.600030,15.07,9.254167,-0.2751322751322751
2015-09,2015-09-30,sh.600030,13.58,8.339189,-0.09887193098871927
2015-10,2015-10-30,sh.600030,15.87,9.175124,0.16863033873343136
2015-11,2015-11-30,sh.600030,17.63,10.192655,0.11090107120352877
2015-12,2015-12-31,sh.600030,19.35,11.18706,0.09756097560975618
2016-01,2016-01-29,sh.600030,14.5,8.862304,-0.2506459948320414
2016-02,2016-02-29,sh.600030,14.28,8.727841,-0.015172413793103523
2016-03,2016-03-31,sh.600030,17.8,10.893092,0.24649859943977592
2016-04,2016-04-29,sh.600030,16.44,10.060811,-0.07640449438202246
2016-05,2016-05-31,sh.600030,16.79,11.543472,0.021289537712895212
2016-06,2016-06-30,sh.600030,16.23,11.158461,-0.033353186420488345
2016-07,2016-07-29,sh.600030,16.22,15.538281,-0.0006161429451633227
2016-08,2016-08-31,sh.600030,16.9,16.288692,0.04192355117139335
2016-09,2016-09-30,sh.600030,16.12,15.536907,-0.04615384615384599
2016-10,2016-10-31,sh.600030,16.61,17.121699,0.030397022332506074
2016-11,2016-11-30,sh.600030,17.75,18.296818,0.06863335340156529
2016-12,2016-12-30,sh.600030,16.06,16.554755,-0.09521126760563392
2017-01,2017-01-26,sh.600030,16.48,16.987694,0.026151930261519407
2017-02,2017-02-28,sh.600030,16.55,17.05985,0.0042475728155340065
2017-03,2017-03-31,sh.600030,16.11,18.832631,-0.026586102719033278
2017-04,2017-04-28,sh.600030,16.23,18.972911,0.007448789571694592
2017-05,2017-05-31,sh.600030,16.44,18.068795,0.012939001848428777
2017-06,2017-06-30,sh.600030,17.02,18.706258,0.035279805352797844
2017-07,2017-07-31,sh.600030,17.35,20.918167,0.019388954171563055
2017-08,2017-08-31,sh.600030,18.23,21.98022,0.050720461095100866
2017-09,2017-09-29,sh.600030,18.19,21.931991,-0.0021941854086670043
2017-10,2017-10-31,sh.600030,17.32,20.274353,-0.04782847718526673
2017-11,2017-11-30,sh.600030,19.19,22.463328,0.10796766743648956
2017-12,2017-12-29,sh.600030,18.1,21.187401,-0.05680041688379367
2018-01,2018-01-31,sh.600030,21.29,22.508418,0.1762430939226518
2018-02,2018-02-28,sh.600030,18.11,19.146428,-0.14936589948332546
2018-03,2018-03-30,sh.600030,18.58,19.690978,0.025952512424074925
2018-04,2018-04-27,sh.600030,18.99,20.125493,0.022066738428417665
2018-05,2018-05-31,sh.600030,18.64,19.104625,-0.018430753027909308
2018-06,2018-06-29,sh.600030,16.57,16.983028,-0.11105150214592274
2018-07,2018-07-31,sh.600030,16.86,16.893674,0.017501508750754402
2018-08,2018-08-31,sh.600030,15.98,16.039569,-0.05219454329774609
2018-09,2018-09-28,sh.600030,16.69,16.752216,0.04443053817271592
2018-10,2018-10-31,sh.600030,17.16,19.215366,0.028160575194727366
2018-11,2018-11-30,sh.600030,16.87,18.890631,-0.0168997668997668
2018-12,2018-12-28,sh.600030,16.01,17.927623,-0.05097806757557788
2019-01,2019-01-31,sh.600030,18.26,23.552773,0.14053716427232987
2019-02,2019-02-28,sh.600030,23.51,30.324517,0.28751369112814884
2019-03,2019-03-29,sh.600030,24.78,31.976604,0.054019566142067266
2019-04,2019-04-30,sh.600030,23.04,25.477277,-0.07021791767554486
2019-05,2019-05-31,sh.600030,20.13,22.259444,-0.12630208333333337
2019-06,2019-06-28,sh.600030,23.81,26.328731,0.1828117237953304
2019-07,2019-07-31,sh.600030,23.23,27.405588,-0.02435951280974369
2019-08,2019-08-30,sh.600030,22.32,26.332986,-0.0391734825656479
2019-09,2019-09-30,sh.600030,22.48,26.521753,0.007168458781362075
2019-10,2019-10-31,sh.600030,21.7,20.872117,-0.034697508896797236
2019-11,2019-11-29,sh.600030,21.41,20.593181,-0.013364055299539102
2019-12,2019-12-31,sh.600030,25.3,24.334772,0.18169079869219984
2020-01,2020-01-23,sh.600030,23.9,23.567229,-0.055335968379446765
2020-02,2020-02-28,sh.600030,23.4,23.074191,-0.02092050209205021
2020-03,2020-03-31,sh.600030,22.16,23.425178,-0.052991452991452914
2020-04,2020-04-30,sh.600030,23.7,25.43175,0.069494584837545
2020-05,2020-05-29,sh.600030,22.27,23.89726,-0.060337552742615985
2020-06,2020-06-30,sh.600030,24.11,25.871708,0.082622361921868
2020-07,2020-07-31,sh.600030,29.96,26.329902,0.24263790958108666
2020-08,2020-08-31,sh.600030,31.8,27.947192,0.06141522029372504
2020-09,2020-09-30,sh.600030,30.03,26.39164,-0.0556603773584905
2020-10,2020-10-30,sh.600030,28.63,25.759604,-0.04662004662004671
2020-11,2020-11-30,sh.600030,30.3,27.262173,0.05833042263360122
2020-12,2020-12-31,sh.600030,29.4,26.452405,-0.02970297029702973
2021-01,2021-01-29,sh.600030,28.35,24.60053,-0.03571428571428559
2021-02,2021-02-26,sh.600030,27.25,23.646012,-0.03880070546737213
2021-03,2021-03-31,sh.600030,23.89,20.722988,-0.12330275229357801
2021-04,2021-04-30,sh.600030,23.85,19.279105,-0.001674340728338164
2021-05,2021-05-31,sh.600030,26.11,21.105972,0.0947589098532493
2021-06,2021-06-30,sh.600030,24.94,20.160205,-0.04481041746457293
2021-07,2021-07-30,sh.600030,22.59,16.067387,-0.09422614274258223
2021-08,2021-08-31,sh.600030,25.68,18.2652,0.13678618857901736
2021-09,2021-09-30,sh.600030,25.28,17.980695,-0.015576323987538832
2021-10,2021-10-29,sh.600030,25.88,16.822584,0.023734177215189778
2021-11,2021-11-30,sh.600030,23.77,15.451037,-0.08153013910355489
2021-12,2021-12-31,sh.600030,26.41,17.167096,0.11106436684896925
2022-01,2022-01-28,sh.600030,24.6,15.500171,-0.06853464596743652
2022-02,2022-02-28,sh.600030,23.33,14.699959,-0.05162601626016272
2022-03,2022-03-31,sh.600030,20.9,13.409284,-0.10415773681954565
2022-04,2022-04-29,sh.600030,19.69,12.597904,-0.05789473684210511
2022-05,2022-05-31,sh.600030,19.79,12.661886,0.005078720162518868
2022-06,2022-06-30,sh.600030,21.66,13.858335,0.09449216776149583
2022-07,2022-07-29,sh.600030,19.6,12.540321,-0.09510618651892888
2022-08,2022-08-31,sh.600030,19.52,13.091569,-0.004081632653061273
2022-09,2022-09-30,sh.600030,17.42,11.683152,-0.10758196721311464
2022-10,2022-10-31,sh.600030,17.21,11.582114,-0.012055109070034487
2022-11,2022-11-30,sh.600030,19.82,13.338611,0.15165601394538064
2022-12,2022-12-30,sh.600030,19.91,13.39918,0.004540867810292726
2023-01,2023-01-31,sh.600030,21.41,15.023337,0.07533902561526862
2023-02,2023-02-28,sh.600030,20.65,14.490047,-0.035497431106959465
2023-03,2023-03-31,sh.600030,20.48,14.238344,-0.008232445520581
2023-04,2023-04-28,sh.600030,21.02,14.485905,0.0263671875
2023-05,2023-05-31,sh.600030,20.05,13.817431,-0.04614652711703138
2023-06,2023-06-30,sh.600030,19.78,13.63136,-0.013466334164588534
2023-07,2023-07-31,sh.600030,24.1,16.608483,0.21840242669362997
2023-08,2023-08-31,sh.600030,22.2,15.355308,-0.07883817427385897
2023-09,2023-09-28,sh.600030,21.66,14.981801,-0.024324324324324298
2023-10,2023-10-31,sh.600030,21.71,15.203022,0.0023084025854109846
2023-11,2023-11-30,sh.600030,21.45,15.02095,-0.011976047904191711
2023-12,2023-12-29,sh.600030,20.37,14.26465,-0.05034965034965022
2024-01,2024-01-31,sh.600030,20.5,15.433364,0.006381934216985741
2024-02,2024-02-29,sh.600030,21.3,16.035642,0.039024390243902474
2024-03,2024-03-29,sh.600030,19.2,14.429341,-0.09859154929577474
2024-04,2024-04-30,sh.600030,19.01,14.626741,-0.009895833333333215
2024-05,2024-05-31,sh.600030,18.62,14.326666,-0.02051551814834296
2024-06,2024-06-28,sh.600030,18.23,14.026591,-0.020945220193340552
2024-07,2024-07-31,sh.600030,19.8,15.234585,0.086121777290181
2024-08,2024-08-30,sh.600030,19.29,15.059008,-0.025757575757575868
2024-09,2024-09-30,sh.600030,27.2,21.23406,0.41005702436495595
2024-10,2024-10-31,sh.600030,28.12,20.728384,0.03382352941176481
2024-11,2024-11-29,sh.600030,30.75,22.667063,0.09352773826458027
2024-12,2024-12-31,sh.600030,29.17,21.502381,-0.05138211382113811
2025-01,2025-01-27,sh.600030,26.93,18.389114,-0.07679122386013038
2025-02,2025-02-28,sh.600030,27.33,18.662253,0.014853323431117671
2025-03,2025-03-31,sh.600030,26.52,18.109399,-0.029637760702524663
2025-04,2025-04-30,sh.600030,25.08,15.959446,-0.05429864253393668
2025-05,2025-05-30,sh.600030,25.52,16.239436,0.01754385964912286
2025-06,2025-06-30,sh.600030,27.62,17.575753,0.08228840125391845
2025-07,2025-07-31,sh.600030,29.02,18.466631,0.05068790731354089
2025-08,2025-08-29,sh.600030,31.48,18.772406,0.08476912474155762
2025-09,2025-09-30,sh.600030,29.9,17.830208,-0.050190597204574416
2025-10,2025-10-31,sh.600030,29.38,15.515664,-0.017391304347826098
2025-11,2025-11-28,sh.600030,27.59,14.57036,-0.060925799863852936
2025-12,2025-12-31,sh.600030,28.71,15.161835,0.04059441826748822
2015-01,2015-01-30,sh.600031,8.14,40.825502,
2015-02,2015-02-27,sh.600031,8.52,42.731361,0.04668304668304657
2015-03,2015-03-31,sh.600031,10.13,50.806184,0.18896713615023497
2015-04,2015-04-30,sh.600031,10.38,-915.366762,0.024679170779861703
2015-05,2015-05-29,sh.600031,13.02,-1148.176806,0.2543352601156068
2015-06,2015-06-30,sh.600031,9.69,-854.518683,-0.25576036866359453
2015-07,2015-07-31,sh.600031,7.61,-671.092588,-0.21465428276573784
2015-08,2015-08-31,sh.600031,6.9,-161.465271,-0.09329829172141912
2015-09,2015-09-30,sh.600031,6.36,-148.828858,-0.07826086956521738
2015-10,2015-10-30,sh.600031,6.71,-157.019126,0.055031446540880546
2015-11,2015-11-30,sh.600031,6.42,-57.890148,-0.04321907600596131
2015-12,2015-12-31,sh.600031,6.58,-59.332894,0.024922118380062308
2016-01,2016-01-29,sh.600031,4.81,-43.372526,-0.26899696048632227
2016-02,2016-02-29,sh.600031,4.89,-44.093898,0.016632016632016633
2016-03,2016-03-31,sh.600031,5.69,-51.307624,0.16359918200409007
2016-04,2016-04-29,sh.600031,5.4,197.557601,-0.05096660808435849
2016-05,2016-05-31,sh.600031,5.09,186.216331,-0.05740740740740746
2016-06,2016-06-30,sh.600031,5.02,183.655399,-0.013752455795677854
2016-07,2016-07-29,sh.600031,5.21,190.6065,0.03784860557768943
2016-08,2016-08-31,sh.600031,5.29,4937.630018,0.015355086372360827
2016-09,2016-09-30,sh.600031,5.47,5105.64262,0.03402646502835527
2016-10,2016-10-31,sh.600031,5.88,114.87178,0.07495429616087756
2016-11,2016-11-30,sh.600031,6.5,126.984111,0.1054421768707483
2016-12,2016-12-30,sh.600031,6.1,119.169704,-0.06153846153846154
2017-01,2017-01-26,sh.600031,6.88,135.239323,0.12786885245901636
2017-02,2017-02-28,sh.600031,7.3,143.495212,0.06104651162790686
2017-03,2017-03-31,sh.600031,7.2,141.529628,-0.013698630136986245
2017-04,2017-04-28,sh.600031,7.03,62.672326,-0.023611111111111138
2017-05,2017-05-31,sh.600031,6.9,61.513378,-0.01849217638691325
2017-06,2017-06-30,sh.600031,8.13,72.478845,0.17826086956521747
2017-07,2017-07-31,sh.600031,8.51,75.86654,0.04674046740467386
2017-08,2017-08-31,sh.600031,7.83,48.832033,-0.0799059929494712
2017-09,2017-09-29,sh.600031,7.65,47.709458,-0.02298850574712641
2017-10,2017-10-31,sh.600031,8.2,34.220775,0.07189542483660127
2017-11,2017-11-30,sh.600031,9.01,37.654519,0.09878048780487814
2017-12,2017-12-29,sh.600031,9.07,37.967072,0.006659267480577213
2018-01,2018-01-31,sh.600031,9.19,38.65245,0.013230429988974501
2018-02,2018-02-28,sh.600031,8.28,34.825059,-0.09902067464635478
2018-03,2018-03-30,sh.600031,7.86,33.05857,-0.05072463768115931
2018-04,2018-04-27,sh.600031,8.72,23.608719,0.10941475826972025
2018-05,2018-05-31,sh.600031,8.09,21.903043,-0.07224770642201839
2018-06,2018-06-29,sh.600031,8.97,24.284186,0.10877626699629173
2018-07,2018-07-31,sh.600031,9.25,25.145395,0.03121516164994409
2018-08,2018-08-31,sh.600031,9.0,16.206154,-0.027027027027026973
2018-09,2018-09-28,sh.600031,8.88,15.990072,-0.013333333333333197
2018-10,2018-10-31,sh.600031,7.87,11.858484,-0.11373873873873885
2018-11,2018-11-30,sh.600031,8.03,12.099572,0.020330368487928796
2018-12,2018-12-28,sh.600031,8.34,12.573038,0.03860523038605246
2019-01,2019-01-31,sh.600031,9.12,13.752757,0.09352517985611497
2019-02,2019-02-28,sh.600031,10.39,15.670796,0.13925438596491246
2019-03,2019-03-29,sh.600031,12.78,20.692174,0.23002887391722804
2019-04,2019-04-30,sh.600031,12.25,13.091551,-0.04147104851330197
2019-05,2019-05-31,sh.600031,12.07,12.898444,-0.014693877551020362
2019-06,2019-06-28,sh.600031,13.08,13.977767,0.08367854183927093
2019-07,2019-07-31,sh.600031,14.12,15.08915,0.07951070336391441
2019-08,2019-08-30,sh.600031,13.47,11.898255,-0.04603399433427757
2019-09,2019-09-30,sh.600031,14.28,12.61374,0.060133630289532114
2019-10,2019-10-31,sh.600031,13.47,10.908988,-0.05672268907563016
2019-11,2019-11-29,sh.600031,14.48,11.735764,0.07498144023756503
2019-12,2019-12-31,sh.600031,17.05,13.824371,0.1774861878453038
2020-01,2020-01-23,sh.600031,16.03,12.997342,-0.059824046920821106
2020-02,2020-02-28,sh.600031,17.43,14.132481,0.0873362445414847
2020-03,2020-03-31,sh.600031,17.3,14.027075,-0.007458405048766492
2020-04,2020-04-30,sh.600031,19.65,16.28391,0.13583815028901713
2020-05,2020-05-29,sh.600031,18.33,15.190029,-0.06717557251908401
2020-06,2020-06-30,sh.600031,18.76,15.586448,0.023458810692853493
2020-07,2020-07-31,sh.600031,21.11,17.554844,0.12526652452025577
2020-08,2020-08-31,sh.600031,22.14,14.511988,0.0487920416864045
2020-09,2020-09-30,sh.600031,24.89,16.314516,0.12420957542908773
2020-10,2020-10-30,sh.600031,25.95,15.260153,0.04258738449176369
2020-11,2020-11-30,sh.600031,30.71,18.059318,0.18342967244701347
2020-12,2020-12-31,sh.600031,34.98,20.570333,0.13904265711494612
2021-01,2021-01-29,sh.600031,40.46,23.800737,0.15666094911377937
2021-02,2021-02-26,sh.600031,41.11,24.198937,0.01606524962926348
2021-03,2021-03-31,sh.600031,34.15,18.775314,-0.16930187302359523
2021-04,2021-04-30,sh.600031,30.88,13.997181,-0.09575402635431918
2021-05,2021-05-31,sh.600031,30.29,13.729748,-0.019106217616580268
2021-06,2021-06-30,sh.600031,29.07,13.176751,-0.04027731924727629
2021-07,2021-07-30,sh.600031,24.82,11.257786,-0.14619883040935677
2021-08,2021-08-31,sh.600031,26.23,13.173077,0.05680902497985496
2021-09,2021-09-30,sh.600031,25.44,12.77781,-0.030118185284025878
2021-10,2021-10-29,sh.600031,22.96,12.542822,-0.09748427672955973
2021-11,2021-11-30,sh.600031,21.9,11.963754,-0.0461672473867597
2021-12,2021-12-31,sh.600031,22.8,12.455415,0.04109589041095907
2022-01,2022-01-28,sh.600031,20.14,11.002746,-0.1166666666666667
2022-02,2022-02-28,sh.600031,19.61,10.7132,-0.026315789473684292
2022-03,2022-03-31,sh.600031,17.52,9.571406,-0.10657827638959716
2022-04,2022-04-29,sh.600031,16.5,17.333012,-0.05821917808219179
2022-05,2022-05-31,sh.600031,16.95,17.80573,0.027272727272727337
2022-06,2022-06-30,sh.600031,19.06,20.022255,0.1244837758112094
2022-07,2022-07-29,sh.600031,17.04,17.900274,-0.1059811122770199
2022-08,2022-08-31,sh.600031,15.75,29.119508,-0.07570422535211263
2022-09,2022-09-30,sh.600031,13.88,25.662144,-0.11873015873015869
2022-10,2022-10-31,sh.600031,13.5,37.427277,-0.02737752161383289
2022-11,2022-11-30,sh.600031,15.91,44.108739,0.17851851851851852
2022-12,2022-12-30,sh.600031,15.8,43.803776,-0.006913890634820841
2023-01,2023-01-31,sh.600031,17.52,48.572288,0.1088607594936708
2023-02,2023-02-28,sh.600031,18.73,51.886017,0.06906392694063923
2023-03,2023-03-31,sh.600031,17.09,47.342874,-0.0875600640683396
2023-04,2023-04-28,sh.600031,16.49,33.362577,-0.03510825043885324
2023-05,2023-05-31,sh.600031,14.68,29.700584,-0.10976349302607635
2023-06,2023-06-30,sh.600031,16.63,33.645825,0.13283378746594
2023-07,2023-07-31,sh.600031,17.75,35.91181,0.06734816596512339
2023-08,2023-08-31,sh.600031,15.49,26.089778,-0.12732394366197186
2023-09,2023-09-28,sh.600031,15.89,26.763497,0.0258231116849581
2023-10,2023-10-31,sh.600031,14.47,26.001153,-0.08936438011327874
2023-11,2023-11-30,sh.600031,13.65,24.525204,-0.05666897028334483
2023-12,2023-12-29,sh.600031,13.77,24.74081,0.00879120879120876
2024-01,2024-01-31,sh.600031,13.07,23.483107,-0.050835148874364466
2024-02,2024-02-29,sh.600031,13.94,25.046252,0.06656465187452176
2024-03,2024-03-29,sh.600031,14.58,26.196152,0.045911047345767564
2024-04,2024-04-30,sh.600031,16.31,30.144542,0.11865569272976662
2024-05,2024-05-31,sh.600031,16.18,29.904273,-0.00797057020232983
2024-06,2024-06-28,sh.600031,16.5,30.495704,0.01977750309023496
2024-07,2024-07-31,sh.600031,16.15,29.810969,-0.02121212121212135
2024-08,2024-08-30,sh.600031,16.12,29.12173,-0.0018575851393187737
2024-09,2024-09-30,sh.600031,18.88,34.107833,0.1712158808933002
2024-10,2024-10-31,sh.600031,18.25,29.033394,-0.033368644067796605
2024-11,2024-11-29,sh.600031,17.48,27.808423,-0.04219178082191777
2024-12,2024-12-31,sh.600031,16.48,26.217552,-0.05720823798627006
2025-01,2025-01-27,sh.600031,16.1,25.613021,-0.0230582524271844
2025-02,2025-02-28,sh.600031,18.2,28.95385,0.13043478260869557
2025-03,2025-03-31,sh.600031,19.07,30.337908,0.047802197802197854
2025-04,2025-04-30,sh.600031,18.89,23.314678,-0.009438909281594077
2025-05,2025-05-30,sh.600031,18.83,23.240624,-0.0031762837480149297
2025-06,2025-06-30,sh.600031,17.95,22.154498,-0.04673393520977154
2025-07,2025-07-31,sh.600031,19.94,24.610624,0.11086350974930381
2025-08,2025-08-29,sh.600031,21.03,23.391036,0.05466399197592775
2025-09,2025-09-30,sh.600031,23.24,25.849153,0.10508796956728461
2025-10,2025-10-31,sh.600031,22.14,24.457672,-0.047332185886402645
2025-11,2025-11-28,sh.600031,20.32,22.666582,-0.08220415537488712
2025-12,2025-12-31,sh.600031,21.13,23.570121,0.03986220472440949
2015-01,2015-01-30,sh.600036,14.34,6.230126,
2015-02,2015-02-27,sh.600036,14.7,6.630748,0.025104602510460206
2015-03,2015-03-31,sh.600036,15.57,7.02318,0.0591836734693878
2015-04,2015-04-30,sh.600036,18.22,7.897185,0.17019910083493883
2015-05,2015-05-29,sh.600036,18.07,7.832169,-0.008232711306256801
2015-06,2015-06-30,sh.600036,18.72,8.113902,0.03597122302158273
2015-07,2015-07-31,sh.600036,17.3,7.498425,-0.07585470085470081
2015-08,2015-08-31,sh.600036,17.05,7.359457,-0.014450867052023142
2015-09,2015-09-30,sh.600036,17.77,7.670238,0.04222873900293256
2015-10,2015-10-30,sh.600036,17.93,7.715662,0.009003939223410251
2015-11,2015-11-30,sh.600036,17.2,7.401528,-0.0407138873396542
2015-12,2015-12-31,sh.600036,17.99,7.741482,0.04593023255813944
2016-01,2016-01-29,sh.600036,14.99,6.450518,-0.1667593107281823
2016-02,2016-02-29,sh.600036,14.56,6.369377,-0.02868579052701803
2016-03,2016-03-31,sh.600036,16.09,7.033197,0.10508241758241743
2016-04,2016-04-29,sh.600036,17.75,7.609769,0.10316967060285887
2016-05,2016-05-31,sh.600036,18.0,7.716949,0.014084507042253502
2016-06,2016-06-30,sh.600036,17.5,7.502589,-0.02777777777777779
2016-07,2016-07-29,sh.600036,17.16,7.356824,-0.01942857142857146
2016-08,2016-08-31,sh.600036,18.63,7.837162,0.08566433566433562
2016-09,2016-09-30,sh.600036,18.0,7.572138,-0.033816425120772875
2016-10,2016-10-31,sh.600036,17.86,7.343351,-0.007777777777777772
2016-11,2016-11-30,sh.600036,18.55,7.627052,0.038633818589025815
2016-12,2016-12-30,sh.600036,17.6,7.236449,-0.05121293800539084
2017-01,2017-01-26,sh.600036,19.0,7.718578,0.07954545454545436
2017-02,2017-02-28,sh.600036,19.44,7.897324,0.023157894736842266
2017-03,2017-03-31,sh.600036,19.17,7.787639,-0.01388888888888884
2017-04,2017-04-28,sh.600036,19.13,7.572921,-0.0020865936358895887
2017-05,2017-05-31,sh.600036,22.42,8.875321,0.17198118139048635
2017-06,2017-06-30,sh.600036,23.91,9.465161,0.06645851917930412
2017-07,2017-07-31,sh.600036,25.57,9.75467,0.069427017984107
2017-08,2017-08-31,sh.600036,26.75,10.204826,0.046147829487680925
2017-09,2017-09-29,sh.600036,25.55,9.74704,-0.04485981308411213
2017-10,2017-10-31,sh.600036,27.1,9.942072,0.0606653620352251
2017-11,2017-11-30,sh.600036,28.99,10.635449,0.069741697416974
2017-12,2017-12-29,sh.600036,29.02,10.646455,0.0010348395998620585
2018-01,2018-01-31,sh.600036,33.94,12.201875,0.16953824948311502
2018-02,2018-02-28,sh.600036,30.3,10.893248,-0.10724808485562753
2018-03,2018-03-30,sh.600036,29.09,10.458237,-0.039933993399340006
2018-04,2018-04-27,sh.600036,29.33,10.54452,0.008250257820556772
2018-05,2018-05-31,sh.600036,28.78,9.963721,-0.018752130923968546
2018-06,2018-06-29,sh.600036,26.44,9.153606,-0.08130646282140375
2018-07,2018-07-31,sh.600036,28.39,9.464902,0.07375189107413016
2018-08,2018-08-31,sh.600036,28.29,9.431563,-0.0035223670306446797
2018-09,2018-09-28,sh.600036,30.69,10.231695,0.08483563096500535
2018-10,2018-10-31,sh.600036,28.91,9.261426,-0.05799934832192899
2018-11,2018-11-30,sh.600036,28.55,9.146098,-0.012452438602559623
2018-12,2018-12-28,sh.600036,25.2,8.072913,-0.11733800350262702
2019-01,2019-01-31,sh.600036,29.21,9.144385,0.15912698412698423
2019-02,2019-02-28,sh.600036,31.74,9.936419,0.0866141732283463
2019-03,2019-03-29,sh.600036,33.92,10.618882,0.06868304977945816
2019-04,2019-04-30,sh.600036,34.45,10.451888,0.015625
2019-05,2019-05-31,sh.600036,34.21,10.379074,-0.006966618287373105
2019-06,2019-06-28,sh.600036,35.98,10.91608,0.051739257527038784
2019-07,2019-07-31,sh.600036,36.56,10.669755,0.016120066703724456
2019-08,2019-08-30,sh.600036,34.28,10.004355,-0.06236323851203507
2019-09,2019-09-30,sh.600036,34.75,10.14152,0.013710618436405975
2019-10,2019-10-31,sh.600036,35.5,9.90173,0.021582733812949728
2019-11,2019-11-29,sh.600036,36.03,10.049559,0.014929577464788846
2019-12,2019-12-31,sh.600036,37.58,10.481888,0.043019705800721564
2020-01,2020-01-23,sh.600036,36.81,9.996474,-0.020489622139435726
2020-02,2020-02-28,sh.600036,34.2,9.287677,-0.07090464547677255
2020-03,2020-03-31,sh.600036,32.28,8.766264,-0.056140350877193046
2020-04,2020-04-30,sh.600036,35.09,9.274218,0.08705080545229249
2020-05,2020-05-29,sh.600036,33.82,8.938559,-0.036192647477914064
2020-06,2020-06-30,sh.600036,33.72,8.912129,-0.002956830277942135
2020-07,2020-07-31,sh.600036,34.8,9.197571,0.03202846975088969
2020-08,2020-08-31,sh.600036,37.69,10.327086,0.08304597701149419
2020-09,2020-09-30,sh.600036,36.0,9.864025,-0.04483947996816129
2020-10,2020-10-30,sh.600036,39.81,10.907968,0.10583333333333345
2020-11,2020-11-30,sh.600036,44.2,12.086144,0.11027380055262492
2020-12,2020-12-31,sh.600036,43.95,12.017784,-0.005656108597285048
2021-01,2021-01-29,sh.600036,51.1,13.23924,0.16268486916951086
2021-02,2021-02-26,sh.600036,51.1,13.23924,0.0
2021-03,2021-03-31,sh.600036,51.1,13.23924,0.0
2021-04,2021-04-30,sh.600036,52.7,13.086448,0.03131115459882583
2021-05,2021-05-31,sh.600036,58.19,14.449723,0.10417457305502831
2021-06,2021-06-30,sh.600036,54.19,13.456445,-0.06874033339061691
2021-07,2021-07-30,sh.600036,46.5,11.546866,-0.14190810112566887
2021-08,2021-08-31,sh.600036,48.96,11.358953,0.05290322580645168
2021-09,2021-09-30,sh.600036,50.45,11.70464,0.030433006535947715
2021-10,2021-10-29,sh.600036,53.97,11.902645,0.06977205153617438
2021-11,2021-11-30,sh.600036,49.49,10.914617,-0.08300907911802846
2021-12,2021-12-31,sh.600036,48.71,10.742595,-0.015760759749444353
2022-01,2022-01-28,sh.600036,49.21,10.348965,0.01026483268322731
2022-02,2022-02-28,sh.600036,49.8,10.473043,0.011989433042064457
2022-03,2022-03-31,sh.600036,46.8,9.842137,-0.06024096385542166
2022-04,2022-04-29,sh.600036,39.93,8.12585,-0.14679487179487172
2022-05,2022-05-31,sh.600036,39.69,8.077009,-0.006010518407212673
2022-06,2022-06-30,sh.600036,42.2,8.5878,0.0632401108591587
2022-07,2022-07-29,sh.600036,35.07,7.136828,-0.16895734597156398
2022-08,2022-08-31,sh.600036,35.05,6.89556,-0.0005702879954377904
2022-09,2022-09-30,sh.600036,33.65,6.620131,-0.0399429386590584
2022-10,2022-10-31,sh.600036,26.82,5.076945,-0.20297176820208018
2022-11,2022-11-30,sh.600036,34.96,6.617822,0.30350484712900827
2022-12,2022-12-30,sh.600036,37.26,7.053205,0.0657894736842104
2023-01,2023-01-31,sh.600036,41.21,7.530576,0.10601180891035966
2023-02,2023-02-28,sh.600036,37.31,6.817903,-0.09463722397476337
2023-03,2023-03-31,sh.600036,34.27,6.262384,-0.08147949611364247
2023-04,2023-04-28,sh.600036,33.6,6.017133,-0.019550627370878315
2023-05,2023-05-31,sh.600036,32.3,5.784327,-0.038690476190476275
2023-06,2023-06-30,sh.600036,32.76,5.866705,0.014241486068111486
2023-07,2023-07-31,sh.600036,35.56,6.368132,0.08547008547008561
2023-08,2023-08-31,sh.600036,31.55,5.51243,-0.11276715410573679
2023-09,2023-09-28,sh.600036,32.97,5.760533,0.04500792393026942
2023-10,2023-10-31,sh.600036,30.76,5.350824,-0.06703063390961472
2023-11,2023-11-30,sh.600036,28.79,5.008135,-0.06404421326397924
2023-12,2023-12-29,sh.600036,27.82,4.839399,-0.033692254254949594
2024-01,2024-01-31,sh.600036,30.71,5.283021,0.103882099209202
2024-02,2024-02-29,sh.600036,32.04,5.51182,0.04330836860957343
2024-03,2024-03-29,sh.600036,32.2,5.539345,0.004993757802746579
2024-04,2024-04-30,sh.600036,34.31,5.933166,0.06552795031055902
2024-05,2024-05-31,sh.600036,34.28,5.927978,-0.0008743806470417059
2024-06,2024-06-28,sh.600036,34.19,5.912414,-0.0026254375729288792
2024-07,2024-07-31,sh.600036,32.73,5.659939,-0.04270254460368528
2024-08,2024-08-30,sh.600036,32.15,5.569073,-0.017720745493431056
2024-09,2024-09-30,sh.600036,37.61,6.514863,0.1698289269051323
2024-10,2024-10-31,sh.600036,37.36,6.458117,-0.006647168306301521
2024-11,2024-11-29,sh.600036,36.34,6.281798,-0.027301927194860687
2024-12,2024-12-31,sh.600036,39.3,6.793469,0.08145294441386874
2025-01,2025-01-27,sh.600036,40.65,6.908685,0.03435114503816794
2025-02,2025-02-28,sh.600036,42.05,7.146623,0.03444034440344401
2025-03,2025-03-31,sh.600036,43.29,7.357367,0.02948870392390024
2025-04,2025-04-30,sh.600036,40.74,6.961087,-0.058905058905058816
2025-05,2025-05-30,sh.600036,43.43,7.420717,0.06602847324496808
2025-06,2025-06-30,sh.600036,45.95,7.8513,0.058024407091872066
2025-07,2025-07-31,sh.600036,44.48,7.600127,-0.03199129488574548
2025-08,2025-08-29,sh.600036,42.89,7.32845,-0.035746402877697814
2025-09,2025-09-30,sh.600036,40.41,6.859252,-0.057822336208906644
2025-10,2025-10-31,sh.600036,40.89,6.922046,0.011878247958426291
2025-11,2025-11-28,sh.600036,42.95,7.270772,0.05037906578625595
2025-12,2025-12-31,sh.600036,42.1,7.12688,-0.019790454016298087
2015-01,2015-01-30,sh.600050,4.52,23.027498,
2015-02,2015-02-27,sh.600050,5.65,28.784372,0.2500000000000002
2015-03,2015-03-31,sh.600050,5.47,29.119286,-0.031858407079646156
2015-04,2015-04-30,sh.600050,9.52,51.311258,0.740402193784278
2015-05,2015-05-29,sh.600050,8.58,46.24481,-0.09873949579831931
2015-06,2015-06-30,sh.600050,7.33,39.507513,-0.1456876456876457
2015-07,2015-07-31,sh.600050,6.19,33.363098,-0.155525238744884
2015-08,2015-08-31,sh.600050,6.55,34.165666,0.058158319870759145
2015-09,2015-09-30,sh.600050,6.01,31.348955,-0.08244274809160301
2015-10,2015-10-30,sh.600050,6.61,44.166102,0.0998336106489186
2015-11,2015-11-30,sh.600050,6.22,41.560235,-0.05900151285930422
2015-12,2015-12-31,sh.600050,6.18,41.292967,-0.006430868167202619
2016-01,2016-01-29,sh.600050,4.05,27.060925,-0.34466019417475724
2016-02,2016-02-29,sh.600050,4.02,26.860474,-0.007407407407407418
2016-03,2016-03-31,sh.600050,4.39,26.804154,0.09203980099502496
2016-04,2016-04-29,sh.600050,4.04,33.347108,-0.07972665148063773
2016-05,2016-05-31,sh.600050,4.0,33.016939,-0.00990099009900991
2016-06,2016-06-30,sh.600050,3.81,31.448634,-0.04749999999999999
2016-07,2016-07-29,sh.600050,4.26,35.16304,0.11811023622047245
2016-08,2016-08-31,sh.600050,4.28,56.218833,0.0046948356807512415
2016-09,2016-09-30,sh.600050,4.15,54.511251,-0.030373831775700855
2016-10,2016-10-31,sh.600050,5.13,85.635824,0.23614457831325297
2016-11,2016-11-30,sh.600050,6.66,111.176333,0.29824561403508776
2016-12,2016-12-30,sh.600050,7.31,122.026876,0.09759759759759756
2017-01,2017-01-26,sh.600050,6.54,109.173155,-0.10533515731874143
2017-02,2017-02-28,sh.600050,7.03,117.352796,0.07492354740061158
2017-03,2017-03-31,sh.600050,7.47,1027.677872,0.06258890469416767
2017-04,2017-04-28,sh.600050,7.47,560.139886,0.0
2017-05,2017-05-31,sh.600050,7.47,560.139886,0.0
2017-06,2017-06-30,sh.600050,7.47,560.139886,0.0
2017-07,2017-07-31,sh.600050,7.47,560.139886,0.0
2017-08,2017-08-31,sh.600050,8.04,350.655935,0.07630522088353398
2017-09,2017-09-29,sh.600050,7.42,323.615304,-0.07711442786069644
2017-10,2017-10-31,sh.600050,7.64,236.36329,0.029649595687331498
2017-11,2017-11-30,sh.600050,6.96,215.325719,-0.08900523560209417
2017-12,2017-12-29,sh.600050,6.33,195.835029,-0.09051724137931028
2018-01,2018-01-31,sh.600050,6.98,215.944471,0.10268562401263837
2018-02,2018-02-28,sh.600050,6.42,198.619414,-0.08022922636103158
2018-03,2018-03-30,sh.600050,5.77,409.656183,-0.10124610591900318
2018-04,2018-04-27,sh.600050,5.71,121.879427,-0.010398613518197486
2018-05,2018-05-31,sh.600050,5.43,115.902853,-0.049036777583187474
2018-06,2018-06-29,sh.600050,4.92,105.016949,-0.09392265193370164
2018-07,2018-07-31,sh.600050,5.21,111.206973,0.05894308943089421
2018-08,2018-08-31,sh.600050,5.61,78.035734,0.07677543186180436
2018-09,2018-09-28,sh.600050,5.57,77.47933,-0.007130124777183555
2018-10,2018-10-31,sh.600050,5.42,65.08329,-0.026929982046678735
2018-11,2018-11-30,sh.600050,5.28,63.402172,-0.02583025830258301
2018-12,2018-12-28,sh.600050,5.17,62.081293,-0.02083333333333337
2019-01,2019-01-31,sh.600050,5.31,63.762412,0.027079303675048294
2019-02,2019-02-28,sh.600050,6.43,77.211357,0.21092278719397362
2019-03,2019-03-29,sh.600050,6.79,51.649096,0.055987558320373276
2019-04,2019-04-30,sh.600050,6.67,47.015903,-0.0176730486008837
2019-05,2019-05-31,sh.600050,5.93,41.799746,-0.11094452773613195
2019-06,2019-06-28,sh.600050,6.16,43.420984,0.038785834738617186
2019-07,2019-07-31,sh.600050,5.93,41.799746,-0.03733766233766245
2019-08,2019-08-30,sh.600050,5.85,40.232591,-0.013490725126475533
2019-09,2019-09-30,sh.600050,6.01,41.323299,0.027350427350427475
2019-10,2019-10-31,sh.600050,6.14,38.675241,0.021630615640598982
2019-11,2019-11-29,sh.600050,5.71,35.966714,-0.0700325732899022
2019-12,2019-12-31,sh.600050,5.89,37.100516,0.031523642732048884
2020-01,2020-01-23,sh.600050,5.65,35.58878,-0.04074702886247872
2020-02,2020-02-28,sh.600050,5.48,34.508849,-0.030088495575221197
2020-03,2020-03-31,sh.600050,5.22,32.507111,-0.04744525547445266
2020-04,2020-04-30,sh.600050,5.22,34.075062,0.0
2020-05,2020-05-29,sh.600050,4.96,32.377836,-0.04980842911877392
2020-06,2020-06-30,sh.600050,4.84,31.594502,-0.024193548387096753
2020-07,2020-07-31,sh.600050,5.08,33.161171,0.04958677685950419
2020-08,2020-08-31,sh.600050,5.19,30.322138,0.021653543307086576
2020-09,2020-09-30,sh.600050,4.85,28.326664,-0.06551059730250497
2020-10,2020-10-30,sh.600050,4.77,27.146849,-0.016494845360824795
2020-11,2020-11-30,sh.600050,4.9,27.8867,0.027253668763102867
2020-12,2020-12-31,sh.600050,4.46,25.382589,-0.08979591836734702
2021-01,2021-01-29,sh.600050,4.19,23.843097,-0.060538116591928204
2021-02,2021-02-26,sh.600050,4.33,24.639764,0.03341288782816232
2021-03,2021-03-31,sh.600050,4.27,23.983543,-0.013856812933025542
2021-04,2021-04-30,sh.600050,4.25,22.654849,-0.004683840749414414
2021-05,2021-05-31,sh.600050,4.35,23.187904,0.0235294117647058
2021-06,2021-06-30,sh.600050,4.32,23.027988,-0.006896551724137834
2021-07,2021-07-30,sh.600050,4.12,21.961877,-0.04629629629629628
2021-08,2021-08-31,sh.600050,4.19,20.9229,0.016990291262136026
2021-09,2021-09-30,sh.600050,4.11,20.509877,-0.019093078758949944
2021-10,2021-10-29,sh.600050,4.08,19.715744,-0.007299270072992803
2021-11,2021-11-30,sh.600050,3.88,18.749286,-0.0490196078431373
2021-12,2021-12-31,sh.600050,3.93,18.990901,0.012886597938144506
2022-01,2022-01-28,sh.600050,3.71,17.927797,-0.055979643765903364
2022-02,2022-02-28,sh.600050,3.82,18.459349,0.029649595687331498
2022-03,2022-03-31,sh.600050,3.57,17.54472,-0.06544502617801051
2022-04,2022-04-29,sh.600050,3.52,16.416892,-0.014005602240896309
2022-05,2022-05-31,sh.600050,3.48,16.230337,-0.011363636363636354
2022-06,2022-06-30,sh.600050,3.46,16.137059,-0.005747126436781658
2022-07,2022-07-29,sh.600050,3.44,16.043781,-0.005780346820809301
2022-08,2022-08-31,sh.600050,3.55,15.573816,0.03197674418604657
2022-09,2022-09-30,sh.600050,3.35,14.696418,-0.05633802816901401
2022-10,2022-10-31,sh.600050,3.36,13.944316,0.0029850746268655914
2022-11,2022-11-30,sh.600050,4.41,18.7974,0.3125
2022-12,2022-12-30,sh.600050,4.48,19.095771,0.01587301587301604
2023-01,2023-01-31,sh.600050,5.23,22.292608,0.1674107142857142
2023-02,2023-02-28,sh.600050,5.28,22.50573,0.009560229445506607
2023-03,2023-03-31,sh.600050,5.42,23.615356,0.02651515151515138
2023-04,2023-04-28,sh.600050,5.44,22.963747,0.0036900369003691758
2023-05,2023-05-31,sh.600050,4.92,20.768683,-0.09558823529411775
2023-06,2023-06-30,sh.600050,4.8,20.26213,-0.024390243902439046
2023-07,2023-07-31,sh.600050,5.16,21.78179,0.07500000000000018
2023-08,2023-08-31,sh.600050,5.21,20.824157,0.009689922480620172
2023-09,2023-09-28,sh.600050,4.91,19.625069,-0.0575815738963531
2023-10,2023-10-31,sh.600050,4.46,17.63099,-0.09164969450101834
2023-11,2023-11-30,sh.600050,4.39,17.354271,-0.015695067264574036
2023-12,2023-12-29,sh.600050,4.38,17.314739,-0.002277904328018221
2024-01,2024-01-31,sh.600050,4.52,17.868178,0.031963470319634535
2024-02,2024-02-29,sh.600050,4.8,18.975057,0.06194690265486735
2024-03,2024-03-29,sh.600050,4.67,18.171362,-0.027083333333333348
2024-04,2024-04-30,sh.600050,4.69,17.854385,0.004282655246252709
2024-05,2024-05-31,sh.600050,4.57,17.397556,-0.02558635394456288
2024-06,2024-06-28,sh.600050,4.7,17.892454,0.02844638949671774
2024-07,2024-07-31,sh.600050,4.7,17.892454,0.0
2024-08,2024-08-30,sh.600050,4.64,16.829056,-0.01276595744680864
2024-09,2024-09-30,sh.600050,5.35,19.404192,0.15301724137931028
2024-10,2024-10-31,sh.600050,4.99,17.763549,-0.06728971962616814
2024-11,2024-11-29,sh.600050,5.15,18.333122,0.03206412825651306
2024-12,2024-12-31,sh.600050,5.31,18.902694,0.031067961165048397
2025-01,2025-01-27,sh.600050,4.89,17.407566,-0.07909604519774005
2025-02,2025-02-28,sh.600050,6.25,22.248934,0.278118609406953
2025-03,2025-03-31,sh.600050,5.56,19.250515,-0.11040000000000005
2025-04,2025-04-30,sh.600050,5.32,18.100558,-0.04316546762589912
2025-05,2025-05-30,sh.600050,5.36,18.236652,0.007518796992481258
2025-06,2025-06-30,sh.600050,5.34,18.168605,-0.003731343283582156
2025-07,2025-07-31,sh.600050,5.36,18.236652,0.0037453183520599342
2025-08,2025-08-29,sh.600050,5.7,19.081371,0.06343283582089554
2025-09,2025-09-30,sh.600050,5.5,18.411849,-0.03508771929824561
2025-10,2025-10-31,sh.600050,5.42,17.905855,-0.014545454545454528
2025-11,2025-11-28,sh.600050,5.4,17.839782,-0.0036900369003689537
2025-12,2025-12-31,sh.600050,5.11,16.88172,-0.0537037037037037
2015-01,2015-01-30,sh.600104,22.65,9.176,
2015-02,2015-02-27,sh.600104,24.36,9.868758,0.07549668874172188
2015-03,2015-03-31,sh.600104,24.86,10.071319,0.020525451559934238
2015-04,2015-04-30,sh.600104,27.0,10.459592,0.0860820595333871
2015-05,2015-05-29,sh.600104,23.98,9.289667,-0.11185185185185187
2015-06,2015-06-30,sh.600104,22.6,8.755066,-0.057547956630525365
2015-07,2015-07-31,sh.600104,19.26,7.461175,-0.147787610619469
2015-08,2015-08-31,sh.600104,17.3,6.677288,-0.1017653167185878
2015-09,2015-09-30,sh.600104,16.8,6.484303,-0.028901734104046284
2015-10,2015-10-30,sh.600104,17.77,6.796764,0.057738095238095255
2015-11,2015-11-30,sh.600104,19.13,7.316944,0.07653348339898702
2015-12,2015-12-31,sh.600104,21.22,8.116338,0.10925248301097756
2016-01,2016-01-29,sh.600104,18.62,7.121876,-0.12252591894439202
2016-02,2016-02-29,sh.600104,18.33,7.010956,-0.015574650912996924
2016-03,2016-03-31,sh.600104,20.06,7.672655,0.09438079650845621
2016-04,2016-04-29,sh.600104,20.34,7.527073,0.013958125623130702
2016-05,2016-05-31,sh.600104,20.29,7.392465,-0.002458210422812246
2016-06,2016-06-30,sh.600104,20.29,7.392465,0.0
2016-07,2016-07-29,sh.600104,23.23,8.463625,0.14489896500739285
2016-08,2016-08-31,sh.600104,22.08,7.932918,-0.04950495049504955
2016-09,2016-09-30,sh.600104,21.85,7.850283,-0.010416666666666519
2016-10,2016-10-31,sh.600104,23.68,8.256099,0.08375286041189933
2016-11,2016-11-30,sh.600104,25.25,8.803484,0.06630067567567566
2016-12,2016-12-30,sh.600104,23.45,8.175909,-0.07128712871287135
2017-01,2017-01-26,sh.600104,25.36,9.369427,0.08144989339019193
2017-02,2017-02-28,sh.600104,25.78,9.524599,0.016561514195583715
2017-03,2017-03-31,sh.600104,25.38,9.376816,-0.015515903801396558
2017-04,2017-04-28,sh.600104,27.25,9.946521,0.07368006304176511
2017-05,2017-05-31,sh.600104,30.07,10.865091,0.10348623853211003
2017-06,2017-06-30,sh.600104,31.05,11.219191,0.032590621882274684
2017-07,2017-07-31,sh.600104,30.14,10.890384,-0.029307568438003195
2017-08,2017-08-31,sh.600104,29.73,10.555633,-0.01360318513603187
2017-09,2017-09-29,sh.600104,30.19,10.718956,0.015472586612848893
2017-10,2017-10-31,sh.600104,31.49,10.964274,0.04306061609804557
2017-11,2017-11-30,sh.600104,30.88,10.751883,-0.01937122896157506
2017-12,2017-12-29,sh.600104,32.04,11.155775,0.03756476683937815
2018-01,2018-01-31,sh.600104,34.39,11.974004,0.07334581772784032
2018-02,2018-02-28,sh.600104,33.64,11.712867,-0.021808665309683062
2018-03,2018-03-30,sh.600104,34.01,11.547533,0.010998810939357728
2018-04,2018-04-27,sh.600104,31.93,10.841303,-0.06115848279917668
2018-05,2018-05-31,sh.600104,36.25,11.811849,0.13529595991230825
2018-06,2018-06-29,sh.600104,34.99,11.401286,-0.03475862068965507
2018-07,2018-07-31,sh.600104,31.88,10.38791,-0.08888253786796241
2018-08,2018-08-31,sh.600104,29.15,9.097959,-0.08563362609786707
2018-09,2018-09-28,sh.600104,33.28,10.386966,0.14168096054888513
2018-10,2018-10-31,sh.600104,27.11,8.458979,-0.1853966346153847
2018-11,2018-11-30,sh.600104,24.85,7.753804,-0.08336407229804488
2018-12,2018-12-28,sh.600104,26.67,8.321688,0.07323943661971821
2019-01,2019-01-31,sh.600104,26.6,8.299847,-0.002624671916010457
2019-02,2019-02-28,sh.600104,28.32,8.836529,0.0646616541353382
2019-03,2019-03-29,sh.600104,26.07,8.134474,-0.07944915254237284
2019-04,2019-04-30,sh.600104,27.38,9.257945,0.05024932873034138
2019-05,2019-05-31,sh.600104,23.95,8.098166,-0.12527392257121983
2019-06,2019-06-28,sh.600104,25.5,8.622264,0.06471816283924836
2019-07,2019-07-31,sh.600104,24.84,8.3991,-0.025882352941176467
2019-08,2019-08-30,sh.600104,25.08,9.516246,0.009661835748792313
2019-09,2019-09-30,sh.600104,23.78,9.022979,-0.05183413078149912
2019-10,2019-10-31,sh.600104,23.5,9.425568,-0.011774600504625754
2019-11,2019-11-29,sh.600104,23.25,9.325296,-0.010638297872340385
2019-12,2019-12-31,sh.600104,23.85,9.565949,0.02580645161290329
2020-01,2020-01-23,sh.600104,22.61,9.068599,-0.05199161425576526
2020-02,2020-02-28,sh.600104,22.21,8.908164,-0.01769128704113221
2020-03,2020-03-31,sh.600104,20.5,8.222304,-0.07699234579018466
2020-04,2020-04-30,sh.600104,18.9,11.953266,-0.07804878048780495
2020-05,2020-05-29,sh.600104,17.92,11.333467,-0.051851851851851705
2020-06,2020-06-30,sh.600104,16.99,10.745291,-0.05189732142857162
2020-07,2020-07-31,sh.600104,18.18,11.497904,0.07004120070629782
2020-08,2020-08-31,sh.600104,18.66,10.774971,0.0264026402640265
2020-09,2020-09-30,sh.600104,19.13,11.046367,0.02518756698821001
2020-10,2020-10-30,sh.600104,23.15,13.367663,0.21014113957135394
2020-11,2020-11-30,sh.600104,26.51,15.30785,0.14514038876889868
2020-12,2020-12-31,sh.600104,24.44,14.112556,-0.0780837419841569
2021-01,2021-01-29,sh.600104,21.94,11.945578,-0.10229132569558097
2021-02,2021-02-26,sh.600104,21.25,11.569896,-0.031449407474931634
2021-03,2021-03-31,sh.600104,19.67,11.248263,-0.07435294117647051
2021-04,2021-04-30,sh.600104,20.06,8.960235,0.0198271479410268
2021-05,2021-05-31,sh.600104,20.28,9.058503,0.010967098703888567
2021-06,2021-06-30,sh.600104,21.97,9.813378,0.08333333333333326
2021-07,2021-07-30,sh.600104,18.34,8.19196,-0.16522530723714157
2021-08,2021-08-31,sh.600104,19.32,8.904134,0.05343511450381677
2021-09,2021-09-30,sh.600104,19.08,8.793523,-0.01242236024844734
2021-10,2021-10-29,sh.600104,20.28,9.346575,0.0628930817610065
2021-11,2021-11-30,sh.600104,19.95,9.658332,-0.016272189349112565
2021-12,2021-12-31,sh.600104,20.63,9.987539,0.034085213032581496
2022-01,2022-01-28,sh.600104,18.66,9.033808,-0.09549200193892382
2022-02,2022-02-28,sh.600104,18.11,8.767539,-0.029474812433011865
2022-03,2022-03-31,sh.600104,17.0,8.230158,-0.06129210381004968
2022-04,2022-04-29,sh.600104,15.95,7.721825,-0.061764705882352944
2022-05,2022-05-31,sh.600104,17.19,8.656024,0.07774294670846404
2022-06,2022-06-30,sh.600104,17.81,8.968225,0.03606748109365898
2022-07,2022-07-29,sh.600104,16.19,8.152474,-0.09096013475575504
2022-08,2022-08-31,sh.600104,15.47,9.969858,-0.044471896232242125
2022-09,2022-09-30,sh.600104,14.3,9.215835,-0.07563025210084029
2022-10,2022-10-31,sh.600104,13.75,9.543919,-0.03846153846153855
2022-11,2022-11-30,sh.600104,15.18,10.536487,0.10399999999999987
2022-12,2022-12-30,sh.600104,14.41,10.002027,-0.050724637681159424
2023-01,2023-01-31,sh.600104,15.02,10.42543,0.0423317140874393
2023-02,2023-02-28,sh.600104,15.03,10.432371,0.0006657789613848664
2023-03,2023-03-31,sh.600104,14.36,9.967322,-0.044577511643379863
2023-04,2023-04-28,sh.600104,14.12,9.800737,-0.01671309192200554
2023-05,2023-05-31,sh.600104,13.42,11.714347,-0.049575070821529676
2023-06,2023-06-30,sh.600104,14.17,12.369024,0.05588673621460516
2023-07,2023-07-31,sh.600104,15.49,13.521255,0.0931545518701482
2023-08,2023-08-31,sh.600104,14.36,10.297349,-0.07295029051000645
2023-09,2023-09-28,sh.600104,14.8,10.612867,0.03064066852367686
2023-10,2023-10-31,sh.600104,14.52,11.404143,-0.018918918918918948
2023-11,2023-11-30,sh.600104,14.88,11.68689,0.024793388429752206
2023-12,2023-12-29,sh.600104,13.53,10.626588,-0.09072580645161299
2024-01,2024-01-31,sh.600104,13.67,10.637149,0.010347376201034875
2024-02,2024-02-29,sh.600104,14.96,11.640948,0.09436722750548654
2024-03,2024-03-29,sh.600104,15.07,11.726543,0.007352941176470562
2024-04,2024-04-30,sh.600104,14.86,12.253728,-0.013934970139349745
2024-05,2024-05-31,sh.600104,14.07,11.602285,-0.05316285329744275
2024-06,2024-06-28,sh.600104,13.86,11.429117,-0.014925373134328401
2024-07,2024-07-31,sh.600104,14.68,12.105298,0.059163059163059195
2024-08,2024-08-30,sh.600104,12.56,10.651862,-0.1444141689373296
2024-09,2024-09-30,sh.600104,14.63,12.407384,0.16480891719745228
2024-10,2024-10-31,sh.600104,12.87,15.507867,-0.12030075187969935
2024-11,2024-11-29,sh.600104,17.58,21.18324,0.3659673659673659
2024-12,2024-12-31,sh.600104,20.76,25.015021,0.18088737201365213
2025-01,2025-01-27,sh.600104,17.16,20.677156,-0.17341040462427748
2025-02,2025-02-28,sh.600104,16.45,19.821633,-0.04137529137529139
2025-03,2025-03-31,sh.600104,15.79,19.026357,-0.040121580547112456
2025-04,2025-04-30,sh.600104,16.24,95.14339,0.02849905003166553
2025-05,2025-05-30,sh.600104,16.21,94.967632,-0.001847290640393906
2025-06,2025-06-30,sh.600104,16.05,94.030259,-0.009870450339296788
2025-07,2025-07-31,sh.600104,17.18,100.650458,0.07040498442367604
2025-08,2025-08-29,sh.600104,18.79,204.513406,0.09371362048894061
2025-09,2025-09-30,sh.600104,17.12,186.336855,-0.0888770622671633
2025-10,2025-10-31,sh.600104,16.63,66.84576,-0.028621495327102897
2025-11,2025-11-28,sh.600104,14.97,60.173243,-0.09981960312687899
2025-12,2025-12-31,sh.600104,15.22,61.17814,0.016700066800267255
2015-01,2015-01-30,sh.600111,26.35,72.414643,
2015-02,2015-02-27,sh.600111,25.69,70.600842,-0.025047438330170757
2015-03,2015-03-31,sh.600111,27.18,74.695636,0.057999221486959796
2015-04,2015-04-30,sh.600111,32.31,120.500224,0.18874172185430482
2015-05,2015-05-29,sh.600111,22.81,127.604926,-0.29402661714639444
2015-06,2015-06-30,sh.600111,18.14,101.479762,-0.20473476545374825
2015-07,2015-07-31,sh.600111,14.17,79.270575,-0.2188533627342889
2015-08,2015-08-31,sh.600111,13.28,74.51195,-0.06280875088214544
2015-09,2015-09-30,sh.600111,12.65,70.977121,-0.0474397590361445
2015-10,2015-10-30,sh.600111,14.62,96.981647,0.15573122529644268
2015-11,2015-11-30,sh.600111,13.88,92.072863,-0.05061559507523927
2015-12,2015-12-31,sh.600111,14.02,93.001552,0.010086455331411948
2016-01,2016-01-29,sh.600111,11.46,76.019813,-0.1825962910128387
2016-02,2016-02-29,sh.600111,11.13,73.830761,-0.028795811518324665
2016-03,2016-03-31,sh.600111,12.68,84.112673,0.13926325247079951
2016-04,2016-04-29,sh.600111,13.43,190.153439,0.059148264984227206
2016-05,2016-05-31,sh.600111,15.04,212.949197,0.11988086373790008
2016-06,2016-06-30,sh.600111,13.31,188.454376,-0.11502659574468077
2016-07,2016-07-29,sh.600111,13.54,191.710913,0.01728024042073617
2016-08,2016-08-31,sh.600111,13.36,503.996628,-0.013293943870014702
2016-09,2016-09-30,sh.600111,12.36,466.27233,-0.07485029940119758
2016-10,2016-10-31,sh.600111,12.56,779.550286,0.016181229773462924
2016-11,2016-11-30,sh.600111,12.99,806.238711,0.03423566878980888
2016-12,2016-12-30,sh.600111,12.27,761.551115,-0.05542725173210161
2017-01,2017-01-26,sh.600111,12.5,775.82632,0.018744906275468765
2017-02,2017-02-28,sh.600111,12.88,799.41144,0.030399999999999983
2017-03,2017-03-31,sh.600111,12.11,751.620538,-0.05978260869565233
2017-04,2017-04-28,sh.600111,11.39,260.846481,-0.05945499587118075
2017-05,2017-05-31,sh.600111,10.96,250.998897,-0.037752414398595224
2017-06,2017-06-30,sh.600111,11.33,259.4724,0.033759124087591186
2017-07,2017-07-31,sh.600111,18.61,426.194295,0.6425419240953221
2017-08,2017-08-31,sh.600111,18.09,383.116741,-0.027941966684578157
2017-09,2017-09-29,sh.600111,16.13,341.607133,-0.10834715312327259
2017-10,2017-10-31,sh.600111,14.52,130.055359,-0.09981401115933042
2017-11,2017-11-30,sh.600111,14.19,127.099555,-0.022727272727272707
2017-12,2017-12-29,sh.600111,14.59,130.682348,0.028188865398167673
2018-01,2018-01-31,sh.600111,13.44,120.38182,-0.07882111034955452
2018-02,2018-02-28,sh.600111,13.09,117.246877,-0.02604166666666663
2018-03,2018-03-30,sh.600111,13.01,116.530318,-0.006111535523300238
2018-04,2018-04-27,sh.600111,12.55,113.608051,-0.035357417371252864
2018-05,2018-05-31,sh.600111,12.09,100.767423,-0.03665338645418337
2018-06,2018-06-29,sh.600111,11.38,94.849733,-0.058726220016542485
2018-07,2018-07-31,sh.600111,11.11,92.599344,-0.023725834797891143
2018-08,2018-08-31,sh.600111,10.24,73.361637,-0.07830783078307824
2018-09,2018-09-28,sh.600111,10.23,73.289995,-0.0009765625
2018-10,2018-10-31,sh.600111,10.5,88.382578,0.02639296187683282
2018-11,2018-11-30,sh.600111,9.73,81.901189,-0.07333333333333325
2018-12,2018-12-28,sh.600111,8.77,73.820496,-0.09866392600205554
2019-01,2019-01-31,sh.600111,8.55,71.968671,-0.025085518814139007
2019-02,2019-02-28,sh.600111,10.66,89.72936,0.2467836257309941
2019-03,2019-03-29,sh.600111,11.15,93.85388,0.045966228893058236
2019-04,2019-04-30,sh.600111,10.27,62.779672,-0.07892376681614355
2019-05,2019-05-31,sh.600111,13.13,80.262618,0.278481012658228
2019-06,2019-06-28,sh.600111,12.84,78.489872,-0.022086824067022115
2019-07,2019-07-31,sh.600111,11.24,68.709203,-0.12461059190031154
2019-08,2019-08-30,sh.600111,11.62,66.788949,0.0338078291814945
2019-09,2019-09-30,sh.600111,10.87,62.478131,-0.06454388984509463
2019-10,2019-10-31,sh.600111,10.05,54.858482,-0.07543698252069908
2019-11,2019-11-29,sh.600111,9.94,54.258041,-0.010945273631840946
2019-12,2019-12-31,sh.600111,10.84,59.170741,0.0905432595573441
2020-01,2020-01-23,sh.600111,10.14,55.349752,-0.06457564575645747
2020-02,2020-02-28,sh.600111,9.1,49.672855,-0.10256410256410264
2020-03,2020-03-31,sh.600111,8.99,49.072414,-0.012087912087912045
2020-04,2020-04-30,sh.600111,9.03,51.137575,0.004449388209121219
2020-05,2020-05-29,sh.600111,10.15,57.480221,0.1240310077519382
2020-06,2020-06-30,sh.600111,9.32,52.779868,-0.08177339901477831
2020-07,2020-07-31,sh.600111,12.41,70.278772,0.3315450643776823
2020-08,2020-08-31,sh.600111,12.35,66.135812,-0.00483481063658342
2020-09,2020-09-30,sh.600111,10.74,57.514059,-0.13036437246963561
2020-10,2020-10-30,sh.600111,10.07,55.180501,-0.062383612662942234
2020-11,2020-11-30,sh.600111,13.54,74.195033,0.3445878848063555
2020-12,2020-12-31,sh.600111,13.09,71.729171,-0.03323485967503692
2021-01,2021-01-29,sh.600111,17.8,97.538521,0.35981665393430107
2021-02,2021-02-26,sh.600111,20.69,113.374832,0.16235955056179785
2021-03,2021-03-31,sh.600111,19.12,104.771715,-0.07588206863218949
2021-04,2021-04-30,sh.600111,20.35,50.543952,0.06433054393305437
2021-05,2021-05-31,sh.600111,21.97,54.567598,0.0796068796068794
2021-06,2021-06-30,sh.600111,20.7,51.413258,-0.0578060992262176
2021-07,2021-07-30,sh.600111,47.7,118.47403,1.3043478260869565
2021-08,2021-08-31,sh.600111,58.03,83.349839,0.21656184486373165
2021-09,2021-09-30,sh.600111,44.27,63.586031,-0.2371187316905049
2021-10,2021-10-29,sh.600111,50.6,53.247056,0.14298622091709956
2021-11,2021-11-30,sh.600111,53.82,56.635505,0.06363636363636371
2021-12,2021-12-31,sh.600111,45.8,48.195952,-0.1490152359717578
2022-01,2022-01-28,sh.600111,37.18,39.125011,-0.18820960698689948
2022-02,2022-02-28,sh.600111,49.21,51.78434,0.32356105433028515
2022-03,2022-03-31,sh.600111,38.73,40.756096,-0.21296484454379194
2022-04,2022-04-29,sh.600111,31.68,19.635442,-0.18202943454686282
2022-05,2022-05-31,sh.600111,34.83,21.58783,0.09943181818181812
2022-06,2022-06-30,sh.600111,35.16,21.792366,0.009474590869939625
2022-07,2022-07-29,sh.600111,31.38,18.412014,-0.10750853242320813
2022-08,2022-08-31,sh.600111,30.14,17.60095,-0.03951561504142764
2022-09,2022-09-30,sh.600111,26.56,15.510326,-0.11877903118779032
2022-10,2022-10-31,sh.600111,24.2,13.296404,-0.08885542168674698
2022-11,2022-11-30,sh.600111,26.17,14.378798,0.08140495867768616
2022-12,2022-12-30,sh.600111,25.05,13.695235,-0.04279709591134895
2023-01,2023-01-31,sh.600111,29.03,15.871165,0.1588822355289421
2023-02,2023-02-28,sh.600111,29.05,15.882099,0.0006889424733034222
2023-03,2023-03-31,sh.600111,26.09,14.26382,-0.10189328743545611
2023-04,2023-04-28,sh.600111,25.16,15.200604,-0.03564584131851278
2023-05,2023-05-31,sh.600111,23.86,16.130248,-0.05166931637519878
2023-06,2023-06-30,sh.600111,23.98,16.211373,0.005029337803855949
2023-07,2023-07-31,sh.600111,24.68,16.684599,0.029190992493744794
2023-08,2023-08-31,sh.600111,22.08,20.403175,-0.10534846029173428
2023-09,2023-09-28,sh.600111,21.79,20.135198,-0.013134057971014412
2023-10,2023-10-31,sh.600111,20.9,27.648243,-0.04084442404772837
2023-11,2023-11-30,sh.600111,19.84,26.245987,-0.05071770334928227
2023-12,2023-12-29,sh.600111,19.34,25.584546,-0.025201612903225756
2024-01,2024-01-31,sh.600111,16.88,22.330255,-0.12719751809720792
2024-02,2024-02-29,sh.600111,18.85,24.936334,0.11670616113744092
2024-03,2024-03-29,sh.600111,19.37,25.624233,0.02758620689655178
2024-04,2024-04-30,sh.600111,19.3,46.486649,-0.0036138358286009753
2024-05,2024-05-31,sh.600111,18.9,45.523196,-0.020725388601036343
2024-06,2024-06-28,sh.600111,17.2,41.428517,-0.08994708994708989
2024-07,2024-07-31,sh.600111,17.48,42.102934,0.016279069767441978
2024-08,2024-08-30,sh.600111,16.82,44.704905,-0.03775743707093826
2024-09,2024-09-30,sh.600111,20.63,54.831284,0.22651605231866823
2024-10,2024-10-31,sh.600111,21.46,55.586525,0.040232670867668574
2024-11,2024-11-29,sh.600111,22.85,59.186957,0.06477166821994418
2024-12,2024-12-31,sh.600111,21.22,54.964868,-0.07133479212253835
2025-01,2025-01-27,sh.600111,21.05,54.524527,-0.008011310084825585
2025-02,2025-02-28,sh.600111,22.37,57.943642,0.0627078384798101
2025-03,2025-03-31,sh.600111,22.66,58.694812,0.012963790791238328
2025-04,2025-04-30,sh.600111,23.29,60.884963,0.027802294792586002
2025-05,2025-05-30,sh.600111,23.27,60.832679,-0.0008587376556461468
2025-06,2025-06-30,sh.600111,24.9,65.093842,0.07004727116458964
2025-07,2025-07-31,sh.600111,37.5,98.032895,0.5060240963855422
2025-08,2025-08-29,sh.600111,56.81,108.65121,0.5149333333333335
2025-09,2025-09-30,sh.600111,48.3,92.375523,-0.1497975708502025
2025-10,2025-10-31,sh.600111,50.81,85.820949,0.05196687370600417
2025-11,2025-11-28,sh.600111,45.0,76.007532,-0.11434756937610713
2025-12,2025-12-31,sh.600111,46.12,77.899275,0.02488888888888874
2015-01,2015-01-30,sh.600150,36.11,302.102918,
2015-02,2015-02-27,sh.600150,36.7,307.038967,0.01633896427582404
2015-03,2015-03-31,sh.600150,45.02,1404.02916,0.22670299727520438
2015-04,2015-04-30,sh.600150,57.03,557.394196,0.266770324300311
2015-05,2015-05-29,sh.600150,59.6,582.512609,0.04506400140277056
2015-06,2015-06-30,sh.600150,51.5,503.345626,-0.13590604026845643
2015-07,2015-07-31,sh.600150,39.35,384.595153,-0.2359223300970873
2015-08,2015-08-31,sh.600150,37.88,542.564995,-0.037357052096569254
2015-09,2015-09-30,sh.600150,35.36,506.470386,-0.06652587117212261
2015-10,2015-10-30,sh.600150,38.54,552.018345,0.08993212669683248
2015-11,2015-11-30,sh.600150,35.72,645.738277,-0.07317073170731703
2015-12,2015-12-31,sh.600150,34.83,629.649054,-0.024916013437849993
2016-01,2016-01-29,sh.600150,22.45,405.846146,-0.3554407120298593
2016-02,2016-02-29,sh.600150,20.98,379.27181,-0.06547884187082398
2016-03,2016-03-31,sh.600150,25.12,454.113817,0.19733079122974262
2016-04,2016-04-29,sh.600150,22.71,506.019478,-0.09593949044585992
2016-05,2016-05-31,sh.600150,22.64,587.76027,-0.003082342580361108
2016-06,2016-06-30,sh.600150,22.26,577.895036,-0.016784452296819796
2016-07,2016-07-29,sh.600150,23.36,606.452293,0.04941599281221909
2016-08,2016-08-31,sh.600150,23.0,-341.69833,-0.015410958904109595
2016-09,2016-09-30,sh.600150,21.57,-320.453607,-0.0621739130434783
2016-10,2016-10-31,sh.600150,22.53,-56.938033,0.044506258692628586
2016-11,2016-11-30,sh.600150,23.84,-60.248678,0.05814469596094085
2016-12,2016-12-30,sh.600150,27.61,-69.776258,0.15813758389261734
2017-01,2017-01-26,sh.600150,28.06,-70.913503,0.016298442593263296
2017-02,2017-02-28,sh.600150,29.3,-74.047243,0.044191019244476104
2017-03,2017-03-31,sh.600150,28.3,-71.520033,-0.03412969283276446
2017-04,2017-04-28,sh.600150,26.66,-67.375409,-0.05795053003533568
2017-05,2017-05-31,sh.600150,22.31,-11.002332,-0.16316579144786203
2017-06,2017-06-30,sh.600150,22.87,-11.2785,0.025100851636037813
2017-07,2017-07-31,sh.600150,23.14,-11.411652,0.011805859204197633
2017-08,2017-08-31,sh.600150,25.29,-13.183538,0.09291270527225581
2017-09,2017-09-29,sh.600150,24.67,-12.860335,-0.024515618821668528
2017-10,2017-10-31,sh.600150,24.67,-13.802842,0.0
2017-11,2017-11-30,sh.600150,24.67,-13.802842,0.0
2017-12,2017-12-29,sh.600150,24.67,-13.802842,0.0
2018-01,2018-01-31,sh.600150,24.67,-13.802842,0.0
2018-02,2018-02-28,sh.600150,24.67,-13.802842,0.0
2018-03,2018-03-30,sh.600150,19.06,-10.664052,-0.2274017024726389
2018-04,2018-04-27,sh.600150,13.94,-8.90976,-0.26862539349422876
2018-05,2018-05-31,sh.600150,12.49,-7.982992,-0.10401721664275465
2018-06,2018-06-29,sh.600150,9.69,-6.19337,-0.22417934347477986
2018-07,2018-07-31,sh.600150,11.06,-7.069006,0.14138286893704866
2018-08,2018-08-31,sh.600150,11.65,-7.726928,0.05334538878842676
2018-09,2018-09-28,sh.600150,11.56,-7.667235,-0.007725321888412018
2018-10,2018-10-31,sh.600150,11.06,-8.967038,-0.04325259515570934
2018-11,2018-11-30,sh.600150,13.41,-10.87233,0.21247739602169968
2018-12,2018-12-28,sh.600150,13.13,-10.645317,-0.020879940343027537
2019-01,2019-01-31,sh.600150,12.39,-10.045352,-0.056359482102056324
2019-02,2019-02-28,sh.600150,14.85,-12.039829,0.1985472154963679
2019-03,2019-03-29,sh.600150,20.3,57.185248,0.367003367003367
2019-04,2019-04-30,sh.600150,23.33,76.378005,0.14926108374384217
2019-05,2019-05-31,sh.600150,19.51,63.872048,-0.16373767681097284
2019-06,2019-06-28,sh.600150,23.6,77.261933,0.20963608405945666
2019-07,2019-07-31,sh.600150,25.07,82.074435,0.06228813559322033
2019-08,2019-08-30,sh.600150,24.32,102.706053,-0.029916234543278852
2019-09,2019-09-30,sh.600150,22.01,92.950667,-0.09498355263157887
2019-10,2019-10-31,sh.600150,20.44,102.122386,-0.07133121308496138
2019-11,2019-11-29,sh.600150,20.13,100.573563,-0.015166340508806386
2019-12,2019-12-31,sh.600150,21.76,108.717374,0.08097367113760567
2020-01,2020-01-23,sh.600150,21.41,106.968703,-0.016084558823529438
2020-02,2020-02-28,sh.600150,19.25,96.176904,-0.100887435777674
2020-03,2020-03-31,sh.600150,18.43,92.080018,-0.042597402597402634
2020-04,2020-04-30,sh.600150,18.69,-75.684518,0.014107433532284386
2020-05,2020-05-29,sh.600150,18.04,-73.052365,-0.03477795612627088
2020-06,2020-06-30,sh.600150,17.44,-70.622686,-0.03325942350332578
2020-07,2020-07-31,sh.600150,20.71,-83.864439,0.1875
2020-08,2020-08-31,sh.600150,20.89,-103.931333,0.008691453404152671
2020-09,2020-09-30,sh.600150,18.46,-91.841666,-0.1163235998085208
2020-10,2020-10-30,sh.600150,17.82,-88.657556,-0.034669555796316365
2020-11,2020-11-30,sh.600150,19.24,-132.099084,0.07968574635241299
2020-12,2020-12-31,sh.600150,17.69,-121.457006,-0.08056133056133041
2021-01,2021-01-29,sh.600150,15.98,-109.716391,-0.09666478236291698
2021-02,2021-02-26,sh.600150,15.52,-106.558097,-0.028785982478097716
2021-03,2021-03-31,sh.600150,15.33,-105.253584,-0.01224226804123707
2021-04,2021-04-30,sh.600150,15.6,172.881175,0.017612524461839474
2021-05,2021-05-31,sh.600150,17.18,190.390935,0.10128205128205137
2021-06,2021-06-30,sh.600150,16.51,182.96591,-0.03899883585564601
2021-07,2021-07-30,sh.600150,14.79,163.904652,-0.10417928528164766
2021-08,2021-08-31,sh.600150,23.89,253.004955,0.6152805949966196
2021-09,2021-09-30,sh.600150,25.1,265.819354,0.05064880703223107
2021-10,2021-10-29,sh.600150,22.55,238.813802,-0.10159362549800799
2021-11,2021-11-30,sh.600150,23.96,196.798277,0.06252771618625275
2021-12,2021-12-31,sh.600150,24.79,203.61558,0.034641068447412326
2022-01,2022-01-28,sh.600150,20.35,167.147118,-0.17910447761194026
2022-02,2022-02-28,sh.600150,21.91,179.960361,0.07665847665847658
2022-03,2022-03-31,sh.600150,17.28,141.931312,-0.21131903240529437
2022-04,2022-04-29,sh.600150,15.66,402.854807,-0.09375
2022-05,2022-05-31,sh.600150,18.62,479.001054,0.18901660280970622
2022-06,2022-06-30,sh.600150,18.98,488.262084,0.01933404940923733
2022-07,2022-07-29,sh.600150,23.39,601.709702,0.23234984193888297
2022-08,2022-08-31,sh.600150,25.04,747.807537,0.07054296707994867
2022-09,2022-09-30,sh.600150,22.65,676.431339,-0.0954472843450479
2022-10,2022-10-31,sh.600150,26.52,93.67005,0.17086092715231804
2022-11,2022-11-30,sh.600150,25.09,88.619214,-0.05392156862745101
2022-12,2022-12-30,sh.600150,22.28,78.694144,-0.11199681147867668
2023-01,2023-01-31,sh.600150,23.71,83.74498,0.06418312387791736
2023-02,2023-02-28,sh.600150,23.89,84.38075,0.00759173344580355
2023-03,2023-03-31,sh.600150,23.4,82.650044,-0.02051067392214323
2023-04,2023-04-28,sh.600150,25.91,709.660615,0.10726495726495733
2023-05,2023-05-31,sh.600150,28.82,789.36391,0.1123118487070629
2023-06,2023-06-30,sh.600150,32.91,901.386755,0.1419153365718251
2023-07,2023-07-31,sh.600150,33.38,914.259796,0.014281373442722733
2023-08,2023-08-31,sh.600150,28.39,239.927186,-0.1494907130017975
2023-09,2023-09-28,sh.600150,27.9,235.786139,-0.017259598450158564
2023-10,2023-10-31,sh.600150,25.88,91.276599,-0.07240143369175622
2023-11,2023-11-30,sh.600150,27.64,97.483972,0.0680061823802165
2023-12,2023-12-29,sh.600150,29.44,103.832422,0.06512301013024602
2024-01,2024-01-31,sh.600150,30.59,107.888376,0.0390625
2024-02,2024-02-29,sh.600150,35.5,125.205536,0.16050997057862038
2024-03,2024-03-29,sh.600150,37.0,130.495911,0.04225352112676051
2024-04,2024-04-30,sh.600150,36.5,49.245287,-0.013513513513513487
2024-05,2024-05-31,sh.600150,37.14,50.108766,0.017534246575342527
2024-06,2024-06-28,sh.600150,40.71,54.92536,0.09612277867528274
2024-07,2024-07-31,sh.600150,40.98,55.28964,0.0066322770817979215
2024-08,2024-08-30,sh.600150,38.37,51.768265,-0.06368960468521234
2024-09,2024-09-30,sh.600150,41.77,48.948076,0.08861089392754762
2024-10,2024-10-31,sh.600150,36.75,61.634513,-0.12018194876705779
2024-11,2024-11-29,sh.600150,35.32,59.236218,-0.038911564625850326
2024-12,2024-12-31,sh.600150,35.96,60.309581,0.018120045300113352
2025-01,2025-01-27,sh.600150,33.58,56.318012,-0.0661846496106786
2025-02,2025-02-28,sh.600150,30.86,51.75622,-0.08100059559261463
2025-03,2025-03-31,sh.600150,30.5,51.152453,-0.01166558651976668
2025-04,2025-04-30,sh.600150,29.28,30.173522,-0.039999999999999925
2025-05,2025-05-30,sh.600150,30.67,31.60594,0.047472677595628454
2025-06,2025-06-30,sh.600150,32.54,33.533005,0.06097163351809587
2025-07,2025-07-31,sh.600150,34.33,35.37763,0.05500921942224957
2025-08,2025-08-29,sh.600150,37.38,38.520705,0.0888435770463154
2025-09,2025-09-30,sh.600150,34.6,50.582349,-0.07437132156233284
2025-10,2025-10-31,sh.600150,35.9,40.02911,0.037572254335260125
2025-11,2025-11-28,sh.600150,34.37,38.323134,-0.04261838440111421
2025-12,2025-12-31,sh.600150,33.26,37.085466,-0.03229560663369213
2015-01,2015-01-30,sh.600276,40.71,42.866367,
2015-02,2015-02-27,sh.600276,40.36,42.497828,-0.008597396217145725
2015-03,2015-03-31,sh.600276,46.1,45.779001,0.1422200198216057
2015-04,2015-04-30,sh.600276,57.01,51.298268,0.23665943600867667
2015-05,2015-05-29,sh.600276,62.75,56.462568,0.1006840905104367
2015-06,2015-06-30,sh.600276,44.54,52.100328,-0.290199203187251
2015-07,2015-07-31,sh.600276,44.93,52.556528,0.008756174225415414
2015-08,2015-08-31,sh.600276,44.4,47.813638,-0.011796127309147586
2015-09,2015-09-30,sh.600276,46.19,49.74126,0.04031531531531529
2015-10,2015-10-30,sh.600276,52.55,52.180504,0.1376921411560943
2015-11,2015-11-30,sh.600276,49.48,49.13209,-0.05842055185537587
2015-12,2015-12-31,sh.600276,49.12,48.774622,-0.007275666936135794
2016-01,2016-01-29,sh.600276,44.0,43.689952,-0.10423452768729635
2016-02,2016-02-29,sh.600276,44.97,44.653116,0.02204545454545448
2016-03,2016-03-31,sh.600276,47.23,46.897191,0.05025572603958195
2016-04,2016-04-29,sh.600276,46.68,39.56093,-0.011645140800338738
2016-05,2016-05-31,sh.600276,45.94,38.933786,-0.015852613538988924
2016-06,2016-06-30,sh.600276,40.11,40.791488,-0.12690465824989117
2016-07,2016-07-29,sh.600276,43.68,44.422144,0.08900523560209428
2016-08,2016-08-31,sh.600276,43.34,41.965563,-0.007783882783882645
2016-09,2016-09-30,sh.600276,44.05,42.653046,0.01638209506229793
2016-10,2016-10-31,sh.600276,46.14,42.837131,0.0474460839954598
2016-11,2016-11-30,sh.600276,46.86,43.505591,0.015604681404421283
2016-12,2016-12-30,sh.600276,45.5,42.24174,-0.02902262057191629
2017-01,2017-01-26,sh.600276,47.83,44.404889,0.05120879120879107
2017-02,2017-02-28,sh.600276,50.39,46.781567,0.05352289358143425
2017-03,2017-03-31,sh.600276,54.33,49.262203,0.07819011708672341
2017-04,2017-04-28,sh.600276,53.63,46.344953,-0.01288422602613648
2017-05,2017-05-31,sh.600276,49.79,51.63189,-0.07160171545776628
2017-06,2017-06-30,sh.600276,50.59,52.460334,0.01606748343040776
2017-07,2017-07-31,sh.600276,51.2,53.092886,0.012057718916781868
2017-08,2017-08-31,sh.600276,54.14,53.547454,0.057421874999999956
2017-09,2017-09-29,sh.600276,59.93,59.273941,0.10694495751754718
2017-10,2017-10-31,sh.600276,67.23,63.377189,0.12180877690639091
2017-11,2017-11-30,sh.600276,65.19,61.454097,-0.03034359660865693
2017-12,2017-12-29,sh.600276,68.98,65.0269,0.0581377511888328
2018-01,2018-01-31,sh.600276,75.69,71.751695,0.09727457233980852
2018-02,2018-02-28,sh.600276,72.48,68.708718,-0.042409829567974566
2018-03,2018-03-30,sh.600276,87.01,82.482692,0.20046909492273723
2018-04,2018-04-27,sh.600276,83.48,70.498423,-0.04057004941960696
2018-05,2018-05-31,sh.600276,76.13,83.578803,-0.08804504072831831
2018-06,2018-06-29,sh.600276,75.76,83.172601,-0.004860107710495054
2018-07,2018-07-31,sh.600276,68.87,75.608461,-0.09094508975712778
2018-08,2018-08-31,sh.600276,66.15,68.560268,-0.03949470015972123
2018-09,2018-09-28,sh.600276,63.5,65.813711,-0.04006046863189727
2018-10,2018-10-31,sh.600276,61.58,59.662341,-0.03023622047244101
2018-11,2018-11-30,sh.600276,65.45,63.405535,0.06284507957128938
2018-12,2018-12-28,sh.600276,52.75,51.102246,-0.19404125286478235
2019-01,2019-01-31,sh.600276,59.05,57.264255,0.11943127962085298
2019-02,2019-02-28,sh.600276,71.9,65.184191,0.21761219305673163
2019-03,2019-03-29,sh.600276,65.42,71.171346,-0.09012517385257302
2019-04,2019-04-30,sh.600276,65.75,67.493744,0.005044328951391064
2019-05,2019-05-31,sh.600276,62.16,63.805356,-0.05460076045627382
2019-06,2019-06-28,sh.600276,66.0,67.747,0.061776061776061875
2019-07,2019-07-31,sh.600276,66.94,68.711881,0.014242424242424168
2019-08,2019-08-30,sh.600276,80.05,77.500593,0.1958470271885271
2019-09,2019-09-30,sh.600276,80.68,78.110529,0.0078700811992507
2019-10,2019-10-31,sh.600276,90.88,82.221253,0.12642538423401084
2019-11,2019-11-29,sh.600276,85.9,77.715731,-0.05479753521126751
2019-12,2019-12-31,sh.600276,87.52,79.181383,0.018859138533178
2020-01,2020-01-23,sh.600276,87.99,79.606603,0.005370201096892124
2020-02,2020-02-28,sh.600276,84.09,76.078182,-0.04432321854756216
2020-03,2020-03-31,sh.600276,92.03,76.394423,0.09442264240694498
2020-04,2020-04-30,sh.600276,93.0,75.451207,0.010540041290883373
2020-05,2020-05-29,sh.600276,78.7,76.619483,-0.15376344086021498
2020-06,2020-06-30,sh.600276,92.3,89.859953,0.1728081321473951
2020-07,2020-07-31,sh.600276,94.38,91.884966,0.022535211267605604
2020-08,2020-08-31,sh.600276,94.87,90.264984,0.005191777919050677
2020-09,2020-09-30,sh.600276,89.82,85.460112,-0.05323073679772328
2020-10,2020-10-30,sh.600276,88.84,80.945301,-0.010910710309507743
2020-11,2020-11-30,sh.600276,85.99,78.348564,-0.032080144079243644
2020-12,2020-12-31,sh.600276,111.46,101.555192,0.29619723223630645
2021-01,2021-01-29,sh.600276,103.76,94.539446,-0.06908307913152689
2021-02,2021-02-26,sh.600276,101.8,92.75362,-0.01888974556669243
2021-03,2021-03-31,sh.600276,92.09,83.906492,-0.0953831041257367
2021-04,2021-04-30,sh.600276,84.1,68.883488,-0.0867629492887394
2021-05,2021-05-31,sh.600276,86.3,70.678995,0.026159334126040434
2021-06,2021-06-30,sh.600276,67.97,66.80025,-0.21239860950173806
2021-07,2021-07-30,sh.600276,54.38,53.444131,-0.19994115050757677
2021-08,2021-08-31,sh.600276,45.2,45.652542,-0.16881206325855092
2021-09,2021-09-30,sh.600276,50.23,50.732902,0.11128318584070773
2021-10,2021-10-29,sh.600276,49.24,50.185151,-0.019709337049571896
2021-11,2021-11-30,sh.600276,50.17,51.133002,0.018887083671811578
2021-12,2021-12-31,sh.600276,50.71,51.671527,0.010763404424955159
2022-01,2022-01-28,sh.600276,40.95,41.726464,-0.19246696903963711
2022-02,2022-02-28,sh.600276,40.08,40.731358,-0.021245421245421392
2022-03,2022-03-31,sh.600276,36.82,37.418378,-0.08133732534930138
2022-04,2022-04-29,sh.600276,29.48,44.034128,-0.19934818033677348
2022-05,2022-05-31,sh.600276,30.32,45.288831,0.028493894165535938
2022-06,2022-06-30,sh.600276,37.09,55.401146,0.22328496042216361
2022-07,2022-07-29,sh.600276,35.29,52.712495,-0.04853060124022657
2022-08,2022-08-31,sh.600276,34.66,55.524551,-0.017852082742986775
2022-09,2022-09-30,sh.600276,35.1,56.229422,0.012694748990190519
2022-10,2022-10-31,sh.600276,40.2,73.342702,0.14529914529914523
2022-11,2022-11-30,sh.600276,39.83,72.667657,-0.009203980099502629
2022-12,2022-12-30,sh.600276,38.53,70.295878,-0.032638714536781244
2023-01,2023-01-31,sh.600276,42.21,77.009837,0.09550999221385936
2023-02,2023-02-28,sh.600276,43.5,79.363371,0.03056147832267242
2023-03,2023-03-31,sh.600276,42.82,78.122749,-0.015632183908045993
2023-04,2023-04-28,sh.600276,48.65,79.401668,0.1361513311536664
2023-05,2023-05-31,sh.600276,45.55,74.342158,-0.06372045220966083
2023-06,2023-06-30,sh.600276,47.9,78.177593,0.05159165751920969
2023-07,2023-07-31,sh.600276,44.58,72.759021,-0.06931106471816284
2023-08,2023-08-31,sh.600276,41.78,65.07918,-0.06280843427545979
2023-09,2023-09-28,sh.600276,44.94,70.001397,0.07563427477261842
2023-10,2023-10-31,sh.600276,47.94,72.695897,0.06675567423230966
2023-11,2023-11-30,sh.600276,48.02,72.817208,0.0016687526074261605
2023-12,2023-12-29,sh.600276,45.23,68.586471,-0.058100791336943014
2024-01,2024-01-31,sh.600276,37.45,56.78893,-0.17200972805659953
2024-02,2024-02-29,sh.600276,42.64,64.659012,0.13858477970627492
2024-03,2024-03-29,sh.600276,45.97,69.708602,0.07809568480300189
2024-04,2024-04-30,sh.600276,46.16,66.434482,0.0041331303023710575
2024-05,2024-05-31,sh.600276,42.36,60.965439,-0.0823223570190641
2024-06,2024-06-28,sh.600276,38.46,55.352474,-0.09206798866855526
2024-07,2024-07-31,sh.600276,42.21,60.749556,0.0975039001560063
2024-08,2024-08-30,sh.600276,44.13,51.881602,0.04548685145700082
2024-09,2024-09-30,sh.600276,52.3,61.486694,0.18513482891457045
2024-10,2024-10-31,sh.600276,46.6,54.561089,-0.10898661567877621
2024-11,2024-11-29,sh.600276,50.69,59.34982,0.08776824034334751
2024-12,2024-12-31,sh.600276,45.9,53.741502,-0.0944959558098244
2025-01,2025-01-27,sh.600276,44.65,52.277953,-0.027233115468409563
2025-02,2025-02-28,sh.600276,45.96,53.811752,0.029339305711086228
2025-03,2025-03-31,sh.600276,49.2,49.529799,0.07049608355091386
2025-04,2025-04-30,sh.600276,51.1,47.64448,0.03861788617886175
2025-05,2025-05-30,sh.600276,54.74,52.834715,0.0712328767123287
2025-06,2025-06-30,sh.600276,51.9,50.34904,-0.051881622214103085
2025-07,2025-07-31,sh.600276,62.9,61.02032,0.21194605009633904
2025-08,2025-08-29,sh.600276,66.23,59.767315,0.05294117647058827
2025-09,2025-09-30,sh.600276,71.55,64.568193,0.08032613619205797
2025-10,2025-10-31,sh.600276,64.15,57.012519,-0.10342417889587685
2025-11,2025-11-28,sh.600276,62.08,55.172832,-0.03226812159002346
2025-12,2025-12-31,sh.600276,59.57,52.942101,-0.04043170103092786
2015-01,2015-01-30,sh.600309,21.72,17.706308,
2015-02,2015-02-27,sh.600309,21.88,17.836741,0.007366482504604033
2015-03,2015-03-31,sh.600309,24.12,21.557509,0.10237659963436929
2015-04,2015-04-30,sh.600309,24.75,25.036068,0.026119402985074647
2015-05,2015-05-29,sh.600309,26.95,27.261497,0.0888888888888888
2015-06,2015-06-30,sh.600309,24.18,24.45948,-0.1027829313543599
2015-07,2015-07-31,sh.600309,20.57,21.873193,-0.14929693961952029
2015-08,2015-08-31,sh.600309,18.59,19.767752,-0.09625668449197866
2015-09,2015-09-30,sh.600309,15.95,16.960497,-0.1420118343195267
2015-10,2015-10-30,sh.600309,18.51,22.776817,0.16050156739811938
2015-11,2015-11-30,sh.600309,17.12,21.066402,-0.07509454349000544
2015-12,2015-12-31,sh.600309,17.85,21.964677,0.04264018691588789
2016-01,2016-01-29,sh.600309,13.67,16.821128,-0.23417366946778717
2016-02,2016-02-29,sh.600309,12.89,15.861327,-0.05705925384052668
2016-03,2016-03-31,sh.600309,14.75,19.813365,0.1442979053529867
2016-04,2016-04-29,sh.600309,16.12,22.026279,0.09288135593220348
2016-05,2016-05-31,sh.600309,15.9,21.725672,-0.013647642679900818
2016-06,2016-06-30,sh.600309,17.3,23.638624,0.08805031446540879
2016-07,2016-07-29,sh.600309,19.1,26.098134,0.10404624277456653
2016-08,2016-08-31,sh.600309,20.42,22.539275,0.06910994764397915
2016-09,2016-09-30,sh.600309,20.56,22.693805,0.00685602350636616
2016-10,2016-10-31,sh.600309,20.88,16.883116,0.015564202334630295
2016-11,2016-11-30,sh.600309,20.87,16.87503,-0.00047892720306508263
2016-12,2016-12-30,sh.600309,21.53,17.408692,0.031624341159559144
2017-01,2017-01-26,sh.600309,24.43,20.813348,0.1346957733395262
2017-02,2017-02-28,sh.600309,26.22,16.233762,0.07327056897257478
2017-03,2017-03-31,sh.600309,27.11,16.784793,0.03394355453852027
2017-04,2017-04-28,sh.600309,27.86,11.687814,0.027665068240501745
2017-05,2017-05-31,sh.600309,23.13,11.644184,-0.1697774587221823
2017-06,2017-06-30,sh.600309,28.64,14.418048,0.23821876351059235
2017-07,2017-07-31,sh.600309,34.64,17.438588,0.2094972067039107
2017-08,2017-08-31,sh.600309,36.03,13.733941,0.04012702078521935
2017-09,2017-09-29,sh.600309,42.15,16.066767,0.16985845129059118
2017-10,2017-10-31,sh.600309,37.08,11.276455,-0.12028469750889681
2017-11,2017-11-30,sh.600309,38.5,11.708294,0.03829557713052867
2017-12,2017-12-29,sh.600309,37.94,11.537991,-0.014545454545454639
2018-01,2018-01-31,sh.600309,36.44,11.081824,-0.03953610964681076
2018-02,2018-02-28,sh.600309,36.44,11.081824,0.0
2018-03,2018-03-30,sh.600309,36.44,8.9474,0.0
2018-04,2018-04-27,sh.600309,36.44,7.979481,0.0
2018-05,2018-05-31,sh.600309,36.44,7.979481,0.0
2018-06,2018-06-29,sh.600309,45.42,9.945884,0.24643249176728887
2018-07,2018-07-31,sh.600309,50.96,10.53604,0.12197269925143117
2018-08,2018-08-31,sh.600309,49.3,10.192833,-0.03257456828885408
2018-09,2018-09-28,sh.600309,42.47,8.780722,-0.13853955375253546
2018-10,2018-10-31,sh.600309,28.32,6.272045,-0.33317635978337645
2018-11,2018-11-30,sh.600309,28.88,6.396069,0.0197740112994349
2018-12,2018-12-28,sh.600309,27.99,6.19896,-0.030817174515235468
2019-01,2019-01-31,sh.600309,32.7,7.242086,0.16827438370846748
2019-02,2019-02-28,sh.600309,40.87,10.394764,0.24984709480122302
2019-03,2019-03-29,sh.600309,45.53,13.472907,0.11402006361634465
2019-04,2019-04-30,sh.600309,45.23,17.25437,-0.006589062156819758
2019-05,2019-05-31,sh.600309,38.04,14.511524,-0.158965288525315
2019-06,2019-06-28,sh.600309,42.79,16.323557,0.12486855941114627
2019-07,2019-07-31,sh.600309,43.98,16.777519,0.02781023603645716
2019-08,2019-08-30,sh.600309,44.71,24.511119,0.01659845384265579
2019-09,2019-09-30,sh.600309,44.15,24.204113,-0.012525162156117209
2019-10,2019-10-31,sh.600309,45.61,28.933479,0.033069082672706696
2019-11,2019-11-29,sh.600309,48.41,30.709707,0.06139004604253451
2019-12,2019-12-31,sh.600309,56.17,35.632395,0.16029745920264427
2020-01,2020-01-23,sh.600309,51.91,32.929991,-0.0758411963681681
2020-02,2020-02-28,sh.600309,47.04,29.840624,-0.09381622038142934
2020-03,2020-03-31,sh.600309,41.25,12.785265,-0.12308673469387754
2020-04,2020-04-30,sh.600309,45.0,16.219061,0.09090909090909083
2020-05,2020-05-29,sh.600309,46.48,16.752488,0.032888888888888745
2020-06,2020-06-30,sh.600309,49.99,18.017574,0.07551635111876087
2020-07,2020-07-31,sh.600309,67.59,24.361029,0.3520704140828166
2020-08,2020-08-31,sh.600309,73.29,31.332573,0.08433200177541056
2020-09,2020-09-30,sh.600309,69.3,29.626788,-0.05444126074498579
2020-10,2020-10-30,sh.600309,78.49,32.512307,0.13261183261183263
2020-11,2020-11-30,sh.600309,81.2,33.63485,0.0345266912982547
2020-12,2020-12-31,sh.600309,91.04,37.710797,0.12118226600985227
2021-01,2021-01-29,sh.600309,111.8,46.310052,0.22803163444639707
2021-02,2021-02-26,sh.600309,130.8,54.180275,0.16994633273703053
2021-03,2021-03-31,sh.600309,105.6,33.018933,-0.19266055045871566
2021-04,2021-04-30,sh.600309,102.74,21.103212,-0.027083333333333348
2021-05,2021-05-31,sh.600309,108.78,22.343853,0.058789176562195955
2021-06,2021-06-30,sh.600309,108.82,22.352069,0.00036771465342888554
2021-07,2021-07-30,sh.600309,113.72,17.218503,0.04502848741040255
2021-08,2021-08-31,sh.600309,106.7,16.155595,-0.06173056630320084
2021-09,2021-09-30,sh.600309,106.75,16.163166,0.0004686035613870043
2021-10,2021-10-29,sh.600309,105.47,13.664639,-0.011990632318501171
2021-11,2021-11-30,sh.600309,95.75,12.405321,-0.09215890774627855
2021-12,2021-12-31,sh.600309,101.0,13.085508,0.05483028720626626
2022-01,2022-01-28,sh.600309,90.35,11.7057,-0.10544554455445554
2022-02,2022-02-28,sh.600309,94.8,12.282239,0.0492529053680133
2022-03,2022-03-31,sh.600309,80.89,10.303732,-0.14672995780590714
2022-04,2022-04-29,sh.600309,77.85,10.445083,-0.03758190134750905
2022-05,2022-05-31,sh.600309,84.12,11.286324,0.08053949903660906
2022-06,2022-06-30,sh.600309,96.99,13.013084,0.1529957203994292
2022-07,2022-07-29,sh.600309,83.7,12.222327,-0.13702443550881527
2022-08,2022-08-31,sh.600309,88.57,12.933471,0.05818399044205491
2022-09,2022-09-30,sh.600309,92.1,13.44894,0.03985548154002494
2022-10,2022-10-31,sh.600309,80.36,13.48153,-0.1274701411509228
2022-11,2022-11-30,sh.600309,89.5,15.014895,0.11373817819810861
2022-12,2022-12-30,sh.600309,92.65,15.543352,0.03519553072625703
2023-01,2023-01-31,sh.600309,96.61,16.207698,0.04274150026983259
2023-02,2023-02-28,sh.600309,104.26,20.157846,0.07918434944622721
2023-03,2023-03-31,sh.600309,95.88,18.544157,-0.0803759831191253
2023-04,2023-04-28,sh.600309,92.18,19.407622,-0.03858990404672491
2023-05,2023-05-31,sh.600309,82.26,17.319061,-0.1076155348231721
2023-06,2023-06-30,sh.600309,87.84,18.493877,0.06783369803063466
2023-07,2023-07-31,sh.600309,97.76,21.287538,0.1129326047358834
2023-08,2023-08-31,sh.600309,93.75,20.414349,-0.041018821603928
2023-09,2023-09-28,sh.600309,88.32,19.231949,-0.05792000000000008
2023-10,2023-10-31,sh.600309,88.8,18.188891,0.005434782608695787
2023-11,2023-11-30,sh.600309,80.65,16.519528,-0.0917792792792792
2023-12,2023-12-29,sh.600309,76.82,15.73503,-0.04748915065096104
2024-01,2024-01-31,sh.600309,69.69,14.274593,-0.09281437125748493
2024-02,2024-02-29,sh.600309,79.55,14.854791,0.14148371358875012
2024-03,2024-03-29,sh.600309,82.8,15.459967,0.040854808296668654
2024-04,2024-04-30,sh.600309,89.1,16.533798,0.07608695652173902
2024-05,2024-05-31,sh.600309,87.55,16.246173,-0.017396184062850706
2024-06,2024-06-28,sh.600309,80.86,15.004747,-0.07641347801256426
2024-07,2024-07-31,sh.600309,77.6,14.399806,-0.040316596586693065
2024-08,2024-08-30,sh.600309,73.0,13.957071,-0.05927835051546382
2024-09,2024-09-30,sh.600309,91.32,17.459722,0.250958904109589
2024-10,2024-10-31,sh.600309,75.25,15.537784,-0.17597459483136213
2024-11,2024-11-29,sh.600309,74.29,15.339561,-0.012757475083056358
2024-12,2024-12-31,sh.600309,71.35,14.732504,-0.03957463992461985
2025-01,2025-01-27,sh.600309,68.53,14.150224,-0.03952347582340565
2025-02,2025-02-28,sh.600309,68.81,14.208039,0.004085801838610736
2025-03,2025-03-31,sh.600309,67.21,16.191306,-0.02325243423920953
2025-04,2025-04-30,sh.600309,54.44,14.294307,-0.1900014878738283
2025-05,2025-05-30,sh.600309,54.14,14.215536,-0.005510653930933085
2025-06,2025-06-30,sh.600309,54.26,14.247045,0.0022164758034723953
2025-07,2025-07-31,sh.600309,62.31,16.312402,0.14835974935495777
2025-08,2025-08-29,sh.600309,68.6,19.555784,0.10094687851067241
2025-09,2025-09-30,sh.600309,66.58,18.979944,-0.029446064139941663
2025-10,2025-10-31,sh.600309,62.63,17.667919,-0.05932712526284167
2025-11,2025-11-28,sh.600309,67.12,18.934547,0.07169088296343618
2025-12,2025-12-31,sh.600309,76.68,21.631423,0.14243146603098933
2015-01,2015-01-30,sh.600406,16.03,26.805657,
2015-02,2015-02-27,sh.600406,16.31,27.273878,0.017467248908296762
2015-03,2015-03-31,sh.600406,20.74,39.262792,0.2716125076640099
2015-04,2015-04-30,sh.600406,23.42,51.334521,0.12921890067502417
2015-05,2015-05-29,sh.600406,27.01,59.203476,0.15328778821520062
2015-06,2015-06-30,sh.600406,20.69,45.350608,-0.23398741206960383
2015-07,2015-07-31,sh.600406,16.74,36.692565,-0.19091348477525383
2015-08,2015-08-31,sh.600406,15.92,51.491543,-0.04898446833930692
2015-09,2015-09-30,sh.600406,14.19,45.896043,-0.10866834170854278
2015-10,2015-10-30,sh.600406,16.99,44.659118,0.19732205778717393
2015-11,2015-11-30,sh.600406,15.41,40.506004,-0.09299587992937008
2015-12,2015-12-31,sh.600406,16.68,43.844266,0.08241401687216099
2016-01,2016-01-29,sh.600406,12.98,34.11862,-0.2218225419664268
2016-02,2016-02-29,sh.600406,12.58,33.067198,-0.03081664098613257
2016-03,2016-03-31,sh.600406,14.4,37.851165,0.1446740858505564
2016-04,2016-04-29,sh.600406,13.97,26.022053,-0.029861111111111116
2016-05,2016-05-31,sh.600406,13.42,24.997563,-0.03937007874015752
2016-06,2016-06-30,sh.600406,13.37,24.904427,-0.0037257824143070994
2016-07,2016-07-29,sh.600406,14.93,27.810254,0.11667913238593863
2016-08,2016-08-31,sh.600406,15.18,23.714482,0.016744809109176195
2016-09,2016-09-30,sh.600406,16.32,25.495411,0.07509881422924902
2016-10,2016-10-31,sh.600406,15.3,20.970069,-0.0625
2016-11,2016-11-30,sh.600406,15.46,21.189363,0.010457516339869244
2016-12,2016-12-30,sh.600406,16.63,22.792957,0.07567917205692098
2017-01,2017-01-26,sh.600406,16.63,22.792957,0.0
2017-02,2017-02-28,sh.600406,16.63,22.792957,0.0
2017-03,2017-03-31,sh.600406,16.63,27.911933,0.0
2017-04,2017-04-28,sh.600406,16.63,27.911933,0.0
2017-05,2017-05-31,sh.600406,16.63,27.829002,0.0
2017-06,2017-06-30,sh.600406,17.65,29.535892,0.06133493686109448
2017-07,2017-07-31,sh.600406,17.4,27.871504,-0.014164305949008527
2017-08,2017-08-31,sh.600406,16.92,27.102635,-0.027586206896551557
2017-09,2017-09-29,sh.600406,16.52,26.461911,-0.023640661938534424
2017-10,2017-10-31,sh.600406,16.92,26.684376,0.02421307506053272
2017-11,2017-11-30,sh.600406,18.96,29.901641,0.12056737588652466
2017-12,2017-12-29,sh.600406,18.28,49.87314,-0.03586497890295359
2018-01,2018-01-31,sh.600406,16.93,46.189948,-0.0738512035010942
2018-02,2018-02-28,sh.600406,16.23,44.280145,-0.04134672179562904
2018-03,2018-03-30,sh.600406,16.81,45.862554,0.03573629081947005
2018-04,2018-04-27,sh.600406,17.3,24.470555,0.02914931588340286
2018-05,2018-05-31,sh.600406,17.07,23.950616,-0.013294797687861348
2018-06,2018-06-29,sh.600406,15.8,22.168701,-0.07439953134153487
2018-07,2018-07-31,sh.600406,15.89,22.294978,0.0056962025316456
2018-08,2018-08-31,sh.600406,16.07,19.930228,0.01132787916928879
2018-09,2018-09-28,sh.600406,17.65,21.889765,0.09831985065339133
2018-10,2018-10-31,sh.600406,17.35,20.654549,-0.016997167138810054
2018-11,2018-11-30,sh.600406,17.58,20.928355,0.013256484149855696
2018-12,2018-12-28,sh.600406,18.53,22.059296,0.054038680318543975
2019-01,2019-01-31,sh.600406,19.15,22.797384,0.03345925526173765
2019-02,2019-02-28,sh.600406,18.48,21.999773,-0.03498694516971268
2019-03,2019-03-29,sh.600406,21.11,25.341507,0.14231601731601717
2019-04,2019-04-30,sh.600406,19.93,22.227623,-0.05589767882520136
2019-05,2019-05-31,sh.600406,18.3,20.409709,-0.0817862518815855
2019-06,2019-06-28,sh.600406,18.64,20.788906,0.01857923497267766
2019-07,2019-07-31,sh.600406,18.86,21.034268,0.011802575107296098
2019-08,2019-08-30,sh.600406,17.3,19.294424,-0.0827147401908801
2019-09,2019-09-30,sh.600406,20.45,23.565377,0.18208092485549132
2019-10,2019-10-31,sh.600406,21.95,25.411656,0.07334963325183375
2019-11,2019-11-29,sh.600406,22.96,26.58094,0.04601366742596813
2019-12,2019-12-31,sh.600406,21.18,24.520222,-0.07752613240418127
2020-01,2020-01-23,sh.600406,18.17,21.034733,-0.14211520302171854
2020-02,2020-02-28,sh.600406,19.83,22.956453,0.09135938359933937
2020-03,2020-03-31,sh.600406,19.75,22.86384,-0.004034291477559182
2020-04,2020-04-30,sh.600406,20.1,21.394523,0.017721518987341867
2020-05,2020-05-29,sh.600406,18.51,19.702121,-0.07910447761194028
2020-06,2020-06-30,sh.600406,20.25,21.554184,0.09400324149108585
2020-07,2020-07-31,sh.600406,21.25,22.618588,0.04938271604938271
2020-08,2020-08-31,sh.600406,22.4,22.913748,0.05411764705882338
2020-09,2020-09-30,sh.600406,19.72,20.172282,-0.11964285714285716
2020-10,2020-10-30,sh.600406,20.76,21.236134,0.05273833671399619
2020-11,2020-11-30,sh.600406,23.59,24.129969,0.13631984585741797
2020-12,2020-12-31,sh.600406,26.57,25.87771,0.12632471386180577
2021-01,2021-01-29,sh.600406,29.42,28.653453,0.10726383138878437
2021-02,2021-02-26,sh.600406,28.39,27.65029,-0.03501019714479947
2021-03,2021-03-31,sh.600406,31.14,30.327052,0.09686509334272642
2021-04,2021-04-30,sh.600406,31.98,29.695624,0.026974951830443183
2021-05,2021-05-31,sh.600406,31.11,28.88777,-0.027204502814258902
2021-06,2021-06-30,sh.600406,23.24,25.895922,-0.2529733204757313
2021-07,2021-07-30,sh.600406,31.36,34.943894,0.3493975903614459
2021-08,2021-08-31,sh.600406,35.01,36.504545,0.11639030612244894
2021-09,2021-09-30,sh.600406,35.91,37.442966,0.02570694087403602
2021-10,2021-10-29,sh.600406,38.93,40.591887,0.08409913673071578
2021-11,2021-11-30,sh.600406,41.41,41.784823,0.06370408425378882
2021-12,2021-12-31,sh.600406,40.03,40.392332,-0.0333252837478869
2022-01,2022-01-28,sh.600406,35.0,35.530879,-0.12565575818136399
2022-02,2022-02-28,sh.600406,35.35,35.886188,0.010000000000000009
2022-03,2022-03-31,sh.600406,31.49,31.966539,-0.10919377652050932
2022-04,2022-04-29,sh.600406,32.0,30.672615,0.016195617656398875
2022-05,2022-05-31,sh.600406,34.25,32.829283,0.0703125
2022-06,2022-06-30,sh.600406,27.0,31.056022,-0.21167883211678828
2022-07,2022-07-29,sh.600406,29.18,33.563509,0.08074074074074078
2022-08,2022-08-31,sh.600406,27.45,31.099122,-0.059287183002056265
2022-09,2022-09-30,sh.600406,24.87,28.174538,-0.09398907103825127
2022-10,2022-10-31,sh.600406,24.4,26.754816,-0.018898271009248235
2022-11,2022-11-30,sh.600406,26.57,29.13424,0.0889344262295082
2022-12,2022-12-30,sh.600406,24.4,26.757214,-0.08167105758374116
2023-01,2023-01-31,sh.600406,26.39,28.939462,0.08155737704918042
2023-02,2023-02-28,sh.600406,26.25,28.785937,-0.0053050397877983935
2023-03,2023-03-31,sh.600406,27.11,29.727482,0.03276190476190477
2023-04,2023-04-28,sh.600406,26.12,26.522896,-0.03651789007746209
2023-05,2023-05-31,sh.600406,27.44,27.863257,0.050535987748851374
2023-06,2023-06-30,sh.600406,23.1,28.147576,-0.15816326530612246
2023-07,2023-07-31,sh.600406,24.32,29.634158,0.05281385281385287
2023-08,2023-08-31,sh.600406,23.82,27.995905,-0.02055921052631582
2023-09,2023-09-28,sh.600406,22.19,26.080148,-0.06842989084802686
2023-10,2023-10-31,sh.600406,22.55,26.058185,0.01622352410995931
2023-11,2023-11-30,sh.600406,22.01,25.434175,-0.02394678492239466
2023-12,2023-12-29,sh.600406,22.32,25.792403,0.014084507042253502
2024-01,2024-01-31,sh.600406,21.01,24.278602,-0.05869175627240142
2024-02,2024-02-29,sh.600406,23.18,26.786196,0.10328415040456917
2024-03,2024-03-29,sh.600406,24.34,28.12593,0.050043140638481365
2024-04,2024-04-30,sh.600406,23.54,26.062357,-0.03286770747740353
2024-05,2024-05-31,sh.600406,22.51,24.921991,-0.043755310110450196
2024-06,2024-06-28,sh.600406,24.96,27.634513,0.1088405153265215
2024-07,2024-07-31,sh.600406,24.02,26.59379,-0.0376602564102565
2024-08,2024-08-30,sh.600406,24.62,26.751699,0.02497918401332222
2024-09,2024-09-30,sh.600406,27.67,30.06578,0.12388302193338752
2024-10,2024-10-31,sh.600406,25.96,27.816336,-0.06179978315865564
2024-11,2024-11-29,sh.600406,24.68,26.444806,-0.04930662557781207
2024-12,2024-12-31,sh.600406,25.22,27.023421,0.021880064829821633
2025-01,2025-01-27,sh.600406,23.08,24.728129,-0.08485329103885808
2025-02,2025-02-28,sh.600406,23.45,25.12455,0.01603119584055457
2025-03,2025-03-31,sh.600406,21.9,23.463866,-0.06609808102345416
2025-04,2025-04-30,sh.600406,22.15,23.122162,0.011415525114155223
2025-05,2025-05-30,sh.600406,22.19,23.163917,0.0018058690744922057
2025-06,2025-06-30,sh.600406,22.41,23.393573,0.00991437584497512
2025-07,2025-07-31,sh.600406,21.88,22.840311,-0.02365015618027666
2025-08,2025-08-29,sh.600406,21.75,22.255872,-0.005941499085923119
2025-09,2025-09-30,sh.600406,22.96,23.494014,0.05563218390804603
2025-10,2025-10-31,sh.600406,24.23,24.365502,0.05531358885017412
2025-11,2025-11-28,sh.600406,22.16,22.283926,-0.0854312835328106
2025-12,2025-12-31,sh.600406,22.48,22.604781,0.014440433212996373
2015-01,2015-01-30,sh.600519,177.18,13.708828,
2015-02,2015-02-27,sh.600519,191.05,14.781982,0.07828197313466534
2015-03,2015-03-31,sh.600519,195.96,15.16188,0.02570007851347822
2015-04,2015-04-30,sh.600519,252.23,17.985664,0.2871504388650743
2015-05,2015-05-29,sh.600519,263.83,18.81282,0.04598977124053438
2015-06,2015-06-30,sh.600519,257.65,18.372145,-0.02342417465792368
2015-07,2015-07-31,sh.600519,206.83,16.223178,-0.19724432369493483
2015-08,2015-08-31,sh.600519,195.37,15.33112,-0.055407822849683375
2015-09,2015-09-30,sh.600519,190.31,14.93405,-0.025899575165071465
2015-10,2015-10-30,sh.600519,213.86,16.705962,0.12374546792076102
2015-11,2015-11-30,sh.600519,214.31,16.741114,0.0021041803048722496
2015-12,2015-12-31,sh.600519,218.19,17.044206,0.01810461481032144
2016-01,2016-01-29,sh.600519,200.65,15.674045,-0.08038865209221313
2016-02,2016-02-29,sh.600519,214.91,16.787984,0.07106902566658357
2016-03,2016-03-31,sh.600519,247.64,20.065988,0.1522963100832906
2016-04,2016-04-29,sh.600519,251.2,19.688515,0.014375706670973987
2016-05,2016-05-31,sh.600519,264.47,20.728589,0.05282643312101931
2016-06,2016-06-30,sh.600519,291.92,22.880061,0.10379249064166052
2016-07,2016-07-29,sh.600519,313.15,24.544022,0.07272540422033424
2016-08,2016-08-31,sh.600519,310.19,23.734436,-0.009452339134599974
2016-09,2016-09-30,sh.600519,297.91,22.794822,-0.039588639221122435
2016-10,2016-10-31,sh.600519,317.95,24.142128,0.06726863817931572
2016-11,2016-11-30,sh.600519,319.08,24.227929,0.0035540179273469974
2016-12,2016-12-30,sh.600519,334.15,25.372203,0.047229534912874405
2017-01,2017-01-26,sh.600519,344.42,26.15201,0.030734699985036862
2017-02,2017-02-28,sh.600519,354.66,26.929539,0.02973114221009232
2017-03,2017-03-31,sh.600519,386.36,29.336539,0.08938137934923596
2017-04,2017-04-28,sh.600519,413.48,28.933076,0.07019360182213474
2017-05,2017-05-31,sh.600519,442.94,30.994526,0.07124891167650182
2017-06,2017-06-30,sh.600519,471.85,33.01749,0.06526843364789814
2017-07,2017-07-31,sh.600519,481.22,31.539654,0.019858005722157568
2017-08,2017-08-31,sh.600519,491.15,32.190476,0.02063505257470588
2017-09,2017-09-29,sh.600519,517.64,33.926658,0.05393464318436325
2017-10,2017-10-31,sh.600519,618.03,32.032831,0.19393787188007106
2017-11,2017-11-30,sh.600519,631.0,32.705073,0.020986036276556153
2017-12,2017-12-29,sh.600519,697.49,36.151286,0.1053724247226624
2018-01,2018-01-31,sh.600519,764.54,39.626524,0.09613041047183457
2018-02,2018-02-28,sh.600519,725.62,37.609279,-0.05090642739425011
2018-03,2018-03-30,sh.600519,683.62,31.712785,-0.05788153579008293
2018-04,2018-04-27,sh.600519,662.53,30.734431,-0.03085047248471373
2018-05,2018-05-31,sh.600519,751.13,32.025358,0.13372979336784763
2018-06,2018-06-29,sh.600519,731.46,31.186703,-0.02618721126835566
2018-07,2018-07-31,sh.600519,726.44,30.972669,-0.006862986356054979
2018-08,2018-08-31,sh.600519,659.19,26.21091,-0.09257474808655908
2018-09,2018-09-28,sh.600519,730.0,29.026478,0.10741971207087486
2018-10,2018-10-31,sh.600519,548.9,21.663437,-0.24808219178082191
2018-11,2018-11-30,sh.600519,565.0,22.298856,0.029331390052832917
2018-12,2018-12-28,sh.600519,590.01,23.285926,0.04426548672566377
2019-01,2019-01-31,sh.600519,689.6,27.216444,0.16879374925848722
2019-02,2019-02-28,sh.600519,755.01,29.797981,0.09485208816705337
2019-03,2019-03-29,sh.600519,853.99,30.473576,0.13109760135627346
2019-04,2019-04-30,sh.600519,974.0,32.267836,0.14052857761800497
2019-05,2019-05-31,sh.600519,890.0,29.484984,-0.08624229979466114
2019-06,2019-06-28,sh.600519,984.0,32.599128,0.10561797752808988
2019-07,2019-07-31,sh.600519,972.6,31.0171,-0.011585365853658547
2019-08,2019-08-30,sh.600519,1142.0,36.41942,0.17417232161217355
2019-09,2019-09-30,sh.600519,1150.0,36.674547,0.007005253940455258
2019-10,2019-10-31,sh.600519,1180.01,36.220613,0.026095652173913075
2019-11,2019-11-29,sh.600519,1129.0,34.654852,-0.04322844721654906
2019-12,2019-12-31,sh.600519,1183.0,36.312391,0.047829937998228544
2020-01,2020-01-23,sh.600519,1052.8,32.31588,-0.11005917159763312
2020-02,2020-02-28,sh.600519,1057.0,32.444799,0.003989361702127603
2020-03,2020-03-31,sh.600519,1111.0,34.102339,0.0510879848628194
2020-04,2020-04-30,sh.600519,1265.7,36.908391,0.13924392439243927
2020-05,2020-05-29,sh.600519,1366.6,39.850681,0.07971873271707342
2020-06,2020-06-30,sh.600519,1462.88,42.65825,0.070452217181326
2020-07,2020-07-31,sh.600519,1678.18,48.068067,0.14717543475883188
2020-08,2020-08-31,sh.600519,1786.5,51.170673,0.06454611543457789
2020-09,2020-09-30,sh.600519,1668.5,47.790803,-0.0660509375874615
2020-10,2020-10-30,sh.600519,1670.02,47.06002,0.00091099790230742
2020-11,2020-11-30,sh.600519,1713.91,48.29681,0.02628112238176805
2020-12,2020-12-31,sh.600519,1998.0,56.302272,0.16575549474593165
2021-01,2021-01-29,sh.600519,2116.18,59.632504,0.05914914914914915
2021-02,2021-02-26,sh.600519,2122.78,59.818487,0.0031188273209274975
2021-03,2021-03-31,sh.600519,2009.0,54.043856,-0.05359952515098132
2021-04,2021-04-30,sh.600519,2006.78,53.007145,-0.0011050273768044017
2021-05,2021-05-31,sh.600519,2218.0,58.586317,0.1052531916802042
2021-06,2021-06-30,sh.600519,2056.7,54.325734,-0.07272317403065831
2021-07,2021-07-30,sh.600519,1678.99,44.348891,-0.18364856323236245
2021-08,2021-08-31,sh.600519,1558.0,40.14711,-0.07206117963775838
2021-09,2021-09-30,sh.600519,1830.0,47.156104,0.1745827984595636
2021-10,2021-10-29,sh.600519,1826.08,45.753578,-0.0021420765027322375
2021-11,2021-11-30,sh.600519,1930.77,48.376652,0.05733045649697721
2021-12,2021-12-31,sh.600519,2050.0,51.364034,0.06175256503881865
2022-01,2022-01-28,sh.600519,1887.0,47.279967,-0.07951219512195118
2022-02,2022-02-28,sh.600519,1790.4,44.859594,-0.05119236883942757
2022-03,2022-03-31,sh.600519,1719.0,41.162754,-0.03987935656836461
2022-04,2022-04-29,sh.600519,1828.38,41.19785,0.06363001745200703
2022-05,2022-05-31,sh.600519,1804.03,40.649185,-0.013317800457235407
2022-06,2022-06-30,sh.600519,2045.0,46.078825,0.13357316674334685
2022-07,2022-07-29,sh.600519,1898.44,42.776472,-0.07166748166259163
2022-08,2022-08-31,sh.600519,1924.0,41.960447,0.01346368597374692
2022-09,2022-09-30,sh.600519,1872.5,40.837286,-0.02676715176715172
2022-10,2022-10-31,sh.600519,1350.0,28.457112,-0.27903871829105475
2022-11,2022-11-30,sh.600519,1599.0,33.705868,0.1844444444444444
2022-12,2022-12-30,sh.600519,1727.0,36.404024,0.08005003126954358
2023-01,2023-01-31,sh.600519,1845.76,38.907407,0.06876664736537341
2023-02,2023-02-28,sh.600519,1813.74,38.232446,-0.017347867545076223
2023-03,2023-03-31,sh.600519,1820.0,36.454235,0.0034514318480045603
2023-04,2023-04-28,sh.600519,1760.52,33.373818,-0.03268131868131874
2023-05,2023-05-31,sh.600519,1628.9,30.878724,-0.07476200213573259
2023-06,2023-06-30,sh.600519,1691.0,32.055941,0.03812388728589844
2023-07,2023-07-31,sh.600519,1880.58,35.649771,0.11211117681845062
2023-08,2023-08-31,sh.600519,1847.0,33.67341,-0.017856193302066337
2023-09,2023-09-28,sh.600519,1798.55,32.790099,-0.026231727125067716
2023-10,2023-10-31,sh.600519,1684.58,29.724415,-0.0633677128798199
2023-11,2023-11-30,sh.600519,1791.5,31.611019,0.06346982630685405
2023-12,2023-12-29,sh.600519,1726.0,30.455271,-0.036561540608428644
2024-01,2024-01-31,sh.600519,1604.91,28.318638,-0.07015643105446112
2024-02,2024-02-29,sh.600519,1695.0,29.908276,0.056133988821803094
2024-03,2024-03-29,sh.600519,1702.9,30.047672,0.004660766961652074
2024-04,2024-04-30,sh.600519,1705.0,27.457629,0.001233190439837939
2024-05,2024-05-31,sh.600519,1648.45,26.546937,-0.03316715542521986
2024-06,2024-06-28,sh.600519,1467.39,23.631114,-0.10983651308805242
2024-07,2024-07-31,sh.600519,1421.28,22.88855,-0.03142313904279037
2024-08,2024-08-30,sh.600519,1443.19,22.535098,0.01541568163908602
2024-09,2024-09-30,sh.600519,1748.0,27.29464,0.2112057317470326
2024-10,2024-10-31,sh.600519,1527.79,23.210945,-0.1259782608695652
2024-11,2024-11-29,sh.600519,1525.74,23.179801,-0.0013418074473585673
2024-12,2024-12-31,sh.600519,1524.0,23.153366,-0.0011404302174682357
2025-01,2025-01-27,sh.600519,1434.99,21.801081,-0.0584055118110236
2025-02,2025-02-28,sh.600519,1500.79,22.800748,0.045853978076502155
2025-03,2025-03-31,sh.600519,1561.0,23.715488,0.04011887072808329
2025-04,2025-04-30,sh.600519,1547.0,21.832717,-0.008968609865470878
2025-05,2025-05-30,sh.600519,1522.0,21.479894,-0.01616031027795739
2025-06,2025-06-30,sh.600519,1409.52,19.89247,-0.07390275952693826
2025-07,2025-07-31,sh.600519,1421.67,20.063943,0.008619955729610052
2025-08,2025-08-29,sh.600519,1480.0,20.672291,0.041029212123769865
2025-09,2025-09-30,sh.600519,1443.99,20.106251,-0.024331081081081063
2025-10,2025-10-31,sh.600519,1430.01,19.891279,-0.00968150748966412
2025-11,2025-11-28,sh.600519,1450.5,20.176292,0.014328571128873202
2025-12,2025-12-31,sh.600519,1377.18,19.156419,-0.05054808686659773
2015-01,2015-01-30,sh.600690,19.95,12.34205,
2015-02,2015-02-27,sh.600690,20.44,12.645188,0.024561403508772006
2015-03,2015-03-31,sh.600690,25.84,15.768018,0.2641878669275928
2015-04,2015-04-30,sh.600690,27.11,16.176068,0.04914860681114552
2015-05,2015-05-29,sh.600690,29.35,17.512638,0.08262633714496492
2015-06,2015-06-30,sh.600690,30.33,18.097387,0.03339011925042579
2015-07,2015-07-31,sh.600690,11.18,13.341826,-0.631388064622486
2015-08,2015-08-31,sh.600690,10.04,12.190041,-0.10196779964221825
2015-09,2015-09-30,sh.600690,9.06,11.000177,-0.09760956175298796
2015-10,2015-10-30,sh.600690,9.92,12.044344,0.09492273730684331
2015-11,2015-11-30,sh.600690,9.92,14.439339,0.0
2015-12,2015-12-31,sh.600690,9.92,14.439339,0.0
2016-01,2016-01-29,sh.600690,9.92,14.439339,0.0
2016-02,2016-02-29,sh.600690,7.48,10.855632,-0.24596774193548387
2016-03,2016-03-31,sh.600690,8.47,12.292406,0.13235294117647056
2016-04,2016-04-29,sh.600690,8.33,10.551975,-0.016528925619834767
2016-05,2016-05-31,sh.600690,9.15,11.590705,0.09843937575030015
2016-06,2016-06-30,sh.600690,8.88,11.248684,-0.02950819672131144
2016-07,2016-07-29,sh.600690,10.94,13.841212,0.23198198198198172
2016-08,2016-08-31,sh.600690,10.48,13.092352,-0.04204753199268729
2016-09,2016-09-30,sh.600690,10.14,12.6676,-0.03244274809160308
2016-10,2016-10-31,sh.600690,9.98,13.422295,-0.015779092702169595
2016-11,2016-11-30,sh.600690,10.7,14.390637,0.07214428857715416
2016-12,2016-12-30,sh.600690,9.88,13.287803,-0.07663551401869151
2017-01,2017-01-26,sh.600690,10.11,13.597134,0.023279352226720507
2017-02,2017-02-28,sh.600690,10.91,14.67307,0.0791295746785361
2017-03,2017-03-31,sh.600690,12.18,16.381117,0.11640696608615952
2017-04,2017-04-28,sh.600690,12.19,16.394567,0.0008210180623973162
2017-05,2017-05-31,sh.600690,14.17,16.684706,0.16242821985233813
2017-06,2017-06-30,sh.600690,15.05,17.720876,0.062103034580098804
2017-07,2017-07-31,sh.600690,14.04,16.531017,-0.0671096345514951
2017-08,2017-08-31,sh.600690,14.03,13.913296,-0.0007122507122506727
2017-09,2017-09-29,sh.600690,15.09,14.964479,0.07555238774055595
2017-10,2017-10-31,sh.600690,17.3,15.30537,0.14645460569913848
2017-11,2017-11-30,sh.600690,17.29,15.296523,-0.0005780346820810633
2017-12,2017-12-29,sh.600690,18.84,16.667813,0.08964719491035278
2018-01,2018-01-31,sh.600690,21.2,18.755714,0.12526539278131632
2018-02,2018-02-28,sh.600690,19.56,17.3048,-0.07735849056603772
2018-03,2018-03-30,sh.600690,17.62,15.588475,-0.09918200408997946
2018-04,2018-04-27,sh.600690,17.14,14.577482,-0.02724177071509648
2018-05,2018-05-31,sh.600690,20.1,17.094947,0.17269544924154023
2018-06,2018-06-29,sh.600690,19.26,16.380532,-0.04179104477611939
2018-07,2018-07-31,sh.600690,17.23,14.654027,-0.1053997923156802
2018-08,2018-08-31,sh.600690,14.89,12.322716,-0.13580963435867677
2018-09,2018-09-28,sh.600690,16.52,13.671677,0.109469442578912
2018-10,2018-10-31,sh.600690,12.66,10.812137,-0.23365617433414043
2018-11,2018-11-30,sh.600690,13.75,11.74304,0.08609794628751977
2018-12,2018-12-28,sh.600690,13.85,11.839625,0.0072727272727273196
2019-01,2019-01-31,sh.600690,16.0,13.677545,0.15523465703971118
2019-02,2019-02-28,sh.600690,16.48,14.087871,0.030000000000000027
2019-03,2019-03-29,sh.600690,17.11,14.626425,0.038228155339805836
2019-04,2019-04-30,sh.600690,17.18,14.350868,0.004091174751607252
2019-05,2019-05-31,sh.600690,15.9,13.281653,-0.07450523864959246
2019-06,2019-06-28,sh.600690,17.29,14.442754,0.08742138364779861
2019-07,2019-07-31,sh.600690,16.83,14.058613,-0.02660497397339512
2019-08,2019-08-30,sh.600690,15.91,12.984804,-0.05466428995840755
2019-09,2019-09-30,sh.600690,15.3,12.486966,-0.038340666247642985
2019-10,2019-10-31,sh.600690,16.0,11.256598,0.045751633986928164
2019-11,2019-11-29,sh.600690,17.06,12.002348,0.06624999999999992
2019-12,2019-12-31,sh.600690,19.5,14.173696,0.14302461899179386
2020-01,2020-01-23,sh.600690,18.57,13.497719,-0.0476923076923077
2020-02,2020-02-28,sh.600690,17.02,12.371092,-0.08346795907377491
2020-03,2020-03-31,sh.600690,14.4,10.466729,-0.15393654524089306
2020-04,2020-04-30,sh.600690,15.46,14.268353,0.07361111111111107
2020-05,2020-05-29,sh.600690,16.55,15.274337,0.07050452781371286
2020-06,2020-06-30,sh.600690,17.7,16.335696,0.06948640483383683
2020-07,2020-07-31,sh.600690,18.0,16.612572,0.016949152542372836
2020-08,2020-08-31,sh.600690,22.3,24.747041,0.23888888888888893
2020-09,2020-09-30,sh.600690,21.82,24.214369,-0.021524663677130018
2020-10,2020-10-30,sh.600690,24.86,23.724078,0.13932172318973413
2020-11,2020-11-30,sh.600690,26.97,25.737667,0.084875301689461
2020-12,2020-12-31,sh.600690,29.21,38.247817,0.08305524657026342
2021-01,2021-01-29,sh.600690,31.85,41.704655,0.09038000684697023
2021-02,2021-02-26,sh.600690,28.92,37.868089,-0.0919937205651491
2021-03,2021-03-31,sh.600690,31.18,32.772335,0.07814661134163203
2021-04,2021-04-30,sh.600690,33.13,28.609438,0.06254008980115477
2021-05,2021-05-31,sh.600690,30.17,26.108433,-0.08934500452761851
2021-06,2021-06-30,sh.600690,25.91,22.447607,-0.14119986741796486
2021-07,2021-07-30,sh.600690,24.98,21.605637,-0.03589347742184479
2021-08,2021-08-31,sh.600690,27.06,19.632114,0.08326661329063234
2021-09,2021-09-30,sh.600690,26.15,18.976036,-0.033628972653362954
2021-10,2021-10-29,sh.600690,27.2,19.73798,0.040152963671128195
2021-11,2021-11-30,sh.600690,27.22,20.446543,0.0007352941176470562
2021-12,2021-12-31,sh.600690,29.89,22.452137,0.09808963997060993
2022-01,2022-01-28,sh.600690,27.65,20.863687,-0.0749414519906324
2022-02,2022-02-28,sh.600690,25.49,19.240409,-0.07811934900542494
2022-03,2022-03-31,sh.600690,23.1,16.699152,-0.09376225970968999
2022-04,2022-04-29,sh.600690,25.91,18.09156,0.12164502164502156
2022-05,2022-05-31,sh.600690,25.39,17.728977,-0.02006947124662295
2022-06,2022-06-30,sh.600690,27.46,19.174388,0.08152816069318636
2022-07,2022-07-29,sh.600690,24.79,17.313523,-0.09723233794610353
2022-08,2022-08-31,sh.600690,25.87,17.264956,0.043565954013715213
2022-09,2022-09-30,sh.600690,24.77,16.532287,-0.04252029377657529
2022-10,2022-10-31,sh.600690,20.8,13.294122,-0.16027452563584976
2022-11,2022-11-30,sh.600690,24.53,15.68929,0.179326923076923
2022-12,2022-12-30,sh.600690,24.46,15.634556,-0.002853648593558966
2023-01,2023-01-31,sh.600690,25.7,16.421772,0.050695012264922346
2023-02,2023-02-28,sh.600690,26.31,16.81155,0.0237354085603112
2023-03,2023-03-31,sh.600690,22.68,14.56393,-0.1379703534777651
2023-04,2023-04-28,sh.600690,23.7,14.772786,0.04497354497354489
2023-05,2023-05-31,sh.600690,21.48,13.389006,-0.09367088607594931
2023-06,2023-06-30,sh.600690,23.48,14.622511,0.09310986964618251
2023-07,2023-07-31,sh.600690,24.7,15.382283,0.05195911413969334
2023-08,2023-08-31,sh.600690,23.51,14.119532,-0.04817813765182177
2023-09,2023-09-28,sh.600690,23.6,14.173584,0.0038281582305401685
2023-10,2023-10-31,sh.600690,22.22,12.950058,-0.058474576271186574
2023-11,2023-11-30,sh.600690,22.12,12.891777,-0.004500450045004434
2023-12,2023-12-29,sh.600690,21.0,12.239029,-0.05063291139240511
2024-01,2024-01-31,sh.600690,22.31,13.002511,0.062380952380952426
2024-02,2024-02-29,sh.600690,24.09,14.039915,0.07978484984311973
2024-03,2024-03-29,sh.600690,24.95,14.188494,0.03569946035699467
2024-04,2024-04-30,sh.600690,30.26,16.415967,0.21282565130260522
2024-05,2024-05-31,sh.600690,29.54,16.025369,-0.02379378717779257
2024-06,2024-06-28,sh.600690,28.38,15.396072,-0.039268788083953954
2024-07,2024-07-31,sh.600690,27.29,14.80475,-0.03840732910500355
2024-08,2024-08-30,sh.600690,24.73,12.92815,-0.0938072554049102
2024-09,2024-09-30,sh.600690,32.15,16.710864,0.30004043671653857
2024-10,2024-10-31,sh.600690,29.22,14.736816,-0.09113530326594088
2024-11,2024-11-29,sh.600690,28.33,14.287953,-0.0304585900068447
2024-12,2024-12-31,sh.600690,28.47,14.358561,0.004941757853865081
2025-01,2025-01-27,sh.600690,27.77,14.005523,-0.024587284861257386
2025-02,2025-02-28,sh.600690,26.25,13.238926,-0.05473532589124952
2025-03,2025-03-31,sh.600690,27.34,13.688021,0.04152380952380952
2025-04,2025-04-30,sh.600690,24.79,11.95265,-0.09326993416239948
2025-05,2025-05-30,sh.600690,25.04,12.073189,0.010084711577248884
2025-06,2025-06-30,sh.600690,24.78,11.947829,-0.010383386581469534
2025-07,2025-07-31,sh.600690,24.84,11.976758,0.002421307506053294
2025-08,2025-08-29,sh.600690,26.26,12.099272,0.05716586151368763
2025-09,2025-09-30,sh.600690,25.33,11.670775,-0.03541507996953552
2025-10,2025-10-31,sh.600690,26.81,11.995387,0.05842874062376624
2025-11,2025-11-28,sh.600690,27.58,12.339902,0.02872062663185382
2025-12,2025-12-31,sh.600690,26.09,11.669716,-0.054024655547498135
2015-01,2015-01-30,sh.600760,11.36,-409.817229,
2015-02,2015-02-27,sh.600760,11.95,-431.10175,0.05193661971830976
2015-03,2015-03-31,sh.600760,13.5,-487.018714,0.12970711297071147
2015-04,2015-04-30,sh.600760,15.02,-34.182884,0.11259259259259258
2015-05,2015-05-29,sh.600760,18.9,-43.013083,0.25832223701731016
2015-06,2015-06-30,sh.600760,23.31,-53.04947,0.2333333333333334
2015-07,2015-07-31,sh.600760,18.03,-41.033116,-0.22651222651222647
2015-08,2015-08-31,sh.600760,15.88,-33.903175,-0.1192457016084304
2015-09,2015-09-30,sh.600760,15.46,-33.006491,-0.026448362720402963
2015-10,2015-10-30,sh.600760,17.54,-35.703792,0.13454075032341506
2015-11,2015-11-30,sh.600760,16.16,-32.894714,-0.07867730900798175
2015-12,2015-12-31,sh.600760,15.46,-31.469819,-0.043316831683168244
2016-01,2016-01-29,sh.600760,9.98,-20.314929,-0.3544631306597672
2016-02,2016-02-29,sh.600760,9.39,-19.113946,-0.059118236472945895
2016-03,2016-03-31,sh.600760,12.09,-24.609969,0.2875399361022364
2016-04,2016-04-29,sh.600760,10.01,-16.509937,-0.17204301075268813
2016-05,2016-05-31,sh.600760,8.52,-14.052414,-0.14885114885114892
2016-06,2016-06-30,sh.600760,8.67,-14.299815,0.01760563380281699
2016-07,2016-07-29,sh.600760,9.11,-15.025527,0.05074971164936559
2016-08,2016-08-31,sh.600760,9.74,-18.045323,0.06915477497255762
2016-09,2016-09-30,sh.600760,9.74,-18.045323,0.0
2016-10,2016-10-31,sh.600760,9.74,-27.813723,0.0
2016-11,2016-11-30,sh.600760,9.74,-27.813723,0.0
2016-12,2016-12-30,sh.600760,19.28,-55.056322,0.9794661190965093
2017-01,2017-01-26,sh.600760,24.72,-70.590886,0.2821576763485476
2017-02,2017-02-28,sh.600760,29.32,-83.72673,0.18608414239482207
2017-03,2017-03-31,sh.600760,33.39,414.826306,0.1388130968622101
2017-04,2017-04-28,sh.600760,32.42,402.775347,-0.029050613956274285
2017-05,2017-05-31,sh.600760,28.54,227.204612,-0.11967921036397289
2017-06,2017-06-30,sh.600760,33.12,263.665618,0.1604765241765942
2017-07,2017-07-31,sh.600760,28.55,227.284221,-0.1379830917874395
2017-08,2017-08-31,sh.600760,30.91,253.356506,0.08266199649737294
2017-09,2017-09-29,sh.600760,33.65,275.815154,0.08864445163377543
2017-10,2017-10-31,sh.600760,30.29,1770.844807,-0.09985141158989597
2017-11,2017-11-30,sh.600760,32.04,1873.155088,0.057774843182568425
2017-12,2017-12-29,sh.600760,34.89,8262.214797,0.08895131086142327
2018-01,2018-01-31,sh.600760,29.71,7035.55178,-0.1484666093436514
2018-02,2018-02-28,sh.600760,29.25,6926.620315,-0.01548300235610911
2018-03,2018-03-30,sh.600760,34.48,8165.123709,0.17880341880341866
2018-04,2018-04-27,sh.600760,38.6,76.30794,0.11948955916473336
2018-05,2018-05-31,sh.600760,33.93,54.375736,-0.12098445595854923
2018-06,2018-06-29,sh.600760,36.04,57.757192,0.062186855290303544
2018-07,2018-07-31,sh.600760,38.02,60.930312,0.054938956714761567
2018-08,2018-08-31,sh.600760,35.98,41.058036,-0.05365597054182025
2018-09,2018-09-28,sh.600760,38.1,43.477242,0.05892162312395799
2018-10,2018-10-31,sh.600760,33.39,32.196894,-0.12362204724409454
2018-11,2018-11-30,sh.600760,32.41,31.322838,-0.029350104821803003
2018-12,2018-12-28,sh.600760,27.71,26.780495,-0.1450169700709656
2019-01,2019-01-31,sh.600760,29.48,28.491122,0.06387585709130272
2019-02,2019-02-28,sh.600760,33.69,32.559902,0.1428086838534599
2019-03,2019-03-29,sh.600760,32.76,61.725408,-0.027604630454140633
2019-04,2019-04-30,sh.600760,30.7,44.606053,-0.06288156288156288
2019-05,2019-05-31,sh.600760,29.07,42.237719,-0.05309446254071659
2019-06,2019-06-28,sh.600760,29.03,42.1796,-0.0013759889920880175
2019-07,2019-07-31,sh.600760,30.1,43.734273,0.036858422321736084
2019-08,2019-08-30,sh.600760,32.88,42.868814,0.09235880398671092
2019-09,2019-09-30,sh.600760,31.0,40.417677,-0.05717761557177625
2019-10,2019-10-31,sh.600760,29.41,39.192725,-0.05129032258064514
2019-11,2019-11-29,sh.600760,28.11,37.460303,-0.04420265215912955
2019-12,2019-12-31,sh.600760,31.6,42.111191,0.12415510494485948
2020-01,2020-01-23,sh.600760,29.0,38.646346,-0.08227848101265822
2020-02,2020-02-28,sh.600760,27.8,37.047187,-0.04137931034482756
2020-03,2020-03-31,sh.600760,28.63,38.153272,0.029856115107913528
2020-04,2020-04-30,sh.600760,33.49,36.712838,0.16975200838281523
2020-05,2020-05-29,sh.600760,33.6,36.833424,0.0032845625559867475
2020-06,2020-06-30,sh.600760,32.82,35.978362,-0.023214285714285743
2020-07,2020-07-31,sh.600760,63.93,70.082167,0.9478976234003655
2020-08,2020-08-31,sh.600760,59.05,63.817265,-0.07633348975441889
2020-09,2020-09-30,sh.600760,57.29,61.915175,-0.029805249788315002
2020-10,2020-10-30,sh.600760,51.83,51.164835,-0.09530459067900154
2020-11,2020-11-30,sh.600760,60.73,59.950616,0.17171522284391272
2020-12,2020-12-31,sh.600760,78.18,77.17667,0.2873373950271696
2021-01,2021-01-29,sh.600760,76.86,75.87361,-0.016884113584036964
2021-02,2021-02-26,sh.600760,81.1,80.059196,0.05516523549310426
2021-03,2021-03-31,sh.600760,64.91,61.410166,-0.19963008631319357
2021-04,2021-04-30,sh.600760,57.74,65.881537,-0.11046063780619308
2021-05,2021-05-31,sh.600760,77.78,88.747245,0.34707308624870103
2021-06,2021-06-30,sh.600760,60.3,96.323508,-0.2247364361018257
2021-07,2021-07-30,sh.600760,67.83,108.351966,0.12487562189054735
2021-08,2021-08-31,sh.600760,82.05,101.750862,0.20964175143741715
2021-09,2021-09-30,sh.600760,68.34,84.748981,-0.1670932358318098
2021-10,2021-10-29,sh.600760,75.5,93.628154,0.10477026631548125
2021-11,2021-11-30,sh.600760,72.98,80.689203,-0.03337748344370861
2021-12,2021-12-31,sh.600760,68.04,75.227369,-0.06768977802137566
2022-01,2022-01-28,sh.600760,51.6,57.050738,-0.24162257495590833
2022-02,2022-02-28,sh.600760,56.04,61.959755,0.086046511627907
2022-03,2022-03-31,sh.600760,56.29,65.081009,0.004461099214846609
2022-04,2022-04-29,sh.600760,49.9,57.69306,-0.1135192751820927
2022-05,2022-05-31,sh.600760,55.87,58.827339,0.11963927855711431
2022-06,2022-06-30,sh.600760,60.45,63.649162,0.08197601575085023
2022-07,2022-07-29,sh.600760,61.16,64.396737,0.011745244003308342
2022-08,2022-08-31,sh.600760,58.76,61.020318,-0.03924133420536291
2022-09,2022-09-30,sh.600760,60.95,63.29456,0.03727025187202182
2022-10,2022-10-31,sh.600760,72.46,70.462724,0.18884331419196054
2022-11,2022-11-30,sh.600760,62.23,60.514702,-0.14118134142975436
2022-12,2022-12-30,sh.600760,58.63,57.013932,-0.05784991161819053
2023-01,2023-01-31,sh.600760,61.06,59.376952,0.04144635851952927
2023-02,2023-02-28,sh.600760,57.82,56.226259,-0.05306256141500165
2023-03,2023-03-31,sh.600760,53.84,52.355963,-0.06883431338637147
2023-04,2023-04-28,sh.600760,57.51,46.477662,0.06816493313521543
2023-05,2023-05-31,sh.600760,58.93,47.625258,0.024691358024691468
2023-06,2023-06-30,sh.600760,45.0,50.914496,-0.23638214831155613
2023-07,2023-07-31,sh.600760,42.86,48.493229,-0.04755555555555557
2023-08,2023-08-31,sh.600760,44.55,45.821084,0.039430704619692
2023-09,2023-09-28,sh.600760,42.85,44.07258,-0.03815937149270476
2023-10,2023-10-31,sh.600760,42.18,39.685873,-0.015635939323220605
2023-11,2023-11-30,sh.600760,42.05,39.56356,-0.003082029397818986
2023-12,2023-12-29,sh.600760,42.18,39.685873,0.003091557669441247
2024-01,2024-01-31,sh.600760,35.44,32.465393,-0.1597913703176862
2024-02,2024-02-29,sh.600760,38.27,35.057861,0.07985327313769774
2024-03,2024-03-29,sh.600760,36.39,33.335657,-0.04912464071073952
2024-04,2024-04-30,sh.600760,38.7,34.608441,0.06347897774113775
2024-05,2024-05-31,sh.600760,39.6,35.413288,0.023255813953488413
2024-06,2024-06-28,sh.600760,40.1,35.860426,0.012626262626262541
2024-07,2024-07-31,sh.600760,43.29,38.713163,0.07955112219451355
2024-08,2024-08-30,sh.600760,41.22,36.262528,-0.047817047817047875
2024-09,2024-09-30,sh.600760,46.71,41.092253,0.13318777292576423
2024-10,2024-10-31,sh.600760,46.39,51.953826,-0.006850781417255369
2024-11,2024-11-29,sh.600760,49.49,55.425627,0.0668247467126537
2024-12,2024-12-31,sh.600760,50.72,56.803148,0.024853505758739125
2025-01,2025-01-27,sh.600760,46.56,52.144215,-0.08201892744479489
2025-02,2025-02-28,sh.600760,43.54,48.762009,-0.06486254295532656
2025-03,2025-03-31,sh.600760,42.28,47.35089,-0.02893890675241151
2025-04,2025-04-30,sh.600760,42.66,37.819328,0.00898770104068114
2025-05,2025-05-30,sh.600760,48.03,42.579989,0.1258790436005628
2025-06,2025-06-30,sh.600760,58.62,51.968331,0.2204871955028107
2025-07,2025-07-31,sh.600760,64.72,59.029238,0.10406004776526778
2025-08,2025-08-29,sh.600760,63.47,61.793111,-0.01931396786155748
2025-09,2025-09-30,sh.600760,71.83,69.932239,0.1317157712305026
2025-10,2025-10-31,sh.600760,61.08,58.945913,-0.14965891688709454
2025-11,2025-11-28,sh.600760,58.71,56.658719,-0.038801571709233706
2025-12,2025-12-31,sh.600760,56.15,54.188164,-0.04360415602112078
2015-01,2015-01-30,sh.600809,21.51,107.680219,
2015-02,2015-02-27,sh.600809,20.35,101.873196,-0.053928405392840495
2015-03,2015-03-31,sh.600809,22.15,53.908917,0.0884520884520883
2015-04,2015-04-30,sh.600809,23.23,87.933634,0.04875846501128667
2015-05,2015-05-29,sh.600809,22.98,86.987297,-0.01076194575979339
2015-06,2015-06-30,sh.600809,28.24,106.898228,0.22889469103568305
2015-07,2015-07-31,sh.600809,18.51,70.066792,-0.34454674220963166
2015-08,2015-08-31,sh.600809,15.71,49.44278,-0.151269584008644
2015-09,2015-09-30,sh.600809,15.26,48.026532,-0.028644175684277573
2015-10,2015-10-30,sh.600809,17.44,46.831512,0.14285714285714302
2015-11,2015-11-30,sh.600809,16.59,44.549013,-0.048738532110091826
2015-12,2015-12-31,sh.600809,19.27,51.745598,0.161543098251959
2016-01,2016-01-29,sh.600809,15.76,42.320219,-0.1821484172288531
2016-02,2016-02-29,sh.600809,14.97,40.198838,-0.05012690355329941
2016-03,2016-03-31,sh.600809,18.27,49.060305,0.22044088176352705
2016-04,2016-04-29,sh.600809,18.2,26.26453,-0.003831417624521105
2016-05,2016-05-31,sh.600809,20.9,30.160917,0.14835164835164827
2016-06,2016-06-30,sh.600809,22.18,32.008093,0.06124401913875599
2016-07,2016-07-29,sh.600809,22.11,31.907075,-0.003155996393147009
2016-08,2016-08-31,sh.600809,21.57,31.121537,-0.024423337856173677
2016-09,2016-09-30,sh.600809,19.53,28.178193,-0.09457579972183583
2016-10,2016-10-31,sh.600809,22.77,32.506175,0.16589861751152069
2016-11,2016-11-30,sh.600809,22.83,32.59183,0.0026350461133068936
2016-12,2016-12-30,sh.600809,25.02,35.718247,0.09592641261498036
2017-01,2017-01-26,sh.600809,24.74,35.318523,-0.011191047162270262
2017-02,2017-02-28,sh.600809,29.7,42.399358,0.2004850444624091
2017-03,2017-03-31,sh.600809,29.29,41.814047,-0.01380471380471382
2017-04,2017-04-28,sh.600809,31.01,34.505868,0.058723113690679396
2017-05,2017-05-31,sh.600809,30.91,34.394595,-0.0032247662044502245
2017-06,2017-06-30,sh.600809,34.69,38.600728,0.12229052086703329
2017-07,2017-07-31,sh.600809,40.83,45.432912,0.17699625252234075
2017-08,2017-08-31,sh.600809,46.55,47.536507,0.1400930688219446
2017-09,2017-09-29,sh.600809,55.05,56.216642,0.18259935553168627
2017-10,2017-10-31,sh.600809,58.42,52.718915,0.06121707538601284
2017-11,2017-11-30,sh.600809,48.11,43.415046,-0.17648065730914075
2017-12,2017-12-29,sh.600809,56.99,51.428466,0.18457701101642066
2018-01,2018-01-31,sh.600809,65.42,59.0358,0.14792068783997192
2018-02,2018-02-28,sh.600809,54.8,49.452183,-0.16233567716294717
2018-03,2018-03-30,sh.600809,54.97,49.605593,0.0031021897810219468
2018-04,2018-04-27,sh.600809,53.19,38.81661,-0.03238129889030383
2018-05,2018-05-31,sh.600809,64.45,47.033851,0.21169392742996807
2018-06,2018-06-29,sh.600809,62.89,45.895405,-0.024204809930178484
2018-07,2018-07-31,sh.600809,60.97,44.494242,-0.0305294959453013
2018-08,2018-08-31,sh.600809,47.3,32.006467,-0.22420862719370183
2018-09,2018-09-28,sh.600809,47.29,31.9997,-0.0002114164904861715
2018-10,2018-10-31,sh.600809,32.34,19.967276,-0.31613448932120947
2018-11,2018-11-30,sh.600809,35.85,22.134411,0.10853432282003705
2018-12,2018-12-28,sh.600809,35.05,21.640477,-0.022315202231520392
2019-01,2019-01-31,sh.600809,39.94,24.659648,0.13951497860199713
2019-02,2019-02-28,sh.600809,49.59,30.617725,0.24161241862794203
2019-03,2019-03-29,sh.600809,60.47,37.335226,0.21939907239362766
2019-04,2019-04-30,sh.600809,57.43,30.537038,-0.05027286257648422
2019-05,2019-05-31,sh.600809,56.52,30.250317,-0.01584537698067201
2019-06,2019-06-28,sh.600809,69.05,36.956553,0.22169143665958946
2019-07,2019-07-31,sh.600809,67.79,36.282183,-0.018247646632874592
2019-08,2019-08-30,sh.600809,76.75,39.016353,0.13217288685646844
2019-09,2019-09-30,sh.600809,77.31,39.301033,0.0072964169381106725
2019-10,2019-10-31,sh.600809,89.0,41.019595,0.15120941663432919
2019-11,2019-11-29,sh.600809,89.34,41.176299,0.0038202247191012617
2019-12,2019-12-31,sh.600809,89.7,41.342221,0.004029550033579632
2020-01,2020-01-23,sh.600809,91.68,42.254792,0.022073578595317667
2020-02,2020-02-28,sh.600809,86.25,37.132882,-0.05922774869109959
2020-03,2020-03-31,sh.600809,90.18,38.82485,0.04556521739130437
2020-04,2020-04-30,sh.600809,107.31,40.93926,0.1899534264803726
2020-05,2020-05-29,sh.600809,128.11,48.874555,0.19383095704035047
2020-06,2020-06-30,sh.600809,145.0,55.318168,0.13183982515026127
2020-07,2020-07-31,sh.600809,180.34,68.800541,0.24372413793103442
2020-08,2020-08-31,sh.600809,197.22,73.542683,0.09360097593434613
2020-09,2020-09-30,sh.600809,198.19,73.904393,0.00491836527735523
2020-10,2020-10-30,sh.600809,225.12,72.993557,0.1358797113880621
2020-11,2020-11-30,sh.600809,240.68,78.038776,0.0691186922530207
2020-12,2020-12-31,sh.600809,375.29,121.68511,0.5592903440252619
2021-01,2021-01-29,sh.600809,374.42,121.403019,-0.002318207253057647
2021-02,2021-02-26,sh.600809,313.1,101.520446,-0.16377330270818868
2021-03,2021-03-31,sh.600809,332.8,93.385249,0.06291919514532096
2021-04,2021-04-30,sh.600809,410.25,88.644172,0.23272235576923084
2021-05,2021-05-31,sh.600809,462.87,100.013962,0.1282632541133455
2021-06,2021-06-30,sh.600809,448.0,96.798949,-0.03212565083068686
2021-07,2021-07-30,sh.600809,286.0,86.514061,-0.3616071428571429
2021-08,2021-08-31,sh.600809,277.52,67.804269,-0.02965034965034974
2021-09,2021-09-30,sh.600809,315.5,77.083622,0.13685500144133766
2021-10,2021-10-29,sh.600809,301.5,67.401795,-0.04437400950871628
2021-11,2021-11-30,sh.600809,310.02,69.306483,0.0282587064676616
2021-12,2021-12-31,sh.600809,315.78,70.594159,0.01857944648732346
2022-01,2022-01-28,sh.600809,275.15,61.511124,-0.12866552663246567
2022-02,2022-02-28,sh.600809,292.23,65.329442,0.06207523169180473
2022-03,2022-03-31,sh.600809,254.9,56.984138,-0.12774184717517023
2022-04,2022-04-29,sh.600809,272.0,48.507387,0.0670851314240879
2022-05,2022-05-31,sh.600809,272.5,48.596555,0.0018382352941177516
2022-06,2022-06-30,sh.600809,324.8,57.921583,0.19192660550458718
2022-07,2022-07-29,sh.600809,274.17,48.892735,-0.15588054187192113
2022-08,2022-08-31,sh.600809,293.0,52.705282,0.0686800160484371
2022-09,2022-09-30,sh.600809,302.89,54.48431,0.033754266211604156
2022-10,2022-10-31,sh.600809,232.38,37.586679,-0.23279078213212712
2022-11,2022-11-30,sh.600809,256.05,41.415221,0.10185902401239355
2022-12,2022-12-30,sh.600809,284.99,46.096169,0.11302479984378055
2023-01,2023-01-31,sh.600809,291.55,47.157226,0.023018351521105984
2023-02,2023-02-28,sh.600809,282.65,45.717682,-0.030526496312810902
2023-03,2023-03-31,sh.600809,272.4,44.059779,-0.036263930656288745
2023-04,2023-04-28,sh.600809,248.46,32.929942,-0.08788546255506602
2023-05,2023-05-31,sh.600809,209.83,27.810069,-0.15547774289624083
2023-06,2023-06-30,sh.600809,185.07,24.528473,-0.11800028594576573
2023-07,2023-07-31,sh.600809,238.78,31.646992,0.29021451342735194
2023-08,2023-08-31,sh.600809,242.05,29.977492,0.013694614289303964
2023-09,2023-09-28,sh.600809,239.5,29.661679,-0.010535013426977935
2023-10,2023-10-31,sh.600809,247.2,28.945315,0.0321503131524008
2023-11,2023-11-30,sh.600809,238.86,27.968762,-0.033737864077669766
2023-12,2023-12-29,sh.600809,230.73,27.016798,-0.034036674202461814
2024-01,2024-01-31,sh.600809,200.11,23.43142,-0.13270922723529655
2024-02,2024-02-29,sh.600809,233.06,27.289624,0.16465943730947963
2024-03,2024-03-29,sh.600809,245.08,28.697079,0.05157470179352952
2024-04,2024-04-30,sh.600809,262.31,26.933318,0.07030357434307155
2024-05,2024-05-31,sh.600809,241.34,24.780173,-0.07994357820898934
2024-06,2024-06-28,sh.600809,210.88,21.652618,-0.12621198309438963
2024-07,2024-07-31,sh.600809,184.33,18.926532,-0.12590098634294378
2024-08,2024-08-30,sh.600809,176.83,17.856988,-0.04068789670699291
2024-09,2024-09-30,sh.600809,218.89,22.104372,0.23785556749420333
2024-10,2024-10-31,sh.600809,200.9,19.834355,-0.08218740006395897
2024-11,2024-11-29,sh.600809,203.69,20.109805,0.013887506222000967
2024-12,2024-12-31,sh.600809,184.21,18.186593,-0.09563552457165292
2025-01,2025-01-27,sh.600809,172.0,16.98113,-0.06628304652299011
2025-02,2025-02-28,sh.600809,203.68,20.108818,0.18418604651162784
2025-03,2025-03-31,sh.600809,214.28,21.155329,0.05204241948153965
2025-04,2025-04-30,sh.600809,204.1,19.717601,-0.047507933544894576
2025-05,2025-05-30,sh.600809,184.3,17.804772,-0.09701126898579115
2025-06,2025-06-30,sh.600809,176.39,17.040606,-0.04291915355398823
2025-07,2025-07-31,sh.600809,179.0,17.292752,0.014796757185781662
2025-08,2025-08-29,sh.600809,202.02,19.975343,0.12860335195530737
2025-09,2025-09-30,sh.600809,194.01,19.18333,-0.03964953964953977
2025-10,2025-10-31,sh.600809,190.5,18.898532,-0.018091850935518794
2025-11,2025-11-28,sh.600809,194.3,19.275511,0.019947506561679873
2025-12,2025-12-31,sh.600809,171.7,17.03348,-0.1163149768399383
2015-01,2015-01-30,sh.600887,27.3,19.778472,
2015-02,2015-02-27,sh.600887,28.24,20.459489,0.03443223443223431
2015-03,2015-03-31,sh.600887,30.85,22.350398,0.0924220963172806
2015-04,2015-04-30,sh.600887,36.46,25.608817,0.18184764991896274
2015-05,2015-05-29,sh.600887,20.15,28.305961,-0.44733955019199123
2015-06,2015-06-30,sh.600887,18.9,26.550008,-0.06203473945409432
2015-07,2015-07-31,sh.600887,17.26,24.246198,-0.08677248677248661
2015-08,2015-08-31,sh.600887,16.11,21.874853,-0.06662804171494796
2015-09,2015-09-30,sh.600887,15.38,20.883627,-0.04531346989447538
2015-10,2015-10-30,sh.600887,15.93,21.630441,0.03576072821846554
2015-11,2015-11-30,sh.600887,14.75,21.180361,-0.07407407407407407
2015-12,2015-12-31,sh.600887,16.43,23.592768,0.11389830508474574
2016-01,2016-01-29,sh.600887,13.34,19.155662,-0.18807060255629948
2016-02,2016-02-29,sh.600887,12.99,18.653077,-0.026236881559220326
2016-03,2016-03-31,sh.600887,14.57,19.077744,0.12163202463433409
2016-04,2016-04-29,sh.600887,15.03,19.680061,0.03157172271791353
2016-05,2016-05-31,sh.600887,15.41,19.14051,0.02528276779773786
2016-06,2016-06-30,sh.600887,16.67,20.705536,0.0817650876054512
2016-07,2016-07-29,sh.600887,18.54,23.028232,0.11217756448710237
2016-08,2016-08-31,sh.600887,16.85,19.723964,-0.09115426105717361
2016-09,2016-09-30,sh.600887,16.11,18.857749,-0.0439169139465877
2016-10,2016-10-31,sh.600887,17.99,20.263207,0.11669770328988194
2016-11,2016-11-30,sh.600887,19.78,22.27939,0.09949972206781554
2016-12,2016-12-30,sh.600887,17.6,19.823926,-0.11021233569261879
2017-01,2017-01-26,sh.600887,18.41,20.736278,0.04602272727272716
2017-02,2017-02-28,sh.600887,18.06,20.38968,-0.019011406844106515
2017-03,2017-03-31,sh.600887,18.91,20.30339,0.04706533776301236
2017-04,2017-04-28,sh.600887,18.26,19.605495,-0.03437334743521936
2017-05,2017-05-31,sh.600887,19.41,20.198391,0.06297918948521342
2017-06,2017-06-30,sh.600887,21.59,22.466938,0.11231324059763015
2017-07,2017-07-31,sh.600887,20.63,21.467945,-0.0444650301065308
2017-08,2017-08-31,sh.600887,23.32,24.381115,0.1303926320891906
2017-09,2017-09-29,sh.600887,27.5,28.751315,0.179245283018868
2017-10,2017-10-31,sh.600887,29.55,28.930687,0.07454545454545447
2017-11,2017-11-30,sh.600887,28.68,28.076577,-0.029441624365482255
2017-12,2017-12-29,sh.600887,32.19,31.512727,0.12238493723849375
2018-01,2018-01-31,sh.600887,34.1,33.382541,0.05933519726623193
2018-02,2018-02-28,sh.600887,32.45,31.767257,-0.048387096774193505
2018-03,2018-03-30,sh.600887,28.49,27.890574,-0.12203389830508482
2018-04,2018-04-27,sh.600887,26.28,25.087336,-0.0775710775710775
2018-05,2018-05-31,sh.600887,31.03,29.621767,0.18074581430745806
2018-06,2018-06-29,sh.600887,27.9,26.633815,-0.10087012568482123
2018-07,2018-07-31,sh.600887,26.44,25.240075,-0.05232974910394261
2018-08,2018-08-31,sh.600887,24.2,24.18364,-0.08472012102874438
2018-09,2018-09-28,sh.600887,25.68,25.662639,0.06115702479338836
2018-10,2018-10-31,sh.600887,22.08,21.960978,-0.14018691588785048
2018-11,2018-11-30,sh.600887,23.83,23.700121,0.07925724637681153
2018-12,2018-12-28,sh.600887,22.88,22.755299,-0.039865715484683095
2019-01,2019-01-31,sh.600887,24.18,24.048213,0.05681818181818188
2019-02,2019-02-28,sh.600887,27.04,25.521578,0.11827956989247301
2019-03,2019-03-29,sh.600887,29.11,27.475338,0.07655325443786976
2019-04,2019-04-30,sh.600887,31.0,28.482832,0.0649261422191687
2019-05,2019-05-31,sh.600887,30.01,27.657274,-0.031935483870967674
2019-06,2019-06-28,sh.600887,33.41,30.793088,0.11329556814395181
2019-07,2019-07-31,sh.600887,31.2,28.756191,-0.06614785992217886
2019-08,2019-08-30,sh.600887,28.65,25.785507,-0.08173076923076927
2019-09,2019-09-30,sh.600887,28.52,25.668505,-0.0045375218150086605
2019-10,2019-10-31,sh.600887,29.0,25.178147,0.016830294530154388
2019-11,2019-11-29,sh.600887,29.09,25.256286,0.003103448275862064
2019-12,2019-12-31,sh.600887,30.94,26.85919,0.0635957373667928
2020-01,2020-01-23,sh.600887,30.64,26.598758,-0.009696186166774479
2020-02,2020-02-28,sh.600887,28.91,25.096936,-0.056462140992167065
2020-03,2020-03-31,sh.600887,29.86,25.921636,0.03286060186786566
2020-04,2020-04-30,sh.600887,29.24,30.729652,-0.02076356329537843
2020-05,2020-05-29,sh.600887,28.45,29.899405,-0.027017783857729127
2020-06,2020-06-30,sh.600887,31.13,32.715939,0.09420035149384876
2020-07,2020-07-31,sh.600887,36.63,38.414436,0.17667844522968212
2020-08,2020-08-31,sh.600887,41.94,37.037222,0.14496314496314477
2020-09,2020-09-30,sh.600887,38.5,33.999357,-0.08202193609918929
2020-10,2020-10-30,sh.600887,39.73,32.983668,0.03194805194805195
2020-11,2020-11-30,sh.600887,37.79,31.373089,-0.048829599798640766
2020-12,2020-12-31,sh.600887,44.37,36.832221,0.1741201376025403
2021-01,2021-01-29,sh.600887,44.2,36.691101,-0.003831417624520994
2021-02,2021-02-26,sh.600887,43.22,35.877588,-0.02217194570135761
2021-03,2021-03-31,sh.600887,40.03,33.22952,-0.07380842202683935
2021-04,2021-04-30,sh.600887,40.95,28.414653,0.0229827629278041
2021-05,2021-05-31,sh.600887,40.49,28.095465,-0.011233211233211304
2021-06,2021-06-30,sh.600887,36.83,25.55584,-0.09039268955297608
2021-07,2021-07-30,sh.600887,33.39,23.167167,-0.09340211783871832
2021-08,2021-08-31,sh.600887,34.01,23.87305,0.018568433662773165
2021-09,2021-09-30,sh.600887,37.7,26.463216,0.10849750073507813
2021-10,2021-10-29,sh.600887,43.0,29.065595,0.14058355437665782
2021-11,2021-11-30,sh.600887,39.17,26.476729,-0.08906976744186046
2021-12,2021-12-31,sh.600887,41.46,29.489664,0.058463109522593815
2022-01,2022-01-28,sh.600887,38.07,27.078425,-0.08176555716353118
2022-02,2022-02-28,sh.600887,39.52,28.109781,0.038087733123194134
2022-03,2022-03-31,sh.600887,36.89,26.239114,-0.06654858299595146
2022-04,2022-04-29,sh.600887,38.47,26.211707,0.042830035239902475
2022-05,2022-05-31,sh.600887,38.0,25.89147,-0.01221731219131783
2022-06,2022-06-30,sh.600887,38.95,26.538757,0.025000000000000133
2022-07,2022-07-29,sh.600887,35.83,24.409935,-0.0801026957637998
2022-08,2022-08-31,sh.600887,35.74,24.035482,-0.0025118615685179035
2022-09,2022-09-30,sh.600887,32.98,22.179356,-0.07722439843312834
2022-10,2022-10-31,sh.600887,25.24,18.309195,-0.23468768950879315
2022-11,2022-11-30,sh.600887,28.85,20.927903,0.14302694136291616
2022-12,2022-12-30,sh.600887,31.0,22.487522,0.07452339688041598
2023-01,2023-01-31,sh.600887,32.58,23.63366,0.05096774193548392
2023-02,2023-02-28,sh.600887,30.46,22.09433,-0.06507059545733573
2023-03,2023-03-31,sh.600887,29.12,21.122354,-0.04399212081418258
2023-04,2023-04-28,sh.600887,29.56,19.854201,0.015109890109890056
2023-05,2023-05-31,sh.600887,28.81,19.252273,-0.025372124492557546
2023-06,2023-06-30,sh.600887,28.32,18.92483,-0.01700798333911835
2023-07,2023-07-31,sh.600887,28.66,19.151598,0.012005649717514055
2023-08,2023-08-31,sh.600887,26.0,17.235464,-0.0928122819260293
2023-09,2023-09-28,sh.600887,26.53,17.586803,0.020384615384615445
2023-10,2023-10-31,sh.600887,27.42,16.238427,0.033546928006030985
2023-11,2023-11-30,sh.600887,27.25,16.137228,-0.0061998541210795954
2023-12,2023-12-29,sh.600887,26.75,15.841132,-0.01834862385321101
2024-01,2024-01-31,sh.600887,27.09,16.042477,0.012710280373831706
2024-02,2024-02-29,sh.600887,28.35,16.788639,0.04651162790697683
2024-03,2024-03-29,sh.600887,27.9,16.522153,-0.015873015873015928
2024-04,2024-04-30,sh.600887,28.61,14.300354,0.02544802867383522
2024-05,2024-05-31,sh.600887,28.31,14.150403,-0.010485844110450948
2024-06,2024-06-28,sh.600887,25.84,12.915804,-0.08724832214765099
2024-07,2024-07-31,sh.600887,25.09,12.540926,-0.029024767801857587
2024-08,2024-08-30,sh.600887,22.63,12.361041,-0.09804703068951781
2024-09,2024-09-30,sh.600887,29.07,15.878721,0.284577993813522
2024-10,2024-10-31,sh.600887,27.91,14.909383,-0.03990368077055384
2024-11,2024-11-29,sh.600887,28.58,15.267293,0.02400573271228934
2024-12,2024-12-31,sh.600887,30.18,16.121849,0.055983205038488526
2025-01,2025-01-27,sh.600887,27.83,14.866503,-0.0778661365142479
2025-02,2025-02-28,sh.600887,28.28,15.106889,0.016169601149838453
2025-03,2025-03-31,sh.600887,28.08,15.000051,-0.007072135785007205
2025-04,2025-04-30,sh.600887,29.76,25.586895,0.05982905982905984
2025-05,2025-05-30,sh.600887,30.3,25.885272,0.01814516129032251
2025-06,2025-06-30,sh.600887,27.88,23.817867,-0.0798679867986799
2025-07,2025-07-31,sh.600887,27.41,23.416347,-0.01685796269727402
2025-08,2025-08-29,sh.600887,28.57,22.249572,0.042320321050711485
2025-09,2025-09-30,sh.600887,27.28,21.244954,-0.045152257612880664
2025-10,2025-10-31,sh.600887,27.41,21.643907,0.004765395894428037
2025-11,2025-11-28,sh.600887,29.38,23.199489,0.07187157971543234
2025-12,2025-12-31,sh.600887,28.6,22.583574,-0.02654867256637161
2015-01,2015-01-30,sh.600900,10.18,14.248028,
2015-02,2015-02-27,sh.600900,10.03,14.038086,-0.014734774066797685
2015-03,2015-03-31,sh.600900,10.89,15.241751,0.08574277168494526
2015-04,2015-04-30,sh.600900,13.21,16.663242,0.21303948576675857
2015-05,2015-05-29,sh.600900,13.19,16.638014,-0.0015140045420137804
2015-06,2015-06-30,sh.600900,14.35,18.101251,0.08794541319181204
2015-07,2015-07-31,sh.600900,14.35,18.101251,0.0
2015-08,2015-08-31,sh.600900,14.35,17.362963,0.0
2015-09,2015-09-30,sh.600900,14.35,17.362963,0.0
2015-10,2015-10-30,sh.600900,14.35,17.362963,0.0
2015-11,2015-11-30,sh.600900,13.45,18.690525,-0.06271777003484325
2015-12,2015-12-31,sh.600900,13.56,18.843385,0.008178438661710086
2016-01,2016-01-29,sh.600900,12.11,17.45414,-0.10693215339233042
2016-02,2016-02-29,sh.600900,11.4,16.430818,-0.05862923203963655
2016-03,2016-03-31,sh.600900,12.28,17.699161,0.07719298245614037
2016-04,2016-04-29,sh.600900,12.33,23.542972,0.004071661237785129
2016-05,2016-05-31,sh.600900,12.46,23.791195,0.010543390105433925
2016-06,2016-06-30,sh.600900,12.49,23.848477,0.0024077046548955927
2016-07,2016-07-29,sh.600900,13.24,25.280531,0.06004803843074469
2016-08,2016-08-31,sh.600900,13.79,25.068473,0.041540785498489274
2016-09,2016-09-30,sh.600900,13.3,24.177715,-0.03553299492385775
2016-10,2016-10-31,sh.600900,13.45,25.913033,0.011278195488721776
2016-11,2016-11-30,sh.600900,13.34,25.701105,-0.008178438661709975
2016-12,2016-12-30,sh.600900,12.66,24.391003,-0.050974512743628186
2017-01,2017-01-26,sh.600900,13.03,13.640733,0.02922590837282768
2017-02,2017-02-28,sh.600900,12.97,13.577921,-0.004604758250191798
2017-03,2017-03-31,sh.600900,13.27,13.891982,0.02313030069390898
2017-04,2017-04-28,sh.600900,13.89,14.541042,0.0467219291635268
2017-05,2017-05-31,sh.600900,14.81,15.299507,0.06623470122390218
2017-06,2017-06-30,sh.600900,15.38,15.888347,0.03848750844024318
2017-07,2017-07-31,sh.600900,15.21,15.712728,-0.011053315994798418
2017-08,2017-08-31,sh.600900,14.98,15.446409,-0.015121630506245931
2017-09,2017-09-29,sh.600900,15.07,15.539211,0.006008010680907949
2017-10,2017-10-31,sh.600900,15.91,15.67581,0.05573988055739876
2017-11,2017-11-30,sh.600900,16.46,16.217714,0.034569453174104314
2017-12,2017-12-29,sh.600900,15.59,15.36052,-0.05285540704738767
2018-01,2018-01-31,sh.600900,15.9,15.746826,0.019884541372674924
2018-02,2018-02-28,sh.600900,16.47,16.311335,0.035849056603773466
2018-03,2018-03-30,sh.600900,16.02,15.86567,-0.02732240437158462
2018-04,2018-04-27,sh.600900,16.11,15.954803,0.00561797752808979
2018-05,2018-05-31,sh.600900,17.11,16.815646,0.062073246430788265
2018-06,2018-06-29,sh.600900,16.14,15.862333,-0.05669199298655747
2018-07,2018-07-31,sh.600900,16.84,16.550291,0.043370508054522805
2018-08,2018-08-31,sh.600900,15.82,15.346682,-0.06057007125890734
2018-09,2018-09-28,sh.600900,16.38,15.889928,0.03539823008849541
2018-10,2018-10-31,sh.600900,15.61,15.312323,-0.04700854700854695
2018-11,2018-11-30,sh.600900,14.35,14.07635,-0.08071748878923768
2018-12,2018-12-28,sh.600900,15.88,15.577174,0.10662020905923364
2019-01,2019-01-31,sh.600900,16.43,15.972603,0.0346347607052897
2019-02,2019-02-28,sh.600900,16.3,15.846222,-0.00791235544735236
2019-03,2019-03-29,sh.600900,16.87,16.400354,0.03496932515337425
2019-04,2019-04-30,sh.600900,16.87,16.353555,0.0
2019-05,2019-05-31,sh.600900,17.71,17.16784,0.049792531120331995
2019-06,2019-06-28,sh.600900,17.9,17.352023,0.010728402032749829
2019-07,2019-07-31,sh.600900,18.72,18.146921,0.045810055865921795
2019-08,2019-08-30,sh.600900,18.62,18.049982,-0.005341880341880212
2019-09,2019-09-30,sh.600900,18.23,17.698301,-0.020945220193340552
2019-10,2019-10-31,sh.600900,17.86,17.446676,-0.020296215030170095
2019-11,2019-11-29,sh.600900,18.13,17.710428,0.01511758118701012
2019-12,2019-12-31,sh.600900,18.38,17.954642,0.013789299503585317
2020-01,2020-01-23,sh.600900,17.15,17.5,-0.06692056583242656
2020-02,2020-02-28,sh.600900,17.03,17.377551,-0.0069970845481047705
2020-03,2020-03-31,sh.600900,17.29,17.642857,0.015267175572518887
2020-04,2020-04-30,sh.600900,17.45,18.352621,0.009253903990746215
2020-05,2020-05-29,sh.600900,17.39,18.289517,-0.0034383954154727503
2020-06,2020-06-30,sh.600900,18.94,19.919693,0.08913168487636569
2020-07,2020-07-31,sh.600900,18.37,19.320209,-0.030095036958817323
2020-08,2020-08-31,sh.600900,19.3,20.341484,0.05062602068590083
2020-09,2020-09-30,sh.600900,19.13,20.79559,-0.00880829015544049
2020-10,2020-10-30,sh.600900,18.96,20.656986,-0.008886565603763663
2020-11,2020-11-30,sh.600900,20.11,21.909915,0.06065400843881852
2020-12,2020-12-31,sh.600900,19.16,20.874886,-0.04724017901541522
2021-01,2021-01-29,sh.600900,19.68,17.007782,0.02713987473903967
2021-02,2021-02-26,sh.600900,19.75,17.068277,0.0035569105691057867
2021-03,2021-03-31,sh.600900,21.44,18.528803,0.08556962025316461
2021-04,2021-04-30,sh.600900,19.97,16.897716,-0.068563432835821
2021-05,2021-05-31,sh.600900,19.86,16.804639,-0.0055082623935903685
2021-06,2021-06-30,sh.600900,20.64,17.46464,0.0392749244712991
2021-07,2021-07-30,sh.600900,19.0,16.129361,-0.0794573643410853
2021-08,2021-08-31,sh.600900,19.34,16.303582,0.017894736842105186
2021-09,2021-09-30,sh.600900,22.0,18.545957,0.13753877973112716
2021-10,2021-10-29,sh.600900,21.25,17.913708,-0.03409090909090906
2021-11,2021-11-30,sh.600900,19.53,17.339894,-0.08094117647058818
2021-12,2021-12-31,sh.600900,22.7,20.154408,0.16231438812083954
2022-01,2022-01-28,sh.600900,21.92,18.849078,-0.03436123348017606
2022-02,2022-02-28,sh.600900,23.18,19.932556,0.057481751824817406
2022-03,2022-03-31,sh.600900,22.0,18.91787,-0.05090595340811044
2022-04,2022-04-29,sh.600900,22.72,19.537,0.032727272727272716
2022-05,2022-05-31,sh.600900,24.02,20.581647,0.05721830985915499
2022-06,2022-06-30,sh.600900,23.12,19.810478,-0.03746877601998333
2022-07,2022-07-29,sh.600900,23.88,20.461687,0.03287197231833905
2022-08,2022-08-31,sh.600900,23.98,18.816469,0.0041876046901172526
2022-09,2022-09-30,sh.600900,22.74,17.843474,-0.051709758131776584
2022-10,2022-10-31,sh.600900,20.26,17.963042,-0.10905892700087938
2022-11,2022-11-30,sh.600900,21.22,18.814203,0.047384007897334435
2022-12,2022-12-30,sh.600900,21.0,18.619145,-0.010367577756833168
2023-01,2023-01-31,sh.600900,20.79,22.094642,-0.010000000000000009
2023-02,2023-02-28,sh.600900,21.16,23.399487,0.017797017797017922
2023-03,2023-03-31,sh.600900,21.25,23.499012,0.0042533081285445196
2023-04,2023-04-28,sh.600900,21.88,24.541169,0.02964705882352936
2023-05,2023-05-31,sh.600900,22.51,25.247793,0.028793418647166558
2023-06,2023-06-30,sh.600900,22.06,24.743061,-0.01999111505997342
2023-07,2023-07-31,sh.600900,21.46,24.070086,-0.027198549410697992
2023-08,2023-08-31,sh.600900,22.06,28.898958,0.02795899347623476
2023-09,2023-09-28,sh.600900,22.24,29.134761,0.008159564823209342
2023-10,2023-10-31,sh.600900,22.57,24.917042,0.014838129496403063
2023-11,2023-11-30,sh.600900,22.83,25.204079,0.011519716437749183
2023-12,2023-12-29,sh.600900,23.34,25.767114,0.02233902759526951
2024-01,2024-01-31,sh.600900,24.4,21.797967,0.045415595544130216
2024-02,2024-02-29,sh.600900,25.05,22.37865,0.026639344262295195
2024-03,2024-03-29,sh.600900,24.93,22.271447,-0.004790419161676662
2024-04,2024-04-30,sh.600900,25.79,22.869483,0.03449659045326903
2024-05,2024-05-31,sh.600900,26.61,23.596624,0.03179526948429623
2024-06,2024-06-28,sh.600900,28.92,25.645035,0.08680947012401363
2024-07,2024-07-31,sh.600900,29.86,26.478587,0.03250345781466102
2024-08,2024-08-30,sh.600900,29.38,26.052944,-0.016075016744809156
2024-09,2024-09-30,sh.600900,30.05,24.740546,0.022804628999319343
2024-10,2024-10-31,sh.600900,27.58,20.000963,-0.08219633943427629
2024-11,2024-11-29,sh.600900,27.32,19.812411,-0.00942712110224797
2024-12,2024-12-31,sh.600900,29.55,21.429603,0.08162518301610544
2025-01,2025-01-27,sh.600900,28.9,21.744511,-0.021996615905245376
2025-02,2025-02-28,sh.600900,27.38,20.600855,-0.05259515570934259
2025-03,2025-03-31,sh.600900,27.81,20.924389,0.01570489408327247
2025-04,2025-04-30,sh.600900,29.5,21.413184,0.06076950737144915
2025-05,2025-05-30,sh.600900,30.2,21.921294,0.023728813559322104
2025-06,2025-06-30,sh.600900,30.14,21.877741,-0.001986754966887383
2025-07,2025-07-31,sh.600900,27.84,19.965948,-0.07631055076310556
2025-08,2025-08-29,sh.600900,28.09,20.14524,0.00897988505747116
2025-09,2025-09-30,sh.600900,27.25,19.504499,-0.029903880384478443
2025-10,2025-10-31,sh.600900,28.1,21.049299,0.031192660550458662
2025-11,2025-11-28,sh.600900,27.98,20.959409,-0.004270462633451988
2025-12,2025-12-31,sh.600900,27.19,20.367631,-0.02823445318084339
2025-07,2025-07-31,sh.600930,6.51,29.65513,
2025-08,2025-08-29,sh.600930,6.51,30.688804,0.0
2025-09,2025-09-30,sh.600930,6.39,30.123112,-0.018433179723502335
2025-10,2025-10-31,sh.600930,6.42,30.279595,0.0046948356807512415
2025-11,2025-11-28,sh.600930,6.23,29.38347,-0.029595015576323935
2025-12,2025-12-31,sh.600930,6.29,29.666456,0.009630818619582593
2015-01,2015-01-30,sh.601012,24.75,62.113747,
2015-02,2015-02-27,sh.601012,26.55,49.544529,0.07272727272727275
2015-03,2015-03-31,sh.601012,51.69,96.45788,0.9468926553672314
2015-04,2015-04-30,sh.601012,53.07,91.123276,0.026697620429483537
2015-05,2015-05-29,sh.601012,19.62,101.064933,-0.6302996042962126
2015-06,2015-06-30,sh.601012,15.74,87.398791,-0.19775739041794094
2015-07,2015-07-31,sh.601012,12.59,69.907928,-0.20012706480304954
2015-08,2015-08-31,sh.601012,9.54,56.456211,-0.24225575853852266
2015-09,2015-09-30,sh.601012,9.15,54.148252,-0.04088050314465397
2015-10,2015-10-30,sh.601012,12.33,62.283279,0.3475409836065573
2015-11,2015-11-30,sh.601012,13.75,69.456211,0.11516626115166262
2015-12,2015-12-31,sh.601012,13.65,68.946638,-0.0072727272727272085
2016-01,2016-01-29,sh.601012,10.41,52.581282,-0.2373626373626374
2016-02,2016-02-29,sh.601012,10.59,53.490468,0.01729106628242083
2016-03,2016-03-31,sh.601012,12.65,43.137193,0.19452313503305008
2016-04,2016-04-29,sh.601012,12.44,30.972048,-0.016600790513834007
2016-05,2016-05-31,sh.601012,12.04,29.976162,-0.032154340836012874
2016-06,2016-06-30,sh.601012,13.05,32.490774,0.08388704318936901
2016-07,2016-07-29,sh.601012,14.68,36.549008,0.12490421455938683
2016-08,2016-08-31,sh.601012,15.15,21.268457,0.032016348773842074
2016-09,2016-09-30,sh.601012,13.5,21.19364,-0.1089108910891089
2016-10,2016-10-31,sh.601012,13.88,20.057264,0.028148148148148255
2016-11,2016-11-30,sh.601012,13.76,19.883858,-0.008645533141210415
2016-12,2016-12-30,sh.601012,13.39,19.470476,-0.026889534883720922
2017-01,2017-01-26,sh.601012,14.6,21.22202,0.0903659447348768
2017-02,2017-02-28,sh.601012,14.72,21.396447,0.008219178082191858
2017-03,2017-03-31,sh.601012,15.82,20.407357,0.07472826086956519
2017-04,2017-04-28,sh.601012,16.95,19.663456,0.0714285714285714
2017-05,2017-05-31,sh.601012,14.79,17.15767,-0.12743362831858407
2017-06,2017-06-30,sh.601012,17.1,19.837469,0.15618661257606514
2017-07,2017-07-31,sh.601012,22.34,25.916319,0.3064327485380116
2017-08,2017-08-31,sh.601012,21.39,22.205765,-0.04252461951656217
2017-09,2017-09-29,sh.601012,29.47,30.593917,0.3777466105656848
2017-10,2017-10-31,sh.601012,32.82,24.35492,0.11367492365117071
2017-11,2017-11-30,sh.601012,32.03,23.768681,-0.02407068860450945
2017-12,2017-12-29,sh.601012,36.44,27.015476,0.13768342179206972
2018-01,2018-01-31,sh.601012,38.5,28.542695,0.05653128430296395
2018-02,2018-02-28,sh.601012,34.45,25.540152,-0.10519480519480517
2018-03,2018-03-30,sh.601012,34.27,19.170581,-0.005224963715529718
2018-04,2018-04-27,sh.601012,34.42,18.71065,0.004377006127808558
2018-05,2018-05-31,sh.601012,24.15,18.379645,-0.2983730389308542
2018-06,2018-06-29,sh.601012,16.69,12.702123,-0.30890269151138705
2018-07,2018-07-31,sh.601012,15.67,11.925861,-0.06111443978430209
2018-08,2018-08-31,sh.601012,13.6,10.443795,-0.13209955328653478
2018-09,2018-09-28,sh.601012,14.2,10.904551,0.044117647058823595
2018-10,2018-10-31,sh.601012,13.55,12.547428,-0.04577464788732388
2018-11,2018-11-30,sh.601012,18.6,17.218241,0.37269372693726943
2018-12,2018-12-28,sh.601012,17.44,16.144415,-0.062365591397849474
2019-01,2019-01-31,sh.601012,22.18,20.53233,0.27178899082568786
2019-02,2019-02-28,sh.601012,27.1,25.086842,0.22182146077547338
2019-03,2019-03-29,sh.601012,26.1,24.161128,-0.03690036900368998
2019-04,2019-04-30,sh.601012,22.7,31.328158,-0.13026819923371658
2019-05,2019-05-31,sh.601012,23.83,32.887666,0.04977973568281935
2019-06,2019-06-28,sh.601012,23.11,31.893997,-0.030214015946286144
2019-07,2019-07-31,sh.601012,25.73,35.506045,0.11337083513630475
2019-08,2019-08-30,sh.601012,27.65,30.730563,0.07462106490478027
2019-09,2019-09-30,sh.601012,26.23,30.34842,-0.05135623869801076
2019-10,2019-10-31,sh.601012,22.84,19.803007,-0.1292413267251239
2019-11,2019-11-29,sh.601012,23.85,20.67598,0.0442206654991244
2019-12,2019-12-31,sh.601012,24.83,21.525559,0.041090146750524026
2020-01,2020-01-23,sh.601012,29.05,25.183951,0.1699556987515103
2020-02,2020-02-28,sh.601012,30.7,26.614364,0.05679862306368322
2020-03,2020-03-31,sh.601012,24.84,21.534228,-0.19087947882736156
2020-04,2020-04-30,sh.601012,30.81,17.791279,0.2403381642512077
2020-05,2020-05-29,sh.601012,32.41,18.715201,0.05193119117169753
2020-06,2020-06-30,sh.601012,40.73,23.519597,0.25671089170009265
2020-07,2020-07-31,sh.601012,56.8,32.799242,0.3945494721335625
2020-08,2020-08-31,sh.601012,63.28,32.31569,0.11408450704225359
2020-09,2020-09-30,sh.601012,75.01,38.304017,0.18536662452591668
2020-10,2020-10-30,sh.601012,75.99,38.804456,0.01306492467670961
2020-11,2020-11-30,sh.601012,68.7,35.081259,-0.0959336754836162
2020-12,2020-12-31,sh.601012,92.2,42.658561,0.34206695778748175
2021-01,2021-01-29,sh.601012,107.55,49.76061,0.16648590021691967
2021-02,2021-02-26,sh.601012,104.46,48.330947,-0.028730822873082373
2021-03,2021-03-31,sh.601012,88.0,40.71533,-0.15757227646946192
2021-04,2021-04-30,sh.601012,99.4,41.816358,0.12954545454545463
2021-05,2021-05-31,sh.601012,102.1,42.952215,0.02716297786720312
2021-06,2021-06-30,sh.601012,88.84,52.323454,-0.12987267384916745
2021-07,2021-07-30,sh.601012,85.92,50.603683,-0.03286807744259346
2021-08,2021-08-31,sh.601012,89.46,51.356232,0.041201117318435676
2021-09,2021-09-30,sh.601012,82.48,47.349229,-0.07802369774200746
2021-10,2021-10-29,sh.601012,97.69,54.226147,0.18440834141610085
2021-11,2021-11-30,sh.601012,87.42,48.525435,-0.10512846760159689
2021-12,2021-12-31,sh.601012,86.2,47.848233,-0.013955616563715356
2022-01,2022-01-28,sh.601012,70.11,38.916933,-0.1866589327146172
2022-02,2022-02-28,sh.601012,77.67,43.113367,0.10783055198973046
2022-03,2022-03-31,sh.601012,72.19,40.071507,-0.07055491180636031
2022-04,2022-04-29,sh.601012,67.96,39.779572,-0.05859537332040454
2022-05,2022-05-31,sh.601012,79.2,46.358771,0.16539140670982944
2022-06,2022-06-30,sh.601012,66.63,54.601501,-0.1587121212121213
2022-07,2022-07-29,sh.601012,61.5,50.420694,-0.07699234579018455
2022-08,2022-08-31,sh.601012,51.2,36.712642,-0.16747967479674797
2022-09,2022-09-30,sh.601012,47.91,34.353568,-0.06425781250000007
2022-10,2022-10-31,sh.601012,47.98,29.087728,0.001461072844917588
2022-11,2022-11-30,sh.601012,45.78,27.753985,-0.045852438516048255
2022-12,2022-12-30,sh.601012,42.26,25.619996,-0.07688947138488433
2023-01,2023-01-31,sh.601012,48.15,29.190796,0.13937529578797925
2023-02,2023-02-28,sh.601012,44.24,26.81982,-0.08120456905503626
2023-03,2023-03-31,sh.601012,40.41,24.497942,-0.08657323688969265
2023-04,2023-04-28,sh.601012,34.87,16.747884,-0.13709477852016827
2023-05,2023-05-31,sh.601012,28.82,13.8421,-0.17350157728706617
2023-06,2023-06-30,sh.601012,28.67,13.770059,-0.005204718945176934
2023-07,2023-07-31,sh.601012,29.85,14.336598,0.04115800488315302
2023-08,2023-08-31,sh.601012,26.55,11.495923,-0.11055276381909551
2023-09,2023-09-28,sh.601012,27.28,11.812006,0.027495291902071672
2023-10,2023-10-31,sh.601012,24.13,11.775102,-0.11546920821114381
2023-11,2023-11-30,sh.601012,21.23,10.359943,-0.12018234562784913
2023-12,2023-12-29,sh.601012,22.9,11.17488,0.07866227037211493
2024-01,2024-01-31,sh.601012,19.35,9.44253,-0.15502183406113523
2024-02,2024-02-29,sh.601012,21.24,10.364824,0.09767441860465098
2024-03,2024-03-29,sh.601012,19.51,9.520608,-0.08145009416195848
2024-04,2024-04-30,sh.601012,18.2,28.952088,-0.06714505381855473
2024-05,2024-05-31,sh.601012,18.59,29.57249,0.021428571428571352
2024-06,2024-06-28,sh.601012,14.02,22.302652,-0.24583109198493813
2024-07,2024-07-31,sh.601012,14.5,23.066225,0.0342368045649073
2024-08,2024-08-30,sh.601012,13.81,21.96859,-0.047586206896551686
2024-09,2024-09-30,sh.601012,17.56,-36.256051,0.27154236060825476
2024-10,2024-10-31,sh.601012,19.74,-20.087655,0.12414578587699321
2024-11,2024-11-29,sh.601012,18.5,-18.825817,-0.06281661600810529
2024-12,2024-12-31,sh.601012,15.71,-15.98668,-0.1508108108108107
2025-01,2025-01-27,sh.601012,14.9,-15.16242,-0.05155951623169963
2025-02,2025-02-28,sh.601012,16.71,-17.004298,0.12147651006711402
2025-03,2025-03-31,sh.601012,15.85,-16.129152,-0.05146618791143032
2025-04,2025-04-30,sh.601012,14.7,-14.460719,-0.0725552050473186
2025-05,2025-05-30,sh.601012,14.38,-14.145928,-0.021768707482993088
2025-06,2025-06-30,sh.601012,15.02,-14.77551,0.044506258692628586
2025-07,2025-07-31,sh.601012,15.76,-15.503466,0.04926764314247678
2025-08,2025-08-29,sh.601012,17.17,-21.845149,0.08946700507614236
2025-09,2025-09-30,sh.601012,18.0,-22.901146,0.04834012813046007
2025-10,2025-10-31,sh.601012,21.11,-28.899618,0.1727777777777777
2025-11,2025-11-28,sh.601012,18.57,-25.422355,-0.1203221222169587
2025-12,2025-12-31,sh.601012,18.2,-24.915824,-0.019924609585352804
2015-01,2015-01-30,sh.601088,19.05,9.2432,
2015-02,2015-02-27,sh.601088,18.6,10.101216,-0.023622047244094446
2015-03,2015-03-31,sh.601088,20.09,10.856154,0.0801075268817204
2015-04,2015-04-30,sh.601088,22.71,14.060929,0.13041314086610267
2015-05,2015-05-29,sh.601088,20.56,12.729753,-0.09467195068251877
2015-06,2015-06-30,sh.601088,20.85,12.909307,0.014105058365758927
2015-07,2015-07-31,sh.601088,17.01,12.536032,-0.18417266187050363
2015-08,2015-08-31,sh.601088,15.52,11.437932,-0.08759553203997661
2015-09,2015-09-30,sh.601088,14.47,10.664103,-0.06765463917525771
2015-10,2015-10-30,sh.601088,15.09,12.647888,0.0428472702142364
2015-11,2015-11-30,sh.601088,14.7,12.321004,-0.025844930417495027
2015-12,2015-12-31,sh.601088,14.97,12.547308,0.01836734693877551
2016-01,2016-01-29,sh.601088,13.4,11.231391,-0.10487641950567805
2016-02,2016-02-29,sh.601088,13.63,16.791299,0.01716417910447765
2016-03,2016-03-31,sh.601088,14.06,17.322105,0.031548055759354376
2016-04,2016-04-29,sh.601088,14.78,18.209155,0.05120910384068278
2016-05,2016-05-31,sh.601088,13.95,18.631494,-0.05615696887686061
2016-06,2016-06-30,sh.601088,14.07,18.791765,0.008602150537634579
2016-07,2016-07-29,sh.601088,14.66,19.579763,0.041933191186922514
2016-08,2016-08-31,sh.601088,15.0,21.472888,0.023192360163710735
2016-09,2016-09-30,sh.601088,15.2,21.759193,0.013333333333333197
2016-10,2016-10-31,sh.601088,16.89,20.662793,0.11118421052631589
2016-11,2016-11-30,sh.601088,16.93,20.711728,0.002368265245707546
2016-12,2016-12-30,sh.601088,16.18,19.794197,-0.04430005906674539
2017-01,2017-01-26,sh.601088,17.22,21.066507,0.06427688504326334
2017-02,2017-02-28,sh.601088,16.94,20.723962,-0.016260162601625883
2017-03,2017-03-31,sh.601088,19.36,16.954167,0.1428571428571428
2017-04,2017-04-28,sh.601088,19.47,17.050498,0.005681818181818121
2017-05,2017-05-31,sh.601088,21.42,14.042046,0.1001540832049308
2017-06,2017-06-30,sh.601088,22.29,14.612381,0.040616246498599295
2017-07,2017-07-31,sh.601088,19.32,12.665375,-0.133243606998654
2017-08,2017-08-31,sh.601088,19.32,10.330048,0.0
2017-09,2017-09-29,sh.601088,20.94,11.196232,0.08385093167701863
2017-10,2017-10-31,sh.601088,20.77,10.062538,-0.008118433619866416
2017-11,2017-11-30,sh.601088,23.8,11.530496,0.1458834857968223
2017-12,2017-12-29,sh.601088,23.17,11.225277,-0.026470588235294024
2018-01,2018-01-31,sh.601088,26.39,12.785285,0.13897280966767367
2018-02,2018-02-28,sh.601088,24.16,11.704906,-0.08450170519136035
2018-03,2018-03-30,sh.601088,20.85,9.207953,-0.13700331125827814
2018-04,2018-04-27,sh.601088,20.94,9.2477,0.004316546762589857
2018-05,2018-05-31,sh.601088,20.4,9.131276,-0.025787965616046016
2018-06,2018-06-29,sh.601088,19.94,8.925375,-0.022549019607843057
2018-07,2018-07-31,sh.601088,18.39,8.231577,-0.07773319959879643
2018-08,2018-08-31,sh.601088,18.49,8.415732,0.0054377379010330795
2018-09,2018-09-28,sh.601088,20.39,9.280518,0.10275824770146036
2018-10,2018-10-31,sh.601088,20.04,8.923745,-0.017165277096616083
2018-11,2018-11-30,sh.601088,18.76,8.353765,-0.06387225548902187
2018-12,2018-12-28,sh.601088,17.96,7.997528,-0.04264392324093824
2019-01,2019-01-31,sh.601088,19.83,8.830233,0.10412026726057899
2019-02,2019-02-28,sh.601088,20.44,9.101864,0.030761472516389388
2019-03,2019-03-29,sh.601088,19.61,8.891318,-0.04060665362035232
2019-04,2019-04-30,sh.601088,19.69,8.73757,0.004079551249362767
2019-05,2019-05-31,sh.601088,18.39,8.160686,-0.06602336211274762
2019-06,2019-06-28,sh.601088,20.38,9.043762,0.10821098423056008
2019-07,2019-07-31,sh.601088,19.21,8.524567,-0.05740922473012744
2019-08,2019-08-30,sh.601088,18.69,8.236479,-0.027069234773555384
2019-09,2019-09-30,sh.601088,18.78,8.276141,0.0048154093097914075
2019-10,2019-10-31,sh.601088,18.44,8.029525,-0.018104366347177825
2019-11,2019-11-29,sh.601088,17.21,7.493933,-0.06670281995661609
2019-12,2019-12-31,sh.601088,18.25,7.946791,0.06042998256827414
2020-01,2020-01-23,sh.601088,17.28,7.524414,-0.053150684931506764
2020-02,2020-02-28,sh.601088,16.0,6.96705,-0.07407407407407418
2020-03,2020-03-31,sh.601088,16.24,7.46838,0.014999999999999902
2020-04,2020-04-30,sh.601088,15.93,7.82905,-0.01908866995073888
2020-05,2020-05-29,sh.601088,16.38,8.05021,0.02824858757062132
2020-06,2020-06-30,sh.601088,14.36,7.057449,-0.12332112332112333
2020-07,2020-07-31,sh.601088,15.33,7.534171,0.06754874651810594
2020-08,2020-08-31,sh.601088,16.16,8.103272,0.054142204827136275
2020-09,2020-09-30,sh.601088,16.47,8.258718,0.019183168316831534
2020-10,2020-10-30,sh.601088,16.65,8.336577,0.010928961748633892
2020-11,2020-11-30,sh.601088,19.62,9.823642,0.17837837837837855
2020-12,2020-12-31,sh.601088,18.01,9.017523,-0.08205912334352694
2021-01,2021-01-29,sh.601088,17.4,8.712098,-0.033870072182121236
2021-02,2021-02-26,sh.601088,17.75,8.887342,0.02011494252873569
2021-03,2021-03-31,sh.601088,20.1,10.195488,0.13239436619718314
2021-04,2021-04-30,sh.601088,19.21,9.315036,-0.04427860696517416
2021-05,2021-05-31,sh.601088,19.98,9.688413,0.04008328995314936
2021-06,2021-06-30,sh.601088,19.52,9.465356,-0.02302302302302306
2021-07,2021-07-30,sh.601088,17.0,8.243394,-0.12909836065573765
2021-08,2021-08-31,sh.601088,20.0,8.922053,0.17647058823529416
2021-09,2021-09-30,sh.601088,22.66,10.108686,0.133
2021-10,2021-10-29,sh.601088,19.89,8.524448,-0.12224183583406878
2021-11,2021-11-30,sh.601088,19.54,8.374445,-0.017596782302664704
2021-12,2021-12-31,sh.601088,22.52,9.651612,0.1525076765609008
2022-01,2022-01-28,sh.601088,22.54,9.660183,0.000888099467140302
2022-02,2022-02-28,sh.601088,25.24,10.817348,0.11978704525288375
2022-03,2022-03-31,sh.601088,29.77,11.766413,0.1794770206022187
2022-04,2022-04-29,sh.601088,30.78,10.614476,0.03392677191803828
2022-05,2022-05-31,sh.601088,33.96,11.711098,0.10331384015594547
2022-06,2022-06-30,sh.601088,33.3,11.483498,-0.019434628975265156
2022-07,2022-07-29,sh.601088,28.1,9.690279,-0.15615615615615608
2022-08,2022-08-31,sh.601088,30.34,9.219125,0.07971530249110304
2022-09,2022-09-30,sh.601088,31.64,9.614143,0.04284772577455498
2022-10,2022-10-31,sh.601088,28.03,8.11474,-0.11409608091024015
2022-11,2022-11-30,sh.601088,30.55,8.844285,0.08990367463432025
2022-12,2022-12-30,sh.601088,27.62,7.996044,-0.09590834697217676
2023-01,2023-01-31,sh.601088,28.39,8.218961,0.027878349022447457
2023-02,2023-02-28,sh.601088,28.0,8.106055,-0.013737231419513884
2023-03,2023-03-31,sh.601088,28.17,8.038609,0.0060714285714287275
2023-04,2023-04-28,sh.601088,29.08,8.298287,0.03230386936457208
2023-05,2023-05-31,sh.601088,28.23,8.098769,-0.02922971114167805
2023-06,2023-06-30,sh.601088,30.75,8.821719,0.08926673751328362
2023-07,2023-07-31,sh.601088,28.38,8.141801,-0.07707317073170739
2023-08,2023-08-31,sh.601088,28.17,9.064934,-0.007399577167018889
2023-09,2023-09-28,sh.601088,31.2,10.039969,0.10756123535676232
2023-10,2023-10-31,sh.601088,30.32,10.255069,-0.028205128205128216
2023-11,2023-11-30,sh.601088,31.49,10.650796,0.038588390501319125
2023-12,2023-12-29,sh.601088,31.35,10.603444,-0.004445855827246659
2024-01,2024-01-31,sh.601088,37.12,12.555019,0.18405103668261558
2024-02,2024-02-29,sh.601088,38.6,13.055596,0.0398706896551726
2024-03,2024-03-29,sh.601088,39.09,13.010695,0.012694300518134805
2024-04,2024-04-30,sh.601088,39.83,13.89185,0.018930672806344306
2024-05,2024-05-31,sh.601088,42.33,14.763797,0.06276675872457949
2024-06,2024-06-28,sh.601088,44.37,15.475305,0.04819277108433728
2024-07,2024-07-31,sh.601088,39.75,13.863948,-0.10412440838404324
2024-08,2024-08-30,sh.601088,40.55,14.142971,0.020125786163522008
2024-09,2024-09-30,sh.601088,43.6,15.491469,0.07521578298397058
2024-10,2024-10-31,sh.601088,40.04,13.835641,-0.08165137614678908
2024-11,2024-11-29,sh.601088,39.96,13.807998,-0.0019980019980019303
2024-12,2024-12-31,sh.601088,43.48,15.024318,0.08808808808808788
2025-01,2025-01-27,sh.601088,40.0,13.821819,-0.08003679852805878
2025-02,2025-02-28,sh.601088,35.45,12.249588,-0.1137499999999999
2025-03,2025-03-31,sh.601088,38.35,12.986957,0.08180535966149494
2025-04,2025-04-30,sh.601088,38.3,13.575073,-0.0013037809647979959
2025-05,2025-05-30,sh.601088,39.56,14.021669,0.03289817232376002
2025-06,2025-06-30,sh.601088,40.54,14.36902,0.02477249747219412
2025-07,2025-07-31,sh.601088,38.16,13.525452,-0.05870744943265915
2025-08,2025-08-29,sh.601088,37.47,13.280888,-0.01808176100628922
2025-09,2025-09-30,sh.601088,38.5,13.832514,0.027488657592740884
2025-10,2025-10-31,sh.601088,42.51,15.542791,0.10415584415584411
2025-11,2025-11-28,sh.601088,41.14,15.041882,-0.03222771112679368
2025-12,2025-12-31,sh.601088,40.5,14.807881,-0.015556635877491454
2016-06,2016-06-30,sh.601127,23.87,52.851635,
2016-07,2016-07-29,sh.601127,32.31,71.539016,0.35358190196899875
2016-08,2016-08-31,sh.601127,31.57,65.046125,-0.022903125967192905
2016-09,2016-09-30,sh.601127,26.51,54.620614,-0.1602787456445992
2016-10,2016-10-31,sh.601127,28.89,47.647055,0.0897774424745379
2016-11,2016-11-30,sh.601127,28.8,47.498622,-0.0031152647975077885
2016-12,2016-12-30,sh.601127,26.74,44.101151,-0.07152777777777786
2017-01,2017-01-26,sh.601127,25.86,42.649804,-0.03290949887808525
2017-02,2017-02-28,sh.601127,25.55,42.138535,-0.011987625676720737
2017-03,2017-03-31,sh.601127,23.9,41.538555,-0.06457925636007833
2017-04,2017-04-28,sh.601127,21.33,31.880693,-0.10753138075313806
2017-05,2017-05-31,sh.601127,18.37,27.456555,-0.13877168307548038
2017-06,2017-06-30,sh.601127,19.95,29.818088,0.08600979858464886
2017-07,2017-07-31,sh.601127,19.38,28.966143,-0.02857142857142858
2017-08,2017-08-31,sh.601127,19.94,25.123381,0.028895768833849367
2017-09,2017-09-29,sh.601127,22.41,28.235455,0.12387161484453357
2017-10,2017-10-31,sh.601127,23.05,29.381345,0.028558679161088785
2017-11,2017-11-30,sh.601127,20.26,25.824991,-0.1210412147505423
2017-12,2017-12-29,sh.601127,20.11,25.63379,-0.007403751233958644
2018-01,2018-01-31,sh.601127,20.06,25.570056,-0.0024863252113376255
2018-02,2018-02-28,sh.601127,18.01,22.956964,-0.10219341974077756
2018-03,2018-03-30,sh.601127,18.91,24.104175,0.049972237645752315
2018-04,2018-04-27,sh.601127,17.35,21.765037,-0.08249603384452664
2018-05,2018-05-31,sh.601127,19.07,23.313033,0.09913544668587893
2018-06,2018-06-29,sh.601127,17.29,21.137285,-0.0933403251179864
2018-07,2018-07-31,sh.601127,17.15,20.966134,-0.00809716599190291
2018-08,2018-08-31,sh.601127,17.0,27.064691,-0.008746355685131157
2018-09,2018-09-28,sh.601127,16.7,26.587079,-0.01764705882352946
2018-10,2018-10-31,sh.601127,16.03,53.054981,-0.040119760479041755
2018-11,2018-11-30,sh.601127,16.53,54.709846,0.031191515907673217
2018-12,2018-12-28,sh.601127,17.14,56.728782,0.0369026013309135
2019-01,2019-01-31,sh.601127,16.22,53.987001,-0.05367561260210041
2019-02,2019-02-28,sh.601127,16.62,55.31837,0.024660912453760897
2019-03,2019-03-29,sh.601127,16.4,145.788709,-0.013237063778580138
2019-04,2019-04-30,sh.601127,14.76,-71.159412,-0.09999999999999998
2019-05,2019-05-31,sh.601127,12.29,-59.033076,-0.16734417344173447
2019-06,2019-06-28,sh.601127,13.1,-62.923799,0.06590724165988604
2019-07,2019-07-31,sh.601127,12.75,-61.242628,-0.026717557251908386
2019-08,2019-08-30,sh.601127,13.41,-30.658563,0.051764705882352935
2019-09,2019-09-30,sh.601127,12.8,-29.263953,-0.04548844146159581
2019-10,2019-10-31,sh.601127,12.64,-32.633469,-0.012499999999999956
2019-11,2019-11-29,sh.601127,12.61,-32.556016,-0.002373417721519111
2019-12,2019-12-31,sh.601127,11.4,-29.387081,-0.0959555908009515
2020-01,2020-01-23,sh.601127,10.27,-26.474151,-0.09912280701754395
2020-02,2020-02-28,sh.601127,10.04,-25.881254,-0.022395326192794607
2020-03,2020-03-31,sh.601127,8.03,-20.699848,-0.20019920318725104
2020-04,2020-04-30,sh.601127,8.15,-29.866171,0.014943960149439661
2020-05,2020-05-29,sh.601127,8.03,-29.426424,-0.014723926380368235
2020-06,2020-06-30,sh.601127,8.31,-30.452501,0.03486924034869254
2020-07,2020-07-31,sh.601127,8.95,-32.628083,0.07701564380264725
2020-08,2020-08-31,sh.601127,8.8,-135.212099,-0.016759776536312665
2020-09,2020-09-30,sh.601127,8.35,-128.297844,-0.05113636363636376
2020-10,2020-10-30,sh.601127,8.76,-134.597573,0.049101796407185594
2020-11,2020-11-30,sh.601127,19.0,-100.955837,1.1689497716894977
2020-12,2020-12-31,sh.601127,17.08,-91.493386,-0.1010526315789475
2021-01,2021-01-29,sh.601127,18.41,-99.191973,0.07786885245901654
2021-02,2021-02-26,sh.601127,19.2,-103.448445,0.042911461162411735
2021-03,2021-03-31,sh.601127,23.25,-125.269601,0.2109375
2021-04,2021-04-30,sh.601127,48.46,-35.413089,1.0843010752688174
2021-05,2021-05-31,sh.601127,60.01,-43.853477,0.23834089971110184
2021-06,2021-06-30,sh.601127,66.67,-51.243078,0.11098150308281962
2021-07,2021-07-30,sh.601127,58.11,-44.6638,-0.12839358032098402
2021-08,2021-08-31,sh.601127,74.6,-56.906316,0.28377215625537766
2021-09,2021-09-30,sh.601127,59.38,-45.296207,-0.20402144772117958
2021-10,2021-10-29,sh.601127,67.67,-51.691705,0.1396092960592792
2021-11,2021-11-30,sh.601127,69.64,-45.389002,0.02911186641052166
2021-12,2021-12-31,sh.601127,59.55,-38.81268,-0.14488799540493968
2022-01,2022-01-28,sh.601127,45.81,-29.857489,-0.23073047858942053
2022-02,2022-02-28,sh.601127,45.21,-29.466429,-0.013097576948264633
2022-03,2022-03-31,sh.601127,43.05,-28.05861,-0.04777704047777054
2022-04,2022-04-29,sh.601127,38.87,-25.33436,-0.09709639953542393
2022-05,2022-05-31,sh.601127,52.54,-33.540358,0.35168510419346544
2022-06,2022-06-30,sh.601127,81.09,-51.766039,0.5433955081842408
2022-07,2022-07-29,sh.601127,76.4,-53.691953,-0.05783697126649401
2022-08,2022-08-31,sh.601127,61.8,-30.138024,-0.19109947643979064
2022-09,2022-09-30,sh.601127,55.26,-26.950041,-0.10582524271844662
2022-10,2022-10-31,sh.601127,46.17,-20.241064,-0.16449511400651462
2022-11,2022-11-30,sh.601127,50.25,-22.029748,0.08836907082521117
2022-12,2022-12-30,sh.601127,39.99,-17.531734,-0.2041791044776119
2023-01,2023-01-31,sh.601127,40.93,-17.943854,0.02350587646911717
2023-02,2023-02-28,sh.601127,37.65,-16.50589,-0.08013681895919866
2023-03,2023-03-31,sh.601127,37.85,-16.593571,0.005312084993359889
2023-04,2023-04-28,sh.601127,29.52,-12.941706,-0.2200792602377808
2023-05,2023-05-31,sh.601127,25.78,-10.668764,-0.12669376693766932
2023-06,2023-06-30,sh.601127,36.77,-15.31937,0.4262994569433669
2023-07,2023-07-31,sh.601127,45.19,-18.827368,0.2289910252923577
2023-08,2023-08-31,sh.601127,36.04,-15.752086,-0.2024784244301836
2023-09,2023-09-28,sh.601127,55.72,-24.353669,0.5460599334073253
2023-10,2023-10-31,sh.601127,81.49,-35.593437,0.4624910265613782
2023-11,2023-11-30,sh.601127,75.69,-33.060097,-0.07117437722419928
2023-12,2023-12-29,sh.601127,76.2,-33.282856,0.006738010305192388
2024-01,2024-01-31,sh.601127,56.81,-24.852984,-0.25446194225721785
2024-02,2024-02-29,sh.601127,91.93,-40.217125,0.6182010209470163
2024-03,2024-03-29,sh.601127,87.0,-38.06037,-0.05362776025236604
2024-04,2024-04-30,sh.601127,91.15,-85.738796,0.04770114942528747
2024-05,2024-05-31,sh.601127,88.93,-83.650589,-0.024355458036204092
2024-06,2024-06-28,sh.601127,91.12,-85.710577,0.024626110423928926
2024-07,2024-07-31,sh.601127,79.63,-74.902692,-0.12609745390693605
2024-08,2024-08-30,sh.601127,76.52,222.545957,-0.03905563229938469
2024-09,2024-09-30,sh.601127,90.42,262.971844,0.1816518557239939
2024-10,2024-10-31,sh.601127,116.7,45.383465,0.2906436629064366
2024-11,2024-11-29,sh.601127,121.59,47.285138,0.04190231362467878
2024-12,2024-12-31,sh.601127,133.39,51.87404,0.09704745456040786
2025-01,2025-01-27,sh.601127,132.79,51.640706,-0.004498088312467119
2025-02,2025-02-28,sh.601127,121.51,47.254026,-0.08494615558400476
2025-03,2025-03-31,sh.601127,125.89,48.957365,0.03604641593284508
2025-04,2025-04-30,sh.601127,130.28,32.868209,0.03487171340058781
2025-05,2025-05-30,sh.601127,136.02,34.316348,0.04405894995394544
2025-06,2025-06-30,sh.601127,134.32,33.887456,-0.012498162034994986
2025-07,2025-07-31,sh.601127,126.91,32.017995,-0.05516676593210246
2025-08,2025-08-29,sh.601127,136.91,34.540885,0.07879599716334407
2025-09,2025-09-30,sh.601127,171.57,38.587981,0.2531590095683296
2025-10,2025-10-31,sh.601127,155.19,35.106521,-0.09547123623011011
2025-11,2025-11-28,sh.601127,126.19,30.444574,-0.18686771054836004
2025-12,2025-12-31,sh.601127,120.96,29.182786,-0.041445439416752494
2015-01,2015-01-30,sh.601166,14.47,5.85224,
2015-02,2015-02-27,sh.601166,14.24,5.759219,-0.015894955079474804
2015-03,2015-03-31,sh.601166,18.36,7.42551,0.2893258426966292
2015-04,2015-04-30,sh.601166,19.41,7.614658,0.05718954248366015
2015-05,2015-05-29,sh.601166,17.99,7.057583,-0.07315816589386925
2015-06,2015-06-30,sh.601166,17.25,6.767277,-0.041133963312951605
2015-07,2015-07-31,sh.601166,15.54,6.096434,-0.09913043478260875
2015-08,2015-08-31,sh.601166,14.58,5.628266,-0.061776061776061764
2015-09,2015-09-30,sh.601166,14.56,5.620545,-0.00137174211248281
2015-10,2015-10-30,sh.601166,15.27,5.81219,0.04876373626373609
2015-11,2015-11-30,sh.601166,15.65,5.956829,0.024885396201702825
2015-12,2015-12-31,sh.601166,17.07,6.497321,0.0907348242811501
2016-01,2016-01-29,sh.601166,14.46,5.48176,-0.15289982425307558
2016-02,2016-02-29,sh.601166,14.18,5.375612,-0.019363762102351356
2016-03,2016-03-31,sh.601166,15.53,5.887395,0.0952045133991537
2016-04,2016-04-29,sh.601166,16.12,6.008249,0.03799098518995514
2016-05,2016-05-31,sh.601166,16.2,6.038067,0.004962779156327368
2016-06,2016-06-30,sh.601166,15.24,5.680255,-0.059259259259259234
2016-07,2016-07-29,sh.601166,15.46,5.762254,0.014435695538057791
2016-08,2016-08-31,sh.601166,16.07,5.898795,0.03945666235446299
2016-09,2016-09-30,sh.601166,15.97,5.862088,-0.0062227753578095735
2016-10,2016-10-31,sh.601166,16.31,5.866629,0.02128991859736984
2016-11,2016-11-30,sh.601166,16.84,6.057268,0.032495401594114126
2016-12,2016-12-30,sh.601166,16.14,5.805481,-0.041567695961995166
2017-01,2017-01-26,sh.601166,17.07,6.139998,0.05762081784386619
2017-02,2017-02-28,sh.601166,16.75,6.024895,-0.018746338605741042
2017-03,2017-03-31,sh.601166,16.21,5.83066,-0.032238805970149165
2017-04,2017-04-28,sh.601166,15.46,6.063453,-0.046267735965453416
2017-05,2017-05-31,sh.601166,16.55,6.254099,0.07050452781371286
2017-06,2017-06-30,sh.601166,16.86,6.371246,0.018731117824773325
2017-07,2017-07-31,sh.601166,17.76,6.711348,0.05338078291814963
2017-08,2017-08-31,sh.601166,17.65,6.546411,-0.006193693693693825
2017-09,2017-09-29,sh.601166,17.29,6.412886,-0.02039660056657222
2017-10,2017-10-31,sh.601166,17.44,6.354278,0.008675534991324563
2017-11,2017-11-30,sh.601166,17.49,6.372496,0.0028669724770640226
2017-12,2017-12-29,sh.601166,16.99,6.19032,-0.028587764436821095
2018-01,2018-01-31,sh.601166,18.68,6.764077,0.09947027663331376
2018-02,2018-02-28,sh.601166,17.86,6.467153,-0.043897216274089934
2018-03,2018-03-30,sh.601166,16.69,6.043493,-0.06550951847704356
2018-04,2018-04-27,sh.601166,16.11,5.767128,-0.034751348112642355
2018-05,2018-05-31,sh.601166,15.93,5.702691,-0.011173184357541888
2018-06,2018-06-29,sh.601166,14.4,5.154975,-0.096045197740113
2018-07,2018-07-31,sh.601166,15.45,5.530858,0.07291666666666652
2018-08,2018-08-31,sh.601166,15.08,5.286803,-0.023948220064724857
2018-09,2018-09-28,sh.601166,15.95,5.591811,0.05769230769230771
2018-10,2018-10-31,sh.601166,16.12,5.521334,0.01065830721003147
2018-11,2018-11-30,sh.601166,15.94,5.459681,-0.011166253101737023
2018-12,2018-12-28,sh.601166,14.94,5.117167,-0.06273525721455453
2019-01,2019-01-31,sh.601166,16.4,5.622708,0.09772423025435062
2019-02,2019-02-28,sh.601166,17.86,6.123266,0.08902439024390252
2019-03,2019-03-29,sh.601166,18.17,6.229549,0.017357222844345044
2019-04,2019-04-30,sh.601166,19.92,6.608145,0.09631260319207491
2019-05,2019-05-31,sh.601166,17.57,5.82857,-0.11797188755020083
2019-06,2019-06-28,sh.601166,18.29,6.067419,0.04097894137734759
2019-07,2019-07-31,sh.601166,19.13,6.346075,0.0459267359212685
2019-08,2019-08-30,sh.601166,17.17,5.676026,-0.10245687401986392
2019-09,2019-09-30,sh.601166,17.53,5.795035,0.020966802562609077
2019-10,2019-10-31,sh.601166,18.72,5.989509,0.0678836280661721
2019-11,2019-11-29,sh.601166,18.89,6.043901,0.009081196581196771
2019-12,2019-12-31,sh.601166,19.8,6.335058,0.04817363684489151
2020-01,2020-01-23,sh.601166,18.59,5.863123,-0.061111111111111116
2020-02,2020-02-28,sh.601166,17.29,5.453115,-0.06993006993007
2020-03,2020-03-31,sh.601166,15.91,5.017875,-0.07981492192018502
2020-04,2020-04-30,sh.601166,16.62,5.138285,0.044626021370207436
2020-05,2020-05-29,sh.601166,16.1,4.97752,-0.03128760529482544
2020-06,2020-06-30,sh.601166,15.78,4.878588,-0.0198757763975157
2020-07,2020-07-31,sh.601166,15.66,4.841489,-0.0076045627376425395
2020-08,2020-08-31,sh.601166,16.16,5.364594,0.03192848020434225
2020-09,2020-09-30,sh.601166,16.13,5.354635,-0.0018564356435644136
2020-10,2020-10-30,sh.601166,17.8,5.885134,0.10353378797272184
2020-11,2020-11-30,sh.601166,21.02,6.949748,0.1808988764044943
2020-12,2020-12-31,sh.601166,20.87,6.900154,-0.007136060894386231
2021-01,2021-01-29,sh.601166,23.1,7.202651,0.10685194058457115
2021-02,2021-02-26,sh.601166,24.68,7.6953,0.06839826839826824
2021-03,2021-03-31,sh.601166,24.09,7.511336,-0.023905996758508907
2021-04,2021-04-30,sh.601166,21.74,6.498847,-0.09755085097550853
2021-05,2021-05-31,sh.601166,23.11,6.908388,0.06301747930082802
2021-06,2021-06-30,sh.601166,20.55,6.143115,-0.11077455646906098
2021-07,2021-07-30,sh.601166,17.67,5.282182,-0.14014598540145984
2021-08,2021-08-31,sh.601166,18.5,5.183181,0.046972269383135146
2021-09,2021-09-30,sh.601166,18.3,5.127147,-0.010810810810810811
2021-10,2021-10-29,sh.601166,18.63,4.912147,0.0180327868852459
2021-11,2021-11-30,sh.601166,18.01,4.748673,-0.03327965646806208
2021-12,2021-12-31,sh.601166,19.04,5.020251,0.05719044975013876
2022-01,2022-01-28,sh.601166,20.88,5.246312,0.09663865546218497
2022-02,2022-02-28,sh.601166,22.07,5.545312,0.05699233716475094
2022-03,2022-03-31,sh.601166,20.67,5.193548,-0.06343452650656989
2022-04,2022-04-29,sh.601166,20.48,4.923968,-0.009192065795839421
2022-05,2022-05-31,sh.601166,19.65,4.724412,-0.04052734375000011
2022-06,2022-06-30,sh.601166,19.9,4.784519,0.012722646310432628
2022-07,2022-07-29,sh.601166,17.77,4.272417,-0.10703517587939693
2022-08,2022-08-31,sh.601166,17.11,4.064345,-0.03714124929656726
2022-09,2022-09-30,sh.601166,16.65,3.955075,-0.02688486265341905
2022-10,2022-10-31,sh.601166,15.03,3.452039,-0.0972972972972973
2022-11,2022-11-30,sh.601166,17.7,4.065275,0.17764471057884235
2022-12,2022-12-30,sh.601166,17.59,4.040011,-0.006214689265536699
2023-01,2023-01-31,sh.601166,17.62,4.005849,0.0017055144968733948
2023-02,2023-02-28,sh.601166,16.91,3.844433,-0.040295119182746975
2023-03,2023-03-31,sh.601166,16.89,3.839886,-0.0011827321111768097
2023-04,2023-04-28,sh.601166,17.22,3.914911,0.019538188277086865
2023-05,2023-05-31,sh.601166,16.56,3.869152,-0.0383275261324042
2023-06,2023-06-30,sh.601166,15.65,3.656539,-0.05495169082125595
2023-07,2023-07-31,sh.601166,16.66,3.89252,0.06453674121405739
2023-08,2023-08-31,sh.601166,15.81,3.683317,-0.05102040816326525
2023-09,2023-09-28,sh.601166,16.29,3.795144,0.030360531309297834
2023-10,2023-10-31,sh.601166,15.08,3.705921,-0.07427869858809077
2023-11,2023-11-30,sh.601166,14.6,3.58796,-0.03183023872679047
2023-12,2023-12-29,sh.601166,16.21,3.983619,0.11027397260273974
2024-01,2024-01-31,sh.601166,15.73,3.865659,-0.029611351017890253
2024-02,2024-02-29,sh.601166,16.65,4.09175,0.058486967577876525
2024-03,2024-03-29,sh.601166,15.78,4.250977,-0.05225225225225216
2024-04,2024-04-30,sh.601166,16.85,4.585547,0.06780735107731317
2024-05,2024-05-31,sh.601166,17.89,4.868572,0.06172106824925816
2024-06,2024-06-28,sh.601166,17.62,4.795095,-0.015092230296254838
2024-07,2024-07-31,sh.601166,16.75,4.558334,-0.04937570942111247
2024-08,2024-08-30,sh.601166,16.51,4.426453,-0.014328358208955172
2024-09,2024-09-30,sh.601166,19.27,5.166429,0.1671714112658993
2024-10,2024-10-31,sh.601166,18.28,5.052813,-0.051375194603009766
2024-11,2024-11-29,sh.601166,18.05,4.989238,-0.012582056892779026
2024-12,2024-12-31,sh.601166,19.16,5.296055,0.061495844875346206
2025-01,2025-01-27,sh.601166,20.31,5.465011,0.0600208768267223
2025-02,2025-02-28,sh.601166,20.75,5.583406,0.021664204825209366
2025-03,2025-03-31,sh.601166,21.6,5.812124,0.0409638554216869
2025-04,2025-04-30,sh.601166,20.87,5.655252,-0.033796296296296324
2025-05,2025-05-30,sh.601166,22.64,6.134878,0.08481073310972675
2025-06,2025-06-30,sh.601166,23.34,6.442842,0.030918727915194344
2025-07,2025-07-31,sh.601166,22.64,6.249613,-0.02999143101970858
2025-08,2025-08-29,sh.601166,22.41,6.135544,-0.010159010600706786
2025-09,2025-09-30,sh.601166,19.85,5.434652,-0.11423471664435514
2025-10,2025-10-31,sh.601166,20.23,5.53977,0.019143576826196496
2025-11,2025-11-28,sh.601166,21.11,5.780748,0.04349975284231333
2025-12,2025-12-31,sh.601166,21.06,5.767057,-0.002368545712932324
2015-06,2015-06-30,sh.601211,34.34,30.301189,
2015-07,2015-07-31,sh.601211,26.38,14.120254,-0.23179965055329077
2015-08,2015-08-31,sh.601211,19.99,10.699918,-0.24222896133434424
2015-09,2015-09-30,sh.601211,18.6,9.955901,-0.06953476738369169
2015-10,2015-10-30,sh.601211,21.3,10.984562,0.14516129032258052
2015-11,2015-11-30,sh.601211,22.03,11.361028,0.034272300469483596
2015-12,2015-12-31,sh.601211,23.9,12.3254,0.08488424875170208
2016-01,2016-01-29,sh.601211,17.38,8.440676,-0.27280334728033473
2016-02,2016-02-29,sh.601211,16.34,7.935596,-0.0598388952819332
2016-03,2016-03-31,sh.601211,19.71,9.572251,0.20624235006119962
2016-04,2016-04-29,sh.601211,18.28,9.146116,-0.07255200405885331
2016-05,2016-05-31,sh.601211,18.39,9.201153,0.006017505470459428
2016-06,2016-06-30,sh.601211,17.79,8.900952,-0.03262642740619914
2016-07,2016-07-29,sh.601211,17.69,8.850918,-0.005621135469364713
2016-08,2016-08-31,sh.601211,18.59,12.789938,0.05087620124364034
2016-09,2016-09-30,sh.601211,17.74,12.205138,-0.04572350726196883
2016-10,2016-10-31,sh.601211,17.84,11.947413,0.005636978579481422
2016-11,2016-11-30,sh.601211,19.91,13.333688,0.11603139013452912
2016-12,2016-12-30,sh.601211,18.59,12.449686,-0.06629834254143652
2017-01,2017-01-26,sh.601211,19.16,14.844956,0.030661646046261426
2017-02,2017-02-28,sh.601211,19.14,14.82942,-0.0010438413361169019
2017-03,2017-03-31,sh.601211,18.25,14.13986,-0.04649947753396033
2017-04,2017-04-28,sh.601211,18.2,16.024421,-0.002739726027397249
2017-05,2017-05-31,sh.601211,19.26,16.733016,0.05824175824175848
2017-06,2017-06-30,sh.601211,20.51,17.819011,0.06490134994807883
2017-07,2017-07-31,sh.601211,20.89,19.011387,0.018527547537786404
2017-08,2017-08-31,sh.601211,21.58,19.634177,0.03303015797032072
2017-09,2017-09-29,sh.601211,21.63,19.679668,0.0023169601482855295
2017-10,2017-10-31,sh.601211,19.94,18.824744,-0.07813222376329165
2017-11,2017-11-30,sh.601211,20.22,19.089083,0.014042126379137265
2017-12,2017-12-29,sh.601211,18.52,17.484165,-0.08407517309594459
2018-01,2018-01-31,sh.601211,20.07,17.697244,0.08369330453563717
2018-02,2018-02-28,sh.601211,17.84,15.730883,-0.11111111111111116
2018-03,2018-03-30,sh.601211,17.06,15.044187,-0.043721973094170474
2018-04,2018-04-27,sh.601211,17.65,15.564473,0.034583821805392656
2018-05,2018-05-31,sh.601211,16.79,15.275804,-0.04872521246458916
2018-06,2018-06-29,sh.601211,14.74,13.410683,-0.12209648600357348
2018-07,2018-07-31,sh.601211,15.01,14.319275,0.01831750339213012
2018-08,2018-08-31,sh.601211,14.62,13.947221,-0.025982678214523713
2018-09,2018-09-28,sh.601211,14.99,14.300194,0.025307797537619692
2018-10,2018-10-31,sh.601211,15.25,15.898563,0.017344896597731863
2018-11,2018-11-30,sh.601211,16.04,16.722161,0.05180327868852452
2018-12,2018-12-28,sh.601211,15.32,15.97154,-0.04488778054862841
2019-01,2019-01-31,sh.601211,16.77,21.781994,0.09464751958224538
2019-02,2019-02-28,sh.601211,19.51,25.340889,0.16338700059630296
2019-03,2019-03-29,sh.601211,20.15,26.175148,0.032803690415171616
2019-04,2019-04-30,sh.601211,18.83,22.501653,-0.06550868486352357
2019-05,2019-05-31,sh.601211,16.07,19.203487,-0.1465746149761019
2019-06,2019-06-28,sh.601211,18.35,21.928064,0.14187927815805845
2019-07,2019-07-31,sh.601211,18.11,20.898849,-0.013079019073569564
2019-08,2019-08-30,sh.601211,17.09,19.721762,-0.056322473771396986
2019-09,2019-09-30,sh.601211,17.57,20.275679,0.028086600351082458
2019-10,2019-10-31,sh.601211,17.06,19.629075,-0.02902675014228806
2019-11,2019-11-29,sh.601211,16.71,19.226368,-0.020515826494724387
2019-12,2019-12-31,sh.601211,18.49,21.274419,0.10652304009575086
2020-01,2020-01-23,sh.601211,17.57,18.144858,-0.04975662520281221
2020-02,2020-02-28,sh.601211,17.0,17.556209,-0.032441661923733656
2020-03,2020-03-31,sh.601211,16.28,16.790642,-0.04235294117647048
2020-04,2020-04-30,sh.601211,16.92,20.211324,0.039312039312039415
2020-05,2020-05-29,sh.601211,15.67,18.71817,-0.07387706855791976
2020-06,2020-06-30,sh.601211,17.26,20.617462,0.10146777281429498
2020-07,2020-07-31,sh.601211,18.48,22.074783,0.07068366164542295
2020-08,2020-08-31,sh.601211,19.34,18.993131,0.04653679653679643
2020-09,2020-09-30,sh.601211,18.24,17.912861,-0.056876938986556436
2020-10,2020-10-30,sh.601211,18.4,14.843407,0.00877192982456143
2020-11,2020-11-30,sh.601211,18.72,15.101554,0.01739130434782621
2020-12,2020-12-31,sh.601211,17.53,14.141573,-0.06356837606837595
2021-01,2021-01-29,sh.601211,16.38,13.21386,-0.06560182544209936
2021-02,2021-02-26,sh.601211,16.66,13.36859,0.017094017094017255
2021-03,2021-03-31,sh.601211,16.24,13.007724,-0.025210084033613578
2021-04,2021-04-30,sh.601211,16.56,10.762408,0.019704433497536922
2021-05,2021-05-31,sh.601211,17.9,11.633279,0.08091787439613518
2021-06,2021-06-30,sh.601211,17.14,11.139352,-0.04245810055865906
2021-07,2021-07-30,sh.601211,16.23,10.54794,-0.053092182030338386
2021-08,2021-08-31,sh.601211,17.76,11.564013,0.0942698706099816
2021-09,2021-09-30,sh.601211,17.83,11.609593,0.003941441441441151
2021-10,2021-10-29,sh.601211,17.52,11.407743,-0.01738642736960172
2021-11,2021-11-30,sh.601211,16.73,10.795775,-0.04509132420091322
2021-12,2021-12-31,sh.601211,17.89,11.544316,0.0693365212193664
2022-01,2022-01-28,sh.601211,17.63,10.459236,-0.014533258803801075
2022-02,2022-02-28,sh.601211,16.69,9.901569,-0.05331820760068051
2022-03,2022-03-31,sh.601211,15.71,9.319879,-0.058717795086878355
2022-04,2022-04-29,sh.601211,14.6,8.661377,-0.07065563335455127
2022-05,2022-05-31,sh.601211,14.49,9.835907,-0.007534246575342407
2022-06,2022-06-30,sh.601211,15.2,10.317859,0.04899930986887502
2022-07,2022-07-29,sh.601211,14.45,9.623536,-0.049342105263157854
2022-08,2022-08-31,sh.601211,14.79,9.850367,0.0235294117647058
2022-09,2022-09-30,sh.601211,13.67,9.10443,-0.07572684246112238
2022-10,2022-10-31,sh.601211,13.22,9.973315,-0.032918800292611516
2022-11,2022-11-30,sh.601211,13.99,10.554212,0.05824508320726163
2022-12,2022-12-30,sh.601211,13.59,10.252447,-0.028591851322373185
2023-01,2023-01-31,sh.601211,14.27,10.765447,0.05003679175864595
2023-02,2023-02-28,sh.601211,14.29,11.060622,0.0014015416958654825
2023-03,2023-03-31,sh.601211,14.36,11.114813,0.004898530440867743
2023-04,2023-04-28,sh.601211,15.12,11.703064,0.052924791086351064
2023-05,2023-05-31,sh.601211,14.8,10.958254,-0.021164021164021052
2023-06,2023-06-30,sh.601211,13.99,10.356016,-0.05472972972972978
2023-07,2023-07-31,sh.601211,15.58,12.756071,0.11365260900643315
2023-08,2023-08-31,sh.601211,14.56,11.91992,-0.06546854942233626
2023-09,2023-09-28,sh.601211,14.54,11.903547,-0.0013736263736264798
2023-10,2023-10-31,sh.601211,14.77,11.233605,0.015818431911966968
2023-11,2023-11-30,sh.601211,15.1,11.484592,0.022342586323629066
2023-12,2023-12-29,sh.601211,14.88,11.317267,-0.014569536423840956
2024-01,2024-01-31,sh.601211,14.61,11.111914,-0.01814516129032262
2024-02,2024-02-29,sh.601211,15.09,11.476987,0.03285420944558526
2024-03,2024-03-29,sh.601211,13.87,13.175278,-0.08084824387011269
2024-04,2024-04-30,sh.601211,13.76,13.887307,-0.007930785868781487
2024-05,2024-05-31,sh.601211,13.94,14.067582,0.013081395348837122
2024-06,2024-06-28,sh.601211,13.55,13.674013,-0.027977044476326984
2024-07,2024-07-31,sh.601211,14.38,14.511609,0.06125461254612552
2024-08,2024-08-30,sh.601211,14.76,15.195443,0.02642559109874809
2024-09,2024-09-30,sh.601211,14.7,15.133672,-0.004065040650406582
2024-10,2024-10-31,sh.601211,18.92,16.403494,0.287074829931973
2024-11,2024-11-29,sh.601211,18.93,16.412164,0.0005285412262154843
2024-12,2024-12-31,sh.601211,18.65,16.169406,-0.014791336502905539
2025-01,2025-01-27,sh.601211,17.73,12.126454,-0.04932975871313661
2025-02,2025-02-28,sh.601211,17.33,11.852873,-0.022560631697687628
2025-03,2025-03-31,sh.601211,17.2,23.282326,-0.007501442585112428
2025-04,2025-04-30,sh.601211,17.23,13.336384,0.0017441860465117198
2025-05,2025-05-30,sh.601211,17.18,13.297683,-0.0029019152640743506
2025-06,2025-06-30,sh.601211,19.16,14.830245,0.11525029103608841
2025-07,2025-07-31,sh.601211,20.3,15.712629,0.05949895615866385
2025-08,2025-08-29,sh.601211,20.97,16.230503,0.033004926108374244
2025-09,2025-09-30,sh.601211,18.87,14.009434,-0.10014306151645203
2025-10,2025-10-31,sh.601211,19.38,13.358539,0.027027027027026973
2025-11,2025-11-28,sh.601211,19.16,13.206894,-0.011351909184726505
2025-12,2025-12-31,sh.601211,20.55,14.165015,0.07254697286012535
2015-01,2015-01-30,sh.601225,6.02,49.399949,
2015-02,2015-02-27,sh.601225,6.07,49.810247,0.008305647840531671
2015-03,2015-03-31,sh.601225,8.16,66.960728,0.344316309719934
2015-04,2015-04-30,sh.601225,10.11,1656.130572,0.23897058823529393
2015-05,2015-05-29,sh.601225,10.53,1724.931249,0.041543026706231556
2015-06,2015-06-30,sh.601225,8.18,1339.975082,-0.22317188983855651
2015-07,2015-07-31,sh.601225,6.09,997.60981,-0.2555012224938875
2015-08,2015-08-31,sh.601225,5.01,-60.424041,-0.17733990147783252
2015-09,2015-09-30,sh.601225,4.42,-53.308236,-0.11776447105788423
2015-10,2015-10-30,sh.601225,4.78,-26.89334,0.08144796380090513
2015-11,2015-11-30,sh.601225,4.82,-27.118389,0.008368200836819994
2015-12,2015-12-31,sh.601225,4.86,-27.343438,0.008298755186721962
2016-01,2016-01-29,sh.601225,3.95,-22.223576,-0.18724279835390945
2016-02,2016-02-29,sh.601225,4.36,-14.551658,0.10379746835443049
2016-03,2016-03-31,sh.601225,4.38,-14.618408,0.004587155963302614
2016-04,2016-04-29,sh.601225,4.91,-17.943667,0.12100456621004563
2016-05,2016-05-31,sh.601225,4.43,-16.1895,-0.09775967413441966
2016-06,2016-06-30,sh.601225,5.17,-18.893841,0.16704288939051914
2016-07,2016-07-29,sh.601225,5.68,-20.757643,0.09864603481624745
2016-08,2016-08-31,sh.601225,5.85,-32.808629,0.029929577464788748
2016-09,2016-09-30,sh.601225,5.69,-31.911299,-0.027350427350427253
2016-10,2016-10-31,sh.601225,6.53,-417.116824,0.14762741652021094
2016-11,2016-11-30,sh.601225,5.48,-350.045971,-0.16079632465543636
2016-12,2016-12-30,sh.601225,4.85,-309.80346,-0.11496350364963515
2017-01,2017-01-26,sh.601225,5.3,-338.548111,0.09278350515463929
2017-02,2017-02-28,sh.601225,5.53,-353.239822,0.04339622641509444
2017-03,2017-03-31,sh.601225,6.18,-394.759873,0.11754068716094013
2017-04,2017-04-28,sh.601225,5.95,10.882453,-0.03721682847896435
2017-05,2017-05-31,sh.601225,5.97,10.919033,0.003361344537815114
2017-06,2017-06-30,sh.601225,7.07,12.930915,0.18425460636515933
2017-07,2017-07-31,sh.601225,8.39,15.345173,0.1867043847241867
2017-08,2017-08-31,sh.601225,8.57,10.743324,0.021454112038140627
2017-09,2017-09-29,sh.601225,8.8,11.031651,0.02683780630105015
2017-10,2017-10-31,sh.601225,7.86,8.022952,-0.10681818181818181
2017-11,2017-11-30,sh.601225,8.58,8.757879,0.09160305343511443
2017-12,2017-12-29,sh.601225,8.16,8.329172,-0.04895104895104896
2018-01,2018-01-31,sh.601225,10.05,10.258355,0.2316176470588236
2018-02,2018-02-28,sh.601225,8.73,8.910989,-0.13134328358208958
2018-03,2018-03-30,sh.601225,7.71,7.378414,-0.11683848797250862
2018-04,2018-04-27,sh.601225,8.0,7.535063,0.03761348897535677
2018-05,2018-05-31,sh.601225,8.05,7.582157,0.006250000000000089
2018-06,2018-06-29,sh.601225,8.22,7.742277,0.02111801242236022
2018-07,2018-07-31,sh.601225,7.61,7.167728,-0.07420924574209253
2018-08,2018-08-31,sh.601225,7.49,6.858503,-0.015768725361366642
2018-09,2018-09-28,sh.601225,8.7,7.966485,0.16154873164218952
2018-10,2018-10-31,sh.601225,8.53,7.585474,-0.019540229885057436
2018-11,2018-11-30,sh.601225,7.72,6.865165,-0.09495896834701056
2018-12,2018-12-28,sh.601225,7.44,6.616169,-0.03626943005181338
2019-01,2019-01-31,sh.601225,8.42,7.658646,0.13172043010752676
2019-02,2019-02-28,sh.601225,8.93,8.12253,0.06057007125890723
2019-03,2019-03-29,sh.601225,8.91,8.104339,-0.002239641657334812
2019-04,2019-04-30,sh.601225,9.02,8.255573,0.012345679012345512
2019-05,2019-05-31,sh.601225,8.73,7.99015,-0.032150776053215036
2019-06,2019-06-28,sh.601225,9.24,8.456928,0.05841924398625431
2019-07,2019-07-31,sh.601225,9.46,8.658284,0.023809523809523947
2019-08,2019-08-30,sh.601225,8.9,8.150378,-0.059196617336152224
2019-09,2019-09-30,sh.601225,8.73,7.994697,-0.019101123595505642
2019-10,2019-10-31,sh.601225,8.38,7.473999,-0.04009163802978233
2019-11,2019-11-29,sh.601225,8.48,7.563187,0.01193317422434359
2019-12,2019-12-31,sh.601225,8.99,8.018049,0.060141509433962126
2020-01,2020-01-23,sh.601225,8.39,7.482917,-0.06674082313681862
2020-02,2020-02-28,sh.601225,7.9,6.812664,-0.05840286054827182
2020-03,2020-03-31,sh.601225,7.48,6.450472,-0.05316455696202527
2020-04,2020-04-30,sh.601225,7.54,6.717136,0.008021390374331583
2020-05,2020-05-29,sh.601225,7.17,6.387515,-0.049071618037135334
2020-06,2020-06-30,sh.601225,7.21,6.42315,0.00557880055788007
2020-07,2020-07-31,sh.601225,8.09,7.207113,0.12205270457697637
2020-08,2020-08-31,sh.601225,8.13,7.557,0.004944375772558907
2020-09,2020-09-30,sh.601225,8.39,7.798675,0.03198031980319804
2020-10,2020-10-30,sh.601225,8.75,8.133302,0.042908224076281254
2020-11,2020-11-30,sh.601225,10.44,9.704192,0.19314285714285706
2020-12,2020-12-31,sh.601225,9.34,8.681719,-0.1053639846743295
2021-01,2021-01-29,sh.601225,10.15,7.230096,0.08672376873661669
2021-02,2021-02-26,sh.601225,10.72,7.686552,0.05615763546798025
2021-03,2021-03-31,sh.601225,11.06,7.930342,0.03171641791044766
2021-04,2021-04-30,sh.601225,11.25,7.07443,0.017179023508137492
2021-05,2021-05-31,sh.601225,11.88,7.470598,0.05600000000000005
2021-06,2021-06-30,sh.601225,11.85,7.451733,-0.002525252525252597
2021-07,2021-07-30,sh.601225,11.17,6.809887,-0.05738396624472575
2021-08,2021-08-31,sh.601225,13.71,7.311165,0.2273948075201433
2021-09,2021-09-30,sh.601225,14.8,7.892431,0.07950401167031362
2021-10,2021-10-29,sh.601225,12.51,6.865045,-0.15472972972972976
2021-11,2021-11-30,sh.601225,11.88,6.519324,-0.050359712230215736
2021-12,2021-12-31,sh.601225,12.2,6.694928,0.026936026936026813
2022-01,2022-01-28,sh.601225,12.54,6.881508,0.02786885245901649
2022-02,2022-02-28,sh.601225,14.23,6.589486,0.13476874003189798
2022-03,2022-03-31,sh.601225,16.45,7.617501,0.15600843288826405
2022-04,2022-04-29,sh.601225,17.21,7.111986,0.046200607902735724
2022-05,2022-05-31,sh.601225,18.97,7.839301,0.1022661243463101
2022-06,2022-06-30,sh.601225,21.18,8.752578,0.1164997364259357
2022-07,2022-07-29,sh.601225,19.11,7.897156,-0.09773371104815864
2022-08,2022-08-31,sh.601225,22.0,5.696171,0.15122972265829415
2022-09,2022-09-30,sh.601225,22.77,5.895537,0.03499999999999992
2022-10,2022-10-31,sh.601225,19.86,5.471635,-0.12779973649538867
2022-11,2022-11-30,sh.601225,20.17,5.557043,0.015609264853978067
2022-12,2022-12-30,sh.601225,18.58,5.118981,-0.07882994546355993
2023-01,2023-01-31,sh.601225,19.55,5.386226,0.052206673842841944
2023-02,2023-02-28,sh.601225,20.0,5.510206,0.023017902813299296
2023-03,2023-03-31,sh.601225,20.34,5.610318,0.016999999999999904
2023-04,2023-04-28,sh.601225,19.57,5.302116,-0.037856440511307765
2023-05,2023-05-31,sh.601225,16.76,4.540801,-0.14358712314767497
2023-06,2023-06-30,sh.601225,18.19,4.928232,0.0853221957040573
2023-07,2023-07-31,sh.601225,16.24,4.399917,-0.1072017592083564
2023-08,2023-08-31,sh.601225,16.64,7.631934,0.024630541871921263
2023-09,2023-09-28,sh.601225,18.46,8.466676,0.109375
2023-10,2023-10-31,sh.601225,18.02,7.898689,-0.023835319609967542
2023-11,2023-11-30,sh.601225,19.48,8.538649,0.08102108768035521
2023-12,2023-12-29,sh.601225,20.89,9.156693,0.07238193018480499
2024-01,2024-01-31,sh.601225,24.18,10.598796,0.1574916227860219
2024-02,2024-02-29,sh.601225,25.8,11.308889,0.06699751861042191
2024-03,2024-03-29,sh.601225,25.09,11.441739,-0.027519379844961223
2024-04,2024-04-30,sh.601225,24.53,12.530133,-0.022319649262654395
2024-05,2024-05-31,sh.601225,26.03,13.296346,0.06114961271911934
2024-06,2024-06-28,sh.601225,25.77,13.163535,-0.009988474836726935
2024-07,2024-07-31,sh.601225,23.39,11.947811,-0.09235545207605744
2024-08,2024-08-30,sh.601225,24.66,11.826161,0.05429670799486952
2024-09,2024-09-30,sh.601225,27.58,13.226501,0.11841038118410374
2024-10,2024-10-31,sh.601225,24.68,11.392492,-0.1051486584481508
2024-11,2024-11-29,sh.601225,23.35,10.778553,-0.053889789303079305
2024-12,2024-12-31,sh.601225,23.26,10.737008,-0.003854389721627438
2025-01,2025-01-27,sh.601225,21.75,10.03998,-0.06491831470335341
2025-02,2025-02-28,sh.601225,18.95,8.747477,-0.12873563218390804
2025-03,2025-03-31,sh.601225,19.81,8.652684,0.045382585751978954
2025-04,2025-04-30,sh.601225,19.17,8.334197,-0.03230691569914168
2025-05,2025-05-30,sh.601225,20.87,9.073276,0.08868022952529997
2025-06,2025-06-30,sh.601225,19.24,8.36463,-0.07810253953042656
2025-07,2025-07-31,sh.601225,20.15,8.760254,0.04729729729729737
2025-08,2025-08-29,sh.601225,20.38,10.454387,0.011414392059553302
2025-09,2025-09-30,sh.601225,20.0,10.259457,-0.018645731108930308
2025-10,2025-10-31,sh.601225,22.7,12.501387,0.135
2025-11,2025-11-28,sh.601225,22.68,12.490372,-0.0008810572687224516
2025-12,2025-12-31,sh.601225,21.32,11.74139,-0.059964726631393295
2015-01,2015-01-30,sh.601288,3.46,6.216809,
2015-02,2015-02-27,sh.601288,3.34,6.001197,-0.034682080924855474
2015-03,2015-03-31,sh.601288,3.67,6.642081,0.0988023952095809
2015-04,2015-04-30,sh.601288,3.96,7.13964,0.07901907356948223
2015-05,2015-05-29,sh.601288,3.64,6.562699,-0.08080808080808077
2015-06,2015-06-30,sh.601288,3.71,6.688905,0.019230769230769162
2015-07,2015-07-31,sh.601288,3.44,6.202111,-0.07277628032345018
2015-08,2015-08-31,sh.601288,2.99,5.402875,-0.130813953488372
2015-09,2015-09-30,sh.601288,3.03,5.475155,0.013377926421404451
2015-10,2015-10-30,sh.601288,3.14,5.65856,0.03630363036303641
2015-11,2015-11-30,sh.601288,3.15,5.676581,0.0031847133757960666
2015-12,2015-12-31,sh.601288,3.23,5.820748,0.02539682539682553
2016-01,2016-01-29,sh.601288,2.99,5.388246,-0.07430340557275539
2016-02,2016-02-29,sh.601288,2.99,5.388246,0.0
2016-03,2016-03-31,sh.601288,3.2,5.766685,0.07023411371237454
2016-04,2016-04-29,sh.601288,3.12,5.593902,-0.025000000000000022
2016-05,2016-05-31,sh.601288,3.19,5.719406,0.022435897435897356
2016-06,2016-06-30,sh.601288,3.2,5.737335,0.0031347962382446415
2016-07,2016-07-29,sh.601288,3.11,5.575972,-0.028125000000000067
2016-08,2016-08-31,sh.601288,3.21,5.746984,0.032154340836012985
2016-09,2016-09-30,sh.601288,3.13,5.603757,-0.024922118380062308
2016-10,2016-10-31,sh.601288,3.16,5.653509,0.009584664536741228
2016-11,2016-11-30,sh.601288,3.21,5.742964,0.015822784810126445
2016-12,2016-12-30,sh.601288,3.1,5.546164,-0.034267912772585674
2017-01,2017-01-26,sh.601288,3.21,5.742964,0.03548387096774186
2017-02,2017-02-28,sh.601288,3.25,5.814527,0.012461059190031154
2017-03,2017-03-31,sh.601288,3.34,5.89761,0.027692307692307683
2017-04,2017-04-28,sh.601288,3.38,5.96824,0.011976047904191711
2017-05,2017-05-31,sh.601288,3.54,6.216223,0.047337278106508895
2017-06,2017-06-30,sh.601288,3.52,6.181103,-0.005649717514124353
2017-07,2017-07-31,sh.601288,3.71,6.514742,0.05397727272727271
2017-08,2017-08-31,sh.601288,3.77,6.5345,0.016172506738544534
2017-09,2017-09-29,sh.601288,3.82,6.621164,0.013262599469495928
2017-10,2017-10-31,sh.601288,3.74,6.400693,-0.020942408376963262
2017-11,2017-11-30,sh.601288,3.74,6.400693,0.0
2017-12,2017-12-29,sh.601288,3.83,6.554721,0.024064171122994527
2018-01,2018-01-31,sh.601288,4.46,7.632912,0.164490861618799
2018-02,2018-02-28,sh.601288,4.13,7.068145,-0.07399103139013452
2018-03,2018-03-30,sh.601288,3.91,6.581322,-0.0532687651331718
2018-04,2018-04-27,sh.601288,3.81,6.413001,-0.025575447570332477
2018-05,2018-05-31,sh.601288,3.59,5.949399,-0.057742782152231054
2018-06,2018-06-29,sh.601288,3.44,5.700817,-0.04178272980501385
2018-07,2018-07-31,sh.601288,3.64,6.500083,0.058139534883721034
2018-08,2018-08-31,sh.601288,3.63,6.347178,-0.0027472527472528485
2018-09,2018-09-28,sh.601288,3.89,6.801797,0.07162534435261714
2018-10,2018-10-31,sh.601288,3.87,6.621111,-0.005141388174807249
2018-11,2018-11-30,sh.601288,3.57,6.107847,-0.07751937984496127
2018-12,2018-12-28,sh.601288,3.6,6.159173,0.008403361344537785
2019-01,2019-01-31,sh.601288,3.72,6.364479,0.03333333333333344
2019-02,2019-02-28,sh.601288,3.8,6.501349,0.021505376344086002
2019-03,2019-03-29,sh.601288,3.73,6.381588,-0.018421052631578894
2019-04,2019-04-30,sh.601288,3.76,6.409883,0.008042895442359255
2019-05,2019-05-31,sh.601288,3.68,6.273503,-0.02127659574468077
2019-06,2019-06-28,sh.601288,3.6,6.137122,-0.021739130434782594
2019-07,2019-07-31,sh.601288,3.6,6.137122,0.0
2019-08,2019-08-30,sh.601288,3.4,5.796171,-0.05555555555555558
2019-09,2019-09-30,sh.601288,3.46,5.809572,0.01764705882352935
2019-10,2019-10-31,sh.601288,3.64,6.013596,0.052023121387283267
2019-11,2019-11-29,sh.601288,3.62,5.980554,-0.005494505494505475
2019-12,2019-12-31,sh.601288,3.69,6.0962,0.01933701657458564
2020-01,2020-01-23,sh.601288,3.52,5.815346,-0.046070460704607075
2020-02,2020-02-28,sh.601288,3.41,5.633616,-0.03125
2020-03,2020-03-31,sh.601288,3.37,5.560839,-0.011730205278592365
2020-04,2020-04-30,sh.601288,3.46,5.631395,0.026706231454005858
2020-05,2020-05-29,sh.601288,3.4,5.53374,-0.017341040462427793
2020-06,2020-06-30,sh.601288,3.38,5.501189,-0.00588235294117645
2020-07,2020-07-31,sh.601288,3.23,5.257053,-0.044378698224852076
2020-08,2020-08-31,sh.601288,3.21,5.631673,-0.006191950464396245
2020-09,2020-09-30,sh.601288,3.17,5.561496,-0.012461059190031154
2020-10,2020-10-30,sh.601288,3.15,5.526408,-0.006309148264984188
2020-11,2020-11-30,sh.601288,3.29,5.851964,0.04444444444444451
2020-12,2020-12-31,sh.601288,3.14,5.585157,-0.045592705167173175
2021-01,2021-01-29,sh.601288,3.15,5.602944,0.0031847133757960666
2021-02,2021-02-26,sh.601288,3.26,5.798603,0.0349206349206348
2021-03,2021-03-31,sh.601288,3.4,5.510906,0.042944785276073594
2021-04,2021-04-30,sh.601288,3.2,5.146833,-0.05882352941176461
2021-05,2021-05-31,sh.601288,3.26,5.243336,0.018749999999999822
2021-06,2021-06-30,sh.601288,3.03,4.873407,-0.07055214723926384
2021-07,2021-07-30,sh.601288,2.93,4.712569,-0.03300330033003285
2021-08,2021-08-31,sh.601288,2.96,4.51652,0.010238907849829282
2021-09,2021-09-30,sh.601288,2.94,4.486003,-0.006756756756756799
2021-10,2021-10-29,sh.601288,2.94,4.336091,0.0
2021-11,2021-11-30,sh.601288,2.91,4.291845,-0.010204081632652962
2021-12,2021-12-31,sh.601288,2.94,4.336091,0.010309278350515427
2022-01,2022-01-28,sh.601288,2.96,4.365588,0.006802721088435382
2022-02,2022-02-28,sh.601288,2.98,4.395086,0.006756756756756799
2022-03,2022-03-31,sh.601288,3.08,4.469418,0.033557046979865834
2022-04,2022-04-29,sh.601288,3.06,4.440396,-0.006493506493506551
2022-05,2022-05-31,sh.601288,3.03,4.309505,-0.009803921568627527
2022-06,2022-06-30,sh.601288,3.02,4.295283,-0.0033003300330032292
2022-07,2022-07-29,sh.601288,2.85,4.053495,-0.056291390728476776
2022-08,2022-08-31,sh.601288,2.85,4.024417,0.0
2022-09,2022-09-30,sh.601288,2.86,4.038537,0.0035087719298245723
2022-10,2022-10-31,sh.601288,2.76,3.833467,-0.034965034965035
2022-11,2022-11-30,sh.601288,2.88,4.000139,0.04347826086956519
2022-12,2022-12-30,sh.601288,2.91,4.041808,0.01041666666666674
2023-01,2023-01-31,sh.601288,2.91,4.041808,0.0
2023-02,2023-02-28,sh.601288,2.93,4.069586,0.0068728522336769515
2023-03,2023-03-31,sh.601288,3.11,4.200229,0.06143344709897591
2023-04,2023-04-28,sh.601288,3.42,4.618901,0.09967845659163999
2023-05,2023-05-31,sh.601288,3.52,4.731444,0.029239766081871288
2023-06,2023-06-30,sh.601288,3.53,4.744886,0.0028409090909089496
2023-07,2023-07-31,sh.601288,3.62,4.86586,0.025495750708215414
2023-08,2023-08-31,sh.601288,3.46,4.593476,-0.04419889502762431
2023-09,2023-09-28,sh.601288,3.6,4.779339,0.040462427745664886
2023-10,2023-10-31,sh.601288,3.59,4.671507,-0.002777777777777879
2023-11,2023-11-30,sh.601288,3.66,4.762595,0.019498607242339983
2023-12,2023-12-29,sh.601288,3.64,4.736569,-0.005464480874316946
2024-01,2024-01-31,sh.601288,3.89,5.061883,0.06868131868131866
2024-02,2024-02-29,sh.601288,4.19,5.45226,0.07712082262210807
2024-03,2024-03-29,sh.601288,4.23,5.496177,0.009546539379474916
2024-04,2024-04-30,sh.601288,4.4,5.741962,0.04018912529550822
2024-05,2024-05-31,sh.601288,4.39,5.728912,-0.002272727272727426
2024-06,2024-06-28,sh.601288,4.36,5.689763,-0.006833712984054552
2024-07,2024-07-31,sh.601288,4.59,5.989911,0.05275229357798161
2024-08,2024-08-30,sh.601288,4.52,5.898561,-0.015250544662309462
2024-09,2024-09-30,sh.601288,4.8,6.175853,0.06194690265486735
2024-10,2024-10-31,sh.601288,4.73,5.989824,-0.01458333333333317
2024-11,2024-11-29,sh.601288,4.81,6.091132,0.01691331923890038
2024-12,2024-12-31,sh.601288,5.34,6.762296,0.11018711018711014
2025-01,2025-01-27,sh.601288,5.16,6.534354,-0.0337078651685393
2025-02,2025-02-28,sh.601288,5.13,6.496363,-0.005813953488372103
2025-03,2025-03-31,sh.601288,5.18,6.426875,0.00974658869395717
2025-04,2025-04-30,sh.601288,5.42,6.688014,0.04633204633204646
2025-05,2025-05-30,sh.601288,5.53,6.823749,0.02029520295202958
2025-06,2025-06-30,sh.601288,5.88,7.255631,0.06329113924050622
2025-07,2025-07-31,sh.601288,6.3,7.773891,0.0714285714285714
2025-08,2025-08-29,sh.601288,7.02,8.662336,0.11428571428571432
2025-09,2025-09-30,sh.601288,6.67,8.170734,-0.049857549857549865
2025-10,2025-10-31,sh.601288,7.96,9.654035,0.1934032983508247
2025-11,2025-11-28,sh.601288,8.04,9.751061,0.010050251256281229
2025-12,2025-12-31,sh.601288,7.68,9.314446,-0.04477611940298498
2015-01,2015-01-30,sh.601318,69.29,17.350254,
2015-02,2015-02-27,sh.601318,70.28,17.59815,0.01428777601385467
2015-03,2015-03-31,sh.601318,78.24,18.206244,0.11326124075128052
2015-04,2015-04-30,sh.601318,88.66,16.731286,0.13317995910020453
2015-05,2015-05-29,sh.601318,85.44,16.12363,-0.03631852018948789
2015-06,2015-06-30,sh.601318,81.94,15.463135,-0.040964419475655434
2015-07,2015-07-31,sh.601318,33.37,12.594699,-0.5927507932633634
2015-08,2015-08-31,sh.601318,30.29,10.533587,-0.09229847168115068
2015-09,2015-09-30,sh.601318,29.86,10.384051,-0.014196104324859626
2015-10,2015-10-30,sh.601318,33.49,10.958067,0.12156731413261901
2015-11,2015-11-30,sh.601318,33.8,11.0595,0.009256494475962773
2015-12,2015-12-31,sh.601318,36.0,11.779349,0.06508875739644981
2016-01,2016-01-29,sh.601318,30.18,9.875021,-0.16166666666666663
2016-02,2016-02-29,sh.601318,29.01,9.492192,-0.03876739562624243
2016-03,2016-03-31,sh.601318,31.81,10.728087,0.09651844191658032
2016-04,2016-04-29,sh.601318,32.04,10.660895,0.007230430682175326
2016-05,2016-05-31,sh.601318,32.72,10.887157,0.02122347066167296
2016-06,2016-06-30,sh.601318,32.04,10.660895,-0.020782396088019572
2016-07,2016-07-29,sh.601318,32.37,10.770699,0.010299625468164653
2016-08,2016-08-31,sh.601318,34.22,10.368803,0.05715168365770773
2016-09,2016-09-30,sh.601318,34.16,10.350622,-0.001753360607831711
2016-10,2016-10-31,sh.601318,34.61,10.133405,0.01317330210772849
2016-11,2016-11-30,sh.601318,36.33,10.637001,0.04969661947414039
2016-12,2016-12-30,sh.601318,35.43,10.373492,-0.024772914946325275
2017-01,2017-01-26,sh.601318,36.51,10.689703,0.030482641828958545
2017-02,2017-02-28,sh.601318,36.23,10.607722,-0.007669131744727498
2017-03,2017-03-31,sh.601318,37.01,10.843218,0.02152911951421488
2017-04,2017-04-28,sh.601318,37.96,10.717376,0.02566873817887072
2017-05,2017-05-31,sh.601318,45.07,12.724767,0.18730242360379346
2017-06,2017-06-30,sh.601318,49.61,14.006561,0.10073219436432224
2017-07,2017-07-31,sh.601318,52.02,14.686984,0.04857891554122151
2017-08,2017-08-31,sh.601318,56.03,15.746667,0.07708573625528636
2017-09,2017-09-29,sh.601318,54.16,15.221122,-0.033374977690523
2017-10,2017-10-31,sh.601318,64.36,16.294337,0.18833087149187588
2017-11,2017-11-30,sh.601318,69.92,17.70199,0.08638906152890002
2017-12,2017-12-29,sh.601318,69.98,17.71718,0.0008581235697939782
2018-01,2018-01-31,sh.601318,75.08,19.008372,0.07287796513289502
2018-02,2018-02-28,sh.601318,67.76,17.155132,-0.09749600426212035
2018-03,2018-03-30,sh.601318,65.31,13.40116,-0.03615702479338845
2018-04,2018-04-27,sh.601318,60.89,12.133424,-0.0676772316643699
2018-05,2018-05-31,sh.601318,62.13,12.380516,0.020364591887009453
2018-06,2018-06-29,sh.601318,58.58,11.673115,-0.05713825849026244
2018-07,2018-07-31,sh.601318,61.6,12.274904,0.051553431205189515
2018-08,2018-08-31,sh.601318,62.98,11.096126,0.022402597402597424
2018-09,2018-09-28,sh.601318,68.5,12.068666,0.08764687202286447
2018-10,2018-10-31,sh.601318,63.63,11.385005,-0.07109489051094886
2018-11,2018-11-30,sh.601318,63.49,11.359955,-0.002200220022002264
2018-12,2018-12-28,sh.601318,56.1,10.037699,-0.11639628287919357
2019-01,2019-01-31,sh.601318,62.98,11.268703,0.12263814616755786
2019-02,2019-02-28,sh.601318,70.01,12.526547,0.11162273737694517
2019-03,2019-03-29,sh.601318,77.1,13.122478,0.10127124696471923
2019-04,2019-04-30,sh.601318,86.1,12.371806,0.11673151750972766
2019-05,2019-05-31,sh.601318,79.0,11.351599,-0.0824622531939605
2019-06,2019-06-28,sh.601318,88.61,12.732471,0.12164556962025319
2019-07,2019-07-31,sh.601318,88.09,12.657751,-0.005868412143098967
2019-08,2019-08-30,sh.601318,87.32,10.85982,-0.008741060279259916
2019-09,2019-09-30,sh.601318,87.04,10.824997,-0.0032065964269352154
2019-10,2019-10-31,sh.601318,88.12,10.222847,0.012408088235294157
2019-11,2019-11-29,sh.601318,83.62,9.7008,-0.05106672719019523
2019-12,2019-12-31,sh.601318,85.46,9.914259,0.022004305190145734
2020-01,2020-01-23,sh.601318,83.49,9.685718,-0.023051720102972184
2020-02,2020-02-28,sh.601318,77.72,9.509195,-0.06911007306264216
2020-03,2020-03-31,sh.601318,69.17,8.463086,-0.11001029336078227
2020-04,2020-04-30,sh.601318,74.46,10.474147,0.07647824201243303
2020-05,2020-05-29,sh.601318,70.71,9.946641,-0.050362610797743734
2020-06,2020-06-30,sh.601318,71.4,10.043702,0.009758167161646236
2020-07,2020-07-31,sh.601318,75.9,10.676709,0.06302521008403361
2020-08,2020-08-31,sh.601318,76.62,11.631804,0.009486166007905084
2020-09,2020-09-30,sh.601318,76.26,11.577152,-0.004698512137823019
2020-10,2020-10-30,sh.601318,77.83,11.578285,0.020587463939155448
2020-11,2020-11-30,sh.601318,90.03,13.393203,0.15675189515610954
2020-12,2020-12-31,sh.601318,86.98,12.939473,-0.0338775963567699
2021-01,2021-01-29,sh.601318,79.08,11.764239,-0.09082547712117739
2021-02,2021-02-26,sh.601318,85.18,10.881355,0.07713707637835121
2021-03,2021-03-31,sh.601318,78.7,10.053564,-0.07607419582061525
2021-04,2021-04-30,sh.601318,72.5,9.18707,-0.07878017789072433
2021-05,2021-05-31,sh.601318,71.8,9.098367,-0.0096551724137931
2021-06,2021-06-30,sh.601318,64.28,8.145446,-0.10473537604456817
2021-07,2021-07-30,sh.601318,53.67,6.800966,-0.1650591163658992
2021-08,2021-08-31,sh.601318,49.9,6.888515,-0.07024408421837158
2021-09,2021-09-30,sh.601318,48.36,6.675924,-0.030861723446893752
2021-10,2021-10-29,sh.601318,49.57,7.446026,0.025020678246484795
2021-11,2021-11-30,sh.601318,48.22,7.243239,-0.0272342142424854
2021-12,2021-12-31,sh.601318,50.41,7.572204,0.04541683948569064
2022-01,2022-01-28,sh.601318,49.97,7.506111,-0.008728426899424657
2022-02,2022-02-28,sh.601318,50.76,7.624779,0.015809485691414826
2022-03,2022-03-31,sh.601318,48.45,8.715756,-0.04550827423167836
2022-04,2022-04-29,sh.601318,44.56,8.015977,-0.08028895768833855
2022-05,2022-05-31,sh.601318,44.2,8.500381,-0.008078994614003632
2022-06,2022-06-30,sh.601318,46.69,8.979248,0.056334841628959076
2022-07,2022-07-29,sh.601318,42.12,8.100363,-0.09787963161276503
2022-08,2022-08-31,sh.601318,43.84,7.714281,0.04083570750237442
2022-09,2022-09-30,sh.601318,41.58,7.316601,-0.05155109489051102
2022-10,2022-10-31,sh.601318,36.15,6.852034,-0.1305916305916306
2022-11,2022-11-30,sh.601318,44.95,8.520026,0.2434301521438451
2022-12,2022-12-30,sh.601318,47.0,8.908592,0.04560622914349266
2023-01,2023-01-31,sh.601318,50.98,9.662979,0.08468085106382972
2023-02,2023-02-28,sh.601318,48.2,9.136045,-0.05453118870145146
2023-03,2023-03-31,sh.601318,45.6,9.950331,-0.053941908713692976
2023-04,2023-04-28,sh.601318,51.8,9.826047,0.13596491228070162
2023-05,2023-05-31,sh.601318,47.0,8.915525,-0.09266409266409259
2023-06,2023-06-30,sh.601318,46.4,8.768003,-0.012765957446808529
2023-07,2023-07-31,sh.601318,52.6,9.939589,0.13362068965517238
2023-08,2023-08-31,sh.601318,48.79,10.718752,-0.07243346007604567
2023-09,2023-09-28,sh.601318,48.3,10.611103,-0.010043041606886738
2023-10,2023-10-31,sh.601318,45.46,10.53657,-0.058799171842650044
2023-11,2023-11-30,sh.601318,40.8,9.456491,-0.1025076990761109
2023-12,2023-12-29,sh.601318,40.3,9.340602,-0.01225490196078427
2024-01,2024-01-31,sh.601318,40.51,9.389276,0.005210918114143981
2024-02,2024-02-29,sh.601318,42.9,9.943222,0.05899777832633912
2024-03,2024-03-29,sh.601318,40.81,8.675184,-0.048717948717948656
2024-04,2024-04-30,sh.601318,41.36,8.964025,0.013477088948786964
2024-05,2024-05-31,sh.601318,43.07,9.334636,0.04134429400386841
2024-06,2024-06-28,sh.601318,41.36,8.964025,-0.039702809380078974
2024-07,2024-07-31,sh.601318,42.56,9.224103,0.029013539651837617
2024-08,2024-08-30,sh.601318,44.03,8.865215,0.0345394736842104
2024-09,2024-09-30,sh.601318,57.09,11.494779,0.2966159436747673
2024-10,2024-10-31,sh.601318,55.92,8.683371,-0.020493956910141886
2024-11,2024-11-29,sh.601318,53.25,8.268768,-0.04774678111587982
2024-12,2024-12-31,sh.601318,52.65,8.175599,-0.011267605633802802
2025-01,2025-01-27,sh.601318,50.85,7.896091,-0.03418803418803418
2025-02,2025-02-28,sh.601318,50.38,7.823109,-0.00924287118977385
2025-03,2025-03-31,sh.601318,51.63,7.426086,0.024811433108376413
2025-04,2025-04-30,sh.601318,50.71,7.898464,-0.01781909742397836
2025-05,2025-05-30,sh.601318,53.28,8.298761,0.05068033918359305
2025-06,2025-06-30,sh.601318,55.48,8.641427,0.04129129129129128
2025-07,2025-07-31,sh.601318,58.69,9.141409,0.05785868781542902
2025-08,2025-08-29,sh.601318,59.88,9.084257,0.020276026580337447
2025-09,2025-09-30,sh.601318,55.11,8.31351,-0.0796593186372746
2025-10,2025-10-31,sh.601318,57.83,7.464767,0.049355833786971504
2025-11,2025-11-28,sh.601318,58.99,7.614501,0.020058793014006593
2025-12,2025-12-31,sh.601318,68.4,8.829155,0.15951856246821494
2015-01,2015-01-30,sh.601328,6.23,7.105662,
2015-02,2015-02-27,sh.601328,6.08,6.934579,-0.024077046548956704
2015-03,2015-03-31,sh.601328,6.39,7.20636,0.05098684210526305
2015-04,2015-04-30,sh.601328,6.92,7.771028,0.08294209702660416
2015-05,2015-05-29,sh.601328,6.82,7.65873,-0.014450867052023031
2015-06,2015-06-30,sh.601328,8.24,9.253363,0.2082111436950147
2015-07,2015-07-31,sh.601328,6.84,7.681189,-0.16990291262135926
2015-08,2015-08-31,sh.601328,6.37,7.124193,-0.06871345029239762
2015-09,2015-09-30,sh.601328,6.08,6.799858,-0.04552590266875978
2015-10,2015-10-30,sh.601328,6.35,7.101825,0.044407894736842035
2015-11,2015-11-30,sh.601328,6.39,7.150115,0.006299212598425141
2015-12,2015-12-31,sh.601328,6.44,7.206063,0.007824726134585402
2016-01,2016-01-29,sh.601328,5.35,5.986403,-0.16925465838509324
2016-02,2016-02-29,sh.601328,5.17,5.784991,-0.03364485981308407
2016-03,2016-03-31,sh.601328,5.57,6.217583,0.0773694390715669
2016-04,2016-04-29,sh.601328,5.38,5.99684,-0.03411131059245964
2016-05,2016-05-31,sh.601328,5.53,6.164038,0.027881040892193454
2016-06,2016-06-30,sh.601328,5.63,6.275504,0.018083182640144635
2016-07,2016-07-29,sh.601328,5.62,6.264357,-0.001776198934280604
2016-08,2016-08-31,sh.601328,5.8,6.441693,0.03202846975088969
2016-09,2016-09-30,sh.601328,5.53,6.141821,-0.04655172413793096
2016-10,2016-10-31,sh.601328,5.62,6.223072,0.016274864376130127
2016-11,2016-11-30,sh.601328,5.86,6.488826,0.04270462633451966
2016-12,2016-12-30,sh.601328,5.77,6.389168,-0.015358361774744145
2017-01,2017-01-26,sh.601328,6.02,6.665995,0.0433275563258233
2017-02,2017-02-28,sh.601328,6.23,6.89853,0.03488372093023262
2017-03,2017-03-31,sh.601328,6.23,6.883749,0.0
2017-04,2017-04-28,sh.601328,6.02,6.651713,-0.03370786516853941
2017-05,2017-05-31,sh.601328,6.2,6.824505,0.029900332225913706
2017-06,2017-06-30,sh.601328,6.16,6.780476,-0.006451612903225823
2017-07,2017-07-31,sh.601328,6.4,7.044651,0.038961038961039085
2017-08,2017-08-31,sh.601328,6.58,7.13106,0.028124999999999956
2017-09,2017-09-29,sh.601328,6.32,6.849285,-0.03951367781155013
2017-10,2017-10-31,sh.601328,6.22,6.689464,-0.015822784810126667
2017-11,2017-11-30,sh.601328,6.31,6.786257,0.014469453376205754
2017-12,2017-12-29,sh.601328,6.21,6.678709,-0.015847860538827252
2018-01,2018-01-31,sh.601328,6.78,7.291731,0.09178743961352653
2018-02,2018-02-28,sh.601328,6.5,6.990597,-0.041297935103244865
2018-03,2018-03-30,sh.601328,6.18,6.535518,-0.0492307692307693
2018-04,2018-04-27,sh.601328,6.18,6.535518,0.0
2018-05,2018-05-31,sh.601328,6.02,6.297441,-0.02588996763754048
2018-06,2018-06-29,sh.601328,5.74,6.004537,-0.046511627906976605
2018-07,2018-07-31,sh.601328,5.75,6.014997,0.0017421602787455193
2018-08,2018-08-31,sh.601328,5.62,5.795089,-0.022608695652173938
2018-09,2018-09-28,sh.601328,5.84,6.021943,0.039145907473309594
2018-10,2018-10-31,sh.601328,6.0,6.094769,0.027397260273972712
2018-11,2018-11-30,sh.601328,5.85,5.9424,-0.025000000000000022
2018-12,2018-12-28,sh.601328,5.79,5.881452,-0.01025641025641022
2019-01,2019-01-31,sh.601328,6.25,6.348718,0.07944732297063894
2019-02,2019-02-28,sh.601328,6.4,6.501087,0.02400000000000002
2019-03,2019-03-29,sh.601328,6.24,6.33856,-0.025000000000000022
2019-04,2019-04-30,sh.601328,6.26,6.230863,0.0032051282051281937
2019-05,2019-05-31,sh.601328,5.96,5.932259,-0.04792332268370603
2019-06,2019-06-28,sh.601328,6.12,6.091514,0.02684563758389258
2019-07,2019-07-31,sh.601328,5.81,5.782957,-0.05065359477124187
2019-08,2019-08-30,sh.601328,5.41,5.313741,-0.0688468158347676
2019-09,2019-09-30,sh.601328,5.45,5.35303,0.007393715341959428
2019-10,2019-10-31,sh.601328,5.61,5.447856,0.029357798165137616
2019-11,2019-11-29,sh.601328,5.51,5.350746,-0.01782531194295911
2019-12,2019-12-31,sh.601328,5.63,5.467278,0.021778584392014633
2020-01,2020-01-23,sh.601328,5.47,5.311902,-0.028419182948490218
2020-02,2020-02-28,sh.601328,5.2,5.049706,-0.04936014625228513
2020-03,2020-03-31,sh.601328,5.16,4.958472,-0.007692307692307665
2020-04,2020-04-30,sh.601328,5.18,4.953335,0.003875968992248069
2020-05,2020-05-29,sh.601328,5.11,4.886398,-0.013513513513513375
2020-06,2020-06-30,sh.601328,5.13,4.905523,0.003913894324853118
2020-07,2020-07-31,sh.601328,4.76,4.551713,-0.0721247563352827
2020-08,2020-08-31,sh.601328,4.73,4.944785,-0.006302521008403228
2020-09,2020-09-30,sh.601328,4.54,4.746157,-0.04016913319238913
2020-10,2020-10-30,sh.601328,4.53,4.735703,-0.0022026431718060735
2020-11,2020-11-30,sh.601328,4.71,5.007838,0.039735099337748325
2020-12,2020-12-31,sh.601328,4.48,4.763294,-0.048832271762207946
2021-01,2021-01-29,sh.601328,4.46,4.742029,-0.0044642857142858094
2021-02,2021-02-26,sh.601328,4.57,4.858985,0.024663677130045025
2021-03,2021-03-31,sh.601328,4.95,4.69633,0.08315098468271342
2021-04,2021-04-30,sh.601328,4.81,4.534826,-0.028282828282828354
2021-05,2021-05-31,sh.601328,4.9,4.619677,0.01871101871101888
2021-06,2021-06-30,sh.601328,4.9,4.619677,0.0
2021-07,2021-07-30,sh.601328,4.28,4.035147,-0.12653061224489792
2021-08,2021-08-31,sh.601328,4.42,3.917521,0.032710280373831724
2021-09,2021-09-30,sh.601328,4.5,3.988426,0.018099547511312153
2021-10,2021-10-29,sh.601328,4.52,4.006153,0.004444444444444251
2021-11,2021-11-30,sh.601328,4.57,3.774167,0.01106194690265494
2021-12,2021-12-31,sh.601328,4.61,3.807201,0.00875273522975939
2022-01,2022-01-28,sh.601328,4.74,3.914563,0.02819956616052055
2022-02,2022-02-28,sh.601328,4.78,3.947597,0.00843881856540074
2022-03,2022-03-31,sh.601328,5.11,4.332932,0.06903765690376562
2022-04,2022-04-29,sh.601328,5.08,4.307494,-0.005870841487279899
2022-05,2022-05-31,sh.601328,4.91,4.098302,-0.0334645669291338
2022-06,2022-06-30,sh.601328,4.98,4.156729,0.014256619144602967
2022-07,2022-07-29,sh.601328,4.62,3.856243,-0.07228915662650603
2022-08,2022-08-31,sh.601328,4.58,3.795934,-0.008658008658008698
2022-09,2022-09-30,sh.601328,4.62,3.829086,0.008733624454148492
2022-10,2022-10-31,sh.601328,4.45,3.627383,-0.03679653679653683
2022-11,2022-11-30,sh.601328,4.72,3.847472,0.06067415730337067
2022-12,2022-12-30,sh.601328,4.74,3.863775,0.004237288135593209
2023-01,2023-01-31,sh.601328,4.85,3.95344,0.02320675105485215
2023-02,2023-02-28,sh.601328,4.9,3.994197,0.01030927835051565
2023-03,2023-03-31,sh.601328,5.11,4.118141,0.04285714285714293
2023-04,2023-04-28,sh.601328,5.57,4.488854,0.09001956947162415
2023-05,2023-05-31,sh.601328,5.85,4.648274,0.05026929982046657
2023-06,2023-06-30,sh.601328,5.8,4.608545,-0.008547008547008517
2023-07,2023-07-31,sh.601328,5.82,4.624436,0.0034482758620690834
2023-08,2023-08-31,sh.601328,5.55,4.378326,-0.046391752577319645
2023-09,2023-09-28,sh.601328,5.76,4.543993,0.037837837837837895
2023-10,2023-10-31,sh.601328,5.63,4.475238,-0.02256944444444442
2023-11,2023-11-30,sh.601328,5.84,4.642166,0.03730017761989335
2023-12,2023-12-29,sh.601328,5.74,4.562676,-0.017123287671232834
2024-01,2024-01-31,sh.601328,6.0,4.769348,0.04529616724738683
2024-02,2024-02-29,sh.601328,6.27,4.983969,0.04499999999999993
2024-03,2024-03-29,sh.601328,6.34,5.077492,0.011164274322169154
2024-04,2024-04-30,sh.601328,6.88,5.488946,0.08517350157728698
2024-05,2024-05-31,sh.601328,7.05,5.624574,0.024709302325581328
2024-06,2024-06-28,sh.601328,7.47,5.959655,0.05957446808510647
2024-07,2024-07-31,sh.601328,7.36,5.871896,-0.014725568942436373
2024-08,2024-08-30,sh.601328,7.11,5.740715,-0.03396739130434778
2024-09,2024-09-30,sh.601328,7.4,5.974865,0.04078762306610417
2024-10,2024-10-31,sh.601328,7.11,5.72354,-0.03918918918918923
2024-11,2024-11-29,sh.601328,7.33,5.900639,0.030942334739803012
2024-12,2024-12-31,sh.601328,7.77,6.254839,0.0600272851296042
2025-01,2025-01-27,sh.601328,7.25,5.83624,-0.06692406692406683
2025-02,2025-02-28,sh.601328,7.21,5.80404,-0.0055172413793103114
2025-03,2025-03-31,sh.601328,7.45,5.911753,0.03328710124826628
2025-04,2025-04-30,sh.601328,7.47,5.903401,0.0026845637583892135
2025-05,2025-05-30,sh.601328,7.6,6.006137,0.01740294511378848
2025-06,2025-06-30,sh.601328,8.0,7.522723,0.05263157894736836
2025-07,2025-07-31,sh.601328,7.65,7.193604,-0.043749999999999956
2025-08,2025-08-29,sh.601328,7.27,6.836274,-0.04967320261437913
2025-09,2025-09-30,sh.601328,6.72,6.295972,-0.07565337001375516
2025-10,2025-10-31,sh.601328,7.18,6.686184,0.06845238095238093
2025-11,2025-11-28,sh.601328,7.59,7.067985,0.057103064066852394
2025-12,2025-12-31,sh.601328,7.25,6.751369,-0.044795783926218746
2015-01,2015-01-30,sh.601398,4.54,5.781626,
2015-02,2015-02-27,sh.601398,4.58,5.880613,0.008810572687224738
2015-03,2015-03-31,sh.601398,4.86,6.28015,0.061135371179039444
2015-04,2015-04-30,sh.601398,5.41,6.965058,0.11316872427983538
2015-05,2015-05-29,sh.601398,5.07,6.527328,-0.06284658040665436
2015-06,2015-06-30,sh.601398,5.28,6.79769,0.041420118343195256
2015-07,2015-07-31,sh.601398,4.83,6.218342,-0.08522727272727271
2015-08,2015-08-31,sh.601398,4.19,5.396348,-0.1325051759834368
2015-09,2015-09-30,sh.601398,4.32,5.563777,0.031026252983293423
2015-10,2015-10-30,sh.601398,4.57,5.885754,0.05787037037037046
2015-11,2015-11-30,sh.601398,4.62,5.942076,0.010940919037199182
2015-12,2015-12-31,sh.601398,4.58,5.89063,-0.008658008658008698
2016-01,2016-01-29,sh.601398,4.1,5.273271,-0.10480349344978179
2016-02,2016-02-29,sh.601398,4.03,5.18324,-0.01707317073170722
2016-03,2016-03-31,sh.601398,4.29,5.517184,0.06451612903225801
2016-04,2016-04-29,sh.601398,4.26,5.469918,-0.006993006993007089
2016-05,2016-05-31,sh.601398,4.36,5.59832,0.023474178403755985
2016-06,2016-06-30,sh.601398,4.44,5.701041,0.01834862385321112
2016-07,2016-07-29,sh.601398,4.3,5.521279,-0.031531531531531654
2016-08,2016-08-31,sh.601398,4.53,5.800804,0.05348837209302326
2016-09,2016-09-30,sh.601398,4.43,5.672751,-0.022075055187638082
2016-10,2016-10-31,sh.601398,4.43,5.676116,0.0
2016-11,2016-11-30,sh.601398,4.52,5.791432,0.020316027088036037
2016-12,2016-12-30,sh.601398,4.41,5.65049,-0.02433628318584058
2017-01,2017-01-26,sh.601398,4.6,5.893935,0.04308390022675734
2017-02,2017-02-28,sh.601398,4.69,6.009251,0.019565217391304568
2017-03,2017-03-31,sh.601398,4.84,6.199506,0.03198294243070343
2017-04,2017-04-28,sh.601398,4.88,6.250741,0.008264462809917328
2017-05,2017-05-31,sh.601398,5.25,6.700061,0.07581967213114749
2017-06,2017-06-30,sh.601398,5.25,6.700061,0.0
2017-07,2017-07-31,sh.601398,5.51,7.031874,0.049523809523809526
2017-08,2017-08-31,sh.601398,5.9,7.482544,0.07078039927404722
2017-09,2017-09-29,sh.601398,6.0,7.609367,0.016949152542372836
2017-10,2017-10-31,sh.601398,6.1,7.669896,0.016666666666666607
2017-11,2017-11-30,sh.601398,5.92,7.443572,-0.02950819672131144
2017-12,2017-12-29,sh.601398,6.2,7.795632,0.04729729729729737
2018-01,2018-01-31,sh.601398,7.48,9.405053,0.2064516129032259
2018-02,2018-02-28,sh.601398,6.67,8.386592,-0.10828877005347604
2018-03,2018-03-30,sh.601398,6.09,7.58791,-0.08695652173913049
2018-04,2018-04-27,sh.601398,6.0,7.475774,-0.014778325123152691
2018-05,2018-05-31,sh.601398,5.66,6.978567,-0.05666666666666664
2018-06,2018-06-29,sh.601398,5.32,6.55936,-0.060070671378091856
2018-07,2018-07-31,sh.601398,5.65,6.966237,0.06203007518796988
2018-08,2018-08-31,sh.601398,5.44,6.606053,-0.03716814159292037
2018-09,2018-09-28,sh.601398,5.77,7.006787,0.06066176470588225
2018-10,2018-10-31,sh.601398,5.63,6.740753,-0.02426343154246091
2018-11,2018-11-30,sh.601398,5.33,6.381566,-0.05328596802841912
2018-12,2018-12-28,sh.601398,5.29,6.333674,-0.007504690431519689
2019-01,2019-01-31,sh.601398,5.66,6.776672,0.06994328922495274
2019-02,2019-02-28,sh.601398,5.75,6.884428,0.01590106007067127
2019-03,2019-03-29,sh.601398,5.57,6.668938,-0.03130434782608693
2019-04,2019-04-30,sh.601398,5.81,6.882236,0.043087971274685666
2019-05,2019-05-31,sh.601398,5.61,6.645326,-0.03442340791738374
2019-06,2019-06-28,sh.601398,5.89,6.977,0.04991087344028511
2019-07,2019-07-31,sh.601398,5.64,6.680863,-0.04244482173174868
2019-08,2019-08-30,sh.601398,5.39,6.295053,-0.04432624113475181
2019-09,2019-09-30,sh.601398,5.53,6.45856,0.025974025974025983
2019-10,2019-10-31,sh.601398,5.91,6.799955,0.06871609403254975
2019-11,2019-11-29,sh.601398,5.79,6.661885,-0.020304568527918843
2019-12,2019-12-31,sh.601398,5.88,6.765438,0.015544041450777257
2020-01,2020-01-23,sh.601398,5.72,6.581344,-0.027210884353741527
2020-02,2020-02-28,sh.601398,5.3,6.098099,-0.07342657342657344
2020-03,2020-03-31,sh.601398,5.15,5.878767,-0.028301886792452713
2020-04,2020-04-30,sh.601398,5.17,5.854923,0.003883495145631022
2020-05,2020-05-29,sh.601398,5.12,5.798299,-0.009671179883945835
2020-06,2020-06-30,sh.601398,4.98,5.639752,-0.02734374999999989
2020-07,2020-07-31,sh.601398,4.96,5.617102,-0.004016064257028162
2020-08,2020-08-31,sh.601398,4.96,6.031653,0.0
2020-09,2020-09-30,sh.601398,4.92,5.983011,-0.008064516129032251
2020-10,2020-10-30,sh.601398,4.92,5.983011,0.0
2020-11,2020-11-30,sh.601398,5.32,6.556592,0.08130081300813008
2020-12,2020-12-31,sh.601398,4.99,6.149886,-0.06203007518796988
2021-01,2021-01-29,sh.601398,5.09,6.273131,0.02004008016032066
2021-02,2021-02-26,sh.601398,5.37,6.618215,0.05500982318271119
2021-03,2021-03-31,sh.601398,5.54,6.250247,0.03165735567970196
2021-04,2021-04-30,sh.601398,5.13,5.765128,-0.07400722021660655
2021-05,2021-05-31,sh.601398,5.21,5.855032,0.015594541910331383
2021-06,2021-06-30,sh.601398,5.17,5.81008,-0.007677543186180413
2021-07,2021-07-30,sh.601398,4.59,5.158272,-0.11218568665377182
2021-08,2021-08-31,sh.601398,4.62,4.980798,0.006535947712418277
2021-09,2021-09-30,sh.601398,4.66,5.023921,0.008658008658008587
2021-10,2021-10-29,sh.601398,4.67,5.034702,0.0021459227467810482
2021-11,2021-11-30,sh.601398,4.58,4.814426,-0.01927194860813697
2021-12,2021-12-31,sh.601398,4.63,4.866985,0.01091703056768556
2022-01,2022-01-28,sh.601398,4.66,4.89852,0.006479481641468832
2022-02,2022-02-28,sh.601398,4.66,4.89852,0.0
2022-03,2022-03-31,sh.601398,4.77,4.880483,0.023605150214592197
2022-04,2022-04-29,sh.601398,4.78,4.890715,0.002096436058700357
2022-05,2022-05-31,sh.601398,4.66,4.701756,-0.025104602510460317
2022-06,2022-06-30,sh.601398,4.77,4.812742,0.023605150214592197
2022-07,2022-07-29,sh.601398,4.38,4.419247,-0.08176100628930816
2022-08,2022-08-31,sh.601398,4.38,4.380433,0.0
2022-09,2022-09-30,sh.601398,4.35,4.35043,-0.006849315068493178
2022-10,2022-10-31,sh.601398,4.15,4.08205,-0.045977011494252706
2022-11,2022-11-30,sh.601398,4.3,4.229594,0.036144578313252795
2022-12,2022-12-30,sh.601398,4.34,4.268939,0.009302325581395321
2023-01,2023-01-31,sh.601398,4.32,4.249267,-0.004608294930875445
2023-02,2023-02-28,sh.601398,4.3,4.229594,-0.004629629629629761
2023-03,2023-03-31,sh.601398,4.46,4.409561,0.037209302325581506
2023-04,2023-04-28,sh.601398,4.72,4.666621,0.058295964125560484
2023-05,2023-05-31,sh.601398,4.83,4.775125,0.02330508474576276
2023-06,2023-06-30,sh.601398,4.82,4.765239,-0.0020703933747411307
2023-07,2023-07-31,sh.601398,4.77,4.715807,-0.010373443983402675
2023-08,2023-08-31,sh.601398,4.62,4.541622,-0.03144654088050303
2023-09,2023-09-28,sh.601398,4.68,4.600604,0.01298701298701288
2023-10,2023-10-31,sh.601398,4.73,4.649333,0.010683760683760868
2023-11,2023-11-30,sh.601398,4.81,4.727968,0.01691331923890038
2023-12,2023-12-29,sh.601398,4.78,4.69848,-0.006237006237006071
2024-01,2024-01-31,sh.601398,5.17,5.081829,0.08158995815899583
2024-02,2024-02-29,sh.601398,5.33,5.2391,0.030947775628626717
2024-03,2024-03-29,sh.601398,5.28,5.169948,-0.009380863039399556
2024-04,2024-04-30,sh.601398,5.43,5.353755,0.02840909090909083
2024-05,2024-05-31,sh.601398,5.43,5.353755,0.0
2024-06,2024-06-28,sh.601398,5.7,5.619964,0.04972375690607733
2024-07,2024-07-31,sh.601398,5.85,5.767857,0.02631578947368407
2024-08,2024-08-30,sh.601398,5.98,5.896032,0.022222222222222365
2024-09,2024-09-30,sh.601398,6.18,6.106163,0.03344481605351168
2024-10,2024-10-31,sh.601398,6.04,5.908394,-0.02265372168284785
2024-11,2024-11-29,sh.601398,6.15,6.015997,0.018211920529801473
2024-12,2024-12-31,sh.601398,6.92,6.76922,0.12520325203252014
2025-01,2025-01-27,sh.601398,6.82,6.671398,-0.014450867052023031
2025-02,2025-02-28,sh.601398,6.87,6.720309,0.007331378299120228
2025-03,2025-03-31,sh.601398,6.89,6.711909,0.0029112081513826826
2025-04,2025-04-30,sh.601398,7.01,6.894708,0.01741654571843254
2025-05,2025-05-30,sh.601398,7.07,6.953721,0.00855920114122699
2025-06,2025-06-30,sh.601398,7.59,7.465169,0.07355021216407343
2025-07,2025-07-31,sh.601398,7.56,7.435663,-0.0039525691699605625
2025-08,2025-08-29,sh.601398,7.43,7.307801,-0.01719576719576721
2025-09,2025-09-30,sh.601398,7.3,7.157559,-0.01749663526244949
2025-10,2025-10-31,sh.601398,7.78,7.560657,0.0657534246575342
2025-11,2025-11-28,sh.601398,8.11,7.881353,0.0424164524421593
2025-12,2025-12-31,sh.601398,7.93,7.706428,-0.022194821208384674
2015-01,2015-01-30,sh.601601,33.41,29.858128,
2015-02,2015-02-27,sh.601601,34.41,30.751817,0.02993115833582749
2015-03,2015-03-31,sh.601601,33.9,27.803584,-0.014821272885788939
2015-04,2015-04-30,sh.601601,34.82,24.765626,0.027138643067846635
2015-05,2015-05-29,sh.601601,32.23,22.923496,-0.07438253877082146
2015-06,2015-06-30,sh.601601,30.18,21.465439,-0.06360533664287926
2015-07,2015-07-31,sh.601601,24.92,17.724279,-0.17428760768720997
2015-08,2015-08-31,sh.601601,22.61,13.222239,-0.0926966292134832
2015-09,2015-09-30,sh.601601,22.19,12.976625,-0.018575851393188736
2015-10,2015-10-30,sh.601601,24.66,14.421071,0.11131140153222163
2015-11,2015-11-30,sh.601601,26.46,14.001782,0.07299270072992714
2015-12,2015-12-31,sh.601601,28.86,15.271785,0.09070294784580502
2016-01,2016-01-29,sh.601601,23.27,12.313737,-0.1936936936936937
2016-02,2016-02-29,sh.601601,23.51,12.440737,0.010313708637731178
2016-03,2016-03-31,sh.601601,26.23,13.407957,0.11569544874521465
2016-04,2016-04-29,sh.601601,27.61,14.11337,0.05261151353412119
2016-05,2016-05-31,sh.601601,27.29,16.460462,-0.011590003621876122
2016-06,2016-06-30,sh.601601,27.04,16.30967,-0.009160864785635714
2016-07,2016-07-29,sh.601601,26.79,16.158878,-0.009245562130177465
2016-08,2016-08-31,sh.601601,27.47,19.795876,0.02538260544979476
2016-09,2016-09-30,sh.601601,28.75,20.71829,0.04659628685839112
2016-10,2016-10-31,sh.601601,29.32,23.062047,0.01982608695652166
2016-11,2016-11-30,sh.601601,30.21,23.762088,0.030354706684856847
2016-12,2016-12-30,sh.601601,27.77,21.842873,-0.08076795762992395
2017-01,2017-01-26,sh.601601,29.02,22.826078,0.04501260352898817
2017-02,2017-02-28,sh.601601,27.34,21.504651,-0.05789110957960031
2017-03,2017-03-31,sh.601601,27.42,20.608778,0.002926115581565636
2017-04,2017-04-28,sh.601601,27.75,20.856805,0.012035010940919078
2017-05,2017-05-31,sh.601601,30.35,23.193768,0.09369369369369385
2017-06,2017-06-30,sh.601601,33.87,25.883786,0.11598023064250396
2017-07,2017-07-31,sh.601601,34.17,26.113049,0.008857395925597977
2017-08,2017-08-31,sh.601601,38.22,27.877466,0.1185250219490781
2017-09,2017-09-29,sh.601601,36.93,26.936547,-0.03375196232339084
2017-10,2017-10-31,sh.601601,42.78,27.389597,0.1584077985377743
2017-11,2017-11-30,sh.601601,41.74,26.723745,-0.024310425432444993
2017-12,2017-12-29,sh.601601,41.42,26.518867,-0.007666506947771934
2018-01,2018-01-31,sh.601601,39.53,25.308807,-0.04563013037180108
2018-02,2018-02-28,sh.601601,40.03,25.628929,0.012648621300278329
2018-03,2018-03-30,sh.601601,33.93,20.970786,-0.15238571071696227
2018-04,2018-04-27,sh.601601,31.6,19.530705,-0.06867079280872379
2018-05,2018-05-31,sh.601601,33.27,18.369143,0.052848101265822844
2018-06,2018-06-29,sh.601601,31.85,17.585128,-0.04268109407874965
2018-07,2018-07-31,sh.601601,34.23,18.899181,0.07472527472527468
2018-08,2018-08-31,sh.601601,32.76,18.094174,-0.042944785276073594
2018-09,2018-09-28,sh.601601,35.51,19.613069,0.08394383394383387
2018-10,2018-10-31,sh.601601,33.66,18.541543,-0.05209800056322167
2018-11,2018-11-30,sh.601601,31.39,17.291118,-0.06743909685086147
2018-12,2018-12-28,sh.601601,28.43,15.660608,-0.09429754698948711
2019-01,2019-01-31,sh.601601,30.82,16.977135,0.08406612733028496
2019-02,2019-02-28,sh.601601,34.02,18.739848,0.10382868267358858
2019-03,2019-03-29,sh.601601,34.04,17.119179,0.0005878894767783471
2019-04,2019-04-30,sh.601601,36.18,16.603188,0.06286721504112802
2019-05,2019-05-31,sh.601601,34.42,15.795515,-0.048645660585959094
2019-06,2019-06-28,sh.601601,36.51,16.754627,0.06072051133062173
2019-07,2019-07-31,sh.601601,38.6,17.713739,0.057244590523144456
2019-08,2019-08-30,sh.601601,37.8,13.201156,-0.020725388601036343
2019-09,2019-09-30,sh.601601,34.87,12.177892,-0.07751322751322753
2019-10,2019-10-31,sh.601601,34.51,11.082629,-0.010324060797246903
2019-11,2019-11-29,sh.601601,34.25,10.999132,-0.007534048101999313
2019-12,2019-12-31,sh.601601,37.84,12.152033,0.1048175182481752
2020-01,2020-01-23,sh.601601,35.96,11.548285,-0.04968287526427073
2020-02,2020-02-28,sh.601601,31.89,10.241235,-0.11318131256952169
2020-03,2020-03-31,sh.601601,28.22,9.218472,-0.11508309814989026
2020-04,2020-04-30,sh.601601,30.77,9.097479,0.09036144578313254
2020-05,2020-05-29,sh.601601,28.28,8.361284,-0.08092297692557682
2020-06,2020-06-30,sh.601601,27.25,8.514062,-0.036421499292786486
2020-07,2020-07-31,sh.601601,29.51,9.262521,0.08293577981651379
2020-08,2020-08-31,sh.601601,30.82,11.493543,0.04439173161640109
2020-09,2020-09-30,sh.601601,31.21,11.638983,0.012654120700843707
2020-10,2020-10-30,sh.601601,31.91,11.900031,0.02242870874719638
2020-11,2020-11-30,sh.601601,38.65,15.192082,0.2112190535882168
2020-12,2020-12-31,sh.601601,38.4,15.093815,-0.0064683053040103244
2021-01,2021-01-29,sh.601601,34.69,13.635532,-0.09661458333333339
2021-02,2021-02-26,sh.601601,44.19,17.369679,0.27385413663880076
2021-03,2021-03-31,sh.601601,37.84,14.80775,-0.14369766915591753
2021-04,2021-04-30,sh.601601,32.89,12.787982,-0.1308139534883721
2021-05,2021-05-31,sh.601601,34.4,13.375086,0.04591061112800232
2021-06,2021-06-30,sh.601601,28.97,11.263844,-0.15784883720930232
2021-07,2021-07-30,sh.601601,26.02,10.116853,-0.10182947877114257
2021-08,2021-08-31,sh.601601,26.3,9.150963,0.010760953112989968
2021-09,2021-09-30,sh.601601,27.14,9.443237,0.03193916349809878
2021-10,2021-10-29,sh.601601,27.4,9.533703,0.009579955784819294
2021-11,2021-11-30,sh.601601,27.09,9.435054,-0.011313868613138656
2021-12,2021-12-31,sh.601601,27.12,9.445502,0.001107419712070845
2022-01,2022-01-28,sh.601601,26.26,9.145977,-0.03171091445427732
2022-02,2022-02-28,sh.601601,26.44,9.208668,0.006854531607006775
2022-03,2022-03-31,sh.601601,22.92,8.217121,-0.13313161875945534
2022-04,2022-04-29,sh.601601,20.8,8.434627,-0.0924956369982548
2022-05,2022-05-31,sh.601601,21.25,8.617107,0.02163461538461542
2022-06,2022-06-30,sh.601601,23.53,9.541672,0.10729411764705898
2022-07,2022-07-29,sh.601601,20.19,8.187266,-0.14194645133871653
2022-08,2022-08-31,sh.601601,20.97,8.836168,0.03863298662704295
2022-09,2022-09-30,sh.601601,20.33,8.56649,-0.030519790176442574
2022-10,2022-10-31,sh.601601,19.03,7.496933,-0.06394490900147554
2022-11,2022-11-30,sh.601601,24.34,9.588825,0.2790331056227009
2022-12,2022-12-30,sh.601601,24.52,9.659737,0.007395234182415722
2023-01,2023-01-31,sh.601601,25.8,10.163997,0.05220228384991854
2023-02,2023-02-28,sh.601601,27.62,10.880992,0.07054263565891472
2023-03,2023-03-31,sh.601601,25.92,10.132848,-0.06154960173787105
2023-04,2023-04-28,sh.601601,31.21,11.076098,0.20408950617283939
2023-05,2023-05-31,sh.601601,27.85,9.883669,-0.10765780198654273
2023-06,2023-06-30,sh.601601,25.98,9.220026,-0.06714542190305206
2023-07,2023-07-31,sh.601601,29.9,10.611193,0.15088529638183212
2023-08,2023-08-31,sh.601601,27.7,11.653626,-0.0735785953177257
2023-09,2023-09-28,sh.601601,28.59,12.028056,0.03212996389891698
2023-10,2023-10-31,sh.601601,27.75,15.574615,-0.029380902413431276
2023-11,2023-11-30,sh.601601,24.09,13.52045,-0.13189189189189188
2023-12,2023-12-29,sh.601601,23.78,13.346463,-0.012868410128684005
2024-01,2024-01-31,sh.601601,24.86,13.95261,0.04541631623212772
2024-02,2024-02-29,sh.601601,25.62,14.379158,0.03057119871279168
2024-03,2024-03-29,sh.601601,23.0,8.117836,-0.10226385636221702
2024-04,2024-04-30,sh.601601,25.8,9.061877,0.12173913043478257
2024-05,2024-05-31,sh.601601,28.78,10.108559,0.11550387596899236
2024-06,2024-06-28,sh.601601,27.86,9.785422,-0.03196664350243228
2024-07,2024-07-31,sh.601601,29.55,10.37901,0.060660445082555636
2024-08,2024-08-30,sh.601601,29.64,8.372638,0.003045685279187804
2024-09,2024-09-30,sh.601601,39.1,11.044876,0.31916329284750344
2024-10,2024-10-31,sh.601601,36.8,8.346187,-0.05882352941176483
2024-11,2024-11-29,sh.601601,33.9,7.688471,-0.07880434782608692
2024-12,2024-12-31,sh.601601,34.08,7.729295,0.005309734513274433
2025-01,2025-01-27,sh.601601,32.35,7.336934,-0.05076291079812201
2025-02,2025-02-28,sh.601601,30.87,7.001272,-0.04574961360123653
2025-03,2025-03-31,sh.601601,32.16,6.881454,0.04178814382896001
2025-04,2025-04-30,sh.601601,29.85,6.705127,-0.07182835820895506
2025-05,2025-05-30,sh.601601,34.43,7.733921,0.15343383584589598
2025-06,2025-06-30,sh.601601,37.51,8.425773,0.08945686900958472
2025-07,2025-07-31,sh.601601,37.46,8.414542,-0.0013329778725672536
2025-08,2025-08-29,sh.601601,40.31,8.127679,0.07608115323011222
2025-09,2025-09-30,sh.601601,35.12,7.081223,-0.12875217067725142
2025-10,2025-10-31,sh.601601,35.5,6.523823,0.010820045558086688
2025-11,2025-11-28,sh.601601,34.75,6.385996,-0.021126760563380254
2025-12,2025-12-31,sh.601601,41.91,7.701786,0.2060431654676258
2015-01,2015-01-30,sh.601628,36.08,35.620893,
2015-02,2015-02-27,sh.601628,37.46,36.983333,0.03824833702882491
2015-03,2015-03-31,sh.601628,37.05,32.51086,-0.01094500800854259
2015-04,2015-04-30,sh.601628,38.06,28.876219,0.02726045883940631
2015-05,2015-05-29,sh.601628,35.26,26.751852,-0.07356805044666326
2015-06,2015-06-30,sh.601628,31.32,23.762564,-0.1117413499716392
2015-07,2015-07-31,sh.601628,28.24,21.42576,-0.09833971902937422
2015-08,2015-08-31,sh.601628,25.44,15.875612,-0.09915014164305935
2015-09,2015-09-30,sh.601628,25.53,15.931776,0.0035377358490567
2015-10,2015-10-30,sh.601628,26.49,19.450111,0.03760282021151573
2015-11,2015-11-30,sh.601628,26.31,19.317947,-0.006795016987542479
2015-12,2015-12-31,sh.601628,28.31,20.786435,0.07601672367920953
2016-01,2016-01-29,sh.601628,20.44,15.007938,-0.2779936418226774
2016-02,2016-02-29,sh.601628,19.88,14.596762,-0.027397260273972712
2016-03,2016-03-31,sh.601628,23.86,19.435599,0.2002012072434607
2016-04,2016-04-29,sh.601628,21.69,22.148974,-0.09094719195305945
2016-05,2016-05-31,sh.601628,21.62,22.077493,-0.0032272936837252075
2016-06,2016-06-30,sh.601628,20.82,21.260564,-0.03700277520814066
2016-07,2016-07-29,sh.601628,20.94,21.383104,0.0057636887608070175
2016-08,2016-08-31,sh.601628,21.59,44.853729,0.031041069723018122
2016-09,2016-09-30,sh.601628,21.41,44.479775,-0.008337193144974497
2016-10,2016-10-31,sh.601628,21.83,42.878284,0.01961700140121425
2016-11,2016-11-30,sh.601628,25.79,50.65648,0.18140174072377468
2016-12,2016-12-30,sh.601628,24.09,47.317355,-0.06591702210158978
2017-01,2017-01-26,sh.601628,25.72,50.518986,0.06766293067662921
2017-02,2017-02-28,sh.601628,25.67,50.420777,-0.0019440124416795213
2017-03,2017-03-31,sh.601628,25.3,37.386785,-0.014413712504869558
2017-04,2017-04-28,sh.601628,26.13,36.881735,0.03280632411067197
2017-05,2017-05-31,sh.601628,28.08,39.634103,0.07462686567164178
2017-06,2017-06-30,sh.601628,26.98,38.081485,-0.03917378917378911
2017-07,2017-07-31,sh.601628,27.6,38.956597,0.022979985174203188
2017-08,2017-08-31,sh.601628,29.27,39.444451,0.060507246376811485
2017-09,2017-09-29,sh.601628,27.74,37.382613,-0.05227195080286984
2017-10,2017-10-31,sh.601628,31.4,27.372062,0.1319394376351839
2017-11,2017-11-30,sh.601628,30.98,27.005939,-0.013375796178343946
2017-12,2017-12-29,sh.601628,30.45,26.543926,-0.017107811491284708
2018-01,2018-01-31,sh.601628,30.26,26.378299,-0.006239737274220003
2018-02,2018-02-28,sh.601628,26.86,23.414445,-0.1123595505617978
2018-03,2018-03-30,sh.601628,25.41,22.267887,-0.053983618763961294
2018-04,2018-04-27,sh.601628,24.51,17.484426,-0.0354191263282172
2018-05,2018-05-31,sh.601628,24.56,17.520094,0.002039983680130364
2018-06,2018-06-29,sh.601628,22.52,16.064842,-0.08306188925081426
2018-07,2018-07-31,sh.601628,23.45,16.728265,0.04129662522202482
2018-08,2018-08-31,sh.601628,22.1,17.144699,-0.05756929637526642
2018-09,2018-09-28,sh.601628,22.68,17.594651,0.02624434389140262
2018-10,2018-10-31,sh.601628,21.87,24.435668,-0.0357142857142857
2018-11,2018-11-30,sh.601628,21.58,24.111647,-0.013260173754001015
2018-12,2018-12-28,sh.601628,20.39,22.782043,-0.05514365152919365
2019-01,2019-01-31,sh.601628,22.76,25.430078,0.11623344776851408
2019-02,2019-02-28,sh.601628,28.38,31.709386,0.24692442882249543
2019-03,2019-03-29,sh.601628,28.32,70.246287,-0.002114164904862492
2019-04,2019-04-30,sh.601628,30.3,35.817011,0.06991525423728806
2019-05,2019-05-31,sh.601628,26.12,30.875919,-0.1379537953795379
2019-06,2019-06-28,sh.601628,28.32,33.476494,0.08422664624808562
2019-07,2019-07-31,sh.601628,29.69,35.095943,0.04837570621468923
2019-08,2019-08-30,sh.601628,28.85,25.035668,-0.028292354328056546
2019-09,2019-09-30,sh.601628,27.48,23.846799,-0.047487001733102274
2019-10,2019-10-31,sh.601628,33.45,19.205622,0.21724890829694332
2019-11,2019-11-29,sh.601628,32.81,18.838161,-0.019133034379671177
2019-12,2019-12-31,sh.601628,34.87,20.020928,0.0627857360560804
2020-01,2020-01-23,sh.601628,32.26,18.522373,-0.07484944078004019
2020-02,2020-02-28,sh.601628,29.45,16.908986,-0.08710477371357717
2020-03,2020-03-31,sh.601628,26.34,12.772871,-0.10560271646859076
2020-04,2020-04-30,sh.601628,28.54,16.34831,0.08352315869400151
2020-05,2020-05-29,sh.601628,25.6,14.664217,-0.10301331464611063
2020-06,2020-06-30,sh.601628,27.21,15.586459,0.06289062499999987
2020-07,2020-07-31,sh.601628,36.49,20.902237,0.3410510841602352
2020-08,2020-08-31,sh.601628,43.68,24.102499,0.1970402850095916
2020-09,2020-09-30,sh.601628,44.43,24.516347,0.01717032967032961
2020-10,2020-10-30,sh.601628,46.08,27.325968,0.037137069547602986
2020-11,2020-11-30,sh.601628,42.41,25.149616,-0.07964409722222221
2020-12,2020-12-31,sh.601628,38.39,22.76571,-0.09478896486677657
2021-01,2021-01-29,sh.601628,36.15,21.437364,-0.05834852826256842
2021-02,2021-02-26,sh.601628,33.16,19.66426,-0.08271092669432922
2021-03,2021-03-31,sh.601628,31.82,17.891758,-0.04041013268998783
2021-04,2021-04-30,sh.601628,33.07,15.132899,0.03928346951602757
2021-05,2021-05-31,sh.601628,36.4,16.656714,0.10069549440580583
2021-06,2021-06-30,sh.601628,33.89,15.508133,-0.06895604395604393
2021-07,2021-07-30,sh.601628,28.0,12.812857,-0.17379758040719973
2021-08,2021-08-31,sh.601628,28.84,13.427458,0.030000000000000027
2021-09,2021-09-30,sh.601628,29.8,13.874419,0.03328710124826628
2021-10,2021-10-29,sh.601628,29.8,16.294363,0.0
2021-11,2021-11-30,sh.601628,29.55,16.157665,-0.008389261744966459
2021-12,2021-12-31,sh.601628,30.09,16.452932,0.018274111675126825
2022-01,2022-01-28,sh.601628,27.56,15.069552,-0.0840810900631439
2022-02,2022-02-28,sh.601628,28.78,15.736636,0.044267053701016135
2022-03,2022-03-31,sh.601628,26.24,14.565029,-0.0882557331480196
2022-04,2022-04-29,sh.601628,25.45,19.175154,-0.0301067073170731
2022-05,2022-05-31,sh.601628,24.85,18.723088,-0.023575638506876162
2022-06,2022-06-30,sh.601628,31.08,23.417045,0.25070422535211256
2022-07,2022-07-29,sh.601628,27.87,20.998489,-0.10328185328185324
2022-08,2022-08-31,sh.601628,30.7,24.533531,0.10154287764621461
2022-09,2022-09-30,sh.601628,31.63,25.276729,0.03029315960912049
2022-10,2022-10-31,sh.601628,26.6,22.408237,-0.15902624091052786
2022-11,2022-11-30,sh.601628,36.15,30.453299,0.35902255639097724
2022-12,2022-12-30,sh.601628,37.12,31.270441,0.02683264177040101
2023-01,2023-01-31,sh.601628,34.04,28.675803,-0.08297413793103448
2023-02,2023-02-28,sh.601628,35.77,30.133181,0.050822561692126955
2023-03,2023-03-31,sh.601628,33.29,29.32897,-0.06933184232597156
2023-04,2023-04-28,sh.601628,39.0,31.662315,0.17152297987383602
2023-05,2023-05-31,sh.601628,37.34,30.314637,-0.04256410256410248
2023-06,2023-06-30,sh.601628,34.96,28.382424,-0.06373861810391013
2023-07,2023-07-31,sh.601628,36.67,29.770695,0.048913043478260976
2023-08,2023-08-31,sh.601628,35.63,44.011513,-0.02836105808562861
2023-09,2023-09-28,sh.601628,36.26,44.789713,0.017681728880156955
2023-10,2023-10-31,sh.601628,33.6,55.003712,-0.07335907335907332
2023-11,2023-11-30,sh.601628,30.04,49.175938,-0.10595238095238102
2023-12,2023-12-29,sh.601628,28.35,46.409382,-0.05625832223701721
2024-01,2024-01-31,sh.601628,28.74,47.047818,0.013756613756613634
2024-02,2024-02-29,sh.601628,30.33,49.650672,0.055323590814196244
2024-03,2024-03-29,sh.601628,28.5,38.15936,-0.060336300692383715
2024-04,2024-04-30,sh.601628,30.66,45.648749,0.07578947368421063
2024-05,2024-05-31,sh.601628,31.35,46.676069,0.022504892367906093
2024-06,2024-06-28,sh.601628,31.05,46.229408,-0.009569377990430672
2024-07,2024-07-31,sh.601628,32.2,47.941609,0.0370370370370372
2024-08,2024-08-30,sh.601628,33.38,38.086382,0.0366459627329192
2024-09,2024-09-30,sh.601628,44.0,50.203739,0.31815458358298376
2024-10,2024-10-31,sh.601628,41.88,13.53309,-0.048181818181818103
2024-11,2024-11-29,sh.601628,42.1,13.604181,0.005253104106972328
2024-12,2024-12-31,sh.601628,41.92,13.546016,-0.004275534441805173
2025-01,2025-01-27,sh.601628,40.6,13.119471,-0.031488549618320594
2025-02,2025-02-28,sh.601628,38.91,12.573365,-0.04162561576354695
2025-03,2025-03-31,sh.601628,37.6,9.938307,-0.03366743767668967
2025-04,2025-04-30,sh.601628,36.31,8.917062,-0.03430851063829787
2025-05,2025-05-30,sh.601628,38.29,9.403313,0.05453043238777178
2025-06,2025-06-30,sh.601628,41.19,10.1155,0.0757377905458343
2025-07,2025-07-31,sh.601628,40.92,10.049193,-0.006554989075018058
2025-08,2025-08-29,sh.601628,42.08,10.853185,0.02834799608993155
2025-09,2025-09-30,sh.601628,39.64,10.223865,-0.05798479087452468
2025-10,2025-10-31,sh.601628,43.97,7.301306,0.10923309788092839
2025-11,2025-11-28,sh.601628,43.52,7.226582,-0.010234250625426378
2025-12,2025-12-31,sh.601628,45.5,7.555365,0.045496323529411686
2019-12,2019-12-31,sh.601658,5.86,8.510651,
2020-01,2020-01-23,sh.601658,5.67,8.234708,-0.03242320819112632
2020-02,2020-02-28,sh.601658,5.5,7.987812,-0.029982363315696592
2020-03,2020-03-31,sh.601658,5.27,7.52264,-0.041818181818181865
2020-04,2020-04-30,sh.601658,5.22,7.263636,-0.009487666034155517
2020-05,2020-05-29,sh.601658,5.08,7.068826,-0.026819923371647403
2020-06,2020-06-30,sh.601658,4.57,6.35916,-0.10039370078740151
2020-07,2020-07-31,sh.601658,4.64,6.456565,0.015317286652078543
2020-08,2020-08-31,sh.601658,4.62,7.023964,-0.004310344827586077
2020-09,2020-09-30,sh.601658,4.51,6.856726,-0.023809523809523836
2020-10,2020-10-30,sh.601658,4.6,6.725636,0.019955654101995624
2020-11,2020-11-30,sh.601658,5.23,7.646756,0.13695652173913064
2020-12,2020-12-31,sh.601658,4.78,6.988814,-0.08604206500956024
2021-01,2021-01-29,sh.601658,5.48,8.01228,0.14644351464435146
2021-02,2021-02-26,sh.601658,6.12,8.948021,0.11678832116788307
2021-03,2021-03-31,sh.601658,5.87,8.447077,-0.040849673202614345
2021-04,2021-04-30,sh.601658,5.09,7.200478,-0.13287904599659284
2021-05,2021-05-31,sh.601658,5.6,7.92194,0.10019646365422386
2021-06,2021-06-30,sh.601658,5.02,7.101453,-0.10357142857142854
2021-07,2021-07-30,sh.601658,4.69,6.634625,-0.06573705179282852
2021-08,2021-08-31,sh.601658,5.14,6.636575,0.09594882729211074
2021-09,2021-09-30,sh.601658,5.08,6.559105,-0.011673151750972721
2021-10,2021-10-29,sh.601658,5.41,6.588243,0.06496062992125995
2021-11,2021-11-30,sh.601658,5.08,6.186372,-0.060998151571164505
2021-12,2021-12-31,sh.601658,5.1,6.210728,0.003937007874015741
2022-01,2022-01-28,sh.601658,5.62,6.843979,0.10196078431372557
2022-02,2022-02-28,sh.601658,5.58,6.795267,-0.007117437722419906
2022-03,2022-03-31,sh.601658,5.39,6.537345,-0.03405017921146958
2022-04,2022-04-29,sh.601658,5.41,6.561603,0.0037105751391466324
2022-05,2022-05-31,sh.601658,5.25,6.066793,-0.02957486136783738
2022-06,2022-06-30,sh.601658,5.39,6.228574,0.026666666666666616
2022-07,2022-07-29,sh.601658,4.69,5.419668,-0.1298701298701297
2022-08,2022-08-31,sh.601658,4.51,5.064196,-0.03837953091684443
2022-09,2022-09-30,sh.601658,4.46,5.008052,-0.011086474501108556
2022-10,2022-10-31,sh.601658,3.88,4.191807,-0.1300448430493274
2022-11,2022-11-30,sh.601658,4.46,4.818417,0.14948453608247414
2022-12,2022-12-30,sh.601658,4.62,4.991275,0.03587443946188351
2023-01,2023-01-31,sh.601658,4.81,5.196544,0.04112554112554112
2023-02,2023-02-28,sh.601658,4.52,4.883239,-0.06029106029106035
2023-03,2023-03-31,sh.601658,4.65,5.410436,0.028761061946902755
2023-04,2023-04-28,sh.601658,5.51,6.314532,0.18494623655913967
2023-05,2023-05-31,sh.601658,5.14,5.890507,-0.06715063520871145
2023-06,2023-06-30,sh.601658,4.89,5.604004,-0.048638132295719894
2023-07,2023-07-31,sh.601658,5.19,5.947808,0.06134969325153383
2023-08,2023-08-31,sh.601658,4.86,5.496759,-0.06358381502890176
2023-09,2023-09-28,sh.601658,4.97,5.621171,0.02263374485596703
2023-10,2023-10-31,sh.601658,4.57,5.20701,-0.0804828973843057
2023-11,2023-11-30,sh.601658,4.39,5.00192,-0.03938730853391703
2023-12,2023-12-29,sh.601658,4.35,4.956345,-0.009111617312072884
2024-01,2024-01-31,sh.601658,4.73,5.389313,0.08735632183908071
2024-02,2024-02-29,sh.601658,4.85,5.52604,0.025369978858350795
2024-03,2024-03-29,sh.601658,4.75,5.459779,-0.020618556701030855
2024-04,2024-04-30,sh.601658,4.8,5.539983,0.010526315789473717
2024-05,2024-05-31,sh.601658,5.03,5.80544,0.04791666666666683
2024-06,2024-06-28,sh.601658,5.07,5.851607,0.007952286282306265
2024-07,2024-07-31,sh.601658,4.83,5.574608,-0.047337278106508895
2024-08,2024-08-30,sh.601658,4.73,5.459191,-0.020703933747411973
2024-09,2024-09-30,sh.601658,5.26,6.098938,0.11205073995771664
2024-10,2024-10-31,sh.601658,5.21,5.977222,-0.009505703422053147
2024-11,2024-11-29,sh.601658,5.3,6.080475,0.017274472168905985
2024-12,2024-12-31,sh.601658,5.68,6.516434,0.07169811320754715
2025-01,2025-01-27,sh.601658,5.41,6.206674,-0.047535211267605515
2025-02,2025-02-28,sh.601658,5.32,6.10342,-0.01663585951940849
2025-03,2025-03-31,sh.601658,5.21,5.974042,-0.020676691729323404
2025-04,2025-04-30,sh.601658,5.12,5.917373,-0.017274472168905874
2025-05,2025-05-30,sh.601658,5.33,6.160078,0.041015625
2025-06,2025-06-30,sh.601658,5.47,7.656499,0.026266416510318802
2025-07,2025-07-31,sh.601658,5.74,8.034425,0.04936014625228524
2025-08,2025-08-29,sh.601658,6.04,8.454342,0.05226480836236935
2025-09,2025-09-30,sh.601658,5.75,7.947182,-0.04801324503311255
2025-10,2025-10-31,sh.601658,5.75,7.917024,0.0
2025-11,2025-11-28,sh.601658,5.68,7.820643,-0.012173913043478257
2025-12,2025-12-31,sh.601658,5.45,7.503962,-0.040492957746478764
2015-01,2015-01-30,sh.601668,5.88,7.386828,
2015-02,2015-02-27,sh.601668,6.41,8.052647,0.09013605442176864
2015-03,2015-03-31,sh.601668,7.67,9.635539,0.19656786271450843
2015-04,2015-04-30,sh.601668,10.9,13.874228,0.42112125162972625
2015-05,2015-05-29,sh.601668,9.31,11.850373,-0.14587155963302756
2015-06,2015-06-30,sh.601668,8.31,10.577508,-0.10741138560687435
2015-07,2015-07-31,sh.601668,6.96,8.85914,-0.16245487364620947
2015-08,2015-08-31,sh.601668,6.13,7.509982,-0.11925287356321845
2015-09,2015-09-30,sh.601668,5.78,7.08119,-0.05709624796084822
2015-10,2015-10-30,sh.601668,6.21,7.538945,0.07439446366781999
2015-11,2015-11-30,sh.601668,6.2,7.526805,-0.0016103059581320522
2015-12,2015-12-31,sh.601668,6.34,7.696766,0.022580645161290214
2016-01,2016-01-29,sh.601668,5.13,6.227825,-0.1908517350157729
2016-02,2016-02-29,sh.601668,5.13,6.227825,0.0
2016-03,2016-03-31,sh.601668,5.7,6.919805,0.11111111111111116
2016-04,2016-04-29,sh.601668,5.51,6.342593,-0.03333333333333344
2016-05,2016-05-31,sh.601668,5.49,6.141605,-0.003629764065335661
2016-06,2016-06-30,sh.601668,5.32,5.951428,-0.030965391621129323
2016-07,2016-07-29,sh.601668,5.7,6.37653,0.0714285714285714
2016-08,2016-08-31,sh.601668,6.4,6.753579,0.12280701754385959
2016-09,2016-09-30,sh.601668,6.17,6.510872,-0.03593750000000007
2016-10,2016-10-31,sh.601668,7.18,6.777001,0.16369529983792552
2016-11,2016-11-30,sh.601668,11.01,10.392031,0.5334261838440111
2016-12,2016-12-30,sh.601668,8.86,8.362706,-0.1952770208900999
2017-01,2017-01-26,sh.601668,8.94,8.438216,0.009029345372460584
2017-02,2017-02-28,sh.601668,8.85,8.353268,-0.010067114093959662
2017-03,2017-03-31,sh.601668,9.2,8.683623,0.039548022598870025
2017-04,2017-04-28,sh.601668,9.36,9.184409,0.01739130434782621
2017-05,2017-05-31,sh.601668,9.45,9.272721,0.009615384615384581
2017-06,2017-06-30,sh.601668,9.68,9.498406,0.024338624338624326
2017-07,2017-07-31,sh.601668,10.29,10.096963,0.06301652892561971
2017-08,2017-08-31,sh.601668,9.99,9.422299,-0.02915451895043719
2017-09,2017-09-29,sh.601668,9.28,8.752646,-0.07107107107107113
2017-10,2017-10-31,sh.601668,9.5,9.227285,0.0237068965517242
2017-11,2017-11-30,sh.601668,9.65,9.372978,0.015789473684210575
2017-12,2017-12-29,sh.601668,9.02,8.761064,-0.06528497409326428
2018-01,2018-01-31,sh.601668,10.12,9.829486,0.12195121951219501
2018-02,2018-02-28,sh.601668,9.11,8.84848,-0.09980237154150196
2018-03,2018-03-30,sh.601668,8.66,8.411398,-0.04939626783754114
2018-04,2018-04-27,sh.601668,8.39,7.640748,-0.03117782909930711
2018-05,2018-05-31,sh.601668,8.23,7.261141,-0.019070321811680557
2018-06,2018-06-29,sh.601668,5.46,6.741746,-0.33657351154313486
2018-07,2018-07-31,sh.601668,5.8,7.161562,0.06227106227106227
2018-08,2018-08-31,sh.601668,5.4,6.660056,-0.06896551724137923
2018-09,2018-09-28,sh.601668,5.49,6.771057,0.016666666666666607
2018-10,2018-10-31,sh.601668,5.38,6.555027,-0.020036429872495543
2018-11,2018-11-30,sh.601668,5.77,7.030205,0.07249070631970245
2018-12,2018-12-28,sh.601668,5.7,6.944917,-0.0121317157712304
2019-01,2019-01-31,sh.601668,6.12,7.456647,0.0736842105263158
2019-02,2019-02-28,sh.601668,6.15,7.4932,0.004901960784313708
2019-03,2019-03-29,sh.601668,6.12,7.455953,-0.004878048780487809
2019-04,2019-04-30,sh.601668,6.13,6.606277,0.0016339869281045694
2019-05,2019-05-31,sh.601668,5.61,6.045875,-0.08482871125611735
2019-06,2019-06-28,sh.601668,5.75,6.196753,0.024955436720142554
2019-07,2019-07-31,sh.601668,5.89,6.34763,0.024347826086956514
2019-08,2019-08-30,sh.601668,5.47,5.826575,-0.07130730050933787
2019-09,2019-09-30,sh.601668,5.43,5.783968,-0.007312614259597838
2019-10,2019-10-31,sh.601668,5.24,5.37564,-0.034990791896869156
2019-11,2019-11-29,sh.601668,5.11,5.241571,-0.024809160305343525
2019-12,2019-12-31,sh.601668,5.62,5.764703,0.09980430528375739
2020-01,2020-01-23,sh.601668,5.47,5.610841,-0.026690391459074814
2020-02,2020-02-28,sh.601668,5.37,5.508266,-0.018281535648994485
2020-03,2020-03-31,sh.601668,5.27,5.405691,-0.01862197392923659
2020-04,2020-04-30,sh.601668,5.24,5.416735,-0.005692599620493288
2020-05,2020-05-29,sh.601668,5.0,5.16864,-0.04580152671755733
2020-06,2020-06-30,sh.601668,4.77,4.930882,-0.04600000000000004
2020-07,2020-07-31,sh.601668,5.03,5.199652,0.05450733752620551
2020-08,2020-08-31,sh.601668,5.14,5.208554,0.021868787276341894
2020-09,2020-09-30,sh.601668,5.08,5.147753,-0.011673151750972721
2020-10,2020-10-30,sh.601668,5.11,4.982595,0.0059055118110236116
2020-11,2020-11-30,sh.601668,5.43,5.294617,0.06262230919765144
2020-12,2020-12-31,sh.601668,4.97,4.846086,-0.0847145488029466
2021-01,2021-01-29,sh.601668,4.81,4.690075,-0.03219315895372232
2021-02,2021-02-26,sh.601668,5.05,4.924091,0.0498960498960499
2021-03,2021-03-31,sh.601668,5.19,5.060601,0.027722772277227747
2021-04,2021-04-30,sh.601668,4.94,4.282721,-0.048169556840077066
2021-05,2021-05-31,sh.601668,4.89,4.239374,-0.010121457489878694
2021-06,2021-06-30,sh.601668,4.65,4.031306,-0.04907975460122682
2021-07,2021-07-30,sh.601668,4.46,3.866586,-0.04086021505376347
2021-08,2021-08-31,sh.601668,4.8,3.967723,0.07623318385650224
2021-09,2021-09-30,sh.601668,4.8,3.967723,0.0
2021-10,2021-10-29,sh.601668,4.66,3.78559,-0.029166666666666563
2021-11,2021-11-30,sh.601668,4.64,3.769343,-0.0042918454935623185
2021-12,2021-12-31,sh.601668,5.0,4.061792,0.07758620689655182
2022-01,2022-01-28,sh.601668,5.2,4.224263,0.040000000000000036
2022-02,2022-02-28,sh.601668,5.09,4.134904,-0.02115384615384619
2022-03,2022-03-31,sh.601668,5.44,4.419229,0.06876227897838905
2022-04,2022-04-29,sh.601668,6.28,5.123528,0.15441176470588225
2022-05,2022-05-31,sh.601668,5.51,4.332684,-0.1226114649681529
2022-06,2022-06-30,sh.601668,5.32,4.183281,-0.03448275862068961
2022-07,2022-07-29,sh.601668,5.04,3.963109,-0.052631578947368474
2022-08,2022-08-31,sh.601668,5.14,3.971405,0.01984126984126977
2022-09,2022-09-30,sh.601668,5.15,3.979132,0.001945525291829009
2022-10,2022-10-31,sh.601668,4.75,3.488497,-0.07766990291262144
2022-11,2022-11-30,sh.601668,5.88,4.318391,0.23789473684210516
2022-12,2022-12-30,sh.601668,5.43,3.987902,-0.07653061224489799
2023-01,2023-01-31,sh.601668,5.54,4.068689,0.0202578268876612
2023-02,2023-02-28,sh.601668,5.62,4.127442,0.014440433212996373
2023-03,2023-03-31,sh.601668,5.8,4.259638,0.03202846975088969
2023-04,2023-04-28,sh.601668,6.57,5.220612,0.13275862068965516
2023-05,2023-05-31,sh.601668,5.9,4.688221,-0.10197869101978685
2023-06,2023-06-30,sh.601668,5.74,4.561082,-0.027118644067796627
2023-07,2023-07-31,sh.601668,6.11,4.855089,0.06445993031358888
2023-08,2023-08-31,sh.601668,5.63,4.590795,-0.07855973813420625
2023-09,2023-09-28,sh.601668,5.53,4.509253,-0.017761989342806372
2023-10,2023-10-31,sh.601668,5.18,4.252102,-0.06329113924050644
2023-11,2023-11-30,sh.601668,4.97,4.079719,-0.04054054054054057
2023-12,2023-12-29,sh.601668,4.81,3.94838,-0.03219315895372232
2024-01,2024-01-31,sh.601668,5.14,4.219267,0.06860706860706856
2024-02,2024-02-29,sh.601668,5.35,4.360266,0.040856031128404746
2024-03,2024-03-29,sh.601668,5.24,4.270616,-0.020560747663551315
2024-04,2024-04-30,sh.601668,5.36,4.09768,0.022900763358778553
2024-05,2024-05-31,sh.601668,5.63,4.304093,0.050373134328358216
2024-06,2024-06-28,sh.601668,5.31,4.059456,-0.05683836589698055
2024-07,2024-07-31,sh.601668,5.58,4.265869,0.05084745762711873
2024-08,2024-08-30,sh.601668,5.39,4.097052,-0.03405017921146958
2024-09,2024-09-30,sh.601668,6.18,4.697548,0.14656771799628943
2024-10,2024-10-31,sh.601668,6.02,4.978582,-0.02588996763754048
2024-11,2024-11-29,sh.601668,5.98,4.945502,-0.006644518272425071
2024-12,2024-12-31,sh.601668,6.0,4.962042,0.0033444816053511683
2025-01,2025-01-27,sh.601668,5.64,4.63182,-0.06000000000000005
2025-02,2025-02-28,sh.601668,5.48,4.500421,-0.028368794326240954
2025-03,2025-03-31,sh.601668,5.26,4.319747,-0.04014598540145997
2025-04,2025-04-30,sh.601668,5.51,4.919656,0.04752851711026618
2025-05,2025-05-30,sh.601668,5.68,5.071442,0.030852994555353952
2025-06,2025-06-30,sh.601668,5.77,5.151799,0.015845070422535246
2025-07,2025-07-31,sh.601668,5.66,5.053585,-0.01906412478336217
2025-08,2025-08-29,sh.601668,5.59,4.899684,-0.012367491166077826
2025-09,2025-09-30,sh.601668,5.45,4.776972,-0.025044722719141266
2025-10,2025-10-31,sh.601668,5.43,5.02316,-0.003669724770642313
2025-11,2025-11-28,sh.601668,5.2,4.810392,-0.04235727440147319
2025-12,2025-12-31,sh.601668,5.13,4.745637,-0.013461538461538525
2021-08,2021-08-31,sh.601728,4.56,16.895532,
2021-09,2021-09-30,sh.601728,4.29,15.926229,-0.05921052631578938
2021-10,2021-10-29,sh.601728,4.39,15.768486,0.023310023310023187
2021-11,2021-11-30,sh.601728,4.28,15.373376,-0.02505694760820032
2021-12,2021-12-31,sh.601728,4.33,15.552971,0.011682242990654235
2022-01,2022-01-28,sh.601728,4.16,14.942347,-0.03926096997690531
2022-02,2022-02-28,sh.601728,4.12,14.79867,-0.009615384615384581
2022-03,2022-03-31,sh.601728,4.0,14.104073,-0.029126213592232997
2022-04,2022-04-29,sh.601728,3.89,13.315042,-0.02749999999999997
2022-05,2022-05-31,sh.601728,3.87,13.246584,-0.005141388174807249
2022-06,2022-06-30,sh.601728,3.73,12.767379,-0.036175710594315236
2022-07,2022-07-29,sh.601728,3.71,12.698921,-0.00536193029490617
2022-08,2022-08-31,sh.601728,3.75,12.949138,0.010781671159029615
2022-09,2022-09-30,sh.601728,3.83,13.225387,0.021333333333333426
2022-10,2022-10-31,sh.601728,3.93,13.23681,0.026109660574412663
2022-11,2022-11-30,sh.601728,4.34,14.61775,0.10432569974554706
2022-12,2022-12-30,sh.601728,4.19,14.112528,-0.034562211981566726
2023-01,2023-01-31,sh.601728,5.0,16.840726,0.19331742243436745
2023-02,2023-02-28,sh.601728,5.85,19.703649,0.16999999999999993
2023-03,2023-03-31,sh.601728,6.33,20.991967,0.0820512820512822
2023-04,2023-04-28,sh.601728,6.69,21.590665,0.056872037914692086
2023-05,2023-05-31,sh.601728,6.09,19.654282,-0.08968609865470856
2023-06,2023-06-30,sh.601728,5.63,18.169722,-0.07553366174055831
2023-07,2023-07-31,sh.601728,5.68,18.331088,0.008880994671403242
2023-08,2023-08-31,sh.601728,5.76,17.894311,0.014084507042253502
2023-09,2023-09-28,sh.601728,5.79,17.987511,0.005208333333333481
2023-10,2023-10-31,sh.601728,5.33,16.176362,-0.07944732297063906
2023-11,2023-11-30,sh.601728,5.19,15.751467,-0.026266416510318913
2023-12,2023-12-29,sh.601728,5.41,16.419159,0.042389210019267765
2024-01,2024-01-31,sh.601728,5.75,17.451047,0.06284658040665425
2024-02,2024-02-29,sh.601728,5.85,17.754544,0.017391304347825987
2024-03,2024-03-29,sh.601728,6.08,18.273965,0.0393162393162394
2024-04,2024-04-30,sh.601728,6.0,17.677553,-0.013157894736842146
2024-05,2024-05-31,sh.601728,5.94,17.500777,-0.009999999999999898
2024-06,2024-06-28,sh.601728,6.15,18.119492,0.03535353535353525
2024-07,2024-07-31,sh.601728,6.02,17.736478,-0.021138211382113914
2024-08,2024-08-30,sh.601728,6.1,17.386714,0.013289036544850585
2024-09,2024-09-30,sh.601728,6.71,19.125386,0.10000000000000009
2024-10,2024-10-31,sh.601728,6.36,17.828333,-0.05216095380029806
2024-11,2024-11-29,sh.601728,6.47,18.136685,0.01729559748427656
2024-12,2024-12-31,sh.601728,7.22,20.239082,0.11591962905718711
2025-01,2025-01-27,sh.601728,7.06,19.790571,-0.02216066481994461
2025-02,2025-02-28,sh.601728,7.75,21.724777,0.09773371104815864
2025-03,2025-03-31,sh.601728,7.85,21.759649,0.012903225806451646
2025-04,2025-04-30,sh.601728,7.69,21.145014,-0.020382165605095426
2025-05,2025-05-30,sh.601728,8.03,22.079904,0.04421326397919367
2025-06,2025-06-30,sh.601728,7.75,21.309994,-0.03486924034869232
2025-07,2025-07-31,sh.601728,7.49,20.595078,-0.03354838709677421
2025-08,2025-08-29,sh.601728,7.61,20.351389,0.01602136181575431
2025-09,2025-09-30,sh.601728,6.66,17.810808,-0.12483574244415241
2025-10,2025-10-31,sh.601728,6.69,17.751257,0.0045045045045044585
2025-11,2025-11-28,sh.601728,6.86,18.202336,0.025411061285500747
2025-12,2025-12-31,sh.601728,6.3,16.716431,-0.08163265306122458
2020-01,2020-01-23,sh.601816,7.05,33.782355,
2020-02,2020-02-28,sh.601816,6.87,32.919827,-0.025531914893616947
2020-03,2020-03-31,sh.601816,6.2,29.709305,-0.09752547307132464
2020-04,2020-04-30,sh.601816,6.5,32.263259,0.048387096774193505
2020-05,2020-05-29,sh.601816,6.21,30.823821,-0.04461538461538461
2020-06,2020-06-30,sh.601816,6.23,30.923093,0.0032206119162641045
2020-07,2020-07-31,sh.601816,6.2,30.774186,-0.0048154093097914075
2020-08,2020-08-31,sh.601816,6.23,42.904959,0.004838709677419395
2020-09,2020-09-30,sh.601816,5.85,40.287963,-0.06099518459069031
2020-10,2020-10-30,sh.601816,5.58,38.428518,-0.0461538461538461
2020-11,2020-11-30,sh.601816,5.8,39.943621,0.03942652329749108
2020-12,2020-12-31,sh.601816,5.66,38.979465,-0.024137931034482696
2021-01,2021-01-29,sh.601816,5.39,37.12002,-0.04770318021201425
2021-02,2021-02-26,sh.601816,5.68,39.117201,0.05380333951762517
2021-03,2021-03-31,sh.601816,5.85,40.287963,0.029929577464788748
2021-04,2021-04-30,sh.601816,5.88,89.47543,0.00512820512820511
2021-05,2021-05-31,sh.601816,5.78,87.953739,-0.017006802721088343
2021-06,2021-06-30,sh.601816,5.29,80.497454,-0.08477508650519039
2021-07,2021-07-30,sh.601816,4.81,73.193337,-0.09073724007561446
2021-08,2021-08-31,sh.601816,4.75,42.865488,-0.012474012474012364
2021-09,2021-09-30,sh.601816,4.76,42.955731,0.00210526315789461
2021-10,2021-10-29,sh.601816,4.6,41.511841,-0.03361344537815125
2021-11,2021-11-30,sh.601816,4.52,38.754932,-0.017391304347826098
2021-12,2021-12-31,sh.601816,4.83,41.412903,0.06858407079646023
2022-01,2022-01-28,sh.601816,5.05,43.299205,0.04554865424430643
2022-02,2022-02-28,sh.601816,5.16,52.626622,0.0217821782178218
2022-03,2022-03-31,sh.601816,4.78,48.751018,-0.0736434108527132
2022-04,2022-04-29,sh.601816,4.59,46.804885,-0.03974895397489553
2022-05,2022-05-31,sh.601816,4.87,50.730309,0.061002178649237626
2022-06,2022-06-30,sh.601816,5.02,52.292844,0.030800821355235986
2022-07,2022-07-29,sh.601816,4.65,48.438591,-0.07370517928286835
2022-08,2022-08-31,sh.601816,4.63,217.593778,-0.004301075268817289
2022-09,2022-09-30,sh.601816,4.52,212.424163,-0.023758099352051865
2022-10,2022-10-31,sh.601816,4.46,352.677728,-0.01327433628318575
2022-11,2022-11-30,sh.601816,4.93,389.843318,0.10538116591928248
2022-12,2022-12-30,sh.601816,4.92,389.052561,-0.0020283975659228792
2023-01,2023-01-31,sh.601816,4.92,389.052561,0.0
2023-02,2023-02-28,sh.601816,4.95,391.424833,0.0060975609756097615
2023-03,2023-03-31,sh.601816,5.22,412.775278,0.05454545454545445
2023-04,2023-04-28,sh.601816,5.43,429.38118,0.04022988505747116
2023-05,2023-05-31,sh.601816,5.77,198.133596,0.0626151012891345
2023-06,2023-06-30,sh.601816,5.26,180.620921,-0.0883882149046793
2023-07,2023-07-31,sh.601816,5.47,187.832023,0.03992395437262353
2023-08,2023-08-31,sh.601816,5.1,44.821519,-0.06764168190127973
2023-09,2023-09-28,sh.601816,5.13,45.085175,0.00588235294117645
2023-10,2023-10-31,sh.601816,5.0,29.994308,-0.025341130604288442
2023-11,2023-11-30,sh.601816,5.05,30.294251,0.010000000000000009
2023-12,2023-12-29,sh.601816,4.92,29.514399,-0.025742574257425765
2024-01,2024-01-31,sh.601816,4.97,29.814342,0.010162601626016121
2024-02,2024-02-29,sh.601816,5.05,30.294251,0.016096579476861272
2024-03,2024-03-29,sh.601816,5.02,30.114285,-0.005940594059405946
2024-04,2024-04-30,sh.601816,5.09,20.350155,0.013944223107569709
2024-05,2024-05-31,sh.601816,5.06,20.230213,-0.005893909626719096
2024-06,2024-06-28,sh.601816,5.37,21.469613,0.06126482213438744
2024-07,2024-07-31,sh.601816,5.72,22.868936,0.06517690875232773
2024-08,2024-08-30,sh.601816,5.43,21.709497,-0.05069930069930073
2024-09,2024-09-30,sh.601816,6.04,23.233311,0.11233885819521183
2024-10,2024-10-31,sh.601816,5.43,21.08459,-0.10099337748344372
2024-11,2024-11-29,sh.601816,5.73,22.249484,0.05524861878453047
2024-12,2024-12-31,sh.601816,6.16,23.919166,0.07504363001745196
2025-01,2025-01-27,sh.601816,5.7,22.132995,-0.07467532467532467
2025-02,2025-02-28,sh.601816,5.47,21.239909,-0.04035087719298258
2025-03,2025-03-31,sh.601816,5.57,21.628207,0.018281535648994707
2025-04,2025-04-30,sh.601816,5.81,22.343639,0.043087971274685666
2025-05,2025-05-30,sh.601816,5.86,22.535925,0.008605851979346157
2025-06,2025-06-30,sh.601816,5.75,22.031479,-0.018771331058020535
2025-07,2025-07-31,sh.601816,5.4,20.690432,-0.060869565217391286
2025-08,2025-08-29,sh.601816,5.34,20.460538,-0.011111111111111183
2025-09,2025-09-30,sh.601816,5.13,19.720076,-0.0393258426966292
2025-10,2025-10-31,sh.601816,5.19,19.449928,0.011695906432748648
2025-11,2025-11-28,sh.601816,5.09,19.075171,-0.019267822736030893
2025-12,2025-12-31,sh.601816,5.15,19.300025,0.011787819253438192
2015-01,2015-01-30,sh.601857,11.64,16.346174,
2015-02,2015-02-27,sh.601857,11.42,16.037226,-0.018900343642611728
2015-03,2015-03-31,sh.601857,11.73,20.031501,0.027145359019264514
2015-04,2015-04-30,sh.601857,13.39,30.991867,0.1415174765558398
2015-05,2015-05-29,sh.601857,11.92,27.589474,-0.10978342046303213
2015-06,2015-06-30,sh.601857,11.33,26.223887,-0.049496644295301984
2015-07,2015-07-31,sh.601857,11.09,25.668395,-0.02118270079435125
2015-08,2015-08-31,sh.601857,8.94,25.385269,-0.193868349864743
2015-09,2015-09-30,sh.601857,8.23,23.369213,-0.07941834451901553
2015-10,2015-10-30,sh.601857,8.75,38.378833,0.06318347509112998
2015-11,2015-11-30,sh.601857,8.4,36.843679,-0.039999999999999925
2015-12,2015-12-31,sh.601857,8.35,36.624372,-0.005952380952381042
2016-01,2016-01-29,sh.601857,7.46,32.720696,-0.10658682634730532
2016-02,2016-02-29,sh.601857,7.28,31.931189,-0.024128686327077764
2016-03,2016-03-31,sh.601857,7.61,39.065146,0.04532967032967039
2016-04,2016-04-29,sh.601857,7.42,86.398757,-0.024967148488830526
2016-05,2016-05-31,sh.601857,7.37,85.816555,-0.006738544474393482
2016-06,2016-06-30,sh.601857,7.23,84.186389,-0.01899592944369055
2016-07,2016-07-29,sh.601857,7.22,84.069949,-0.0013831258644537714
2016-08,2016-08-31,sh.601857,7.54,128.048453,0.04432132963988922
2016-09,2016-09-30,sh.601857,7.22,122.614035,-0.04244031830238726
2016-10,2016-10-31,sh.601857,7.34,198.166983,0.016620498614958512
2016-11,2016-11-30,sh.601857,7.62,205.726486,0.038147138964577776
2016-12,2016-12-30,sh.601857,7.95,214.635901,0.04330708661417315
2017-01,2017-01-26,sh.601857,8.65,233.53466,0.08805031446540879
2017-02,2017-02-28,sh.601857,8.23,222.195405,-0.048554913294797664
2017-03,2017-03-31,sh.601857,7.87,182.325961,-0.04374240583232081
2017-04,2017-04-28,sh.601857,7.8,52.1294,-0.008894536213468918
2017-05,2017-05-31,sh.601857,7.82,52.263065,0.002564102564102555
2017-06,2017-06-30,sh.601857,7.69,51.394242,-0.01662404092071612
2017-07,2017-07-31,sh.601857,8.13,54.334875,0.057217165149545
2017-08,2017-08-31,sh.601857,8.11,74.044704,-0.002460024600246191
2017-09,2017-09-29,sh.601857,7.99,72.949098,-0.014796547472256338
2017-10,2017-10-31,sh.601857,8.27,64.303827,0.03504380475594493
2017-11,2017-11-30,sh.601857,8.17,63.526272,-0.012091898428053138
2017-12,2017-12-29,sh.601857,8.09,62.904228,-0.009791921664626724
2018-01,2018-01-31,sh.601857,9.01,70.057737,0.11372064276885041
2018-02,2018-02-28,sh.601857,8.0,62.204428,-0.11209766925638176
2018-03,2018-03-30,sh.601857,7.64,61.346917,-0.04500000000000004
2018-04,2018-04-27,sh.601857,7.65,61.427214,0.0013089005235602524
2018-05,2018-05-31,sh.601857,7.98,53.608406,0.04313725490196085
2018-06,2018-06-29,sh.601857,7.71,51.794587,-0.03383458646616544
2018-07,2018-07-31,sh.601857,7.73,51.928944,0.0025940337224383825
2018-08,2018-08-31,sh.601857,8.04,39.550831,0.040103492884864034
2018-09,2018-09-28,sh.601857,9.17,45.109592,0.1405472636815921
2018-10,2018-10-31,sh.601857,8.31,28.400514,-0.09378407851690285
2018-11,2018-11-30,sh.601857,7.61,26.008172,-0.08423586040914566
2018-12,2018-12-28,sh.601857,7.21,24.64112,-0.05256241787122207
2019-01,2019-01-31,sh.601857,7.32,25.017059,0.015256588072122046
2019-02,2019-02-28,sh.601857,7.83,26.760051,0.069672131147541
2019-03,2019-03-29,sh.601857,7.6,26.451639,-0.02937420178799499
2019-04,2019-04-30,sh.601857,7.41,25.740907,-0.02499999999999991
2019-05,2019-05-31,sh.601857,7.15,24.837718,-0.03508771929824561
2019-06,2019-06-28,sh.601857,6.88,23.89979,-0.03776223776223786
2019-07,2019-07-31,sh.601857,6.51,22.614481,-0.053779069767441845
2019-08,2019-08-30,sh.601857,6.12,20.910435,-0.05990783410138245
2019-09,2019-09-30,sh.601857,6.19,21.149607,0.011437908496731986
2019-10,2019-10-31,sh.601857,5.88,26.114765,-0.050080775444265035
2019-11,2019-11-29,sh.601857,5.59,24.826792,-0.04931972789115646
2019-12,2019-12-31,sh.601857,5.83,25.892701,0.0429338103756709
2020-01,2020-01-23,sh.601857,5.64,25.048856,-0.032590051457976
2020-02,2020-02-28,sh.601857,5.07,22.517323,-0.10106382978723394
2020-03,2020-03-31,sh.601857,4.62,18.511656,-0.08875739644970415
2020-04,2020-04-30,sh.601857,4.44,42.32801,-0.03896103896103886
2020-05,2020-05-29,sh.601857,4.25,40.516677,-0.04279279279279291
2020-06,2020-06-30,sh.601857,4.19,39.944676,-0.014117647058823457
2020-07,2020-07-31,sh.601857,4.45,42.423344,0.06205250596658707
2020-08,2020-08-31,sh.601857,4.43,-63.695729,-0.004494382022471988
2020-09,2020-09-30,sh.601857,4.11,-59.094683,-0.07223476297968379
2020-10,2020-10-30,sh.601857,4.07,40.354048,-0.009732360097323589
2020-11,2020-11-30,sh.601857,4.31,42.733648,0.05896805896805879
2020-12,2020-12-31,sh.601857,4.15,41.147248,-0.03712296983758678
2021-01,2021-01-29,sh.601857,4.09,40.552348,-0.014457831325301318
2021-02,2021-02-26,sh.601857,4.36,43.229398,0.0660146699266504
2021-03,2021-03-31,sh.601857,4.3,41.416177,-0.013761467889908396
2021-04,2021-04-30,sh.601857,4.25,12.355479,-0.011627906976744096
2021-05,2021-05-31,sh.601857,4.62,13.431132,0.08705882352941186
2021-06,2021-06-30,sh.601857,5.29,15.378937,0.14502164502164505
2021-07,2021-07-30,sh.601857,4.68,13.605562,-0.11531190926276003
2021-08,2021-08-31,sh.601857,4.94,8.861872,0.0555555555555558
2021-09,2021-09-30,sh.601857,6.01,10.781346,0.21659919028340058
2021-10,2021-10-29,sh.601857,5.48,11.931418,-0.08818635607321124
2021-11,2021-11-30,sh.601857,4.71,10.254923,-0.1405109489051095
2021-12,2021-12-31,sh.601857,4.91,10.690376,0.0424628450106157
2022-01,2022-01-28,sh.601857,5.02,10.929875,0.02240325865580428
2022-02,2022-02-28,sh.601857,5.77,12.562825,0.1494023904382471
2022-03,2022-03-31,sh.601857,5.52,12.018508,-0.04332755632582319
2022-04,2022-04-29,sh.601857,5.38,10.684051,-0.0253623188405796
2022-05,2022-05-31,sh.601857,5.66,10.008587,0.052044609665427455
2022-06,2022-06-30,sh.601857,5.3,9.371998,-0.06360424028268552
2022-07,2022-07-29,sh.601857,5.2,9.195168,-0.01886792452830177
2022-08,2022-08-31,sh.601857,5.34,8.043024,0.026923076923076827
2022-09,2022-09-30,sh.601857,5.13,7.726726,-0.0393258426966292
2022-10,2022-10-31,sh.601857,4.79,6.38484,-0.06627680311890838
2022-11,2022-11-30,sh.601857,5.24,6.984669,0.09394572025052206
2022-12,2022-12-30,sh.601857,4.97,6.624772,-0.05152671755725202
2023-01,2023-01-31,sh.601857,5.17,6.891362,0.04024144869215296
2023-02,2023-02-28,sh.601857,5.23,6.971339,0.011605415860735047
2023-03,2023-03-31,sh.601857,5.92,7.253451,0.1319311663479923
2023-04,2023-04-28,sh.601857,7.89,9.667183,0.3327702702702702
2023-05,2023-05-31,sh.601857,7.5,8.907171,-0.049429657794676785
2023-06,2023-06-30,sh.601857,7.47,8.871542,-0.0040000000000000036
2023-07,2023-07-31,sh.601857,7.92,9.405972,0.06024096385542177
2023-08,2023-08-31,sh.601857,7.75,9.269035,-0.02146464646464641
2023-09,2023-09-28,sh.601857,7.98,9.544116,0.029677419354838808
2023-10,2023-10-31,sh.601857,7.12,8.088823,-0.10776942355889729
2023-11,2023-11-30,sh.601857,7.18,8.156987,0.008426966292134797
2023-12,2023-12-29,sh.601857,7.06,8.020659,-0.01671309192200554
2024-01,2024-01-31,sh.601857,8.36,9.49755,0.1841359773371105
2024-02,2024-02-29,sh.601857,8.84,10.042864,0.05741626794258381
2024-03,2024-03-29,sh.601857,9.88,11.221313,0.11764705882352944
2024-04,2024-04-30,sh.601857,10.27,11.517666,0.039473684210526105
2024-05,2024-05-31,sh.601857,10.14,11.371872,-0.012658227848101222
2024-06,2024-06-28,sh.601857,10.32,11.57374,0.017751479289940697
2024-07,2024-07-31,sh.601857,8.97,10.059733,-0.1308139534883721
2024-08,2024-08-30,sh.601857,8.93,9.936935,-0.004459308807134965
2024-09,2024-09-30,sh.601857,9.02,10.037083,0.010078387458006599
2024-10,2024-10-31,sh.601857,8.1,9.150428,-0.1019955654101996
2024-11,2024-11-29,sh.601857,8.04,9.082647,-0.007407407407407418
2024-12,2024-12-31,sh.601857,8.94,10.099361,0.11194029850746268
2025-01,2025-01-27,sh.601857,8.33,9.410255,-0.06823266219239366
2025-02,2025-02-28,sh.601857,7.86,8.879304,-0.056422569027611
2025-03,2025-03-31,sh.601857,8.22,9.135712,0.04580152671755733
2025-04,2025-04-30,sh.601857,7.99,8.824307,-0.027980535279805374
2025-05,2025-05-30,sh.601857,8.29,9.155632,0.037546933667083726
2025-06,2025-06-30,sh.601857,8.55,9.442781,0.03136308805790122
2025-07,2025-07-31,sh.601857,8.87,9.796195,0.03742690058479514
2025-08,2025-08-29,sh.601857,8.72,9.982942,-0.016910935738444044
2025-09,2025-09-30,sh.601857,8.06,9.227352,-0.07568807339449546
2025-10,2025-10-31,sh.601857,9.15,10.587541,0.13523573200992556
2025-11,2025-11-28,sh.601857,9.75,11.281806,0.06557377049180313
2025-12,2025-12-31,sh.601857,10.41,12.045497,0.06769230769230772
2015-01,2015-01-30,sh.601888,46.07,30.929312,
2015-02,2015-02-27,sh.601888,50.45,33.869845,0.09507271543303664
2015-03,2015-03-31,sh.601888,51.36,34.480778,0.01803766105054505
2015-04,2015-04-30,sh.601888,51.36,31.659526,0.0
2015-05,2015-05-29,sh.601888,51.36,31.659526,0.0
2015-06,2015-06-30,sh.601888,66.3,40.868897,0.2908878504672896
2015-07,2015-07-31,sh.601888,62.0,38.218275,-0.06485671191553544
2015-08,2015-08-31,sh.601888,53.13,31.705945,-0.14306451612903226
2015-09,2015-09-30,sh.601888,52.28,31.198697,-0.015998494259363838
2015-10,2015-10-30,sh.601888,51.62,31.565204,-0.012624330527926664
2015-11,2015-11-30,sh.601888,49.99,30.568473,-0.03157690817512582
2015-12,2015-12-31,sh.601888,59.31,36.267576,0.18643728745749155
2016-01,2016-01-29,sh.601888,46.0,27.923206,-0.22441409543078739
2016-02,2016-02-29,sh.601888,41.56,25.22801,-0.09652173913043471
2016-03,2016-03-31,sh.601888,45.65,27.710747,0.09841193455245412
2016-04,2016-04-29,sh.601888,44.02,27.606479,-0.03570646221248619
2016-05,2016-05-31,sh.601888,44.18,27.70682,0.0036347114947750114
2016-06,2016-06-30,sh.601888,43.98,27.581393,-0.004526935264825727
2016-07,2016-07-29,sh.601888,44.99,28.2148,0.022964984083674533
2016-08,2016-08-31,sh.601888,46.68,28.547824,0.03756390308957536
2016-09,2016-09-30,sh.601888,45.08,27.569321,-0.03427592116538136
2016-10,2016-10-31,sh.601888,45.05,26.686944,-0.0006654835847382801
2016-11,2016-11-30,sh.601888,44.51,26.367056,-0.011986681465038784
2016-12,2016-12-30,sh.601888,43.4,25.709509,-0.024938216131206503
2017-01,2017-01-26,sh.601888,45.75,25.643186,0.054147465437788034
2017-02,2017-02-28,sh.601888,49.12,27.532094,0.07366120218579231
2017-03,2017-03-31,sh.601888,56.69,31.77513,0.15411237785016296
2017-04,2017-04-28,sh.601888,53.15,29.790936,-0.062444875639442565
2017-05,2017-05-31,sh.601888,54.24,28.940175,0.020507996237064896
2017-06,2017-06-30,sh.601888,30.14,32.162864,-0.44432153392330387
2017-07,2017-07-31,sh.601888,28.89,30.82897,-0.04147312541473125
2017-08,2017-08-31,sh.601888,29.97,29.234479,0.03738317757009346
2017-09,2017-09-29,sh.601888,34.49,33.64355,0.15081748415081764
2017-10,2017-10-31,sh.601888,41.37,35.812604,0.19947810959698442
2017-11,2017-11-30,sh.601888,41.69,36.089617,0.007735073724921548
2017-12,2017-12-29,sh.601888,43.39,37.561249,0.04077716478771887
2018-01,2018-01-31,sh.601888,51.28,39.844561,0.1818391334408851
2018-02,2018-02-28,sh.601888,52.36,40.683721,0.021060842433697324
2018-03,2018-03-30,sh.601888,52.91,41.111071,0.010504201680672232
2018-04,2018-04-27,sh.601888,52.07,40.458391,-0.015876015876015837
2018-05,2018-05-31,sh.601888,67.65,44.438014,0.299212598425197
2018-06,2018-06-29,sh.601888,64.41,42.309719,-0.04789356984478954
2018-07,2018-07-31,sh.601888,70.23,46.132768,0.09035863996273874
2018-08,2018-08-31,sh.601888,63.36,39.276606,-0.09782144382742419
2018-09,2018-09-28,sh.601888,68.02,42.165321,0.07354797979797967
2018-10,2018-10-31,sh.601888,53.68,31.492853,-0.21082034695677743
2018-11,2018-11-30,sh.601888,55.21,32.39047,0.028502235469448634
2018-12,2018-12-28,sh.601888,60.2,35.317991,0.09038217714182206
2019-01,2019-01-31,sh.601888,54.5,33.803381,-0.09468438538205981
2019-02,2019-02-28,sh.601888,63.8,39.571665,0.17064220183486234
2019-03,2019-03-29,sh.601888,70.08,43.466806,0.09843260188087766
2019-04,2019-04-30,sh.601888,77.49,35.677624,0.1057363013698629
2019-05,2019-05-31,sh.601888,77.39,35.631582,-0.0012904890953671089
2019-06,2019-06-28,sh.601888,88.65,40.815864,0.145496834216307
2019-07,2019-07-31,sh.601888,90.5,41.667634,0.020868584320360872
2019-08,2019-08-30,sh.601888,95.48,41.846919,0.05502762430939234
2019-09,2019-09-30,sh.601888,93.06,40.786283,-0.025345622119815725
2019-10,2019-10-31,sh.601888,90.35,38.473544,-0.029120997206103727
2019-11,2019-11-29,sh.601888,83.8,35.684372,-0.07249584947426668
2019-12,2019-12-31,sh.601888,88.95,37.877385,0.0614558472553699
2020-01,2020-01-23,sh.601888,82.0,34.402383,-0.07813378302417096
2020-02,2020-02-28,sh.601888,78.5,32.933989,-0.04268292682926833
2020-03,2020-03-31,sh.601888,67.2,28.193173,-0.14394904458598723
2020-04,2020-04-30,sh.601888,91.3,80.914414,0.35863095238095233
2020-05,2020-05-29,sh.601888,101.23,89.714853,0.1087623220153342
2020-06,2020-06-30,sh.601888,154.03,136.508731,0.5215845105205965
2020-07,2020-07-31,sh.601888,243.0,208.067782,0.5776147503733038
2020-08,2020-08-31,sh.601888,208.0,179.050568,-0.1440329218106996
2020-09,2020-09-30,sh.601888,222.94,191.911219,0.07182692307692307
2020-10,2020-10-30,sh.601888,199.4,108.797615,-0.10558894769893246
2020-11,2020-11-30,sh.601888,193.2,105.41474,-0.031093279839518595
2020-12,2020-12-31,sh.601888,282.45,154.111767,0.4619565217391304
2021-01,2021-01-29,sh.601888,294.0,160.413735,0.040892193308550207
2021-02,2021-02-26,sh.601888,307.91,98.284533,0.04731292517006813
2021-03,2021-03-31,sh.601888,306.08,97.700399,-0.005943295118703618
2021-04,2021-04-30,sh.601888,311.99,67.603856,0.019308677469942692
2021-05,2021-05-31,sh.601888,334.5,72.481457,0.07214974838937138
2021-06,2021-06-30,sh.601888,300.1,65.02746,-0.10284005979073241
2021-07,2021-07-30,sh.601888,241.0,44.204393,-0.1969343552149284
2021-08,2021-08-31,sh.601888,228.29,42.175662,-0.052738589211618336
2021-09,2021-09-30,sh.601888,260.0,48.033958,0.13890227342415362
2021-10,2021-10-29,sh.601888,268.46,49.596909,0.032538461538461405
2021-11,2021-11-30,sh.601888,205.45,34.982399,-0.23470908142740077
2021-12,2021-12-31,sh.601888,219.41,37.359397,0.06794840593818452
2022-01,2022-01-28,sh.601888,206.56,42.046,-0.058566154687571204
2022-02,2022-02-28,sh.601888,202.5,41.219573,-0.019655305964368708
2022-03,2022-03-31,sh.601888,164.37,33.45808,-0.1882962962962963
2022-04,2022-04-29,sh.601888,181.99,37.925513,0.10719717710044407
2022-05,2022-05-31,sh.601888,176.7,36.823112,-0.02906753118303218
2022-06,2022-06-30,sh.601888,232.93,48.541073,0.318222976796831
2022-07,2022-07-29,sh.601888,209.9,49.78089,-0.09887090542222987
2022-08,2022-08-31,sh.601888,195.5,48.79441,-0.06860409718913774
2022-09,2022-09-30,sh.601888,198.25,49.808723,0.01406649616368294
2022-10,2022-10-31,sh.601888,160.36,57.272895,-0.19112232030264809
2022-11,2022-11-30,sh.601888,197.48,70.530377,0.23147917186330735
2022-12,2022-12-30,sh.601888,216.03,77.155546,0.09393356289244492
2023-01,2023-01-31,sh.601888,212.3,75.823369,-0.017266120446234323
2023-02,2023-02-28,sh.601888,197.58,81.346919,-0.06933584550164862
2023-03,2023-03-31,sh.601888,183.24,75.361626,-0.07257819617370176
2023-04,2023-04-28,sh.601888,160.98,69.854959,-0.12148002619515397
2023-05,2023-05-31,sh.601888,123.1,53.417477,-0.23530873400422414
2023-06,2023-06-30,sh.601888,110.53,47.962906,-0.10211210398050363
2023-07,2023-07-31,sh.601888,125.77,52.495074,0.13788111824843918
2023-08,2023-08-31,sh.601888,108.92,45.44861,-0.13397471575097397
2023-09,2023-09-28,sh.601888,105.97,44.217676,-0.02708409842085935
2023-10,2023-10-31,sh.601888,94.6,34.895876,-0.10729451731622164
2023-11,2023-11-30,sh.601888,89.15,32.88549,-0.057610993657505216
2023-12,2023-12-29,sh.601888,83.69,30.871415,-0.061245092540661905
2024-01,2024-01-31,sh.601888,79.81,24.583293,-0.04636157246982908
2024-02,2024-02-29,sh.601888,87.1,26.828778,0.09134193710061389
2024-03,2024-03-29,sh.601888,85.42,26.322637,-0.019288174512055
2024-04,2024-04-30,sh.601888,74.9,23.061322,-0.12315616951533592
2024-05,2024-05-31,sh.601888,71.0,21.860533,-0.05206942590120167
2024-06,2024-06-28,sh.601888,62.49,19.240348,-0.11985915492957744
2024-07,2024-07-31,sh.601888,68.61,23.13276,0.09793566970715317
2024-08,2024-08-30,sh.601888,61.01,20.570321,-0.11077102463197785
2024-09,2024-09-30,sh.601888,77.2,26.050579,0.2653663333879692
2024-10,2024-10-31,sh.601888,67.83,25.859053,-0.1213730569948187
2024-11,2024-11-29,sh.601888,69.55,26.514775,0.025357511425622814
2024-12,2024-12-31,sh.601888,67.01,25.546442,-0.03652048885693737
2025-01,2025-01-27,sh.601888,60.7,29.458262,-0.0941650499925385
2025-02,2025-02-28,sh.601888,61.17,29.686357,0.007742998352553432
2025-03,2025-03-31,sh.601888,60.2,29.187264,-0.015857446460683322
2025-04,2025-04-30,sh.601888,63.4,33.645067,0.0531561461794019
2025-05,2025-05-30,sh.601888,60.59,32.153858,-0.0443217665615141
2025-06,2025-06-30,sh.601888,60.97,32.355516,0.00627166199042728
2025-07,2025-07-31,sh.601888,64.96,37.498404,0.06544202066590121
2025-08,2025-08-29,sh.601888,69.29,39.997912,0.06665640394088679
2025-09,2025-09-30,sh.601888,71.57,41.314051,0.03290518112281693
2025-10,2025-10-31,sh.601888,76.07,46.290742,0.06287550649713558
2025-11,2025-11-28,sh.601888,79.03,48.091985,0.03891152885500215
2025-12,2025-12-31,sh.601888,94.56,57.542428,0.1965076553207643
2015-01,2015-01-30,sh.601899,3.59,33.599352,
2015-02,2015-02-27,sh.601899,3.55,32.650923,-0.011142061281337101
2015-03,2015-03-31,sh.601899,4.32,39.740752,0.21690140845070438
2015-04,2015-04-30,sh.601899,5.24,50.478084,0.21296296296296302
2015-05,2015-05-29,sh.601899,6.97,67.143558,0.33015267175572505
2015-06,2015-06-30,sh.601899,5.12,49.322097,-0.26542324246771876
2015-07,2015-07-31,sh.601899,4.01,38.629221,-0.2167968750000001
2015-08,2015-08-31,sh.601899,3.56,29.80392,-0.11221945137157097
2015-09,2015-09-30,sh.601899,3.38,28.29698,-0.050561797752809
2015-10,2015-10-30,sh.601899,3.65,38.074232,0.0798816568047338
2015-11,2015-11-30,sh.601899,3.46,36.092286,-0.05205479452054795
2015-12,2015-12-31,sh.601899,3.52,36.667833,0.01734104046242768
2016-01,2016-01-29,sh.601899,2.79,29.063425,-0.20738636363636365
2016-02,2016-02-29,sh.601899,3.13,39.941213,0.12186379928315416
2016-03,2016-03-31,sh.601899,3.27,42.548538,0.04472843450479247
2016-04,2016-04-29,sh.601899,3.21,41.767831,-0.01834862385321101
2016-05,2016-05-31,sh.601899,3.06,50.536307,-0.04672897196261683
2016-06,2016-06-30,sh.601899,3.37,55.655998,0.10130718954248374
2016-07,2016-07-29,sh.601899,3.47,88.507905,0.029673590504451175
2016-08,2016-08-31,sh.601899,3.34,84.358002,-0.03746397694524506
2016-09,2016-09-30,sh.601899,3.21,81.074607,-0.03892215568862267
2016-10,2016-10-31,sh.601899,3.28,50.89847,0.02180685358255441
2016-11,2016-11-30,sh.601899,3.56,55.243461,0.08536585365853666
2016-12,2016-12-30,sh.601899,3.34,51.829539,-0.061797752808988804
2017-01,2017-01-26,sh.601899,3.58,55.553818,0.07185628742514982
2017-02,2017-02-28,sh.601899,3.57,55.398639,-0.0027932960893854997
2017-03,2017-03-31,sh.601899,3.38,39.573736,-0.053221288515406195
2017-04,2017-04-28,sh.601899,3.38,39.573736,0.0
2017-05,2017-05-31,sh.601899,3.28,25.399705,-0.029585798816568087
2017-06,2017-06-30,sh.601899,3.43,28.39914,0.04573170731707332
2017-07,2017-07-31,sh.601899,3.73,30.623355,0.0874635568513118
2017-08,2017-08-31,sh.601899,3.75,30.770122,0.00536193029490617
2017-09,2017-09-29,sh.601899,3.87,31.754766,0.03200000000000003
2017-10,2017-10-31,sh.601899,3.69,32.320124,-0.04651162790697683
2017-11,2017-11-30,sh.601899,3.95,34.597423,0.07046070460704623
2017-12,2017-12-29,sh.601899,4.59,40.203081,0.16202531645569618
2018-01,2018-01-31,sh.601899,5.13,44.932855,0.11764705882352944
2018-02,2018-02-28,sh.601899,4.6,40.290669,-0.10331384015594547
2018-03,2018-03-30,sh.601899,4.35,28.561536,-0.05434782608695654
2018-04,2018-04-27,sh.601899,4.12,26.450183,-0.05287356321839065
2018-05,2018-05-31,sh.601899,3.75,24.074803,-0.08980582524271852
2018-06,2018-06-29,sh.601899,3.61,23.17601,-0.03733333333333333
2018-07,2018-07-31,sh.601899,3.54,18.016367,-0.01939058171745145
2018-08,2018-08-31,sh.601899,3.4,17.290929,-0.039548022598870136
2018-09,2018-09-28,sh.601899,3.57,18.155475,0.050000000000000044
2018-10,2018-10-31,sh.601899,3.42,16.954026,-0.04201680672268904
2018-11,2018-11-30,sh.601899,3.39,16.805307,-0.00877192982456132
2018-12,2018-12-28,sh.601899,3.34,16.557441,-0.014749262536873253
2019-01,2019-01-31,sh.601899,2.98,14.772807,-0.10778443113772451
2019-02,2019-02-28,sh.601899,3.58,17.747197,0.20134228187919456
2019-03,2019-03-29,sh.601899,3.51,19.746959,-0.019553072625698387
2019-04,2019-04-30,sh.601899,3.32,19.692442,-0.054131054131054124
2019-05,2019-05-31,sh.601899,3.25,19.27724,-0.02108433734939752
2019-06,2019-06-28,sh.601899,3.77,22.361598,0.15999999999999992
2019-07,2019-07-31,sh.601899,3.66,21.709138,-0.02917771883289122
2019-08,2019-08-30,sh.601899,3.66,24.641651,0.0
2019-09,2019-09-30,sh.601899,3.27,22.015901,-0.10655737704918034
2019-10,2019-10-31,sh.601899,3.38,20.774037,0.03363914373088672
2019-11,2019-11-29,sh.601899,3.56,24.109156,0.053254437869822535
2019-12,2019-12-31,sh.601899,4.59,31.084558,0.2893258426966292
2020-01,2020-01-23,sh.601899,4.29,29.052888,-0.065359477124183
2020-02,2020-02-28,sh.601899,4.16,28.172497,-0.030303030303030276
2020-03,2020-03-31,sh.601899,3.69,21.858782,-0.11298076923076927
2020-04,2020-04-30,sh.601899,3.91,22.300349,0.05962059620596216
2020-05,2020-05-29,sh.601899,3.78,21.558905,-0.03324808184143235
2020-06,2020-06-30,sh.601899,4.4,25.095022,0.16402116402116418
2020-07,2020-07-31,sh.601899,5.85,33.364972,0.32954545454545436
2020-08,2020-08-31,sh.601899,7.19,37.606477,0.22905982905982913
2020-09,2020-09-30,sh.601899,6.15,32.166875,-0.14464534075104307
2020-10,2020-10-30,sh.601899,6.99,30.320181,0.13658536585365844
2020-11,2020-11-30,sh.601899,9.29,40.296778,0.32904148783977094
2020-12,2020-12-31,sh.601899,9.29,40.296778,0.0
2021-01,2021-01-29,sh.601899,9.6,41.64145,0.03336921420882666
2021-02,2021-02-26,sh.601899,12.19,53.075951,0.26979166666666665
2021-03,2021-03-31,sh.601899,9.62,37.650848,-0.21082854799015593
2021-04,2021-04-30,sh.601899,11.03,35.211338,0.14656964656964666
2021-05,2021-05-31,sh.601899,11.23,35.849802,0.018132366273798883
2021-06,2021-06-30,sh.601899,9.69,31.971124,-0.13713268032057002
2021-07,2021-07-30,sh.601899,10.25,33.818784,0.057791537667698734
2021-08,2021-08-31,sh.601899,11.11,27.244255,0.0839024390243901
2021-09,2021-09-30,sh.601899,10.09,24.742983,-0.09180918091809176
2021-10,2021-10-29,sh.601899,10.46,20.801765,0.03666997026759167
2021-11,2021-11-30,sh.601899,10.15,20.18527,-0.029636711281070816
2021-12,2021-12-31,sh.601899,9.7,19.292195,-0.044334975369458185
2022-01,2022-01-28,sh.601899,9.76,19.410939,0.006185567010309256
2022-02,2022-02-28,sh.601899,11.22,22.314624,0.14959016393442637
2022-03,2022-03-31,sh.601899,11.34,19.050397,0.010695187165775222
2022-04,2022-04-29,sh.601899,11.07,15.113043,-0.023809523809523725
2022-05,2022-05-31,sh.601899,10.06,13.734166,-0.0912375790424571
2022-06,2022-06-30,sh.601899,9.33,12.737551,-0.07256461232604383
2022-07,2022-07-29,sh.601899,8.93,12.191461,-0.04287245444801724
2022-08,2022-08-31,sh.601899,8.8,10.700068,-0.014557670772676223
2022-09,2022-09-30,sh.601899,7.84,9.532788,-0.10909090909090913
2022-10,2022-10-31,sh.601899,7.92,9.912176,0.010204081632652962
2022-11,2022-11-30,sh.601899,9.83,12.302612,0.24116161616161613
2022-12,2022-12-30,sh.601899,10.0,12.515373,0.01729399796541209
2023-01,2023-01-31,sh.601899,11.79,14.754986,0.17899999999999983
2023-02,2023-02-28,sh.601899,11.41,14.279422,-0.03223070398642913
2023-03,2023-03-31,sh.601899,12.39,16.276086,0.08588957055214719
2023-04,2023-04-28,sh.601899,12.83,17.446725,0.0355125100887812
2023-05,2023-05-31,sh.601899,10.69,14.536671,-0.16679657053780206
2023-06,2023-06-30,sh.601899,11.37,15.461361,0.06361085126286237
2023-07,2023-07-31,sh.601899,13.01,17.691496,0.14423922603342132
2023-08,2023-08-31,sh.601899,12.36,18.369279,-0.0499615680245965
2023-09,2023-09-28,sh.601899,12.13,18.027455,-0.01860841423948212
2023-10,2023-10-31,sh.601899,12.44,16.760757,0.025556471558120242
2023-11,2023-11-30,sh.601899,12.18,16.410451,-0.020900321543408373
2023-12,2023-12-29,sh.601899,12.46,16.787703,0.02298850574712663
2024-01,2024-01-31,sh.601899,12.04,16.221825,-0.03370786516853941
2024-02,2024-02-29,sh.601899,13.11,17.663466,0.0888704318936877
2024-03,2024-03-29,sh.601899,16.82,20.966634,0.2829900839054158
2024-04,2024-04-30,sh.601899,17.61,21.131899,0.04696789536266355
2024-05,2024-05-31,sh.601899,17.41,20.8919,-0.011357183418512218
2024-06,2024-06-28,sh.601899,17.57,21.285641,0.009190120620333087
2024-07,2024-07-31,sh.601899,16.58,20.086279,-0.05634604439385327
2024-08,2024-08-30,sh.601899,16.0,16.417725,-0.03498190591073569
2024-09,2024-09-30,sh.601899,18.14,18.613596,0.13375000000000004
2024-10,2024-10-31,sh.601899,16.82,15.251117,-0.07276736493936053
2024-11,2024-11-29,sh.601899,15.7,14.235585,-0.06658739595719387
2024-12,2024-12-31,sh.601899,15.12,13.709684,-0.03694267515923566
2025-01,2025-01-27,sh.601899,16.24,14.725042,0.07407407407407396
2025-02,2025-02-28,sh.601899,15.35,13.918066,-0.05480295566502458
2025-03,2025-03-31,sh.601899,18.12,15.025791,0.1804560260586321
2025-04,2025-04-30,sh.601899,17.46,12.905705,-0.03642384105960261
2025-05,2025-05-30,sh.601899,17.73,13.105278,0.015463917525773141
2025-06,2025-06-30,sh.601899,19.5,14.413588,0.09983079526226724
2025-07,2025-07-31,sh.601899,19.15,14.154882,-0.017948717948717996
2025-08,2025-08-29,sh.601899,23.08,15.236993,0.2052219321148825
2025-09,2025-09-30,sh.601899,29.44,19.435749,0.2755632582322358
2025-10,2025-10-31,sh.601899,30.5,17.793538,0.03600543478260865
2025-11,2025-11-28,sh.601899,28.58,16.673401,-0.06295081967213123
2025-12,2025-12-31,sh.601899,34.47,20.118815,0.20608817354793563
2015-01,2015-01-30,sh.601919,6.43,40.684023,
2015-02,2015-02-27,sh.601919,6.2,39.228763,-0.035769828926905056
2015-03,2015-03-31,sh.601919,7.44,209.663667,0.19999999999999996
2015-04,2015-04-30,sh.601919,15.3,128.799256,1.056451612903226
2015-05,2015-05-29,sh.601919,13.38,112.636212,-0.12549019607843137
2015-06,2015-06-30,sh.601919,12.48,105.059785,-0.06726457399103136
2015-07,2015-07-31,sh.601919,10.12,85.19271,-0.1891025641025642
2015-08,2015-08-31,sh.601919,11.63,26.194257,0.14920948616600804
2015-09,2015-09-30,sh.601919,11.63,26.194257,0.0
2015-10,2015-10-30,sh.601919,11.63,98.5975,0.0
2015-11,2015-11-30,sh.601919,11.63,98.5975,0.0
2015-12,2015-12-31,sh.601919,9.02,76.470288,-0.22441960447119524
2016-01,2016-01-29,sh.601919,5.46,46.28911,-0.3946784922394678
2016-02,2016-02-29,sh.601919,5.52,46.797782,0.01098901098901095
2016-03,2016-03-31,sh.601919,6.09,219.545038,0.10326086956521752
2016-04,2016-04-29,sh.601919,5.68,-18.177528,-0.0673234811165846
2016-05,2016-05-31,sh.601919,5.31,-16.993428,-0.0651408450704225
2016-06,2016-06-30,sh.601919,5.08,-16.257366,-0.04331450094161948
2016-07,2016-07-29,sh.601919,5.16,-16.513388,0.015748031496062964
2016-08,2016-08-31,sh.601919,5.14,-5.90026,-0.00387596899224818
2016-09,2016-09-30,sh.601919,5.06,-5.808427,-0.015564202334630406
2016-10,2016-10-31,sh.601919,5.26,-5.803907,0.03952569169960474
2016-11,2016-11-30,sh.601919,5.98,-6.598358,0.1368821292775666
2016-12,2016-12-30,sh.601919,5.24,-5.781839,-0.12374581939799334
2017-01,2017-01-26,sh.601919,5.42,-5.980451,0.03435114503816794
2017-02,2017-02-28,sh.601919,6.11,-6.7418,0.1273062730627308
2017-03,2017-03-31,sh.601919,5.91,-6.09511,-0.032733224222585955
2017-04,2017-04-28,sh.601919,5.5,-5.672268,-0.0693739424703892
2017-05,2017-05-31,sh.601919,5.35,-10.560651,-0.027272727272727337
2017-06,2017-06-30,sh.601919,5.35,-10.560651,0.0
2017-07,2017-07-31,sh.601919,7.27,-14.350642,0.3588785046728973
2017-08,2017-08-31,sh.601919,7.79,-91.073921,0.07152682255845955
2017-09,2017-09-29,sh.601919,6.89,-80.551902,-0.11553273427471122
2017-10,2017-10-31,sh.601919,6.93,35.283225,0.005805515239477588
2017-11,2017-11-30,sh.601919,6.29,32.024746,-0.0923520923520923
2017-12,2017-12-29,sh.601919,6.77,34.468605,0.07631160572337037
2018-01,2018-01-31,sh.601919,7.24,36.861551,0.06942392909896622
2018-02,2018-02-28,sh.601919,6.03,30.700988,-0.1671270718232044
2018-03,2018-03-30,sh.601919,5.89,22.605299,-0.02321724709784423
2018-04,2018-04-27,sh.601919,5.64,21.645821,-0.04244482173174868
2018-05,2018-05-31,sh.601919,6.12,24.303016,0.08510638297872353
2018-06,2018-06-29,sh.601919,4.92,19.537718,-0.1960784313725491
2018-07,2018-07-31,sh.601919,4.51,17.909575,-0.08333333333333337
2018-08,2018-08-31,sh.601919,4.09,49.787113,-0.09312638580931265
2018-09,2018-09-28,sh.601919,4.08,49.665385,-0.0024449877750610804
2018-10,2018-10-31,sh.601919,3.79,49.096444,-0.07107843137254899
2018-11,2018-11-30,sh.601919,4.1,53.112248,0.08179419525065956
2018-12,2018-12-28,sh.601919,4.04,52.334996,-0.014634146341463317
2019-01,2019-01-31,sh.601919,4.2,65.289203,0.03960396039603964
2019-02,2019-02-28,sh.601919,5.01,77.880692,0.19285714285714284
2019-03,2019-03-29,sh.601919,5.28,82.077855,0.05389221556886237
2019-04,2019-04-30,sh.601919,5.73,40.453046,0.08522727272727271
2019-05,2019-05-31,sh.601919,4.78,33.746171,-0.1657940663176265
2019-06,2019-06-28,sh.601919,5.02,35.440539,0.05020920502092041
2019-07,2019-07-31,sh.601919,4.69,33.110783,-0.06573705179282852
2019-08,2019-08-30,sh.601919,4.59,32.404796,-0.021321961620469176
2019-09,2019-09-30,sh.601919,4.76,24.049563,0.03703703703703698
2019-10,2019-10-31,sh.601919,4.61,22.754803,-0.031512605042016695
2019-11,2019-11-29,sh.601919,4.73,23.347119,0.026030368763557465
2019-12,2019-12-31,sh.601919,5.27,26.01254,0.11416490486257902
2020-01,2020-01-23,sh.601919,4.75,23.445838,-0.09867172675521818
2020-02,2020-02-28,sh.601919,4.04,19.941302,-0.14947368421052631
2020-03,2020-03-31,sh.601919,4.11,7.449125,0.017326732673267342
2020-04,2020-04-30,sh.601919,3.6,6.930347,-0.12408759124087598
2020-05,2020-05-29,sh.601919,3.16,6.083304,-0.12222222222222223
2020-06,2020-06-30,sh.601919,3.47,6.680084,0.09810126582278489
2020-07,2020-07-31,sh.601919,4.33,8.335667,0.2478386167146973
2020-08,2020-08-31,sh.601919,5.44,10.007723,0.25635103926097
2020-09,2020-09-30,sh.601919,5.73,10.541223,0.053308823529411686
2020-10,2020-10-30,sh.601919,6.54,12.031344,0.1413612565445026
2020-11,2020-11-30,sh.601919,9.92,14.294155,0.5168195718654434
2020-12,2020-12-31,sh.601919,12.21,17.593914,0.2308467741935485
2021-01,2021-01-29,sh.601919,12.41,17.882103,0.016380016380016293
2021-02,2021-02-26,sh.601919,12.64,18.21352,0.018533440773569776
2021-03,2021-03-31,sh.601919,13.52,16.696605,0.06962025316455689
2021-04,2021-04-30,sh.601919,18.28,8.932756,0.3520710059171599
2021-05,2021-05-31,sh.601919,21.37,10.442725,0.16903719912472637
2021-06,2021-06-30,sh.601919,30.54,14.923763,0.4291062236780532
2021-07,2021-07-30,sh.601919,17.66,11.270397,-0.42174197773411914
2021-08,2021-08-31,sh.601919,20.74,7.237394,0.17440543601359004
2021-09,2021-09-30,sh.601919,17.28,6.03001,-0.16682738669238173
2021-10,2021-10-29,sh.601919,16.53,5.768562,-0.04340277777777779
2021-11,2021-11-30,sh.601919,17.37,3.776408,0.05081669691470059
2021-12,2021-12-31,sh.601919,18.69,4.063468,0.07599309153713296
2022-01,2022-01-28,sh.601919,16.12,3.504714,-0.13750668806848587
2022-02,2022-02-28,sh.601919,17.52,3.809094,0.08684863523573183
2022-03,2022-03-31,sh.601919,15.5,2.779733,-0.11529680365296802
2022-04,2022-04-29,sh.601919,14.43,2.587846,-0.06903225806451618
2022-05,2022-05-31,sh.601919,15.35,2.422776,0.06375606375606369
2022-06,2022-06-30,sh.601919,13.9,2.194027,-0.09446254071661231
2022-07,2022-07-29,sh.601919,13.72,2.172961,-0.012949640287769792
2022-08,2022-08-31,sh.601919,14.2,1.954316,0.03498542274052463
2022-09,2022-09-30,sh.601919,11.02,1.516699,-0.22394366197183102
2022-10,2022-10-31,sh.601919,11.23,1.520315,0.019056261343012748
2022-11,2022-11-30,sh.601919,12.63,1.709861,0.12466607301869992
2022-12,2022-12-30,sh.601919,10.29,1.393133,-0.18527315914489328
2023-01,2023-01-31,sh.601919,10.63,1.439181,0.03304178814382919
2023-02,2023-02-28,sh.601919,10.78,1.459509,0.014111006585136199
2023-03,2023-03-31,sh.601919,11.03,1.619889,0.023191094619666064
2023-04,2023-04-28,sh.601919,11.11,1.631663,0.0072529465095194645
2023-05,2023-05-31,sh.601919,10.44,1.886508,-0.06030603060306028
2023-06,2023-06-30,sh.601919,9.4,1.706064,-0.09961685823754785
2023-07,2023-07-31,sh.601919,10.12,1.836742,0.07659574468085095
2023-08,2023-08-31,sh.601919,9.8,2.584095,-0.03162055335968361
2023-09,2023-09-28,sh.601919,9.81,2.587085,0.0010204081632652073
2023-10,2023-10-31,sh.601919,9.77,4.608032,-0.004077471967380286
2023-11,2023-11-30,sh.601919,10.01,4.691607,0.0245649948822928
2023-12,2023-12-29,sh.601919,9.58,4.49007,-0.042957042957042946
2024-01,2024-01-31,sh.601919,9.95,4.663486,0.03862212943632559
2024-02,2024-02-29,sh.601919,10.5,4.921283,0.05527638190954787
2024-03,2024-03-29,sh.601919,10.35,6.922013,-0.014285714285714346
2024-04,2024-04-30,sh.601919,11.77,7.996526,0.13719806763285014
2024-05,2024-05-31,sh.601919,15.04,10.218161,0.27782497875955814
2024-06,2024-06-28,sh.601919,15.49,10.52584,0.029920212765957466
2024-07,2024-07-31,sh.601919,13.15,8.935787,-0.15106520335700446
2024-08,2024-08-30,sh.601919,12.52,8.267695,-0.04790874524714839
2024-09,2024-09-30,sh.601919,15.71,10.374241,0.2547923322683707
2024-10,2024-10-31,sh.601919,14.58,5.830307,-0.07192870782940808
2024-11,2024-11-29,sh.601919,13.59,5.434472,-0.0679012345679012
2024-12,2024-12-31,sh.601919,15.5,6.198257,0.14054451802796164
2025-01,2025-01-27,sh.601919,14.27,5.706395,-0.07935483870967741
2025-02,2025-02-28,sh.601919,13.62,5.446762,-0.04555010511562718
2025-03,2025-03-31,sh.601919,14.55,4.729943,0.06828193832599139
2025-04,2025-04-30,sh.601919,14.36,4.214909,-0.013058419243986319
2025-05,2025-05-30,sh.601919,16.39,4.725762,0.14136490250696387
2025-06,2025-06-30,sh.601919,15.04,4.310988,-0.08236729713239788
2025-07,2025-07-31,sh.601919,15.64,4.482968,0.039893617021276695
2025-08,2025-08-29,sh.601919,15.28,4.755881,-0.023017902813299296
2025-09,2025-09-30,sh.601919,14.34,4.463307,-0.061518324607329866
2025-10,2025-10-31,sh.601919,15.01,6.111052,0.04672245467224556
2025-11,2025-11-28,sh.601919,14.61,5.948199,-0.02664890073284476
2025-12,2025-12-31,sh.601919,15.18,6.180265,0.03901437371663241
2015-06,2015-06-30,sh.601985,13.07,82.306395,
2015-07,2015-07-31,sh.601985,10.51,66.185173,-0.19586840091813318
2015-08,2015-08-31,sh.601985,9.08,35.715176,-0.13606089438629876
2015-09,2015-09-30,sh.601985,9.07,35.675842,-0.0011013215859030367
2015-10,2015-10-30,sh.601985,10.36,38.861314,0.14222712238147728
2015-11,2015-11-30,sh.601985,9.54,35.785418,-0.07915057915057921
2015-12,2015-12-31,sh.601985,9.54,35.785418,0.0
2016-01,2016-01-29,sh.601985,7.08,26.557732,-0.25786163522012573
2016-02,2016-02-29,sh.601985,6.8,25.507426,-0.039548022598870136
2016-03,2016-03-31,sh.601985,7.72,28.958431,0.1352941176470588
2016-04,2016-04-29,sh.601985,7.08,30.314674,-0.08290155440414504
2016-05,2016-05-31,sh.601985,6.93,29.672414,-0.021186440677966156
2016-06,2016-06-30,sh.601985,6.83,29.24424,-0.014430014430014348
2016-07,2016-07-29,sh.601985,6.76,28.944519,-0.01024890190336758
2016-08,2016-08-31,sh.601985,6.77,27.689778,0.0014792899408284654
2016-09,2016-09-30,sh.601985,6.64,27.158069,-0.019202363367799125
2016-10,2016-10-31,sh.601985,6.76,25.673754,0.01807228915662651
2016-11,2016-11-30,sh.601985,7.32,27.800574,0.08284023668639051
2016-12,2016-12-30,sh.601985,7.06,26.813122,-0.03551912568306015
2017-01,2017-01-26,sh.601985,7.05,26.775143,-0.0014164305949008194
2017-02,2017-02-28,sh.601985,7.28,27.648658,0.03262411347517746
2017-03,2017-03-31,sh.601985,7.26,27.5727,-0.0027472527472528485
2017-04,2017-04-28,sh.601985,7.74,25.667452,0.06611570247933884
2017-05,2017-05-31,sh.601985,7.72,25.601127,-0.0025839793281654533
2017-06,2017-06-30,sh.601985,7.81,25.899586,0.011658031088082943
2017-07,2017-07-31,sh.601985,7.82,25.932748,0.001280409731114096
2017-08,2017-08-31,sh.601985,7.72,26.488106,-0.01278772378516635
2017-09,2017-09-29,sh.601985,7.46,25.59602,-0.033678756476683946
2017-10,2017-10-31,sh.601985,7.79,25.097657,0.04423592493297579
2017-11,2017-11-30,sh.601985,7.35,23.680075,-0.056482670089858855
2017-12,2017-12-29,sh.601985,7.35,23.680075,0.0
2018-01,2018-01-31,sh.601985,7.6,24.485519,0.03401360544217691
2018-02,2018-02-28,sh.601985,7.19,24.917012,-0.05394736842105252
2018-03,2018-03-30,sh.601985,6.72,23.288222,-0.06536856745479847
2018-04,2018-04-27,sh.601985,6.67,23.122879,-0.007440476190476164
2018-05,2018-05-31,sh.601985,6.12,21.216195,-0.08245877061469264
2018-06,2018-06-29,sh.601985,5.65,19.586847,-0.07679738562091498
2018-07,2018-07-31,sh.601985,5.74,19.89885,0.015929203539823078
2018-08,2018-08-31,sh.601985,5.85,20.166137,0.019163763066202044
2018-09,2018-09-28,sh.601985,6.01,20.71769,0.027350427350427475
2018-10,2018-10-31,sh.601985,5.57,20.491462,-0.07321131447587348
2018-11,2018-11-30,sh.601985,5.32,19.571738,-0.044883303411131004
2018-12,2018-12-28,sh.601985,5.27,18.369483,-0.009398496240601628
2019-01,2019-01-31,sh.601985,5.39,20.065586,0.022770398481973375
2019-02,2019-02-28,sh.601985,5.99,22.299232,0.1113172541743972
2019-03,2019-03-29,sh.601985,6.05,22.522596,0.01001669449081799
2019-04,2019-04-30,sh.601985,5.93,18.815354,-0.01983471074380172
2019-05,2019-05-31,sh.601985,5.52,17.514461,-0.06913996627318719
2019-06,2019-06-28,sh.601985,5.56,17.641377,0.007246376811594235
2019-07,2019-07-31,sh.601985,5.63,17.863481,0.0125899280575541
2019-08,2019-08-30,sh.601985,5.39,17.640613,-0.04262877442273538
2019-09,2019-09-30,sh.601985,5.29,17.313329,-0.01855287569573283
2019-10,2019-10-31,sh.601985,5.06,17.043961,-0.0434782608695653
2019-11,2019-11-29,sh.601985,4.86,16.370287,-0.039525691699604626
2019-12,2019-12-31,sh.601985,5.0,16.841877,0.028806584362139898
2020-01,2020-01-23,sh.601985,4.85,16.336621,-0.030000000000000027
2020-02,2020-02-28,sh.601985,4.59,15.460843,-0.05360824742268033
2020-03,2020-03-31,sh.601985,4.4,14.820852,-0.04139433551198246
2020-04,2020-04-30,sh.601985,4.33,15.816538,-0.015909090909090984
2020-05,2020-05-29,sh.601985,4.03,14.720704,-0.06928406466512693
2020-06,2020-06-30,sh.601985,4.09,14.939871,0.014888337468982549
2020-07,2020-07-31,sh.601985,4.34,15.853077,0.06112469437652801
2020-08,2020-08-31,sh.601985,4.66,14.539111,0.07373271889400934
2020-09,2020-09-30,sh.601985,4.39,13.696716,-0.05793991416309019
2020-10,2020-10-30,sh.601985,4.43,11.814312,0.009111617312072884
2020-11,2020-11-30,sh.601985,4.91,13.094418,0.10835214446952612
2020-12,2020-12-31,sh.601985,4.92,13.121086,0.0020366598778003286
2021-01,2021-01-29,sh.601985,5.15,15.402634,0.04674796747967491
2021-02,2021-02-26,sh.601985,5.17,15.46245,0.003883495145631022
2021-03,2021-03-31,sh.601985,5.5,16.449415,0.06382978723404253
2021-04,2021-04-30,sh.601985,5.22,13.563449,-0.050909090909090904
2021-05,2021-05-31,sh.601985,5.21,13.537466,-0.0019157088122604415
2021-06,2021-06-30,sh.601985,5.06,13.147711,-0.028790786948176605
2021-07,2021-07-30,sh.601985,4.8,12.472138,-0.05138339920948609
2021-08,2021-08-31,sh.601985,5.48,12.909611,0.14166666666666683
2021-09,2021-09-30,sh.601985,7.21,16.985091,0.3156934306569341
2021-10,2021-10-29,sh.601985,6.85,16.027297,-0.049930651872399534
2021-11,2021-11-30,sh.601985,6.83,15.980502,-0.0029197080291970545
2021-12,2021-12-31,sh.601985,8.3,19.419937,0.21522693997071762
2022-01,2022-01-28,sh.601985,7.05,16.500839,-0.1506024096385543
2022-02,2022-02-28,sh.601985,7.4,17.76858,0.04964539007092217
2022-03,2022-03-31,sh.601985,8.11,19.019753,0.09594594594594574
2022-04,2022-04-29,sh.601985,7.13,14.866203,-0.12083847102342782
2022-05,2022-05-31,sh.601985,7.26,15.137256,0.018232819074333717
2022-06,2022-06-30,sh.601985,6.86,14.304364,-0.05509641873278226
2022-07,2022-07-29,sh.601985,6.17,12.865587,-0.10058309037900881
2022-08,2022-08-31,sh.601985,6.37,13.579872,0.03241491085899506
2022-09,2022-09-30,sh.601985,5.85,12.471311,-0.08163265306122458
2022-10,2022-10-31,sh.601985,6.03,12.101327,0.030769230769230882
2022-11,2022-11-30,sh.601985,6.24,12.522766,0.03482587064676612
2022-12,2022-12-30,sh.601985,6.0,12.041121,-0.03846153846153855
2023-01,2023-01-31,sh.601985,6.04,12.121395,0.006666666666666599
2023-02,2023-02-28,sh.601985,6.06,12.161532,0.0033112582781456013
2023-03,2023-03-31,sh.601985,6.39,12.823794,0.054455445544554504
2023-04,2023-04-28,sh.601985,6.9,14.232993,0.07981220657277
2023-05,2023-05-31,sh.601985,7.04,14.521779,0.020289855072463725
2023-06,2023-06-30,sh.601985,7.05,14.552739,0.0014204545454545858
2023-07,2023-07-31,sh.601985,7.31,15.089436,0.03687943262411353
2023-08,2023-08-31,sh.601985,7.2,14.143513,-0.015047879616962967
2023-09,2023-09-28,sh.601985,7.3,14.33995,0.01388888888888884
2023-10,2023-10-31,sh.601985,7.42,13.598638,0.016438356164383494
2023-11,2023-11-30,sh.601985,7.03,12.883885,-0.052560646900269514
2023-12,2023-12-29,sh.601985,7.5,13.745254,0.06685633001422464
2024-01,2024-01-31,sh.601985,8.29,15.193088,0.10533333333333328
2024-02,2024-02-29,sh.601985,8.68,15.907841,0.04704463208685161
2024-03,2024-03-29,sh.601985,9.19,16.842519,0.05875576036866348
2024-04,2024-04-30,sh.601985,9.24,16.368484,0.005440696409140466
2024-05,2024-05-31,sh.601985,9.58,16.970787,0.03679653679653683
2024-06,2024-06-28,sh.601985,10.66,18.883987,0.11273486430062629
2024-07,2024-07-31,sh.601985,11.03,19.539435,0.03470919324577859
2024-08,2024-08-30,sh.601985,10.94,19.380001,-0.008159564823209453
2024-09,2024-09-30,sh.601985,11.15,20.122296,0.019195612431444298
2024-10,2024-10-31,sh.601985,10.06,18.56911,-0.09775784753363226
2024-11,2024-11-29,sh.601985,9.43,17.406234,-0.06262425447316111
2024-12,2024-12-31,sh.601985,10.43,19.25207,0.10604453870625674
2025-01,2025-01-27,sh.601985,9.76,19.622643,-0.06423777564717159
2025-02,2025-02-28,sh.601985,9.58,19.26075,-0.018442622950819665
2025-03,2025-03-31,sh.601985,9.21,18.516859,-0.03862212943632559
2025-04,2025-04-30,sh.601985,9.23,21.438004,0.0021715526601520097
2025-05,2025-05-30,sh.601985,9.58,22.250929,0.037919826652220934
2025-06,2025-06-30,sh.601985,9.32,21.647042,-0.02713987473903967
2025-07,2025-07-31,sh.601985,9.19,21.345098,-0.013948497854077369
2025-08,2025-08-29,sh.601985,8.91,21.404423,-0.030467899891186034
2025-09,2025-09-30,sh.601985,8.71,20.923964,-0.022446689113355678
2025-10,2025-10-31,sh.601985,8.98,23.540023,0.030998851894374235
2025-11,2025-11-28,sh.601985,8.63,22.622539,-0.03897550111358572
2025-12,2025-12-31,sh.601985,8.65,22.674967,0.002317497103128563
2015-01,2015-01-30,sh.601988,4.4,7.569486,
2015-02,2015-02-27,sh.601988,4.11,7.110745,-0.06590909090909092
2015-03,2015-03-31,sh.601988,4.38,7.602928,0.06569343065693412
2015-04,2015-04-30,sh.601988,4.84,8.377944,0.10502283105022836
2015-05,2015-05-29,sh.601988,4.33,7.495144,-0.10537190082644621
2015-06,2015-06-30,sh.601988,4.89,8.464493,0.1293302540415704
2015-07,2015-07-31,sh.601988,4.45,7.702862,-0.08997955010224934
2015-08,2015-08-31,sh.601988,3.86,6.660162,-0.13258426966292136
2015-09,2015-09-30,sh.601988,3.72,6.418602,-0.03626943005181338
2015-10,2015-10-30,sh.601988,3.88,6.718692,0.043010752688172005
2015-11,2015-11-30,sh.601988,4.11,7.116965,0.05927835051546393
2015-12,2015-12-31,sh.601988,4.01,6.943803,-0.024330900243309084
2016-01,2016-01-29,sh.601988,3.22,5.575822,-0.19700748129675805
2016-02,2016-02-29,sh.601988,3.17,5.48924,-0.015527950310559091
2016-03,2016-03-31,sh.601988,3.4,5.858635,0.0725552050473186
2016-04,2016-04-29,sh.601988,3.35,5.74621,-0.014705882352941124
2016-05,2016-05-31,sh.601988,3.36,5.763363,0.0029850746268655914
2016-06,2016-06-30,sh.601988,3.21,5.50607,-0.044642857142857095
2016-07,2016-07-29,sh.601988,3.34,5.729058,0.04049844236760114
2016-08,2016-08-31,sh.601988,3.47,5.900134,0.038922155688622784
2016-09,2016-09-30,sh.601988,3.37,5.730102,-0.028818443804034644
2016-10,2016-10-31,sh.601988,3.39,5.731764,0.005934718100890191
2016-11,2016-11-30,sh.601988,3.51,5.934658,0.03539823008849541
2016-12,2016-12-30,sh.601988,3.44,5.816303,-0.019943019943019946
2017-01,2017-01-26,sh.601988,3.58,6.053013,0.04069767441860472
2017-02,2017-02-28,sh.601988,3.68,6.222092,0.027932960893854775
2017-03,2017-03-31,sh.601988,3.7,6.255908,0.005434782608695565
2017-04,2017-04-28,sh.601988,3.59,6.421588,-0.02972972972972987
2017-05,2017-05-31,sh.601988,3.73,6.670796,0.03899721448467974
2017-06,2017-06-30,sh.601988,3.7,6.617144,-0.008042895442359144
2017-07,2017-07-31,sh.601988,3.92,7.010596,0.059459459459459296
2017-08,2017-08-31,sh.601988,4.23,7.106393,0.07908163265306145
2017-09,2017-09-29,sh.601988,4.12,6.921593,-0.026004728132387744
2017-10,2017-10-31,sh.601988,3.94,6.617683,-0.043689320388349606
2017-11,2017-11-30,sh.601988,3.93,6.600887,-0.0025380710659898
2017-12,2017-12-29,sh.601988,3.97,6.668071,0.010178117048346147
2018-01,2018-01-31,sh.601988,4.54,7.625452,0.1435768261964736
2018-02,2018-02-28,sh.601988,4.23,7.104771,-0.06828193832599105
2018-03,2018-03-30,sh.601988,3.93,6.71054,-0.07092198581560294
2018-04,2018-04-27,sh.601988,3.82,6.522713,-0.027989821882951738
2018-05,2018-05-31,sh.601988,3.77,6.3507,-0.01308900523560208
2018-06,2018-06-29,sh.601988,3.61,6.081174,-0.04244031830238726
2018-07,2018-07-31,sh.601988,3.62,6.09802,0.0027700831024930483
2018-08,2018-08-31,sh.601988,3.55,5.877656,-0.019337016574585753
2018-09,2018-09-28,sh.601988,3.72,6.159121,0.04788732394366213
2018-10,2018-10-31,sh.601988,3.72,6.078105,0.0
2018-11,2018-11-30,sh.601988,3.61,5.898376,-0.029569892473118364
2018-12,2018-12-28,sh.601988,3.61,5.898376,0.0
2019-01,2019-01-31,sh.601988,3.68,6.012749,0.01939058171745156
2019-02,2019-02-28,sh.601988,3.84,6.274173,0.04347826086956519
2019-03,2019-03-29,sh.601988,3.77,6.1598,-0.01822916666666663
2019-04,2019-04-30,sh.601988,3.89,6.290407,0.03183023872679058
2019-05,2019-05-31,sh.601988,3.88,6.274236,-0.0025706940874036244
2019-06,2019-06-28,sh.601988,3.74,6.047846,-0.036082474226803996
2019-07,2019-07-31,sh.601988,3.71,5.999334,-0.008021390374331583
2019-08,2019-08-30,sh.601988,3.53,5.708261,-0.04851752021563349
2019-09,2019-09-30,sh.601988,3.58,5.695385,0.014164305949008638
2019-10,2019-10-31,sh.601988,3.7,5.843817,0.033519553072625774
2019-11,2019-11-29,sh.601988,3.63,5.733258,-0.018918918918918948
2019-12,2019-12-31,sh.601988,3.69,5.828023,0.016528925619834656
2020-01,2020-01-23,sh.601988,3.61,5.70167,-0.02168021680216803
2020-02,2020-02-28,sh.601988,3.55,5.606905,-0.016620498614958512
2020-03,2020-03-31,sh.601988,3.48,5.466607,-0.019718309859154903
2020-04,2020-04-30,sh.601988,3.48,5.419814,0.0
2020-05,2020-05-29,sh.601988,3.45,5.373092,-0.008620689655172376
2020-06,2020-06-30,sh.601988,3.48,5.419814,0.008695652173912993
2020-07,2020-07-31,sh.601988,3.33,5.186201,-0.04310344827586199
2020-08,2020-08-31,sh.601988,3.28,5.540654,-0.01501501501501512
2020-09,2020-09-30,sh.601988,3.2,5.405516,-0.024390243902438935
2020-10,2020-10-30,sh.601988,3.18,5.371732,-0.006249999999999978
2020-11,2020-11-30,sh.601988,3.3,5.598113,0.037735849056603765
2020-12,2020-12-31,sh.601988,3.18,5.394545,-0.036363636363636265
2021-01,2021-01-29,sh.601988,3.17,5.377581,-0.003144654088050425
2021-02,2021-02-26,sh.601988,3.24,5.496329,0.02208201892744488
2021-03,2021-03-31,sh.601988,3.35,5.113284,0.033950617283950546
2021-04,2021-04-30,sh.601988,3.25,4.924748,-0.02985074626865669
2021-05,2021-05-31,sh.601988,3.33,5.045972,0.024615384615384706
2021-06,2021-06-30,sh.601988,3.08,4.667146,-0.07507507507507505
2021-07,2021-07-30,sh.601988,2.99,4.530768,-0.029220779220779147
2021-08,2021-08-31,sh.601988,3.03,4.356168,0.013377926421404451
2021-09,2021-09-30,sh.601988,3.05,4.384921,0.0066006600660066805
2021-10,2021-10-29,sh.601988,3.05,4.384921,0.0
2021-11,2021-11-30,sh.601988,3.05,4.261792,0.0
2021-12,2021-12-31,sh.601988,3.05,4.261792,0.0
2022-01,2022-01-28,sh.601988,3.09,4.317684,0.013114754098360715
2022-02,2022-02-28,sh.601988,3.1,4.331657,0.003236245954692629
2022-03,2022-03-31,sh.601988,3.27,4.4452,0.05483870967741944
2022-04,2022-04-29,sh.601988,3.23,4.390825,-0.012232415902140636
2022-05,2022-05-31,sh.601988,3.19,4.262404,-0.012383900928792602
2022-06,2022-06-30,sh.601988,3.26,4.355936,0.021943573667711602
2022-07,2022-07-29,sh.601988,3.06,4.088701,-0.06134969325153361
2022-08,2022-08-31,sh.601988,3.04,4.001157,-0.006535947712418277
2022-09,2022-09-30,sh.601988,3.09,4.066966,0.016447368421052655
2022-10,2022-10-31,sh.601988,3.01,3.9188,-0.02588996763754048
2022-11,2022-11-30,sh.601988,3.15,4.10107,0.04651162790697683
2022-12,2022-12-30,sh.601988,3.16,4.114089,0.0031746031746031633
2023-01,2023-01-31,sh.601988,3.22,4.192204,0.018987341772152
2023-02,2023-02-28,sh.601988,3.23,4.205224,0.0031055900621117516
2023-03,2023-03-31,sh.601988,3.38,4.374935,0.046439628482972006
2023-04,2023-04-28,sh.601988,3.67,4.750299,0.08579881656804744
2023-05,2023-05-31,sh.601988,3.9,5.041662,0.06267029972752036
2023-06,2023-06-30,sh.601988,3.91,5.054589,0.002564102564102555
2023-07,2023-07-31,sh.601988,3.91,5.054589,0.0
2023-08,2023-08-31,sh.601988,3.75,4.834081,-0.04092071611253201
2023-09,2023-09-28,sh.601988,3.77,4.859863,0.005333333333333412
2023-10,2023-10-31,sh.601988,3.9,4.989255,0.034482758620689724
2023-11,2023-11-30,sh.601988,3.99,5.104392,0.023076923076923217
2023-12,2023-12-29,sh.601988,3.99,5.104392,0.0
2024-01,2024-01-31,sh.601988,4.32,5.526559,0.08270676691729317
2024-02,2024-02-29,sh.601988,4.47,5.718454,0.0347222222222221
2024-03,2024-03-29,sh.601988,4.4,5.585528,-0.015659955257270597
2024-04,2024-04-30,sh.601988,4.59,5.869087,0.04318181818181799
2024-05,2024-05-31,sh.601988,4.44,5.677287,-0.03267973856209139
2024-06,2024-06-28,sh.601988,4.62,5.907447,0.04054054054054057
2024-07,2024-07-31,sh.601988,4.66,5.958594,0.008658008658008587
2024-08,2024-08-30,sh.601988,4.79,6.120036,0.027896995708154515
2024-09,2024-09-30,sh.601988,5.0,6.388347,0.04384133611691032
2024-10,2024-10-31,sh.601988,4.82,6.094907,-0.03599999999999992
2024-11,2024-11-29,sh.601988,5.01,6.335162,0.03941908713692932
2024-12,2024-12-31,sh.601988,5.51,6.967414,0.09980039920159678
2025-01,2025-01-27,sh.601988,5.45,6.891544,-0.010889292196007205
2025-02,2025-02-28,sh.601988,5.4,6.828319,-0.00917431192660545
2025-03,2025-03-31,sh.601988,5.6,6.931402,0.03703703703703698
2025-04,2025-04-30,sh.601988,5.53,6.891847,-0.012499999999999845
2025-05,2025-05-30,sh.601988,5.52,6.879384,-0.001808318264014619
2025-06,2025-06-30,sh.601988,5.62,7.666008,0.018115942028985588
2025-07,2025-07-31,sh.601988,5.55,7.570524,-0.01245551601423489
2025-08,2025-08-29,sh.601988,5.52,7.529602,-0.005405405405405461
2025-09,2025-09-30,sh.601988,5.18,7.047474,-0.061594202898550665
2025-10,2025-10-31,sh.601988,5.61,7.539946,0.08301158301158318
2025-11,2025-11-28,sh.601988,6.07,8.158195,0.08199643493761144
2025-12,2025-12-31,sh.601988,5.73,7.701229,-0.05601317957166385
2015-01,2015-01-30,sh.603019,49.51,138.650613,
2015-02,2015-02-27,sh.603019,58.94,165.05892,0.19046657240961418
2015-03,2015-03-31,sh.603019,69.97,195.947958,0.18713946386155422
2015-04,2015-04-30,sh.603019,135.11,320.053085,0.9309704158925256
2015-05,2015-05-29,sh.603019,146.05,345.968123,0.08097106061727488
2015-06,2015-06-30,sh.603019,86.59,205.117287,-0.4071208490243068
2015-07,2015-07-31,sh.603019,74.29,173.534539,-0.14204873541979435
2015-08,2015-08-31,sh.603019,55.07,128.638405,-0.2587158433167318
2015-09,2015-09-30,sh.603019,58.97,137.748442,0.07081895769021251
2015-10,2015-10-30,sh.603019,84.05,189.269035,0.4253010005087332
2015-11,2015-11-30,sh.603019,91.05,205.032071,0.08328375966686496
2015-12,2015-12-31,sh.603019,91.17,205.302295,0.0013179571663921585
2016-01,2016-01-29,sh.603019,62.52,140.786437,-0.31424810793024016
2016-02,2016-02-29,sh.603019,52.39,117.975071,-0.16202815099168266
2016-03,2016-03-31,sh.603019,69.14,117.257094,0.3197175033403321
2016-04,2016-04-29,sh.603019,35.02,87.564153,-0.49349146658952847
2016-05,2016-05-31,sh.603019,37.03,92.589965,0.057395773843518016
2016-06,2016-06-30,sh.603019,39.82,106.70564,0.07534431541992981
2016-07,2016-07-29,sh.603019,36.0,96.469187,-0.09593169261677548
2016-08,2016-08-31,sh.603019,35.39,112.43289,-0.01694444444444443
2016-09,2016-09-30,sh.603019,32.19,102.266593,-0.0904210228878215
2016-10,2016-10-31,sh.603019,32.39,101.771936,0.006213109661385552
2016-11,2016-11-30,sh.603019,30.96,97.278763,-0.044149428836060545
2016-12,2016-12-30,sh.603019,27.82,87.412635,-0.10142118863049099
2017-01,2017-01-26,sh.603019,24.94,78.363448,-0.10352264557872026
2017-02,2017-02-28,sh.603019,25.34,79.62028,0.016038492381716063
2017-03,2017-03-31,sh.603019,26.31,75.442345,0.03827940015785325
2017-04,2017-04-28,sh.603019,26.77,80.852473,0.017483846446218143
2017-05,2017-05-31,sh.603019,29.07,87.799081,0.08591707134852444
2017-06,2017-06-30,sh.603019,28.14,84.990235,-0.031991744066047434
2017-07,2017-07-31,sh.603019,24.91,75.234782,-0.11478322672352526
2017-08,2017-08-31,sh.603019,28.72,80.14198,0.15295062224006428
2017-09,2017-09-29,sh.603019,36.89,102.94003,0.2844707520891365
2017-10,2017-10-31,sh.603019,39.03,111.349405,0.05801030089455139
2017-11,2017-11-30,sh.603019,43.51,124.130479,0.11478349987189329
2017-12,2017-12-29,sh.603019,40.24,114.801436,-0.07515513675017227
2018-01,2018-01-31,sh.603019,38.05,80.29686,-0.05442345924453296
2018-02,2018-02-28,sh.603019,43.11,90.974971,0.13298291721419186
2018-03,2018-03-30,sh.603019,54.71,113.915971,0.26907909997680357
2018-04,2018-04-27,sh.603019,50.0,102.82576,-0.08609029427892523
2018-05,2018-05-31,sh.603019,45.06,92.666575,-0.0988
2018-06,2018-06-29,sh.603019,45.87,94.332352,0.01797603195739006
2018-07,2018-07-31,sh.603019,49.92,102.661239,0.08829300196206691
2018-08,2018-08-31,sh.603019,52.38,86.957413,0.049278846153846256
2018-09,2018-09-28,sh.603019,46.88,77.826718,-0.10500190912562046
2018-10,2018-10-31,sh.603019,41.41,65.431054,-0.11668088737201376
2018-11,2018-11-30,sh.603019,40.06,63.297948,-0.032600821057715446
2018-12,2018-12-28,sh.603019,35.88,56.693219,-0.10434348477284072
2019-01,2019-01-31,sh.603019,38.2,60.359002,0.064659977703456
2019-02,2019-02-28,sh.603019,46.28,73.126037,0.21151832460732978
2019-03,2019-03-29,sh.603019,60.28,90.016415,0.30250648228176313
2019-04,2019-04-30,sh.603019,40.48,79.468488,-0.3284671532846716
2019-05,2019-05-31,sh.603019,38.19,74.972865,-0.05657114624505932
2019-06,2019-06-28,sh.603019,35.1,68.906718,-0.08091123330714833
2019-07,2019-07-31,sh.603019,35.56,69.810741,0.013105413105413133
2019-08,2019-08-30,sh.603019,35.4,65.328778,-0.004499437570303799
2019-09,2019-09-30,sh.603019,34.33,63.354151,-0.030225988700565032
2019-10,2019-10-31,sh.603019,33.42,59.421635,-0.026507427905621772
2019-11,2019-11-29,sh.603019,33.97,60.39955,0.01645721125074795
2019-12,2019-12-31,sh.603019,34.58,61.484151,0.017957020900794873
2020-01,2020-01-23,sh.603019,41.65,74.054798,0.20445344129554655
2020-02,2020-02-28,sh.603019,45.18,80.331231,0.08475390156062423
2020-03,2020-03-31,sh.603019,43.67,66.230297,-0.03342186808322267
2020-04,2020-04-30,sh.603019,48.32,74.694641,0.10648042134188218
2020-05,2020-05-29,sh.603019,37.22,80.550256,-0.22971854304635764
2020-06,2020-06-30,sh.603019,38.4,83.103972,0.031703385276733
2020-07,2020-07-31,sh.603019,44.38,96.045684,0.1557291666666667
2020-08,2020-08-31,sh.603019,45.19,91.842005,0.018251464623704194
2020-09,2020-09-30,sh.603019,37.72,76.660333,-0.16530205797742858
2020-10,2020-10-30,sh.603019,35.78,69.743021,-0.05143160127253443
2020-11,2020-11-30,sh.603019,35.36,76.794656,-0.01173840134153159
2020-12,2020-12-31,sh.603019,34.23,74.340528,-0.03195701357466074
2021-01,2021-01-29,sh.603019,29.63,64.350273,-0.13438504236050242
2021-02,2021-02-26,sh.603019,30.83,66.956426,0.04049949375632811
2021-03,2021-03-31,sh.603019,28.91,51.181678,-0.06227700291923444
2021-04,2021-04-30,sh.603019,25.88,44.431183,-0.10480802490487728
2021-05,2021-05-31,sh.603019,27.58,47.349769,0.06568778979907264
2021-06,2021-06-30,sh.603019,27.61,47.80774,0.0010877447425670095
2021-07,2021-07-30,sh.603019,32.28,55.894018,0.16914161535675487
2021-08,2021-08-31,sh.603019,28.32,44.847785,-0.12267657992565062
2021-09,2021-09-30,sh.603019,26.82,42.472373,-0.052966101694915224
2021-10,2021-10-29,sh.603019,27.47,41.623536,0.024235645041014164
2021-11,2021-11-30,sh.603019,27.96,42.366002,0.017837641062977916
2021-12,2021-12-31,sh.603019,27.57,41.775059,-0.013948497854077258
2022-01,2022-01-28,sh.603019,30.35,45.987416,0.10083424011606823
2022-02,2022-02-28,sh.603019,32.96,42.50083,0.08599670510708401
2022-03,2022-03-31,sh.603019,29.69,38.284273,-0.09921116504854366
2022-04,2022-04-29,sh.603019,25.8,31.721471,-0.13102054563826204
2022-05,2022-05-31,sh.603019,24.93,30.651793,-0.03372093023255818
2022-06,2022-06-30,sh.603019,29.02,35.711965,0.16405936622543127
2022-07,2022-07-29,sh.603019,28.8,35.430464,-0.007580978635423841
2022-08,2022-08-31,sh.603019,26.29,29.87748,-0.08715277777777786
2022-09,2022-09-30,sh.603019,23.72,26.956783,-0.09775580068467105
2022-10,2022-10-31,sh.603019,24.89,27.082622,0.04932546374367619
2022-11,2022-11-30,sh.603019,23.48,25.548412,-0.0566492567296103
2022-12,2022-12-30,sh.603019,22.14,24.090368,-0.05706984667802384
2023-01,2023-01-31,sh.603019,24.11,26.23391,0.08897922312556461
2023-02,2023-02-28,sh.603019,32.33,31.244892,0.34093737038573213
2023-03,2023-03-31,sh.603019,38.33,37.043511,0.18558614290133013
2023-04,2023-04-28,sh.603019,50.7,47.398958,0.32272371510566145
2023-05,2023-05-31,sh.603019,53.5,50.016652,0.055226824457593526
2023-06,2023-06-30,sh.603019,50.9,47.585936,-0.04859813084112152
2023-07,2023-07-31,sh.603019,44.9,40.927348,-0.11787819253438114
2023-08,2023-08-31,sh.603019,40.69,36.859062,-0.0937639198218263
2023-09,2023-09-28,sh.603019,38.54,34.911483,-0.05283853526665028
2023-10,2023-10-31,sh.603019,36.71,32.744145,-0.04748313440581209
2023-11,2023-11-30,sh.603019,37.05,33.047414,0.009261781530917945
2023-12,2023-12-29,sh.603019,39.49,35.223816,0.0658569500674766
2024-01,2024-01-31,sh.603019,31.35,27.963197,-0.20612813370473537
2024-02,2024-02-29,sh.603019,49.71,39.591693,0.585645933014354
2024-03,2024-03-29,sh.603019,47.75,38.030644,-0.039428686381009825
2024-04,2024-04-30,sh.603019,47.68,37.771604,-0.0014659685863874783
2024-05,2024-05-31,sh.603019,40.87,32.376792,-0.1428271812080537
2024-06,2024-06-28,sh.603019,41.5,32.875872,0.015414729630535806
2024-07,2024-07-31,sh.603019,43.9,34.76964,0.05783132530120483
2024-08,2024-08-30,sh.603019,36.88,29.102528,-0.15990888382687918
2024-09,2024-09-30,sh.603019,47.72,37.656525,0.29392624728850314
2024-10,2024-10-31,sh.603019,61.2,48.272048,0.28248113998323565
2024-11,2024-11-29,sh.603019,84.8,66.886759,0.3856209150326797
2024-12,2024-12-31,sh.603019,72.32,57.040705,-0.1471698113207548
2025-01,2025-01-27,sh.603019,66.99,52.836792,-0.07370022123893805
2025-02,2025-02-28,sh.603019,71.74,54.840623,0.070906105388864
2025-03,2025-03-31,sh.603019,66.36,50.806105,-0.07499303038751037
2025-04,2025-04-30,sh.603019,63.32,47.390186,-0.045810729355033164
2025-05,2025-05-30,sh.603019,61.9,46.327424,-0.02242577384712574
2025-06,2025-06-30,sh.603019,70.4,52.685856,0.13731825525040398
2025-07,2025-07-31,sh.603019,68.96,51.608191,-0.020454545454545614
2025-08,2025-08-29,sh.603019,88.5,62.353055,0.2833526682134573
2025-09,2025-09-30,sh.603019,119.25,84.0181,0.34745762711864403
2025-10,2025-10-31,sh.603019,106.45,73.893542,-0.10733752620545067
2025-11,2025-11-28,sh.603019,99.16,68.833101,-0.06848285580084557
2025-12,2025-12-31,sh.603019,85.64,59.448031,-0.13634530052440497
2018-05,2018-05-31,sh.603259,129.7,114.444563,
2018-06,2018-06-29,sh.603259,94.95,83.781891,-0.26792598303777937
2018-07,2018-07-31,sh.603259,81.17,71.622708,-0.14512901527119537
2018-08,2018-08-31,sh.603259,84.5,50.125504,0.04102500923986696
2018-09,2018-09-28,sh.603259,92.55,54.900774,0.09526627218934913
2018-10,2018-10-31,sh.603259,87.15,43.398837,-0.05834683954619113
2018-11,2018-11-30,sh.603259,79.75,39.953199,-0.08491107286288013
2018-12,2018-12-28,sh.603259,74.86,41.670453,-0.061316614420062754
2019-01,2019-01-31,sh.603259,75.53,42.235483,0.008950040074806376
2019-02,2019-02-28,sh.603259,89.88,50.259833,0.18999073215940676
2019-03,2019-03-29,sh.603259,93.82,48.561876,0.04383622607921667
2019-04,2019-04-30,sh.603259,88.52,43.955343,-0.05649115327222343
2019-05,2019-05-31,sh.603259,79.2,39.327419,-0.10528694080433798
2019-06,2019-06-28,sh.603259,86.68,43.040522,0.09444444444444455
2019-07,2019-07-31,sh.603259,64.99,45.178645,-0.25023073373327187
2019-08,2019-08-30,sh.603259,86.7,69.433446,0.3340513925219266
2019-09,2019-09-30,sh.603259,86.7,69.419104,0.0
2019-10,2019-10-31,sh.603259,94.07,73.45605,0.08500576701268736
2019-11,2019-11-29,sh.603259,87.99,68.728474,-0.06463272031465928
2019-12,2019-12-31,sh.603259,92.12,72.522881,0.04693715194908532
2020-01,2020-01-23,sh.603259,95.79,75.412145,0.039839339991315725
2020-02,2020-02-28,sh.603259,106.0,83.450124,0.1065873264432613
2020-03,2020-03-31,sh.603259,90.49,80.564215,-0.14632075471698114
2020-04,2020-04-30,sh.603259,101.77,94.875407,0.12465465797325681
2020-05,2020-05-29,sh.603259,106.5,99.284965,0.046477350889260194
2020-06,2020-06-30,sh.603259,96.6,126.077922,-0.09295774647887334
2020-07,2020-07-31,sh.603259,113.0,103.862439,0.1697722567287785
2020-08,2020-08-31,sh.603259,109.91,103.963826,-0.02734513274336281
2020-09,2020-09-30,sh.603259,101.5,98.556911,-0.07651715039577833
2020-10,2020-10-30,sh.603259,112.72,111.998125,0.11054187192118214
2020-11,2020-11-30,sh.603259,103.33,102.66826,-0.08330376153300212
2020-12,2020-12-31,sh.603259,134.72,133.838815,0.3037839930320334
2021-01,2021-01-29,sh.603259,166.34,165.520587,0.23470902612826605
2021-02,2021-02-26,sh.603259,143.68,143.13473,-0.1362270049296621
2021-03,2021-03-31,sh.603259,140.2,116.059112,-0.02422048997772841
2021-04,2021-04-30,sh.603259,158.75,93.586274,0.13231098430813137
2021-05,2021-05-31,sh.603259,167.2,98.567717,0.05322834645669294
2021-06,2021-06-30,sh.603259,156.59,111.074623,-0.06345693779904293
2021-07,2021-07-30,sh.603259,150.0,106.538523,-0.042084424292739064
2021-08,2021-08-31,sh.603259,132.8,100.065725,-0.11466666666666658
2021-09,2021-09-30,sh.603259,152.8,115.15227,0.1506024096385543
2021-10,2021-10-29,sh.603259,138.01,104.098975,-0.09679319371727757
2021-11,2021-11-30,sh.603259,144.0,102.452123,0.043402651981740537
2021-12,2021-12-31,sh.603259,118.58,84.371194,-0.17652777777777784
2022-01,2022-01-28,sh.603259,104.8,74.56683,-0.1162084668578175
2022-02,2022-02-28,sh.603259,103.93,60.267208,-0.008301526717557128
2022-03,2022-03-31,sh.603259,112.38,65.167217,0.08130472433368596
2022-04,2022-04-29,sh.603259,103.23,58.22775,-0.08142018152696207
2022-05,2022-05-31,sh.603259,95.31,53.761867,-0.07672188317349604
2022-06,2022-06-30,sh.603259,103.99,58.674614,0.09107124121288424
2022-07,2022-07-29,sh.603259,93.4,39.128967,-0.10183671506875647
2022-08,2022-08-31,sh.603259,89.65,37.563061,-0.040149892933618814
2022-09,2022-09-30,sh.603259,71.69,30.069748,-0.20033463469046298
2022-10,2022-10-31,sh.603259,76.4,25.376484,0.06569953968475395
2022-11,2022-11-30,sh.603259,78.0,25.908289,0.020942408376963373
2022-12,2022-12-30,sh.603259,81.0,26.905117,0.03846153846153855
2023-01,2023-01-31,sh.603259,93.25,30.968901,0.15123456790123457
2023-02,2023-02-28,sh.603259,82.68,27.459234,-0.11335120643431629
2023-03,2023-03-31,sh.603259,79.5,26.764439,-0.03846153846153855
2023-04,2023-04-28,sh.603259,67.53,21.45759,-0.1505660377358491
2023-05,2023-05-31,sh.603259,65.0,20.654369,-0.03746483044572779
2023-06,2023-06-30,sh.603259,62.31,19.803595,-0.04138461538461535
2023-07,2023-07-31,sh.603259,71.67,22.779143,0.1502166586422724
2023-08,2023-08-31,sh.603259,81.5,25.490498,0.13715641132970546
2023-09,2023-09-28,sh.603259,86.18,26.954759,0.05742331288343561
2023-10,2023-10-31,sh.603259,86.51,26.998827,0.003829194708749206
2023-11,2023-11-30,sh.603259,82.6,25.779427,-0.04519708704196057
2023-12,2023-12-29,sh.603259,72.76,22.708405,-0.11912832929782069
2024-01,2024-01-31,sh.603259,54.2,16.828598,-0.2550852116547554
2024-02,2024-02-29,sh.603259,54.48,16.915695,0.005166051660516535
2024-03,2024-03-29,sh.603259,46.18,14.10058,-0.15234948604992649
2024-04,2024-04-30,sh.603259,43.67,13.655381,-0.054352533564313465
2024-05,2024-05-31,sh.603259,42.11,13.071421,-0.035722463934050874
2024-06,2024-06-28,sh.603259,39.19,12.165065,-0.06934219900261229
2024-07,2024-07-31,sh.603259,42.54,14.516211,0.08548099004848186
2024-08,2024-08-30,sh.603259,39.18,13.369656,-0.07898448519040902
2024-09,2024-09-30,sh.603259,52.36,17.867156,0.3363961204696273
2024-10,2024-10-31,sh.603259,52.0,18.624639,-0.006875477463712754
2024-11,2024-11-29,sh.603259,50.14,17.95845,-0.035769230769230775
2024-12,2024-12-31,sh.603259,55.04,19.713464,0.09772636617471075
2025-01,2025-01-27,sh.603259,55.36,19.828077,0.005813953488372103
2025-02,2025-02-28,sh.603259,61.13,21.894695,0.10422687861271673
2025-03,2025-03-31,sh.603259,67.32,20.572838,0.10125961066579414
2025-04,2025-04-30,sh.603259,59.17,15.284582,-0.12106357694592973
2025-05,2025-05-30,sh.603259,63.51,16.405675,0.07334798039547064
2025-06,2025-06-30,sh.603259,69.55,17.867769,0.09510313336482445
2025-07,2025-07-31,sh.603259,96.27,20.078494,0.3841840402588066
2025-08,2025-08-29,sh.603259,103.3,22.139458,0.07302378726498393
2025-09,2025-09-30,sh.603259,112.03,24.010489,0.08451113262342691
2025-10,2025-10-31,sh.603259,99.4,19.781745,-0.11273765955547621
2025-11,2025-11-28,sh.603259,91.19,18.14786,-0.08259557344064394
2025-12,2025-12-31,sh.603259,90.64,18.038404,-0.006031363088057851
2017-05,2017-05-31,sh.603501,22.81,63.56177,
2017-06,2017-06-30,sh.603501,20.15,56.149481,-0.1166155195089873
2017-07,2017-07-31,sh.603501,20.15,56.149481,0.0
2017-08,2017-08-31,sh.603501,20.15,63.775838,0.0
2017-09,2017-09-29,sh.603501,24.39,77.195667,0.21042183622828792
2017-10,2017-10-31,sh.603501,27.13,83.252132,0.11234112341123415
2017-11,2017-11-30,sh.603501,33.16,101.756015,0.22226317729450784
2017-12,2017-12-29,sh.603501,41.77,140.444365,0.25965018094089287
2018-01,2018-01-31,sh.603501,32.45,109.107485,-0.22312664591812303
2018-02,2018-02-28,sh.603501,33.86,113.848364,0.04345146379044684
2018-03,2018-03-30,sh.603501,41.01,137.888997,0.21116361488481972
2018-04,2018-04-27,sh.603501,37.49,124.591159,-0.08583272372592043
2018-05,2018-05-31,sh.603501,37.7,119.276968,0.005601493731661744
2018-06,2018-06-29,sh.603501,37.7,119.276968,0.0
2018-07,2018-07-31,sh.603501,37.7,73.394844,0.0
2018-08,2018-08-31,sh.603501,37.66,73.316971,-0.001061007957559812
2018-09,2018-09-28,sh.603501,35.87,69.832176,-0.04753053637811999
2018-10,2018-10-31,sh.603501,29.4,47.39904,-0.18037357122943964
2018-11,2018-11-30,sh.603501,33.85,54.573384,0.15136054421768708
2018-12,2018-12-28,sh.603501,29.39,47.382918,-0.13175775480059082
2019-01,2019-01-31,sh.603501,28.28,45.582359,-0.03776794828172847
2019-02,2019-02-28,sh.603501,39.43,63.554187,0.39427157001414415
2019-03,2019-03-29,sh.603501,49.39,162.150648,0.25259954349480096
2019-04,2019-04-30,sh.603501,54.8,169.88926,0.10953634338934992
2019-05,2019-05-31,sh.603501,42.0,130.207097,-0.23357664233576636
2019-06,2019-06-28,sh.603501,54.91,170.230279,0.3073809523809523
2019-07,2019-07-31,sh.603501,67.12,208.083342,0.22236386814787856
2019-08,2019-08-30,sh.603501,88.06,9161.417874,0.3119785458879618
2019-09,2019-09-30,sh.603501,98.11,10206.980554,0.11412673177379062
2019-10,2019-10-31,sh.603501,109.99,3590.239335,0.12108857404953621
2019-11,2019-11-29,sh.603501,125.2,4086.716654,0.13828529866351502
2019-12,2019-12-31,sh.603501,143.4,4680.792078,0.14536741214057503
2020-01,2020-01-23,sh.603501,185.55,6056.63159,0.2939330543933054
2020-02,2020-02-28,sh.603501,174.22,5686.803318,-0.0610617084343843
2020-03,2020-03-31,sh.603501,155.9,5088.307136,-0.10515440247962338
2020-04,2020-04-30,sh.603501,194.48,194.997133,0.2474663245670301
2020-05,2020-05-29,sh.603501,183.58,184.06815,-0.05604689428218823
2020-06,2020-06-30,sh.603501,201.95,202.486996,0.10006536659766851
2020-07,2020-07-31,sh.603501,205.64,206.186808,0.018271849467690116
2020-08,2020-08-31,sh.603501,167.83,105.030253,-0.18386500680801388
2020-09,2020-09-30,sh.603501,177.37,111.000513,0.05684323422510862
2020-10,2020-10-30,sh.603501,198.02,83.130218,0.11642329593505107
2020-11,2020-11-30,sh.603501,215.44,90.443259,0.08797091202908791
2020-12,2020-12-31,sh.603501,231.1,97.469374,0.0726884515410322
2021-01,2021-01-29,sh.603501,289.57,122.129843,0.2530073561228905
2021-02,2021-02-26,sh.603501,282.98,119.350426,-0.022757882377318017
2021-03,2021-03-31,sh.603501,256.72,82.33605,-0.09279807760265735
2021-04,2021-04-30,sh.603501,302.51,79.537261,0.17836553443440306
2021-05,2021-05-31,sh.603501,300.99,79.137616,-0.0050246272850483775
2021-06,2021-06-30,sh.603501,322.0,84.705392,0.06980298348782354
2021-07,2021-07-30,sh.603501,302.09,79.467863,-0.061832298136646036
2021-08,2021-08-31,sh.603501,242.09,53.10554,-0.19861630639875527
2021-09,2021-09-30,sh.603501,242.61,53.219609,0.0021479615019208698
2021-10,2021-10-29,sh.603501,266.0,58.385688,0.09640987593256667
2021-11,2021-11-30,sh.603501,272.38,52.629082,0.02398496240601511
2021-12,2021-12-31,sh.603501,310.77,60.444334,0.1409428004993023
2022-01,2022-01-28,sh.603501,254.2,49.49048,-0.18203172764423847
2022-02,2022-02-28,sh.603501,245.81,47.857021,-0.03300550747442954
2022-03,2022-03-31,sh.603501,193.4,37.65326,-0.21321345754851306
2022-04,2022-04-29,sh.603501,150.5,30.468201,-0.22182006204756988
2022-05,2022-05-31,sh.603501,164.0,33.201229,0.0897009966777409
2022-06,2022-06-30,sh.603501,173.03,35.029322,0.0550609756097562
2022-07,2022-07-29,sh.603501,105.19,28.755762,-0.39207073917817725
2022-08,2022-08-31,sh.603501,93.74,24.657851,-0.10885065120258586
2022-09,2022-09-30,sh.603501,80.13,21.077807,-0.14518882014081502
2022-10,2022-10-31,sh.603501,73.37,27.968732,-0.08436291027080978
2022-11,2022-11-30,sh.603501,81.29,30.987845,0.10794602698650668
2022-12,2022-12-30,sh.603501,77.09,29.3868,-0.05166687169393536
2023-01,2023-01-31,sh.603501,94.16,35.868507,0.22142949798936296
2023-02,2023-02-28,sh.603501,85.95,32.74106,-0.08719201359388273
2023-03,2023-03-31,sh.603501,91.1,34.702857,0.059918557300756126
2023-04,2023-04-28,sh.603501,91.25,369.151693,0.0016465422612514935
2023-05,2023-05-31,sh.603501,99.89,404.104796,0.09468493150684942
2023-06,2023-06-30,sh.603501,98.04,396.850916,-0.018520372409650543
2023-07,2023-07-31,sh.603501,102.6,414.494011,0.046511627906976605
2023-08,2023-08-31,sh.603501,92.02,-96.636206,-0.10311890838206628
2023-09,2023-09-28,sh.603501,93.06,-97.728378,0.011301890893284039
2023-10,2023-10-31,sh.603501,110.31,-165.090857,0.18536428110896197
2023-11,2023-11-30,sh.603501,108.24,-166.330066,-0.01876529779711733
2023-12,2023-12-29,sh.603501,106.71,-163.978948,-0.014135254988913548
2024-01,2024-01-31,sh.603501,86.25,-132.568134,-0.19173460781557483
2024-02,2024-02-29,sh.603501,96.0,-147.554097,0.11304347826086958
2024-03,2024-03-29,sh.603501,98.41,-151.258326,0.025104166666666705
2024-04,2024-04-30,sh.603501,101.6,135.062553,0.032415404938522574
2024-05,2024-05-31,sh.603501,94.03,124.999329,-0.07450787401574799
2024-06,2024-06-28,sh.603501,99.37,132.098089,0.05679038604700626
2024-07,2024-07-31,sh.603501,102.97,136.731919,0.03622823789876217
2024-08,2024-08-30,sh.603501,90.53,62.130999,-0.12081188695736622
2024-09,2024-09-30,sh.603501,107.2,73.571667,0.18413785485474432
2024-10,2024-10-31,sh.603501,107.3,50.851698,0.000932835820895539
2024-11,2024-11-29,sh.603501,98.64,46.747545,-0.08070829450139794
2024-12,2024-12-31,sh.603501,104.41,49.548865,0.05849553933495533
2025-01,2025-01-27,sh.603501,105.51,50.073234,0.010535389330524003
2025-02,2025-02-28,sh.603501,141.8,67.295844,0.34394844090607535
2025-03,2025-03-31,sh.603501,132.72,62.986632,-0.06403385049365307
2025-04,2025-04-30,sh.603501,131.58,44.094601,-0.008589511754068635
2025-05,2025-05-30,sh.603501,124.6,41.755489,-0.053047575619395215
2025-06,2025-06-30,sh.603501,127.65,42.777594,0.024478330658106007
2025-07,2025-07-31,sh.603501,121.28,40.652104,-0.04990207598903251
2025-08,2025-08-29,sh.603501,143.23,47.567302,0.18098614775725586
2025-09,2025-09-30,sh.603501,151.17,45.759947,0.05543531383090139
2025-10,2025-10-31,sh.603501,130.71,37.922143,-0.1353443143480848
2025-11,2025-11-28,sh.603501,119.47,34.747964,-0.08599189044449551
2025-12,2025-12-31,sh.603501,125.9,36.618135,0.05382104293965018
2015-01,2015-01-30,sh.603993,11.03,32.234744,
2015-02,2015-02-27,sh.603993,12.58,36.764559,0.14052583862194035
2015-03,2015-03-31,sh.603993,13.59,37.815517,0.08028616852146264
2015-04,2015-04-30,sh.603993,16.51,47.849968,0.2148638704930097
2015-05,2015-05-29,sh.603993,15.22,44.111237,-0.07813446396123569
2015-06,2015-06-30,sh.603993,12.36,36.30607,-0.18791064388961898
2015-07,2015-07-31,sh.603993,15.42,49.558609,0.2475728155339807
2015-08,2015-08-31,sh.603993,12.32,54.078527,-0.2010376134889753
2015-09,2015-09-30,sh.603993,10.44,45.826284,-0.15259740259740262
2015-10,2015-10-30,sh.603993,13.53,76.156357,0.2959770114942528
2015-11,2015-11-30,sh.603993,5.09,85.950301,-0.6237989652623799
2015-12,2015-12-31,sh.603993,4.46,75.312052,-0.12377210216110013
2016-01,2016-01-29,sh.603993,3.2,54.035553,-0.28251121076233177
2016-02,2016-02-29,sh.603993,3.22,54.373275,0.006250000000000089
2016-03,2016-03-31,sh.603993,3.58,79.426357,0.11180124223602483
2016-04,2016-04-29,sh.603993,3.37,95.211279,-0.05865921787709494
2016-05,2016-05-31,sh.603993,3.86,109.055056,0.1454005934718101
2016-06,2016-06-30,sh.603993,4.15,117.248311,0.07512953367875652
2016-07,2016-07-29,sh.603993,4.05,114.423051,-0.024096385542168752
2016-08,2016-08-31,sh.603993,4.04,84.223159,-0.0024691358024691024
2016-09,2016-09-30,sh.603993,3.71,77.343545,-0.08168316831683164
2016-10,2016-10-31,sh.603993,3.84,92.145576,0.03504043126684642
2016-11,2016-11-30,sh.603993,4.07,97.664712,0.05989583333333348
2016-12,2016-12-30,sh.603993,3.72,89.266027,-0.08599508599508598
2017-01,2017-01-26,sh.603993,4.13,99.104487,0.11021505376344076
2017-02,2017-02-28,sh.603993,5.29,126.940129,0.2808716707021792
2017-03,2017-03-31,sh.603993,4.71,79.694862,-0.10964083175803407
2017-04,2017-04-28,sh.603993,4.4,51.096994,-0.06581740976645423
2017-05,2017-05-31,sh.603993,4.21,48.890533,-0.04318181818181832
2017-06,2017-06-30,sh.603993,5.06,58.761543,0.20190023752969122
2017-07,2017-07-31,sh.603993,7.23,107.389505,0.42885375494071165
2017-08,2017-08-31,sh.603993,7.53,123.095139,0.04149377593361003
2017-09,2017-09-29,sh.603993,7.84,128.162801,0.04116865869853914
2017-10,2017-10-31,sh.603993,7.17,76.701591,-0.08545918367346939
2017-11,2017-11-30,sh.603993,7.07,75.631834,-0.013947001394700065
2017-12,2017-12-29,sh.603993,6.88,73.599295,-0.026874115983026914
2018-01,2018-01-31,sh.603993,7.56,80.873644,0.09883720930232553
2018-02,2018-02-28,sh.603993,8.58,91.785168,0.13492063492063489
2018-03,2018-03-30,sh.603993,8.48,67.146351,-0.011655011655011593
2018-04,2018-04-27,sh.603993,7.58,60.01997,-0.10613207547169812
2018-05,2018-05-31,sh.603993,7.11,41.724587,-0.06200527704485481
2018-06,2018-06-29,sh.603993,6.29,36.912469,-0.11533052039381153
2018-07,2018-07-31,sh.603993,5.86,34.389041,-0.06836248012718593
2018-08,2018-08-31,sh.603993,4.7,20.241884,-0.1979522184300342
2018-09,2018-09-28,sh.603993,4.56,19.638934,-0.029787234042553346
2018-10,2018-10-31,sh.603993,4.07,16.750309,-0.10745614035087703
2018-11,2018-11-30,sh.603993,3.97,16.338754,-0.02457002457002455
2018-12,2018-12-28,sh.603993,3.76,15.474487,-0.05289672544080615
2019-01,2019-01-31,sh.603993,3.84,15.803732,0.02127659574468077
2019-02,2019-02-28,sh.603993,4.76,19.590042,0.23958333333333326
2019-03,2019-03-29,sh.603993,4.66,21.713006,-0.021008403361344463
2019-04,2019-04-30,sh.603993,4.21,26.664571,-0.09656652360515028
2019-05,2019-05-31,sh.603993,4.03,25.524518,-0.04275534441805218
2019-06,2019-06-28,sh.603993,3.96,25.081164,-0.017369727047146455
2019-07,2019-07-31,sh.603993,3.62,22.927731,-0.08585858585858586
2019-08,2019-08-30,sh.603993,3.59,33.407634,-0.008287292817679592
2019-09,2019-09-30,sh.603993,3.64,33.872921,0.013927576601671321
2019-10,2019-10-31,sh.603993,3.4,42.135703,-0.06593406593406603
2019-11,2019-11-29,sh.603993,3.56,44.11856,0.04705882352941182
2019-12,2019-12-31,sh.603993,4.36,54.032843,0.2247191011235956
2020-01,2020-01-23,sh.603993,4.12,51.058558,-0.05504587155963303
2020-02,2020-02-28,sh.603993,4.07,50.438915,-0.012135922330097082
2020-03,2020-03-31,sh.603993,3.47,40.360146,-0.14742014742014742
2020-04,2020-04-30,sh.603993,3.48,37.899192,0.0028818443804032867
2020-05,2020-05-29,sh.603993,3.42,37.245757,-0.017241379310344862
2020-06,2020-06-30,sh.603993,3.67,39.9684,0.07309941520467844
2020-07,2020-07-31,sh.603993,4.4,47.918518,0.19891008174386937
2020-08,2020-08-31,sh.603993,4.28,44.944947,-0.027272727272727337
2020-09,2020-09-30,sh.603993,3.72,39.0643,-0.13084112149532712
2020-10,2020-10-30,sh.603993,3.95,38.389875,0.06182795698924726
2020-11,2020-11-30,sh.603993,4.59,44.610007,0.16202531645569618
2020-12,2020-12-31,sh.603993,6.25,60.743473,0.3616557734204793
2021-01,2021-01-29,sh.603993,6.06,58.896872,-0.030400000000000094
2021-02,2021-02-26,sh.603993,6.7,65.117003,0.10561056105610578
2021-03,2021-03-31,sh.603993,5.28,48.971402,-0.21194029850746265
2021-04,2021-04-30,sh.603993,5.81,43.450921,0.10037878787878785
2021-05,2021-05-31,sh.603993,5.81,43.450921,0.0
2021-06,2021-06-30,sh.603993,5.16,38.589802,-0.11187607573149738
2021-07,2021-07-30,sh.603993,6.91,51.677429,0.33914728682170536
2021-08,2021-08-31,sh.603993,7.82,45.288405,0.13169319826338644
2021-09,2021-09-30,sh.603993,6.04,34.979791,-0.2276214833759591
2021-10,2021-10-29,sh.603993,5.99,30.246927,-0.008278145695364225
2021-11,2021-11-30,sh.603993,5.89,29.74197,-0.016694490818030094
2021-12,2021-12-31,sh.603993,5.58,28.176603,-0.05263157894736836
2022-01,2022-01-28,sh.603993,5.17,26.106279,-0.07347670250896055
2022-02,2022-02-28,sh.603993,6.01,30.347918,0.1624758220502902
2022-03,2022-03-31,sh.603993,5.21,22.039104,-0.13311148086522462
2022-04,2022-04-29,sh.603993,4.68,17.160254,-0.10172744721689064
2022-05,2022-05-31,sh.603993,4.77,17.490259,0.019230769230769162
2022-06,2022-06-30,sh.603993,5.73,21.010311,0.2012578616352203
2022-07,2022-07-29,sh.603993,5.39,19.763626,-0.059336823734729593
2022-08,2022-08-31,sh.603993,4.92,15.524155,-0.08719851576994431
2022-09,2022-09-30,sh.603993,4.72,14.893092,-0.04065040650406504
2022-10,2022-10-31,sh.603993,4.15,13.078436,-0.12076271186440668
2022-11,2022-11-30,sh.603993,4.66,14.685666,0.12289156626506026
2022-12,2022-12-30,sh.603993,4.55,14.339008,-0.023605150214592308
2023-01,2023-01-31,sh.603993,5.67,17.86861,0.24615384615384617
2023-02,2023-02-28,sh.603993,5.9,18.593439,0.040564373897707284
2023-03,2023-03-31,sh.603993,5.99,21.325299,0.015254237288135464
2023-04,2023-04-28,sh.603993,5.96,21.218495,-0.005008347245409106
2023-05,2023-05-31,sh.603993,5.24,24.647187,-0.12080536912751672
2023-06,2023-06-30,sh.603993,5.33,25.070516,0.01717557251908386
2023-07,2023-07-31,sh.603993,6.17,29.021592,0.1575984990619137
2023-08,2023-08-31,sh.603993,5.73,47.199113,-0.07131280388978922
2023-09,2023-09-28,sh.603993,5.91,48.681808,0.03141361256544495
2023-10,2023-10-31,sh.603993,5.54,37.34547,-0.06260575296108295
2023-11,2023-11-30,sh.603993,5.21,35.12092,-0.05956678700361007
2023-12,2023-12-29,sh.603993,5.2,35.05351,-0.0019193857965450478
2024-01,2024-01-31,sh.603993,5.37,36.19949,0.032692307692307576
2024-02,2024-02-29,sh.603993,6.15,41.457516,0.14525139664804465
2024-03,2024-03-29,sh.603993,8.32,21.783268,0.3528455284552845
2024-04,2024-04-30,sh.603993,8.98,19.387818,0.07932692307692313
2024-05,2024-05-31,sh.603993,8.34,18.006058,-0.07126948775055686
2024-06,2024-06-28,sh.603993,8.5,18.351498,0.01918465227817756
2024-07,2024-07-31,sh.603993,7.47,16.127728,-0.12117647058823533
2024-08,2024-08-30,sh.603993,7.49,12.479209,0.0026773761713521083
2024-09,2024-09-30,sh.603993,8.7,14.49521,0.16154873164218952
2024-10,2024-10-31,sh.603993,7.6,11.659083,-0.12643678160919536
2024-11,2024-11-29,sh.603993,7.28,11.168174,-0.042105263157894646
2024-12,2024-12-31,sh.603993,6.65,10.201698,-0.08653846153846156
2025-01,2025-01-27,sh.603993,7.24,11.106811,0.08872180451127809
2025-02,2025-02-28,sh.603993,6.64,10.139196,-0.0828729281767957
2025-03,2025-03-31,sh.603993,7.6,12.074624,0.14457831325301207
2025-04,2025-04-30,sh.603993,7.06,9.852071,-0.07105263157894737
2025-05,2025-05-30,sh.603993,7.2,10.047437,0.019830028328611915
2025-06,2025-06-30,sh.603993,8.42,11.74992,0.1694444444444445
2025-07,2025-07-31,sh.603993,8.94,12.414679,0.061757719714964354
2025-08,2025-08-29,sh.603993,12.36,15.753194,0.3825503355704698
2025-09,2025-09-30,sh.603993,15.7,20.010125,0.27022653721682843
2025-10,2025-10-31,sh.603993,17.04,18.658235,0.08535031847133756
2025-11,2025-11-28,sh.603993,16.23,17.771312,-0.047535211267605515
2025-12,2025-12-31,sh.603993,20.0,21.899337,0.23228589032655567
2019-07,2019-07-31,sh.688008,77.27,108.627254,
2019-08,2019-08-30,sh.688008,69.28,89.858295,-0.10340364954057191
2019-09,2019-09-30,sh.688008,63.27,82.06314,-0.08674942263279439
2019-10,2019-10-31,sh.688008,58.29,71.812355,-0.07871028923660506
2019-11,2019-11-29,sh.688008,65.43,80.608722,0.12249099330931568
2019-12,2019-12-31,sh.688008,71.61,88.222384,0.09445208619899126
2020-01,2020-01-23,sh.688008,96.62,119.034307,0.34925289763999445
2020-02,2020-02-28,sh.688008,88.5,107.185109,-0.08404057131028775
2020-03,2020-03-31,sh.688008,79.79,96.636156,-0.09841807909604516
2020-04,2020-04-30,sh.688008,98.23,114.401505,0.2311066549692944
2020-05,2020-05-29,sh.688008,88.87,103.500578,-0.09528657233024529
2020-06,2020-06-30,sh.688008,101.68,118.419475,0.1441431304152132
2020-07,2020-07-31,sh.688008,88.39,102.941556,-0.13070416994492529
2020-08,2020-08-31,sh.688008,82.52,86.042857,-0.06641022740128977
2020-09,2020-09-30,sh.688008,79.98,83.394422,-0.03078041686863786
2020-10,2020-10-30,sh.688008,68.65,72.683436,-0.14166041510377592
2020-11,2020-11-30,sh.688008,75.6,80.041774,0.1012381646030589
2020-12,2020-12-31,sh.688008,82.88,87.7495,0.09629629629629632
2021-01,2021-01-29,sh.688008,87.51,92.651529,0.055863899613899815
2021-02,2021-02-26,sh.688008,74.14,75.977026,-0.15278253913838424
2021-03,2021-03-31,sh.688008,61.2,62.716401,-0.1745346641489074
2021-04,2021-04-30,sh.688008,53.52,62.096794,-0.12549019607843137
2021-05,2021-05-31,sh.688008,59.95,69.557228,0.12014200298953659
2021-06,2021-06-30,sh.688008,62.38,72.376645,0.040533778148456934
2021-07,2021-07-30,sh.688008,67.47,78.282338,0.08159666559794809
2021-08,2021-08-31,sh.688008,63.35,88.457133,-0.06106417667111308
2021-09,2021-09-30,sh.688008,59.41,82.955616,-0.06219415943172857
2021-10,2021-10-29,sh.688008,65.1,99.72043,0.09577512203332761
2021-11,2021-11-30,sh.688008,82.31,126.082774,0.2643625192012291
2021-12,2021-12-31,sh.688008,83.87,128.503788,0.018952739642813743
2022-01,2022-01-28,sh.688008,71.25,109.314117,-0.1504709669726959
2022-02,2022-02-28,sh.688008,77.3,105.612524,0.08491228070175438
2022-03,2022-03-31,sh.688008,67.3,91.949843,-0.12936610608020704
2022-04,2022-04-29,sh.688008,58.05,65.686967,-0.13744427934621095
2022-05,2022-05-31,sh.688008,64.26,72.713945,0.10697674418604675
2022-06,2022-06-30,sh.688008,60.58,68.549809,-0.0572673513849985
2022-07,2022-07-29,sh.688008,57.3,64.885959,-0.05414328161109283
2022-08,2022-08-31,sh.688008,55.5,52.333623,-0.03141361256544495
2022-09,2022-09-30,sh.688008,52.33,49.344478,-0.0571171171171172
2022-10,2022-10-31,sh.688008,56.74,48.891437,0.08427288362316077
2022-11,2022-11-30,sh.688008,67.29,57.982108,0.18593584772647165
2022-12,2022-12-30,sh.688008,62.6,53.960427,-0.06969832070144155
2023-01,2023-01-31,sh.688008,55.41,47.762736,-0.114856230031949
2023-02,2023-02-28,sh.688008,57.77,50.509728,0.04259158996571033
2023-03,2023-03-31,sh.688008,69.52,60.783041,0.2033927644105935
2023-04,2023-04-28,sh.688008,60.9,68.299253,-0.12399309551208282
2023-05,2023-05-31,sh.688008,63.8,71.551599,0.04761904761904767
2023-06,2023-06-30,sh.688008,57.42,64.468941,-0.09999999999999998
2023-07,2023-07-31,sh.688008,57.92,65.067545,0.008707767328457017
2023-08,2023-08-31,sh.688008,51.24,83.269207,-0.11533149171270718
2023-09,2023-09-28,sh.688008,49.7,80.766581,-0.030054644808743203
2023-10,2023-10-31,sh.688008,55.03,117.235051,0.10724346076458757
2023-11,2023-11-30,sh.688008,58.98,125.650069,0.07177902962020699
2023-12,2023-12-29,sh.688008,58.76,125.261909,-0.003730077992539771
2024-01,2024-01-31,sh.688008,45.2,96.355315,-0.23076923076923073
2024-02,2024-02-29,sh.688008,52.2,132.142328,0.15486725663716805
2024-03,2024-03-29,sh.688008,45.95,116.320689,-0.11973180076628354
2024-04,2024-04-30,sh.688008,50.91,88.774836,0.10794341675734476
2024-05,2024-05-31,sh.688008,53.0,92.419295,0.04105283834217244
2024-06,2024-06-28,sh.688008,57.16,99.673338,0.07849056603773574
2024-07,2024-07-31,sh.688008,59.6,104.026134,0.042687193841847604
2024-08,2024-08-30,sh.688008,52.63,62.493514,-0.11694630872483214
2024-09,2024-09-30,sh.688008,66.88,79.41414,0.27075812274368216
2024-10,2024-10-31,sh.688008,68.41,65.394137,0.02287679425837319
2024-11,2024-11-29,sh.688008,67.38,64.409544,-0.015056278321882832
2024-12,2024-12-31,sh.688008,67.9,65.034529,0.007717423567824344
2025-01,2025-01-27,sh.688008,68.04,65.168621,0.0020618556701030855
2025-02,2025-02-28,sh.688008,77.73,63.030033,0.14241622574955914
2025-03,2025-03-31,sh.688008,78.28,63.476019,0.007075775119001593
2025-04,2025-04-30,sh.688008,76.82,51.317551,-0.018650996423096644
2025-05,2025-05-30,sh.688008,76.32,50.983539,-0.006508721687060626
2025-06,2025-06-30,sh.688008,82.0,54.777912,0.07442348008385746
2025-07,2025-07-31,sh.688008,85.02,56.795342,0.03682926829268296
2025-08,2025-08-29,sh.688008,122.9,82.126031,0.44554222535873933
2025-09,2025-09-30,sh.688008,154.8,89.634347,0.2595606183889341
2025-10,2025-10-31,sh.688008,136.3,75.549467,-0.1195090439276486
2025-11,2025-11-28,sh.688008,118.5,65.683139,-0.13059427732942042
2025-12,2025-12-31,sh.688008,117.8,65.367847,-0.005907172995780585
2019-07,2019-07-31,sh.688012,88.48,296.783537,
2019-08,2019-08-30,sh.688012,70.71,281.207112,-0.20083634719710675
2019-09,2019-09-30,sh.688012,68.85,273.810064,-0.026304624522698328
2019-10,2019-10-31,sh.688012,67.6,181.915733,-0.01815541031227308
2019-11,2019-11-29,sh.688012,66.81,179.789795,-0.011686390532544277
2019-12,2019-12-31,sh.688012,92.4,248.65405,0.38302649303996406
2020-01,2020-01-23,sh.688012,183.38,493.486792,0.9846320346320345
2020-02,2020-02-28,sh.688012,161.6,458.3783,-0.11876976769549574
2020-03,2020-03-31,sh.688012,137.8,390.869615,-0.14727722772277219
2020-04,2020-04-30,sh.688012,168.06,447.323992,0.2195936139332364
2020-05,2020-05-29,sh.688012,217.11,577.879994,0.2918600499821493
2020-06,2020-06-30,sh.688012,219.31,583.735717,0.010133112247247889
2020-07,2020-07-31,sh.688012,220.39,586.610345,0.004924536044867978
2020-08,2020-08-31,sh.688012,185.58,358.025332,-0.1579472752847224
2020-09,2020-09-30,sh.688012,170.16,328.276703,-0.08309085030714525
2020-10,2020-10-30,sh.688012,161.98,262.073576,-0.04807240244475797
2020-11,2020-11-30,sh.688012,148.41,240.118159,-0.0837757747870107
2020-12,2020-12-31,sh.688012,157.59,254.970829,0.061855670103092786
2021-01,2021-01-29,sh.688012,153.55,248.43436,-0.025636144425407625
2021-02,2021-02-26,sh.688012,124.75,135.56313,-0.18756105503093456
2021-03,2021-03-31,sh.688012,107.51,116.828804,-0.13819639278557105
2021-04,2021-04-30,sh.688012,118.8,105.245249,0.10501348711747727
2021-05,2021-05-31,sh.688012,130.8,115.876082,0.10101010101010122
2021-06,2021-06-30,sh.688012,165.92,146.988988,0.26850152905198765
2021-07,2021-07-30,sh.688012,229.89,234.209216,0.3855472516875602
2021-08,2021-08-31,sh.688012,164.85,131.969643,-0.2829179172647788
2021-09,2021-09-30,sh.688012,151.8,121.522547,-0.07916287534121924
2021-10,2021-10-29,sh.688012,156.2,127.136237,0.02898550724637672
2021-11,2021-11-30,sh.688012,160.03,130.253598,0.024519846350832264
2021-12,2021-12-31,sh.688012,126.6,103.043839,-0.208898331562832
2022-01,2022-01-28,sh.688012,118.71,96.621912,-0.06232227488151665
2022-02,2022-02-28,sh.688012,128.08,78.03712,0.07893185072866671
2022-03,2022-03-31,sh.688012,116.45,70.951147,-0.09080262336039979
2022-04,2022-04-29,sh.688012,105.0,65.303878,-0.09832546157148991
2022-05,2022-05-31,sh.688012,115.44,71.796949,0.09942857142857142
2022-06,2022-06-30,sh.688012,116.75,72.611692,0.011347886347886416
2022-07,2022-07-29,sh.688012,121.34,75.466405,0.03931477516059956
2022-08,2022-08-31,sh.688012,123.18,70.118257,0.015164001977913344
2022-09,2022-09-30,sh.688012,107.87,61.403283,-0.12428965741191755
2022-10,2022-10-31,sh.688012,110.99,54.174251,0.02892370445907111
2022-11,2022-11-30,sh.688012,98.4,48.029069,-0.11343364267051081
2022-12,2022-12-30,sh.688012,98.01,47.83871,-0.0039634146341464005
2023-01,2023-01-31,sh.688012,104.89,51.19684,0.07019691868176703
2023-02,2023-02-28,sh.688012,105.3,55.471846,0.003908856897702373
2023-03,2023-03-31,sh.688012,147.51,77.707997,0.40085470085470076
2023-04,2023-04-28,sh.688012,181.45,95.71298,0.23008609585790785
2023-05,2023-05-31,sh.688012,173.34,80.693395,-0.04469550840451908
2023-06,2023-06-30,sh.688012,156.45,72.830747,-0.09743856005538254
2023-07,2023-07-31,sh.688012,142.82,66.485697,-0.08712048577820386
2023-08,2023-08-31,sh.688012,152.34,55.236444,0.06665733090603565
2023-09,2023-09-28,sh.688012,150.55,54.587414,-0.0117500328213207
2023-10,2023-10-31,sh.688012,171.15,68.85366,0.1368316174028561
2023-11,2023-11-30,sh.688012,169.9,68.470294,-0.007303534910896858
2023-12,2023-12-29,sh.688012,153.6,61.901337,-0.09593878752207186
2024-01,2024-01-31,sh.688012,114.06,45.966579,-0.2574218749999999
2024-02,2024-02-29,sh.688012,146.79,50.900733,0.28695423461336134
2024-03,2024-03-29,sh.688012,149.3,51.771099,0.01709925744260521
2024-04,2024-04-30,sh.688012,141.67,49.921603,-0.0511051574012058
2024-05,2024-05-31,sh.688012,129.75,45.721239,-0.08413919672478287
2024-06,2024-06-28,sh.688012,141.26,49.876047,0.08870905587668587
2024-07,2024-07-31,sh.688012,157.2,55.504138,0.11284156873849649
2024-08,2024-08-30,sh.688012,135.05,64.562334,-0.14090330788804062
2024-09,2024-09-30,sh.688012,164.0,78.402242,0.2143650499814882
2024-10,2024-10-31,sh.688012,192.43,77.795245,0.17335365853658535
2024-11,2024-11-29,sh.688012,222.0,89.772641,0.1536662682533907
2024-12,2024-12-31,sh.688012,189.16,76.49276,-0.14792792792792797
2025-01,2025-01-27,sh.688012,180.09,72.825022,-0.04794882639035736
2025-02,2025-02-28,sh.688012,204.27,78.169601,0.13426620023321667
2025-03,2025-03-31,sh.688012,184.36,70.550486,-0.09746903607969837
2025-04,2025-04-30,sh.688012,188.26,69.842089,0.02115426339769999
2025-05,2025-05-30,sh.688012,175.01,65.122129,-0.07038138744289812
2025-06,2025-06-30,sh.688012,182.3,67.959494,0.04165476258499523
2025-07,2025-07-31,sh.688012,197.62,73.670626,0.0840373011519473
2025-08,2025-08-29,sh.688012,214.17,74.298668,0.08374658435381033
2025-09,2025-09-30,sh.688012,298.99,103.723952,0.39604052855208494
2025-10,2025-10-31,sh.688012,279.36,91.395061,-0.06565436971136152
2025-11,2025-11-28,sh.688012,268.1,87.711254,-0.04030641466208473
2025-12,2025-12-31,sh.688012,272.72,89.222727,0.017232375979112202
2022-08,2022-08-31,sh.688041,50.18,138.074188,
2022-09,2022-09-30,sh.688041,58.82,161.847822,0.17218015145476295
2022-10,2022-10-31,sh.688041,44.68,121.491537,-0.24039442366541997
2022-11,2022-11-30,sh.688041,41.44,112.681497,-0.07251566696508505
2022-12,2022-12-30,sh.688041,40.12,109.092222,-0.031853281853281845
2023-01,2023-01-31,sh.688041,43.01,116.95056,0.07203389830508478
2023-02,2023-02-28,sh.688041,51.88,150.356344,0.20623110904440844
2023-03,2023-03-31,sh.688041,77.17,223.650715,0.48747108712413256
2023-04,2023-04-28,sh.688041,94.15,243.29306,0.22003369184916433
2023-05,2023-05-31,sh.688041,92.73,239.623638,-0.01508231545406269
2023-06,2023-06-30,sh.688041,68.27,176.41654,-0.26377655559150226
2023-07,2023-07-31,sh.688041,57.09,147.526297,-0.16376153508129476
2023-08,2023-08-31,sh.688041,59.19,136.880974,0.03678402522333157
2023-09,2023-09-28,sh.688041,53.98,124.832488,-0.0880216252745396
2023-10,2023-10-31,sh.688041,61.97,136.780278,0.14801778436457957
2023-11,2023-11-30,sh.688041,71.77,158.410853,0.15814103598515405
2023-12,2023-12-29,sh.688041,70.98,156.667164,-0.011007384701128498
2024-01,2024-01-31,sh.688041,66.27,146.271245,-0.0663567202028742
2024-02,2024-02-29,sh.688041,85.12,156.718303,0.28444243247321577
2024-03,2024-03-29,sh.688041,77.26,142.2469,-0.09234022556390975
2024-04,2024-04-30,sh.688041,79.25,140.364823,0.025757183536111672
2024-05,2024-05-31,sh.688041,71.3,126.284062,-0.10031545741324921
2024-06,2024-06-28,sh.688041,70.32,124.54832,-0.013744740532959376
2024-07,2024-07-31,sh.688041,79.5,140.807614,0.13054607508532423
2024-08,2024-08-30,sh.688041,79.39,128.223391,-0.0013836477987421159
2024-09,2024-09-30,sh.688041,103.28,166.808311,0.30091951127346017
2024-10,2024-10-31,sh.688041,128.42,158.1611,0.24341595662277293
2024-11,2024-11-29,sh.688041,125.81,154.946644,-0.020323937081451415
2024-12,2024-12-31,sh.688041,149.79,184.480231,0.19060488037516876
2025-01,2025-01-27,sh.688041,128.0,157.643832,-0.14547032512183722
2025-02,2025-02-28,sh.688041,160.0,192.76642,0.25
2025-03,2025-03-31,sh.688041,141.3,170.083162,-0.11687499999999995
2025-04,2025-04-30,sh.688041,148.6,160.773179,0.051663128096248956
2025-05,2025-05-30,sh.688041,136.13,147.281647,-0.08391655450874835
2025-06,2025-06-30,sh.688041,141.29,152.86435,0.03790494380371712
2025-07,2025-07-31,sh.688041,139.2,150.603139,-0.014792271215231079
2025-08,2025-08-29,sh.688041,194.52,198.385713,0.3974137931034485
2025-09,2025-09-30,sh.688041,252.6,257.619941,0.29858112276372606
2025-10,2025-10-31,sh.688041,229.33,225.223418,-0.0921219319081551
2025-11,2025-11-28,sh.688041,217.3,213.408838,-0.052457157807526245
2025-12,2025-12-31,sh.688041,224.41,220.39152,0.032719742291762444
2019-11,2019-11-29,sh.688111,136.5,206.040505,
2019-12,2019-12-31,sh.688111,163.9,247.399552,0.20073260073260069
2020-01,2020-01-23,sh.688111,179.5,270.947038,0.09517998779743753
2020-02,2020-02-28,sh.688111,235.52,269.395024,0.3120891364902507
2020-03,2020-03-31,sh.688111,224.5,258.362138,-0.046790081521739135
2020-04,2020-04-30,sh.688111,262.48,261.28271,0.16917594654788437
2020-05,2020-05-29,sh.688111,267.47,266.249948,0.019010972264553505
2020-06,2020-06-30,sh.688111,341.58,340.021899,0.2770778031181065
2020-07,2020-07-31,sh.688111,392.99,391.197395,0.15050646993383698
2020-08,2020-08-31,sh.688111,330.87,249.606626,-0.15807017990279648
2020-09,2020-09-30,sh.688111,330.0,248.950302,-0.002629431498775925
2020-10,2020-10-30,sh.688111,327.51,190.764198,-0.007545454545454522
2020-11,2020-11-30,sh.688111,321.08,187.018927,-0.019632988305700594
2020-12,2020-12-31,sh.688111,411.0,239.394478,0.2800548149993771
2021-01,2021-01-29,sh.688111,415.0,241.724351,0.009732360097323589
2021-02,2021-02-26,sh.688111,336.0,176.119294,-0.19036144578313252
2021-03,2021-03-31,sh.688111,324.0,170.091084,-0.0357142857142857
2021-04,2021-04-30,sh.688111,380.0,162.92431,0.1728395061728396
2021-05,2021-05-31,sh.688111,392.0,168.069288,0.03157894736842115
2021-06,2021-06-30,sh.688111,394.8,169.269783,0.0071428571428571175
2021-07,2021-07-30,sh.688111,328.0,140.629404,-0.1691995947315097
2021-08,2021-08-31,sh.688111,249.5,107.544398,-0.23932926829268297
2021-09,2021-09-30,sh.688111,283.32,122.12216,0.1355511022044087
2021-10,2021-10-29,sh.688111,295.28,120.383199,0.042213751235352204
2021-11,2021-11-30,sh.688111,270.84,110.419214,-0.08276889731780002
2021-12,2021-12-31,sh.688111,265.0,108.038295,-0.021562546152710027
2022-01,2022-01-28,sh.688111,243.29,99.187308,-0.08192452830188679
2022-02,2022-02-28,sh.688111,213.22,94.314494,-0.12359735295326557
2022-03,2022-03-31,sh.688111,187.66,83.083734,-0.11987618422286839
2022-04,2022-04-29,sh.688111,188.7,88.347775,0.005541937546626796
2022-05,2022-05-31,sh.688111,204.9,95.932481,0.08585055643879191
2022-06,2022-06-30,sh.688111,197.12,92.289949,-0.03796974133723763
2022-07,2022-07-29,sh.688111,175.1,82.019763,-0.11170860389610393
2022-08,2022-08-31,sh.688111,180.12,82.074237,0.028669331810394105
2022-09,2022-09-30,sh.688111,201.11,91.638628,0.11653342216300255
2022-10,2022-10-31,sh.688111,290.74,133.232367,0.445676495450251
2022-11,2022-11-30,sh.688111,255.78,117.211855,-0.12024489234367475
2022-12,2022-12-30,sh.688111,264.49,121.203235,0.0340527015403862
2023-01,2023-01-31,sh.688111,281.3,128.906462,0.06355627812015574
2023-02,2023-02-28,sh.688111,291.0,120.025854,0.034482758620689724
2023-03,2023-03-31,sh.688111,473.0,195.232738,0.6254295532646048
2023-04,2023-04-28,sh.688111,440.2,179.049992,-0.06934460887949268
2023-05,2023-05-31,sh.688111,432.0,175.810081,-0.018627896410722378
2023-06,2023-06-30,sh.688111,472.22,192.178325,0.09310185185185182
2023-07,2023-07-31,sh.688111,406.0,165.228919,-0.14023124814705012
2023-08,2023-08-31,sh.688111,394.6,152.192192,-0.028078817733990125
2023-09,2023-09-28,sh.688111,370.8,143.012835,-0.06031424227065385
2023-10,2023-10-31,sh.688111,287.1,110.681494,-0.22572815533980584
2023-11,2023-11-30,sh.688111,301.75,116.329296,0.05102751654475779
2023-12,2023-12-29,sh.688111,316.2,121.900735,0.04788732394366191
2024-01,2024-01-31,sh.688111,214.22,82.585628,-0.32251739405439594
2024-02,2024-02-29,sh.688111,270.95,94.867148,0.2648212118382971
2024-03,2024-03-29,sh.688111,291.0,101.984549,0.07399889278464666
2024-04,2024-04-30,sh.688111,310.0,100.999393,0.06529209621993126
2024-05,2024-05-31,sh.688111,258.8,84.318203,-0.16516129032258065
2024-06,2024-06-28,sh.688111,227.5,74.15916,-0.12094281298299847
2024-07,2024-07-31,sh.688111,210.64,68.732729,-0.07410989010989022
2024-08,2024-08-30,sh.688111,182.21,58.531372,-0.13496961640714
2024-09,2024-09-30,sh.688111,266.4,85.57575,0.4620492837934249
2024-10,2024-10-31,sh.688111,257.53,81.3432,-0.03329579579579578
2024-11,2024-11-29,sh.688111,294.74,93.096318,0.1444880208131094
2024-12,2024-12-31,sh.688111,286.39,90.458894,-0.028330053606568595
2025-01,2025-01-27,sh.688111,314.0,99.179765,0.09640699745102843
2025-02,2025-02-28,sh.688111,346.19,97.333688,0.10251592356687889
2025-03,2025-03-31,sh.688111,299.12,84.126611,-0.1359657991276466
2025-04,2025-04-30,sh.688111,293.19,80.703042,-0.019824819470446675
2025-05,2025-05-30,sh.688111,281.79,77.565095,-0.038882635833418555
2025-06,2025-06-30,sh.688111,280.05,77.170332,-0.006174811029490024
2025-07,2025-07-31,sh.688111,313.5,86.387784,0.11944295661489024
2025-08,2025-08-29,sh.688111,334.5,92.727493,0.06698564593301426
2025-09,2025-09-30,sh.688111,316.5,87.737673,-0.053811659192825156
2025-10,2025-10-31,sh.688111,358.99,93.223208,0.13424960505529238
2025-11,2025-11-28,sh.688111,311.31,80.841575,-0.13281707011337363
2025-12,2025-12-31,sh.688111,307.07,79.740523,-0.013619864443802032
2020-07,2020-07-31,sh.688256,249.6,-78.967306,
2020-08,2020-08-31,sh.688256,170.0,-50.38129,-0.3189102564102564
2020-09,2020-09-30,sh.688256,160.19,-47.473993,-0.05770588235294116
2020-10,2020-10-30,sh.688256,187.08,-82.920736,0.16786316249453792
2020-11,2020-11-30,sh.688256,166.28,-73.701411,-0.11118238186871932
2020-12,2020-12-31,sh.688256,146.78,-65.058294,-0.117272071205196
2021-01,2021-01-29,sh.688256,153.6,-68.081168,0.046464095925875304
2021-02,2021-02-26,sh.688256,144.02,-132.240493,-0.06236979166666656
2021-03,2021-03-31,sh.688256,140.89,-129.366498,-0.021733092626024297
2021-04,2021-04-30,sh.688256,111.69,-84.038849,-0.20725388601036265
2021-05,2021-05-31,sh.688256,118.65,-89.275759,0.06231533709374171
2021-06,2021-06-30,sh.688256,138.2,-103.985755,0.16477033291192567
2021-07,2021-07-30,sh.688256,100.14,-75.348289,-0.2753979739507959
2021-08,2021-08-31,sh.688256,88.66,-56.824512,-0.1146395046934292
2021-09,2021-09-30,sh.688256,79.62,-51.030539,-0.1019625535754567
2021-10,2021-10-29,sh.688256,76.61,-49.101352,-0.03780457171564944
2021-11,2021-11-30,sh.688256,96.6,-51.228542,0.26093199321237437
2021-12,2021-12-31,sh.688256,95.1,-50.433068,-0.01552795031055898
2022-01,2022-01-28,sh.688256,78.78,-41.778308,-0.1716088328075709
2022-02,2022-02-28,sh.688256,79.54,-37.630742,0.009647118558009815
2022-03,2022-03-31,sh.688256,63.7,-30.136765,-0.1991450842343475
2022-04,2022-04-29,sh.688256,51.86,-22.924142,-0.18587127158555738
2022-05,2022-05-31,sh.688256,56.6,-25.019407,0.09139992286926346
2022-06,2022-06-30,sh.688256,64.7,-28.599922,0.14310954063604253
2022-07,2022-07-29,sh.688256,61.0,-26.964378,-0.057187017001545604
2022-08,2022-08-31,sh.688256,59.09,-22.433352,-0.03131147540983603
2022-09,2022-09-30,sh.688256,62.68,-23.796286,0.060754780842782186
2022-10,2022-10-31,sh.688256,65.76,-23.115216,0.049138481174218374
2022-11,2022-11-30,sh.688256,63.42,-22.292685,-0.03558394160583944
2022-12,2022-12-30,sh.688256,54.56,-19.178318,-0.1397035635446231
2023-01,2023-01-31,sh.688256,62.1,-21.828694,0.1381964809384164
2023-02,2023-02-28,sh.688256,83.97,-28.852865,0.3521739130434782
2023-03,2023-03-31,sh.688256,185.95,-63.894131,1.21448136239133
2023-04,2023-04-28,sh.688256,249.5,-88.683478,0.341758537241194
2023-05,2023-05-31,sh.688256,254.19,-86.38526,0.01879759519038071
2023-06,2023-06-30,sh.688256,188.0,-63.975684,-0.2603957669459853
2023-07,2023-07-31,sh.688256,164.01,-55.811978,-0.1276063829787234
2023-08,2023-08-31,sh.688256,158.8,-56.112147,-0.03176635571001751
2023-09,2023-09-28,sh.688256,123.95,-43.797862,-0.21945843828715372
2023-10,2023-10-31,sh.688256,107.23,-39.902363,-0.1348931020572811
2023-11,2023-11-30,sh.688256,149.81,-55.747207,0.39709036650191165
2023-12,2023-12-29,sh.688256,134.96,-50.221234,-0.09912555904145248
2024-01,2024-01-31,sh.688256,110.0,-40.933134,-0.18494368701837582
2024-02,2024-02-29,sh.688256,168.66,-84.085257,0.5332727272727273
2024-03,2024-03-29,sh.688256,173.46,-86.478292,0.028459622909996485
2024-04,2024-04-30,sh.688256,171.39,-87.064287,-0.011933586994119838
2024-05,2024-05-31,sh.688256,174.79,-88.791451,0.01983779683762177
2024-06,2024-06-28,sh.688256,198.67,-100.922236,0.1366210881629384
2024-07,2024-07-31,sh.688256,264.06,-134.41731,0.329138772839382
2024-08,2024-08-30,sh.688256,256.69,-130.665679,-0.027910323411345916
2024-09,2024-09-30,sh.688256,289.16,-144.786779,0.12649499396158803
2024-10,2024-10-31,sh.688256,453.6,-247.463316,0.568681698713515
2024-11,2024-11-29,sh.688256,561.0,-306.055821,0.23677248677248675
2024-12,2024-12-31,sh.688256,658.0,-358.974564,0.17290552584670227
2025-01,2025-01-27,sh.688256,572.0,-312.056915,-0.1306990881458967
2025-02,2025-02-28,sh.688256,735.44,-692.72906,0.28573426573426586
2025-03,2025-03-31,sh.688256,623.0,-586.819053,-0.1528880670075058
2025-04,2025-04-30,sh.688256,703.6,2262.820935,0.12937399678972716
2025-05,2025-05-30,sh.688256,603.66,1941.407739,-0.14204093234792503
2025-06,2025-06-30,sh.688256,601.5,1934.461046,-0.0035781731438225828
2025-07,2025-07-31,sh.688256,709.5,2286.679361,0.17955112219451363
2025-08,2025-08-29,sh.688256,1492.49,559.556978,1.1035799859055673
2025-09,2025-09-30,sh.688256,1325.0,496.762455,-0.1122218574328806
2025-10,2025-10-31,sh.688256,1375.0,308.939424,0.037735849056603765
2025-11,2025-11-28,sh.688256,1331.0,299.053363,-0.03200000000000003
2025-12,2025-12-31,sh.688256,1355.55,304.569336,0.018444778362133762
2020-07,2020-07-31,sh.688981,82.21,303.667849,
2020-08,2020-08-31,sh.688981,66.68,179.560197,-0.18890645906823977
2020-09,2020-09-30,sh.688981,49.65,133.756875,-0.2553989202159569
2020-10,2020-10-30,sh.688981,62.24,167.684306,0.25357502517623365
2020-11,2020-11-30,sh.688981,59.25,122.402069,-0.04803984575835474
2020-12,2020-12-31,sh.688981,57.75,119.355594,-0.025316455696202556
2021-01,2021-01-29,sh.688981,56.18,118.992741,-0.027186147186147203
2021-02,2021-02-26,sh.688981,55.16,100.538443,-0.01815592737629057
2021-03,2021-03-31,sh.688981,54.32,99.043104,-0.015228426395939021
2021-04,2021-04-30,sh.688981,54.68,99.709272,0.006627393225331346
2021-05,2021-05-31,sh.688981,56.27,90.214752,0.029078273591806925
2021-06,2021-06-30,sh.688981,61.82,99.120126,0.0986315976541674
2021-07,2021-07-30,sh.688981,64.69,103.730329,0.04642510514396636
2021-08,2021-08-31,sh.688981,55.69,53.755701,-0.13912505796877417
2021-09,2021-09-30,sh.688981,55.2,53.286894,-0.008798707128748307
2021-10,2021-10-29,sh.688981,55.04,53.133059,-0.0028985507246377384
2021-11,2021-11-30,sh.688981,54.26,50.039422,-0.014171511627906974
2021-12,2021-12-31,sh.688981,52.99,48.869068,-0.02340582381127898
2022-01,2022-01-28,sh.688981,49.22,45.392254,-0.07114549915078328
2022-02,2022-02-28,sh.688981,50.73,37.357933,0.030678585940674408
2022-03,2022-03-31,sh.688981,46.09,33.941526,-0.0914646165976738
2022-04,2022-04-29,sh.688981,39.72,29.26665,-0.13820785419830772
2022-05,2022-05-31,sh.688981,42.88,27.038444,0.07955689828801615
2022-06,2022-06-30,sh.688981,45.17,28.453341,0.05340485074626855
2022-07,2022-07-29,sh.688981,40.09,25.2534,-0.112464024795218
2022-08,2022-08-31,sh.688981,40.21,27.056713,0.0029932651534048116
2022-09,2022-09-30,sh.688981,37.78,25.483754,-0.06043272817707035
2022-10,2022-10-31,sh.688981,41.71,28.09823,0.10402329274748534
2022-11,2022-11-30,sh.688981,40.84,25.237428,-0.02085830736034522
2022-12,2022-12-30,sh.688981,41.14,25.422816,0.007345739471106727
2023-01,2023-01-31,sh.688981,41.86,25.868791,0.017501215362177858
2023-02,2023-02-28,sh.688981,42.02,27.405429,0.003822264691830002
2023-03,2023-03-31,sh.688981,50.11,32.702013,0.19252736792003788
2023-04,2023-04-28,sh.688981,61.58,40.216616,0.2288964278587109
2023-05,2023-05-31,sh.688981,54.4,39.621437,-0.1165962974991881
2023-06,2023-06-30,sh.688981,50.52,36.799934,-0.07132352941176467
2023-07,2023-07-31,sh.688981,51.36,37.411809,0.016627078384797933
2023-08,2023-08-31,sh.688981,54.24,48.425225,0.05607476635514019
2023-09,2023-09-28,sh.688981,51.15,45.774496,-0.05696902654867264
2023-10,2023-10-31,sh.688981,57.25,51.234849,0.1192570869990226
2023-11,2023-11-30,sh.688981,53.7,66.485732,-0.06200873362445414
2023-12,2023-12-29,sh.688981,53.02,65.643862,-0.012662942271880806
2024-01,2024-01-31,sh.688981,43.29,53.597646,-0.1835156544700114
2024-02,2024-02-29,sh.688981,48.35,79.669207,0.11688611688611683
2024-03,2024-03-29,sh.688981,43.66,71.958246,-0.09700103412616345
2024-04,2024-04-30,sh.688981,41.91,69.124846,-0.040082455336692635
2024-05,2024-05-31,sh.688981,44.85,95.39761,0.07015032211882621
2024-06,2024-06-28,sh.688981,46.1,98.057778,0.027870680044593144
2024-07,2024-07-31,sh.688981,49.1,104.440883,0.06507592190889366
2024-08,2024-08-30,sh.688981,48.24,110.551616,-0.017515274949083448
2024-09,2024-09-30,sh.688981,59.99,137.737889,0.24357379767827525
2024-10,2024-10-31,sh.688981,86.93,199.670189,0.44907484580763457
2024-11,2024-11-29,sh.688981,90.1,186.441765,0.03646612216726086
2024-12,2024-12-31,sh.688981,94.62,195.797123,0.05016648168701465
2025-01,2025-01-27,sh.688981,93.94,194.416954,-0.007186641302050378
2025-02,2025-02-28,sh.688981,97.79,210.971205,0.040983606557377206
2025-03,2025-03-31,sh.688981,89.33,192.760039,-0.08651191328356689
2025-04,2025-04-30,sh.688981,89.05,192.264587,-0.003134445315123746
2025-05,2025-05-30,sh.688981,82.09,144.201533,-0.0781583380123525
2025-06,2025-06-30,sh.688981,88.17,154.885112,0.0740650505542697
2025-07,2025-07-31,sh.688981,89.5,157.223935,0.015084495860269831
2025-08,2025-08-29,sh.688981,114.76,210.534943,0.2822346368715085
2025-09,2025-09-30,sh.688981,140.13,257.49404,0.2210700592540955
2025-10,2025-10-31,sh.688981,124.18,228.208755,-0.11382287875544128
2025-11,2025-11-28,sh.688981,113.6,188.922115,-0.08519890481559034
2025-12,2025-12-31,sh.688981,122.83,204.27824,0.08125000000000004
